method,task_id,seed,collision,success,min_clearance,joint_limit_violation,velocity_violation,acceleration_violation,terminal_goal_error,joint_path_length,ee_path_length,smoothness,acceleration_cost,jerk_cost,reference_distance,terminal_joint_error,planning_latency_sec,fm_latency_sec,projection_latency_sec,projection_solver_latency_sec,projection_calls,failed_projection_solves,projection_correction_sum,optimizer_latency_sec,safety_trigger_latency_sec,trajectory_distortion_vs_plain,projection_failure_rate
PLAIN_FM,0,0,0.0,0.0,0.07128309431491557,0.0,0.26482270326614366,3.9021146297454834,0.4667795981086212,3.2125233831537368,0.8903069096375384,0.0547209868745947,54.7209868745947,12386.080328951233,0.13812201875114405,1.43700027116363,0.09029384300811216,0.043656714900862426,0.0,0.0,0.0,0.0,0.0,0.0,0.0,0.0,0.0
POV_L05_ALWAYS,0,0,0.0,0.0,0.04346607391588182,0.0,0.007745784187316751,0.0,0.4488678787312162,2.72357705673799,0.8064615866400666,0.025443588332901168,25.44358833290117,3289.6607772294756,0.23282392409792044,1.7687742602043532,1.4490609369822778,0.04873606201726943,1.3113207949209027,0.14398848603013903,7.0,0.0,23.058177961813655,1.3113207949209027,0.0,1.3138694763183594,0.0
YFLOW_MAIN_PORT,0,0,0.0,0.0,0.03621304935841921,0.0,0.00033484067916855764,0.0,0.42710660202425876,2.4821591158196874,0.7664561145033707,0.027080635940691298,27.080635940691298,472.49263741404013,0.3152667022638966,1.8888853228461016,0.4636270540067926,0.04561076499521732,0.36675089900381863,0.03957477287622169,3.0,0.0,4.700293914302599,0.36675089900381863,0.0,1.7213491201400757,0.0
HYBRID_LATE_DAMPED,0,0,0.0,0.0,0.0426355492335191,0.0,0.019342165851592874,0.0,0.4320710459588303,2.8152697804061955,0.8155816669082684,0.028199771085189784,28.199771085189788,3374.951250234581,0.16730136770219547,1.6404525735662439,0.5529004720156081,0.04579168907366693,0.4559962359489873,0.047450679063331336,3.0,0.0,4.768005288139589,0.4559962359489873,0.0,0.9392443895339966,0.0
HYBRID_LATE_ADAPTIVE,0,0,0.0,0.0,0.0426355492335191,0.0,0.019342165851592874,0.0,0.4320710459588303,2.8152697804061955,0.8155816669082684,0.028199771085189784,28.199771085189788,3374.951250234581,0.16730136770219547,1.6404525735662439,0.5521161530050449,0.04571508488152176,0.4554372899583541,0.04729805496754125,3.0,0.0,4.768005288139589,0.4554372899583541,0.010847349010873586,0.9392443895339966,0.0
ADAPTIVE_ALLTIME_L05,0,0,0.0,0.0,0.03780666517391215,0.0,0.0031285103797911162,0.0,0.45654723775206346,2.7211992396589597,0.7769890860331936,0.025263172032188752,25.26317203218875,3444.3205296525557,0.17973020216619962,1.6814063360019365,1.3307522929972038,0.049780676898080856,1.1965771290124394,0.129544347000774,7.0,0.0,17.259989390418536,1.1965771290124394,0.02548085292801261,1.0542409420013428,0.0
PLAIN_FM,0,1,0.0,0.0,0.0542539540896924,0.0,0.2275168464660644,0.0,0.448154549978916,3.1815735877522284,0.8986559665992776,0.047675735956651616,47.675735956651614,10510.871320750486,0.1331795841682959,1.3733572617495895,0.07042148901382461,0.044025793904438615,0.0,0.0,0.0,0.0,0.0,0.0,0.0,0.0,0.0
POV_L05_ALWAYS,0,1,0.0,0.0,0.04147627424078798,0.0,0.07129545669555659,0.0,0.463383245814334,2.5058999646546,0.7869690972108667,0.03496181827061351,34.96181827061351,4523.842061670535,0.45609891741842834,2.034028286788254,1.6951977480202913,0.04950807901332155,1.5624754519667476,0.16679985087830573,7.0,0.0,26.22209418048407,1.5624754519667476,0.0,2.377143621444702,0.0
YFLOW_MAIN_PORT,0,1,0.0,0.0,0.02879344919263732,0.0,0.0,0.0,0.4388548347501728,2.338793910501121,0.7393670337936419,0.020592608115666218,20.59260811566622,332.4824322676963,0.36171708303001504,1.8608553333860174,0.5551048699999228,0.046855403925292194,0.4567307960242033,0.04688386601628736,3.0,0.0,4.5891976148137426,0.4567307960242033,0.0,1.7703981399536133,0.0
HYBRID_LATE_DAMPED,0,1,0.0,0.0,0.03209713838407728,0.0,0.0032781180381773467,0.0,0.4429368159317832,2.6848835230598422,0.7826181312219846,0.0220861489989157,22.086148998915704,3071.397458634828,0.2069535261542713,1.6396089025359768,0.4684580269968137,0.04613613692345098,0.3707443899475038,0.040699071949347854,3.0,0.0,5.17392462029959,0.3707443899475038,0.0,1.0166810750961304,0.0
HYBRID_LATE_ADAPTIVE,0,1,0.0,0.0,0.03209713838407728,0.0,0.0032781180381773467,0.0,0.4429368159317832,2.6848835230598422,0.7826181312219846,0.0220861489989157,22.086148998915704,3071.397458634828,0.2069535261542713,1.6396089025359768,0.4668566879699938,0.04617659596260637,0.36920882196864113,0.03997544199228287,3.0,0.0,5.17392462029959,0.36920882196864113,0.010920522036030889,1.0166810750961304,0.0
ADAPTIVE_ALLTIME_L05,0,1,0.0,0.0,0.03149529484121426,0.0,0.00957961540222163,0.0,0.4513894377627421,2.661907056516387,0.7704812318150197,0.022592835711706782,22.592835711706783,3390.070451141546,0.21641419759575248,1.639390570244948,1.6995122240041383,0.049653302936349064,1.5654067719588056,0.16778227896429598,7.0,0.0,15.702990182624582,1.5654067719588056,0.02551794395549223,1.0515990257263184,0.0
PLAIN_FM,0,2,0.0,0.0,0.06846092663355709,0.0,0.24138332571983323,0.0,0.4507020561450803,3.2000971500175366,0.8754920496473305,0.038110066969049394,38.11006696904939,7002.454474949251,0.15219075423646974,1.4189390159689457,0.06949822703609243,0.043205532943829894,0.0,0.0,0.0,0.0,0.0,0.0,0.0,0.0,0.0
POV_L05_ALWAYS,0,2,0.0,0.0,0.03640388184642117,0.0,0.0,0.0,0.4209330310494158,2.6245354962357537,0.8034059895028276,0.02243059723418528,22.430597234185278,2601.350240965705,0.2708319781914298,1.747974235558358,1.691256561956834,0.04744055005721748,1.5625251439632848,0.16826389089692384,7.0,0.0,18.364378007408234,1.5625251439632848,0.0,1.4538460969924927,0.0
YFLOW_MAIN_PORT,0,2,0.0,0.0,0.03380213327809391,0.0,0.003077846431732034,0.0,0.40789193037554333,2.465949261121494,0.7849558066653722,0.026558104232000668,26.558104232000666,500.0220582513981,0.3337924572994208,1.8481628146285678,0.5579538940219209,0.04500870808260515,0.46170753199839965,0.049573092022910714,3.0,0.0,4.950014771479598,0.46170753199839965,0.0,1.7668850421905518,0.0
HYBRID_LATE_DAMPED,0,2,0.0,0.0,0.03958284218662177,0.0,0.021853607559203958,0.0,0.4445581716992197,2.7031032197921196,0.7656317691231216,0.018498648023301117,18.49864802330112,1898.9719851905172,0.20475702486354924,1.6785036399605207,0.552176651021,0.04506456997478381,0.4560709619545378,0.047521020052954555,3.0,0.0,5.203761511957781,0.4560709619545378,0.0,1.1550837755203247,0.0
HYBRID_LATE_ADAPTIVE,0,2,0.0,0.0,0.03958284218662177,0.0,0.021853607559203958,0.0,0.4445581716992197,2.7031032197921196,0.7656317691231216,0.018498648023301117,18.49864802330112,1898.9719851905172,0.20475702486354924,1.6785036399605207,0.5527474859845825,0.0448827370419167,0.4567675309954211,0.047815648082178086,3.0,0.0,5.203761511957781,0.4567675309954211,0.0109046510187909,1.1550837755203247,0.0
ADAPTIVE_ALLTIME_L05,0,2,0.0,0.0,0.03900793488451666,0.0,0.028361038970947217,0.0,0.42477906545951344,2.765660114205794,0.799806601318316,0.022865061689374876,22.865061689374876,2026.3600119609155,0.1887758859759464,1.6356717972732866,1.514328840014059,0.04811671399511397,1.381821576913353,0.15093757980503142,7.0,0.0,15.18012742210517,1.381821576913353,0.02571727690519765,1.0189943313598633,0.0
PLAIN_FM,0,3,0.0,0.0,0.07206453917989504,0.0,0.2089800056457518,2.84456729888916,0.45921352991696374,3.2012565841264995,0.9058163467177829,0.04113670616714238,41.13670616714238,7680.173216384212,0.12849558717346254,1.4480022872149885,0.06976187397958711,0.0433910500141792,0.0,0.0,0.0,0.0,0.0,0.0,0.0,0.0,0.0
POV_L05_ALWAYS,0,3,0.0,0.0,0.04033212320238547,0.0,0.004961055183410501,0.0,0.437878843854277,2.7495447342682287,0.8356454749710753,0.024212086031579205,24.212086031579204,2471.0082215965376,0.2646479532459175,1.8039764615258749,1.2370369039708748,0.0473419091431424,1.108043667045422,0.12352077988907695,7.0,0.0,20.053943942842377,1.108043667045422,0.0,1.4238523244857788,0.0
YFLOW_MAIN_PORT,0,3,0.0,0.0,0.036597800243248976,0.0,0.0,0.0,0.422728214437346,2.4476272900650273,0.779387570544906,0.026261799674291007,26.26179967429101,508.7355618395087,0.33583094574888095,1.891598319585244,0.46052846597740427,0.04454539797734469,0.36500637099379674,0.038326771988067776,3.0,0.0,4.735289555958291,0.36500637099379674,0.0,1.7815312147140503,0.0
HYBRID_LATE_DAMPED,0,3,0.0,0.0,0.04258051322639686,0.0,0.04103482928276048,0.0,0.43307947873440944,2.775312181697847,0.8249408939783237,0.022007408708188958,22.007408708188958,1985.6266918143683,0.1736084480367795,1.656656634980974,0.5518212149618194,0.04474556999048218,0.4557182970456779,0.04681368300225586,3.0,0.0,5.016717858447409,0.4557182970456779,0.0,0.9831725358963013,0.0
HYBRID_LATE_ADAPTIVE,0,3,0.0,0.0,0.04258051322639686,0.0,0.04103482928276048,0.0,0.43307947873440944,2.775312181697847,0.8249408939783237,0.022007408708188958,22.007408708188958,1985.6266918143683,0.1736084480367795,1.656656634980974,0.5508964029722847,0.044670420000329614,0.455269466037862,0.046738189936149865,3.0,0.0,5.016717858447409,0.455269466037862,0.010875370004214346,0.9831725358963013,0.0
ADAPTIVE_ALLTIME_L05,0,3,0.0,0.0,0.038681290844277766,0.0,0.0034494813919065948,0.0,0.4435682552870116,2.7256344420661276,0.8047644699301723,0.021696659713835387,21.696659713835388,2264.2650345594543,0.1885874750077911,1.6915247709469687,1.2324146030005068,0.04763717600144446,1.100691739062313,0.12052670709090307,7.0,0.0,16.617178423509905,1.100691739062313,0.02578386099776253,1.0768961906433105,0.0
PLAIN_FM,0,4,0.0,0.0,0.07344253612534968,0.0,0.31594977941513047,1.2879979610443115,0.4554710032326637,3.227788364615522,0.8601428529939373,0.04661211657227504,46.61211657227504,10484.056012830557,0.15879118864958097,1.4085414392819284,0.06967073096893728,0.043200485000852495,0.0,0.0,0.0,0.0,0.0,0.0,0.0,0.0,0.0
POV_L05_ALWAYS,0,4,0.0,0.0,0.009198050221797538,0.0,0.0,0.0,0.3775147701885797,2.7034108246942523,0.8003282543448537,0.032973588565353706,32.9735885653537,4148.389310385209,0.34379855217022953,1.5079015405572473,1.5975568119902164,0.047011761052999645,1.4687014490482397,0.15907062502810732,7.0,0.0,27.417907931748505,1.4687014490482397,0.0,1.7403687238693237,0.0
YFLOW_MAIN_PORT,0,4,0.0,0.0,0.04302402641577491,0.0,0.0,0.0,0.4204440124244173,2.5199887865364383,0.7835182148323344,0.028122480643308186,28.12248064330819,513.0354271708278,0.32060494153535146,1.8446328683388864,0.644759769027587,0.04481377301272005,0.5487180009949952,0.05816440604394302,3.0,0.0,4.637487174263573,0.5487180009949952,0.0,1.75496506690979,0.0
HYBRID_LATE_DAMPED,0,4,0.0,0.0,0.05039165387479384,0.0,0.026020493769645547,0.0,0.42383639642000415,2.8349985773740602,0.8071532775704996,0.024804902919697613,24.80490291969761,2728.561154573139,0.17464721262991212,1.6011587394759943,0.6484145700233057,0.04544630000600591,0.5514595179702155,0.05899878602940589,3.0,0.0,4.871622702190201,0.5514595179702155,0.0,0.9461177587509155,0.0
HYBRID_LATE_ADAPTIVE,0,4,0.0,0.0,0.05039165387479384,0.0,0.026020493769645547,0.0,0.42383639642000415,2.8349985773740602,0.8071532775704996,0.024804902919697613,24.80490291969761,2728.561154573139,0.17464721262991212,1.6011587394759943,0.6487227180041373,0.0459356740466319,0.5515930639230646,0.05967628496000543,3.0,0.0,4.8716227021894145,0.5515930639230646,0.010879788955207914,0.9461177587509155,0.0
ADAPTIVE_ALLTIME_L05,0,4,0.0,0.0,0.044979689855641464,0.0,0.0038896616935728545,0.0,0.4317497773018562,2.7971801957074893,0.798281437127221,0.02704385458017211,27.04385458017211,3234.4231516176606,0.1800279074793205,1.612999681063946,1.5199981319601648,0.048555519024375826,1.386306606058497,0.1520732189528644,7.0,0.0,20.599575757502198,1.386306606058497,0.025924274930730462,1.0260800123214722,0.0
PLAIN_FM,0,5,0.0,0.0,0.06871894711325184,0.0,0.4044778760910033,0.9894442558288574,0.45396397892630014,3.2318001489384773,0.9142575046786916,0.04543701543915146,45.43701543915146,8801.735405676902,0.1358455085866821,1.385202283025336,0.07038465002551675,0.04368027695454657,0.0,0.0,0.0,0.0,0.0,0.0,0.0,0.0,0.0
POV_L05_ALWAYS,0,5,0.0,0.0,0.034998636861910515,0.0,0.0,0.0,0.43841371251134226,2.572614698568555,0.7813225082498195,0.021918196683043067,21.918196683043067,3088.429434523476,0.25325670085059004,1.7556400146767748,1.2408949040109292,0.048104844987392426,1.1104108610306866,0.12255082506453618,7.0,0.0,19.439147226856374,1.1104108610306866,0.0,1.4036567211151123,0.0
YFLOW_MAIN_PORT,0,5,0.0,0.0,0.028677306670940546,0.0,0.0043546722412108885,0.0,0.35897881140192167,2.6093430752249396,0.8295178010141221,0.039358332221411794,39.35833222141179,884.2051481823164,0.32960509767186014,1.8286046712928274,0.6445106660248712,0.04540443798759952,0.5481808389886282,0.05619066703366116,3.0,0.0,4.777435737229024,0.5481808389886282,0.0,1.703499674797058,0.0
HYBRID_LATE_DAMPED,0,5,0.0,0.0,0.03913015782530453,0.0,0.0,0.0,0.4409415765007931,2.7709211815262003,0.8052251499709122,0.0229304620847657,22.930462084765704,2389.8147723267275,0.1800197585206112,1.6369769907231988,0.5538489519967698,0.04572145693236962,0.45699712401255965,0.04779001808492467,3.0,0.0,4.854354783875385,0.45699712401255965,0.0,0.9877889156341553,0.0
HYBRID_LATE_ADAPTIVE,0,5,0.0,0.0,0.03913015782530453,0.0,0.0,0.0,0.4409415765007931,2.7709211815262003,0.8052251499709122,0.0229304620847657,22.930462084765704,2389.8147723267275,0.1800197585206112,1.6369769907231988,0.5524245779961348,0.04517754499102011,0.4562952270498499,0.047686724981758744,3.0,0.0,4.854354783875385,0.4562952270498499,0.010894049948547035,0.9877889156341553,0.0
ADAPTIVE_ALLTIME_L05,0,5,0.0,0.0,0.04591501586180986,0.0,0.0,0.0,0.4081290533532786,2.827355112858243,0.8300720181408077,0.028474395117726203,28.474395117726203,2752.9241136687865,0.18640801871378634,1.6062090588985989,1.4089792789891362,0.04823500907514244,1.277133489085827,0.13410491589456797,7.0,0.0,15.011788103512346,1.277133489085827,0.02553559502121061,0.9700281620025635,0.0
PLAIN_FM,0,6,0.0,0.0,0.06484939355565979,0.0,0.2835099514961241,2.738626003265381,0.44167463901593484,3.2023848000459663,0.910502013088369,0.04454768841918677,44.54768841918678,8511.49543714107,0.14292172461080252,1.4344313955465378,0.06964213197352365,0.04334527807077393,0.0,0.0,0.0,0.0,0.0,0.0,0.0,0.0,0.0
POV_L05_ALWAYS,0,6,0.0,0.0,0.04525743081173102,0.0,0.0,0.10632991790771484,0.43743457201922203,2.513378193984408,0.7935014715751527,0.030271229577668833,30.271229577668834,5405.010096099468,0.32616611506523363,1.8416959353391564,1.5917774380068295,0.04719154298072681,1.4637964479625225,0.15768863819539547,7.0,0.0,22.518010115595906,1.4637964479625225,0.0,1.66233229637146,0.0
YFLOW_MAIN_PORT,0,6,0.0,0.0,0.02992223010665327,0.0,0.0,0.0,0.4111289270457144,2.40529418536965,0.7848518643886239,0.024249890535419063,24.249890535419066,447.495475154779,0.3514286875765641,1.9012396367777258,0.4623207389959134,0.045022249105386436,0.3662904599914327,0.03946976101724431,3.0,0.0,5.071469239040821,0.3662904599914327,0.0,1.8031460046768188,0.0
HYBRID_LATE_DAMPED,0,6,0.0,0.0,0.038671398323164116,0.0,0.02870197753906245,0.0,0.4156311593961483,2.77041823288579,0.8246592361741383,0.02573535373514521,25.73535373514521,2707.8562934724605,0.19019516528259134,1.6454927215176292,0.46215992502402514,0.04469889000756666,0.36653886607382447,0.03952724300324917,3.0,0.0,5.234827856082209,0.36653886607382447,0.0,0.9534044861793518,0.0
HYBRID_LATE_ADAPTIVE,0,6,0.0,0.0,0.038671398323164116,0.0,0.02870197753906245,0.0,0.4156311593961483,2.77041823288579,0.8246592361741383,0.02573535373514521,25.73535373514521,2707.8562934724605,0.19019516528259134,1.6454927215176292,0.46385692805051804,0.04482943605398759,0.3680303940200247,0.03977231896715239,3.0,0.0,5.234827856082209,0.3680303940200247,0.01090612099505961,0.9534044861793518,0.0
ADAPTIVE_ALLTIME_L05,0,6,0.0,0.0,0.03760629481523793,0.0,0.01718278388977046,0.0,0.41907174694723986,2.7524113824496843,0.8224706369933178,0.026296707759512317,26.296707759512316,2894.795395456601,0.19477497855595538,1.6539877239206573,1.4185577949974686,0.04798474203562364,1.2864233999862336,0.13930682512000203,7.0,0.0,16.262652371941748,1.2864233999862336,0.02573261904763058,0.9925394654273987,0.0
PLAIN_FM,0,7,0.0,0.0,0.06774255636681951,0.0,0.28606490459442124,0.2149057388305664,0.4510840570144335,3.2081582566018483,0.9275421565363855,0.04082554702899832,40.82554702899832,7358.138151546002,0.12441299199805718,1.3904349254506188,0.06950373901054263,0.04316088400082663,0.0,0.0,0.0,0.0,0.0,0.0,0.0,0.0,0.0
POV_L05_ALWAYS,0,7,0.0,0.0,0.03038394017698029,0.0,0.01212473373413081,0.2614256739616394,0.4647403123539879,2.501483996428191,0.783389143991732,0.03136848025574973,31.36848025574973,5054.572570214988,0.2953937622170109,1.9058127655368011,1.5241819660295732,0.05067840003175661,1.39122652891092,0.1538404070888646,7.0,0.0,24.770668061529403,1.39122652891092,0.0,1.6621183156967163,0.0
YFLOW_MAIN_PORT,0,7,0.0,0.0,0.02957529470311937,0.0,0.0038768466949461455,0.0,0.44380864889289495,2.3929578311186974,0.7376082349743728,0.021546717223650584,21.54671722365059,368.97789902438916,0.3445985179471036,1.867352230259512,0.561530159029644,0.04618318995926529,0.46366354497149587,0.04821196896955371,3.0,0.0,4.543754565119873,0.46366354497149587,0.0,1.7594813108444214,0.0
HYBRID_LATE_DAMPED,0,7,0.0,0.0,0.04147466491885886,0.0,0.03983970146179194,0.0,0.4376819239519104,2.803469969499293,0.8181401044652626,0.026069095782875085,26.06909578287508,2241.9215439986037,0.16784129660857022,1.6202093663626262,0.5557316559716128,0.04570343397790566,0.45850800501648337,0.048223920923192054,3.0,0.0,4.485725189115535,0.45850800501648337,0.0,0.8986641764640808,0.0
HYBRID_LATE_ADAPTIVE,0,7,0.0,0.0,0.04147466491885886,0.0,0.03983970146179194,0.0,0.4376819239519104,2.803469969499293,0.8181401044652626,0.026069095782875085,26.06909578287508,2241.9215439986037,0.16784129660857022,1.6202093663626262,0.5558654390042648,0.04559301503468305,0.4587890430120751,0.04807695705676451,3.0,0.0,4.485725189115535,0.4587890430120751,0.010963702981825918,0.8986641764640808,0.0
ADAPTIVE_ALLTIME_L05,0,7,0.0,0.0,0.03474457383657524,0.0,0.016431765365600537,0.0,0.4381944376732409,2.7487222499304,0.8045016966663343,0.026494150927485527,26.494150927485528,2650.89479988232,0.18781542212115615,1.6176656370655207,1.5176855699974112,0.050784212828148156,1.3819400040665641,0.15073083998868242,7.0,0.0,18.087202699746015,1.3819400040665641,0.025880463130306453,1.0069897174835205,0.0
PLAIN_FM,0,8,0.0,0.0,0.06493468607751472,0.0,0.33966855373382554,1.3835203647613525,0.4525520510612393,3.183833300789873,0.8632210541042896,0.04204791911927297,42.04791911927297,8486.41914696826,0.15207109830735113,1.4250701717156975,0.07013602496590465,0.04385193099733442,0.0,0.0,0.0,0.0,0.0,0.0,0.0,0.0,0.0
POV_L05_ALWAYS,0,8,0.0,0.0,0.03064334671243421,0.0,0.06768183078765855,0.0,0.43698857364842575,2.706344290525837,0.7946335935566743,0.02953505353758379,29.53505353758379,4177.0758482124975,0.26831276087732214,1.7742878403108509,1.4159696620190516,0.04883752402383834,1.2863444369868375,0.14024065202102065,7.0,0.0,21.445053378159947,1.2863444369868375,0.0,1.3719384670257568,0.0
YFLOW_MAIN_PORT,0,8,0.0,0.0,0.04184802768396252,0.0,0.0,0.0,0.4297147051834336,2.50279299958632,0.7665654870799924,0.027248790258962347,27.248790258962345,481.73402768210553,0.32462510340527917,1.8921862335073347,0.5559795940062031,0.045805371133610606,0.4593173690373078,0.05029437196208164,3.0,0.0,4.46631194877496,0.4593173690373078,0.0,1.6901698112487793,0.0
HYBRID_LATE_DAMPED,0,8,0.0,0.0,0.035204538760441745,0.0,0.05999044742584214,0.0,0.4341888263578175,2.7795462712658745,0.7911747192520775,0.02508503197257761,25.08503197257761,2842.753173415869,0.1880290825266579,1.647652692305172,0.46813982899766415,0.04545151098864153,0.37170271802460775,0.04205216700211167,3.0,0.0,4.9745866652248205,0.37170271802460775,0.0,0.9547829031944275,0.0
HYBRID_LATE_ADAPTIVE,0,8,0.0,0.0,0.035204538760441745,0.0,0.05999044742584214,0.0,0.4341888263578175,2.7795462712658745,0.7911747192520775,0.02508503197257761,25.08503197257761,2842.753173415869,0.1880290825266579,1.647652692305172,0.46692586899735034,0.045478629879653454,0.37032394495327026,0.04187130101490766,3.0,0.0,4.9745866652248205,0.37032394495327026,0.010919541993644089,0.9547829031944275,0.0
ADAPTIVE_ALLTIME_L05,0,8,0.0,0.0,0.03596186188720771,0.0,0.07338778343200669,0.0,0.4362858616815666,2.737045223294512,0.7749776460658676,0.023946230700866877,23.946230700866877,3054.213315929388,0.1932466926444025,1.6590310769433994,1.4275279240100645,0.04853852791711688,1.2942447190289386,0.14101416897028685,7.0,0.0,13.998417121077761,1.2942447190289386,0.025687679939437658,1.0122114419937134,0.0
PLAIN_FM,0,9,0.0,0.0,0.07364178948492252,0.0,0.265439536833763,2.3151707649230957,0.43765586741901186,3.256729275238188,0.8856193737404882,0.046621832619168274,46.62183261916827,9462.503938171189,0.19171428829971937,1.3980998517975012,0.06948580901371315,0.04325606592465192,0.0,0.0,0.0,0.0,0.0,0.0,0.0,0.0,0.0
POV_L05_ALWAYS,0,9,0.0,0.0,0.048381895919814885,0.0,0.0,0.0936579704284668,0.42075391345936664,2.557878520256144,0.8108207634414345,0.024542745095433416,24.542745095433418,2627.6847589131457,0.33189438482762634,1.8991091718901107,1.4155514190206304,0.04786917206365615,1.2857069070450962,0.14192756201373413,7.0,0.0,27.605235602071712,1.2857069070450962,0.0,1.9179649353027344,0.0
YFLOW_MAIN_PORT,0,9,0.0,0.0,0.03462297830601066,0.0,0.0,0.0,0.4002942838638704,2.4679292576458636,0.7894446731707992,0.027377869347760198,27.377869347760203,502.85144533545764,0.34683923464956057,1.8767510756765593,0.5577583219856024,0.04497698793420568,0.4617266720160842,0.05174828990129754,3.0,0.0,5.565381183175985,0.4617266720160842,0.0,1.9505620002746582,0.0
HYBRID_LATE_DAMPED,0,9,0.0,0.0,0.042710920725058915,0.0,0.02616391744613633,0.0,0.42010808206695904,2.822958078870624,0.8089627559668567,0.023462523197286894,23.462523197286895,2162.385468900258,0.18391834546950295,1.6017555485184125,0.561950016010087,0.0453615480219014,0.464702767028939,0.05239094403805211,3.0,0.0,5.228398795296096,0.464702767028939,0.0,1.0240858793258667,0.0
HYBRID_LATE_ADAPTIVE,0,9,0.0,0.0,0.042710920725058915,0.0,0.02616391744613633,0.0,0.42010808206695904,2.822958078870624,0.8089627559668567,0.023462523197286894,23.462523197286895,2162.385468900258,0.18391834546950295,1.6017555485184125,0.5560763499815948,0.044915856095030904,0.45997308898949996,0.051422980905044824,3.0,0.0,5.228398795296096,0.45997308898949996,0.010989272966980934,1.0240858793258667,0.0
ADAPTIVE_ALLTIME_L05,0,9,0.0,0.0,0.041468770598951904,0.0,0.030866425895690774,0.0,0.41095367770178887,2.8139410342261164,0.8118871939209867,0.0248199008466857,24.819900846685698,2127.957043614043,0.19097103397541443,1.596523256881567,1.7848730069817975,0.04841970413690433,1.6517584439134225,0.17740001517813653,7.0,0.0,16.338586122376825,1.6517584439134225,0.025556875043548644,1.0642473697662354,0.0
PLAIN_FM,0,10,0.0,0.0,0.05368686935653379,0.0,0.29797719087600694,1.0349345207214355,0.4259373115424244,3.2093802357701513,0.9072455304795978,0.03842669061557924,38.42669061557925,7829.268188754758,0.16294654301049677,1.3296472575301659,0.07289249502355233,0.046388524991925806,0.0,0.0,0.0,0.0,0.0,0.0,0.0,0.0,0.0
POV_L05_ALWAYS,0,10,0.0,0.0,0.03091878010731934,0.0,0.0,0.0,0.4329561527236314,2.7056748099006027,0.8090745823114214,0.025312017318703917,25.312017318703916,2854.7209277996867,0.29055892773444836,1.7273730677750376,1.5191348160151392,0.050195789022836834,1.3869954259716906,0.1514998300699517,7.0,0.0,26.626089125342222,1.3869954259716906,0.0,1.5905556678771973,0.0
YFLOW_MAIN_PORT,0,10,0.0,0.0,0.033525964260055344,0.0,0.0,0.0,0.4045261200584754,2.587184279479252,0.8078383172063527,0.03246304092486343,32.46304092486343,594.7567365927036,0.3258216672714169,1.779243941306842,0.651409826008603,0.0461197990225628,0.554315869056154,0.06087824504356831,3.0,0.0,4.419846777164647,0.554315869056154,0.0,1.6444255113601685,0.0
HYBRID_LATE_DAMPED,0,10,0.0,0.0,0.02862797436967998,0.0,0.0007005151748655791,0.0,0.4122063367234421,2.8113488800115696,0.8232921332827774,0.02311796159614199,23.11796159614199,2015.6139991571288,0.19088777147744979,1.5475645428628941,0.5605148139875382,0.0460187949356623,0.46314304106635973,0.05193253303878009,3.0,0.0,5.074772500649129,0.46314304106635973,0.0,0.9352313280105591,0.0
HYBRID_LATE_ADAPTIVE,0,10,0.0,0.0,0.02862797436967998,0.0,0.0007005151748655791,0.0,0.4122063367234421,2.8113488800115696,0.8232921332827774,0.02311796159614199,23.11796159614199,2015.6139991571288,0.19088777147744979,1.5475645428628941,0.5608412029687315,0.046206781116779894,0.46330228401347995,0.05187559104524553,3.0,0.0,5.074772500649074,0.46330228401347995,0.010930002958048135,0.9352313280105591,0.0
ADAPTIVE_ALLTIME_L05,0,10,0.0,0.0,0.03163247927469158,0.0,0.0,0.0,0.4252563730888789,2.7317562602167844,0.8011313113437041,0.02088400616842745,20.884006168427447,2066.2788542857634,0.20294288097901791,1.6045693784227841,1.888499099004548,0.05027715099276975,1.7534047640510835,0.19398165383609012,7.0,0.0,17.139492309388302,1.7534047640510835,0.02546030405210331,1.066444993019104,0.0
PLAIN_FM,0,11,0.0,0.0,0.06351668339826581,0.0,0.32583491172790513,0.6984424591064453,0.45304711640195483,3.1507387576604042,0.904358574415116,0.05065303451605152,50.65303451605152,11360.561937820377,0.11579828414958314,1.4353376534200826,0.07034628099063411,0.04410965909482911,0.0,0.0,0.0,0.0,0.0,0.0,0.0,0.0,0.0
POV_L05_ALWAYS,0,11,0.0,0.0,0.036306996053522764,0.0,0.0,0.0,0.45358019480056727,2.596297573561247,0.8133888413065937,0.03047326636887779,30.473266368877788,4430.164110988082,0.3036197628284837,1.9391651915963575,1.603116636048071,0.048447997018229216,1.4735873721074313,0.16193655203096569,7.0,0.0,21.313449181677864,1.4735873721074313,0.0,1.5111265182495117,0.0
YFLOW_MAIN_PORT,0,11,0.0,0.0,0.029261680019675718,0.0,0.0,0.0,0.43840282970091343,2.3439126224298668,0.7447553879884133,0.020521220588455426,20.521220588455424,335.23596684458175,0.3500160482302108,1.92354911766293,0.6467220740159974,0.04522019502473995,0.5506714340299368,0.06012162700062618,3.0,0.0,4.560426238539825,0.5506714340299368,0.0,1.6918785572052002,0.0
HYBRID_LATE_DAMPED,0,11,0.0,0.0,0.03826579621138894,0.0,0.0,0.0,0.44764919452980223,2.6807827521909293,0.7964333146469912,0.02444239012613525,24.442390126135248,3196.6023979358883,0.20636319352457033,1.6963222643800762,0.5555423939949833,0.045393179869279265,0.4591999840340577,0.04991248401347548,3.0,0.0,4.762229870719621,0.4591999840340577,0.0,0.9663266539573669,0.0
HYBRID_LATE_ADAPTIVE,0,11,0.0,0.0,0.03826579621138894,0.0,0.0,0.0,0.44764919452980223,2.6807827521909293,0.7964333146469912,0.02444239012613525,24.442390126135248,3196.6023979358883,0.20636319352457033,1.6963222643800762,0.5541581099969335,0.04488495795521885,0.458588341018185,0.04991341399727389,3.0,0.0,4.762229870719621,0.458588341018185,0.010877981025259942,0.9663266539573669,0.0
ADAPTIVE_ALLTIME_L05,0,11,0.0,0.0,0.033609408679132716,0.0,0.004076075220107889,0.0,0.4554335399429498,2.64278716758152,0.7878814952146453,0.025552775141097106,25.552775141097104,3732.4855340143013,0.22764320820740483,1.7247997262754928,1.608228169963695,0.04871319385711104,1.4750793320708908,0.1632041449774988,7.0,0.0,18.533842919966755,1.4750793320708908,0.025695579883176833,1.0828578472137451,0.0
PLAIN_FM,0,12,0.0,0.0,0.06492061496164274,0.0,0.264938187265396,0.1370382308959961,0.4369772954690768,3.212618717005563,0.8868910347527698,0.03327388574892051,33.27388574892051,6167.221060212552,0.16658328097464065,1.3945204352146594,0.07080311398021877,0.04409694694913924,0.0,0.0,0.0,0.0,0.0,0.0,0.0,0.0,0.0
POV_L05_ALWAYS,0,12,0.0,0.0,0.03537788110784515,0.0,0.0,0.0,0.43240615311541575,2.5222008811251664,0.7805891532751859,0.021138199024358817,21.13819902435882,2987.6606097779645,0.2784095227433083,1.8203453905839078,1.7873737959889695,0.04720295505831018,1.658739170001354,0.17959543608594686,7.0,0.0,25.89767871548832,1.658739170001354,0.0,1.6087054014205933,0.0
YFLOW_MAIN_PORT,0,12,0.0,0.0,0.03654859514705036,0.0,0.0006108101844786162,0.0,0.411337523640371,2.5465112970791948,0.8038839719833915,0.030229417728424652,30.229417728424654,571.9194964141104,0.31940188054993773,1.8334300040483775,0.553335441974923,0.04474934499012306,0.45769680093508214,0.04951441509183496,3.0,0.0,4.611828601896414,0.45769680093508214,0.0,1.7367560863494873,0.0
HYBRID_LATE_DAMPED,0,12,0.0,0.0,0.039446539376158746,0.0,0.054277938270568704,0.0,0.4159564675737758,2.816041453116092,0.8231787019280205,0.02197479551005399,21.97479551005399,1794.1398553474428,0.17575237269084965,1.5918546907604953,0.5517468629986979,0.04469664394855499,0.4560901300283149,0.04824483301490545,3.0,0.0,4.921465040724444,0.4560901300283149,0.0,0.9693694114685059,0.0
HYBRID_LATE_ADAPTIVE,0,12,0.0,0.0,0.039446539376158746,0.0,0.054277938270568704,0.0,0.4159564675737758,2.816041453116092,0.8231787019280205,0.02197479551005399,21.97479551005399,1794.1398553474428,0.17575237269084965,1.5918546907604953,0.5524797209654935,0.04480006592348218,0.4566452940343879,0.04821450001327321,3.0,0.0,4.921465040724444,0.4566452940343879,0.010878380970098078,0.9693694114685059,0.0
ADAPTIVE_ALLTIME_L05,0,12,0.0,0.0,0.034699291782140276,0.0,0.04696862068176255,0.0,0.41809411632388765,2.773440930526418,0.8050216987117185,0.02190512434269895,21.90512434269895,2025.1403177965535,0.18515453156470568,1.5963047289379757,1.5062939409981482,0.04807502788025886,1.3743215250433423,0.14605750783812255,7.0,0.0,18.42288104636509,1.3743215250433423,0.02558344812132418,1.044882893562317,0.0
PLAIN_FM,0,13,0.0,0.0,0.07113294680114478,0.0,0.2159177825927734,1.4807653427124023,0.444095637404534,3.197275383910834,0.9065499056103867,0.04140993644571933,41.40993644571933,8083.3017318064485,0.14155669040120888,1.4305117283615716,0.06964810501085594,0.04336186888394877,0.0,0.0,0.0,0.0,0.0,0.0,0.0,0.0,0.0
POV_L05_ALWAYS,0,13,0.0,0.0,0.05244317534337799,0.0,0.0,0.0,0.45299723052396224,2.3571149087990726,0.7580701229436488,0.022098275581113727,22.098275581113725,3622.1641031604436,0.33179742583474786,1.9846703047343426,2.052955471968744,0.047038081975188106,1.9248023889958858,0.20915882993722335,7.0,0.0,22.815545045077048,1.9248023889958858,0.0,1.8257791996002197,0.0
YFLOW_MAIN_PORT,0,13,0.0,0.0,0.03543774787920556,0.0,0.0,0.0,0.4027213999384671,2.4973789301758353,0.8053440742830464,0.029368920600617097,29.368920600617102,558.2681994263411,0.32901714361920453,1.8387559382099028,0.6515208809869364,0.04522339691175148,0.5548737539793365,0.059564855007920414,3.0,0.0,5.417159840861114,0.5548737539793365,0.0,1.6791768074035645,0.0
HYBRID_LATE_DAMPED,0,13,0.0,0.0,0.05174939602394245,0.0,0.06080980758666987,0.0,0.4050032112931301,2.837836123797853,0.8420474863893795,0.027101803555566573,27.101803555566576,2247.215992721596,0.18492027900599095,1.6057486184268068,0.7522863220074214,0.04589507286436856,0.6545338780269958,0.07042170403292403,3.0,0.0,4.849658021366652,0.6545338780269958,0.0,0.8944146037101746,0.0
HYBRID_LATE_ADAPTIVE,0,13,0.0,0.0,0.05174939602394245,0.0,0.06080980758666987,0.0,0.4050032112931301,2.837836123797853,0.8420474863893795,0.027101803555566573,27.101803555566576,2247.215992721596,0.18492027900599095,1.6057486184268068,0.7428326070075855,0.044971049996092916,0.6467089330544695,0.06929714797297493,3.0,0.0,4.849658021366652,0.6467089330544695,0.010949101997539401,0.8944146037101746,0.0
ADAPTIVE_ALLTIME_L05,0,13,0.0,0.0,0.04396664719662992,0.0,0.025673371219634866,0.0,0.43209117963055377,2.740309478354773,0.8065505509756805,0.022821622872161468,22.821622872161466,2155.1860173719183,0.18985414560009387,1.6457312616133035,2.0627039250102825,0.0479786450159736,1.9305301229469478,0.20905187114840373,7.0,0.0,17.88770010670594,1.9305301229469478,0.025643019122071564,0.9973663687705994,0.0
PLAIN_FM,0,14,0.0,0.0,0.0716337987047947,0.0,0.30351178016662583,0.907893180847168,0.44720908262723413,3.200276295355647,0.8849364252379804,0.04015102516718491,40.15102516718491,8266.04802365811,0.14987025576506852,1.437476800145645,0.06953311199322343,0.04324421612545848,0.0,0.0,0.0,0.0,0.0,0.0,0.0,0.0,0.0
POV_L05_ALWAYS,0,14,0.0,0.0,0.046646756976787426,0.0,0.01260415878295884,0.0,0.41770187263558134,2.613914488454566,0.8227642951210925,0.022128578715123914,22.12857871512392,2333.4592131651566,0.28924428333866603,1.8049280990897947,1.323900040006265,0.04683083784766495,1.1959544799756259,0.13091584207722917,7.0,0.0,19.668902037150062,1.1959544799756259,0.0,1.5293831825256348,0.0
YFLOW_MAIN_PORT,0,14,0.0,0.0,0.03603691139642845,0.0,0.0,0.0,0.44343416637401556,2.36067301137881,0.7372842979811184,0.020002152453939742,20.002152453939743,368.88586627171753,0.34160937315547796,1.8902173000097988,0.5529418800142594,0.04509670299012214,0.4569714169483632,0.04734591906890273,3.0,0.0,4.5087903660323985,0.4569714169483632,0.0,1.8194911479949951,0.0
HYBRID_LATE_DAMPED,0,14,0.0,0.0,0.04979014572225886,0.0,0.02446220483779893,0.0,0.43415038833320035,2.7645980019146634,0.7915236505031098,0.021219676277488407,21.219676277488407,2165.2904626833074,0.1902824809204101,1.6313088300493022,0.5519806150114164,0.04480123601388186,0.4562835720134899,0.047600955003872514,3.0,0.0,4.901030045223285,0.4562835720134899,0.0,0.9987185001373291,0.0
HYBRID_LATE_ADAPTIVE,0,14,0.0,0.0,0.04979014572225886,0.0,0.02446220483779893,0.0,0.43415038833320035,2.7645980019146634,0.7915236505031098,0.021219676277488407,21.219676277488407,2165.2904626833074,0.1902824809204101,1.6313088300493022,0.5550446630222723,0.04493243992328644,0.4589371380279772,0.04793391400016844,3.0,0.0,4.901030045223285,0.4589371380279772,0.010942102002445608,0.9987185001373291,0.0
ADAPTIVE_ALLTIME_L05,0,14,0.0,0.0,0.0443974055511835,0.0,0.03076807823181138,0.0,0.4213449341955462,2.770563812325441,0.8051994205537099,0.023203672283379162,23.203672283379163,2267.822658170826,0.1880110102343337,1.6230699556087422,1.417465345992241,0.048399435938335955,1.2849562530172989,0.13821593596367165,7.0,0.0,13.68973995048066,1.2849562530172989,0.025686661945655942,0.9908793568611145,0.0
PLAIN_FM,0,15,0.0,0.0,0.07099371356414787,0.0,0.28241024580001817,1.04286789894104,0.44399104074224555,3.2457227593510094,0.9062841053160228,0.04550298776339942,45.502987763399425,9608.523598733693,0.161204562512827,1.410640902582587,0.06951446301536635,0.043263440020382404,0.0,0.0,0.0,0.0,0.0,0.0,0.0,0.0,0.0
POV_L05_ALWAYS,0,15,0.0,0.0,0.05456234054393809,0.0,0.0740885303497314,0.09285926818847656,0.5206321128852747,2.449885940709147,0.7429859322076947,0.033373006616221335,33.37300661622134,4624.826650453429,0.5165460946969441,2.2656605729419903,1.5051151430234313,0.046931697928812355,1.377183657081332,0.14906648284522817,7.0,0.0,28.61738038758677,1.377183657081332,0.0,2.9834039211273193,0.0
YFLOW_MAIN_PORT,0,15,0.0,0.0,0.034911369022456576,0.0,0.0,0.0,0.44887450025177006,2.3626699092627708,0.7404216057994237,0.019673830713530342,19.673830713530347,320.49368666108586,0.3494051087466919,1.8898330833815133,0.5551400869735517,0.045017251919489354,0.45926346798660234,0.04765053797746077,3.0,0.0,4.623442428228991,0.45926346798660234,0.0,1.8984990119934082,0.0
HYBRID_LATE_DAMPED,0,15,0.0,0.0,0.04551593087632881,0.0,0.023463921356201123,0.0,0.44748470875090296,2.729114659019067,0.7891230526358034,0.02000094947523967,20.00094947523967,2325.5040791304805,0.18761160520766734,1.645573681157663,0.55297487298958,0.044799147057347,0.45712773402919993,0.04782968305516988,3.0,0.0,5.078152521728258,0.45712773402919993,0.0,1.0784695148468018,0.0
HYBRID_LATE_ADAPTIVE,0,15,0.0,0.0,0.04551593087632881,0.0,0.023463921356201123,0.0,0.44748470875090296,2.729114659019067,0.7891230526358034,0.02000094947523967,20.00094947523967,2325.5040791304805,0.18761160520766734,1.645573681157663,0.5530307950102724,0.04481846699491143,0.45724433806026354,0.047747670963872224,3.0,0.0,5.078152521728258,0.45724433806026354,0.010925383016001433,1.0784695148468018,0.0
ADAPTIVE_ALLTIME_L05,0,15,0.0,0.0,0.04371204477157317,0.0,0.021638827133178662,0.0,0.44799263996449673,2.707850211630073,0.7873224481882851,0.020666809658474526,20.666809658474527,2353.0048649956434,0.19229662327157418,1.6746336571212144,1.409713600995019,0.04982228495646268,1.276376455964055,0.1352965430705808,7.0,0.0,16.981628377979916,1.276376455964055,0.025107835012022406,1.133400797843933,0.0
PLAIN_FM,0,16,0.0,0.0,0.06867715632304254,0.0,0.177156489753723,0.41661977767944336,0.4287456098575332,3.2641271188331777,0.8945195399907299,0.038363912317950444,38.363912317950444,7052.389954790783,0.18403995604520557,1.3936387677487476,0.06923206499777734,0.04319050599588081,0.0,0.0,0.0,0.0,0.0,0.0,0.0,0.0,0.0
POV_L05_ALWAYS,0,16,0.0,0.0,0.04104506259125121,0.0,0.022868078613281106,0.0,0.4286437595901841,2.611148235279784,0.7911945166840457,0.022011692970391045,22.011692970391042,3147.7592022473177,0.268874261655514,1.751975101946896,1.3939312999718823,0.04750805493677035,1.2651184879941866,0.1393120019347407,7.0,0.0,21.73754660673784,1.2651184879941866,0.0,1.5377992391586304,0.0
YFLOW_MAIN_PORT,0,16,0.0,0.0,0.0324924603358602,0.0,0.0,0.0,0.40915808331212516,2.4710765111998474,0.7822934906157963,0.026715267187116205,26.715267187116208,481.64533279834615,0.34817331527224193,1.8723379915758316,0.5588710930314846,0.04636527696857229,0.46111750503769144,0.04904188204091042,3.0,0.0,4.921982435710234,0.46111750503769144,0.0,1.9340379238128662,0.0
HYBRID_LATE_DAMPED,0,16,0.0,0.0,0.04080876854011464,0.0,0.02326593961715684,0.0,0.41338653685770477,2.823558275498188,0.8157723151366997,0.022061825559253928,22.06182555925393,1847.0486579849455,0.18095319328462728,1.6059042828495957,0.5624558730050921,0.04646787897218019,0.46468091604765505,0.049831663083750755,3.0,0.0,5.071364817430405,0.46468091604765505,0.0,1.0229936838150024,0.0
HYBRID_LATE_ADAPTIVE,0,16,0.0,0.0,0.04080876854011464,0.0,0.02326593961715684,0.0,0.41338653685770477,2.823558275498188,0.8157723151366997,0.022061825559253928,22.06182555925393,1847.0486579849455,0.18095319328462728,1.6059042828495957,0.5541125839808956,0.04589451296487823,0.45721388002857566,0.04826718399999663,3.0,0.0,5.071364817430405,0.45721388002857566,0.010835140012204647,1.0229936838150024,0.0
ADAPTIVE_ALLTIME_L05,0,16,0.0,0.0,0.0396630389588223,0.0,0.027047556304931497,0.0,0.41134140432634114,2.7931564430020983,0.8098283945367202,0.023478746786287363,23.47874678628736,2308.9589221887422,0.1881494008050738,1.6075685616390198,1.5207438860088587,0.05052325007272884,1.3839916159049608,0.15076911292271689,7.0,0.0,19.83872385174849,1.3839916159049608,0.027021105051971972,1.0919625759124756,0.0
PLAIN_FM,0,17,0.0,0.0,0.06344979152423678,0.0,0.26483432617187486,0.858147144317627,0.4411747125904128,3.154291262656695,0.8632335143475767,0.037175329093660614,37.175329093660615,7476.271730054496,0.14676478732675655,1.407868335723604,0.07016033999389037,0.04390771494945511,0.0,0.0,0.0,0.0,0.0,0.0,0.0,0.0,0.0
POV_L05_ALWAYS,0,17,0.0,0.0,0.04709823143063986,0.0,0.0077306793212890135,0.0,0.4308089308156567,2.5508009260407603,0.7991550646142509,0.02225845139624183,22.25845139624183,2485.5169858088943,0.32261112795673685,1.8179684411282966,1.68938352400437,0.04870142403524369,1.5597795699723065,0.1646791148232296,7.0,0.0,23.908063203623595,1.5597795699723065,0.0,1.671793818473816,0.0
YFLOW_MAIN_PORT,0,17,0.0,0.0,0.029742574126659017,0.0,0.0,0.0,0.4380723972777129,2.3435620951327936,0.7377527578395449,0.01912275629321461,19.12275629321461,323.6522321726957,0.3625596641400237,1.8814198313885842,0.5558707009768113,0.04575278103584424,0.4593691349728033,0.049475913983769715,3.0,0.0,4.568659693548843,0.4593691349728033,0.0,1.8322489261627197,0.0
HYBRID_LATE_DAMPED,0,17,0.0,0.0,0.04582326265537583,0.0,0.03497000198364253,0.0,0.4200444000572975,2.769012767564312,0.8077713545480809,0.024120638276125428,24.120638276125426,2126.415511529212,0.18431329145372446,1.6223982293444277,0.5548841470154002,0.04585901502287015,0.4580317229265347,0.047701678005978465,3.0,0.0,4.645897288025045,0.4580317229265347,0.0,0.9008104205131531,0.0
HYBRID_LATE_ADAPTIVE,0,17,0.0,0.0,0.04582326265537583,0.0,0.03497000198364253,0.0,0.4200444000572975,2.769012767564312,0.8077713545480809,0.024120638276125428,24.120638276125426,2126.415511529212,0.18431329145372446,1.6223982293444277,0.5536222550435923,0.045861853985115886,0.45674997894093394,0.04753330606035888,3.0,0.0,4.645897288025045,0.45674997894093394,0.010888531047385186,0.9008104205131531,0.0
ADAPTIVE_ALLTIME_L05,0,17,0.0,0.0,0.05037704395541655,0.0,0.038536743927001904,0.0,0.41794404720662176,2.7735341941245752,0.8107854478295631,0.025726161742228082,25.72616174222808,2233.9507236610602,0.1866693818099679,1.6359391091645143,1.5965159239713103,0.05018653202569112,1.4623688700376078,0.15265559597173706,7.0,0.0,15.02013286634497,1.4623688700376078,0.02546922507463023,0.9224199652671814,0.0
PLAIN_FM,0,18,0.0,0.0,0.07140160264392713,0.0,0.19167498912811265,0.45346736907958984,0.4380958195014154,3.2051829777165004,0.9026434279742913,0.04460979719646874,44.60979719646874,9799.647661475186,0.15392184787559948,1.4470098229610553,0.07013225904665887,0.043825265020132065,0.0,0.0,0.0,0.0,0.0,0.0,0.0,0.0,0.0
POV_L05_ALWAYS,0,18,0.0,0.0,0.051679403490639694,0.0,0.0,0.0,0.41901321644681466,2.6841856122265866,0.8329553593356047,0.02803915498525067,28.03915498525067,3855.8981804346145,0.2973813492993414,1.7765196524355553,1.602446475008037,0.04820480302441865,1.473225343041122,0.15907367796171457,7.0,0.0,24.576348975010855,1.473225343041122,0.0,1.5939784049987793,0.0
YFLOW_MAIN_PORT,0,18,0.0,0.0,0.026371333319786812,0.0,0.0,0.0,0.4282891810353604,2.3875598419398796,0.7526637284535038,0.023440783294217723,23.440783294217724,406.8666693915821,0.32704933348181886,1.9567804327473663,0.4679495410528034,0.045044074999168515,0.37193747702986,0.041755351063329726,3.0,0.0,5.713153744098255,0.37193747702986,0.0,1.8122035264968872,0.0
HYBRID_LATE_DAMPED,0,18,0.0,0.0,0.048241446381801376,0.0,0.025836687946319437,0.0,0.412040651262391,2.821541981897379,0.8329332122112196,0.02582484852660505,25.82484852660505,2620.994726066606,0.17122270922219684,1.642260605085837,0.558467008988373,0.044996230921242386,0.46239144302671775,0.049769870995078236,3.0,0.0,4.919704725703494,0.46239144302671775,0.0,0.9395811557769775,0.0
HYBRID_LATE_ADAPTIVE,0,18,0.0,0.0,0.048241446381801376,0.0,0.025836687946319437,0.0,0.412040651262391,2.821541981897379,0.8329332122112196,0.02582484852660505,25.82484852660505,2620.994726066606,0.17122270922219684,1.642260605085837,0.555043043976184,0.044994322990532964,0.4592237140168436,0.04948527395026758,3.0,0.0,4.919704725703494,0.4592237140168436,0.010914763086475432,0.9395811557769775,0.0
ADAPTIVE_ALLTIME_L05,0,18,0.0,0.0,0.04016348243027627,0.0,0.009924333953857278,0.0,0.422265605430859,2.742579960499841,0.8102783754536568,0.024195372570719353,24.195372570719353,2690.176536460953,0.18453150540798735,1.6811261254075311,1.340213229006622,0.04862008203053847,1.207150248985272,0.1334032699232921,7.0,0.0,18.05248269744476,1.207150248985272,0.025626718066632748,1.0598851442337036,0.0
PLAIN_FM,0,19,0.0,0.0,0.07000662795247797,0.0,0.23133264150619492,3.397620916366577,0.4482918004367699,3.221545166729297,0.8791630803811673,0.057007033081397845,57.00703308139785,10407.71970151035,0.17420580484192721,1.375863987219009,0.0698054910171777,0.04349163389997557,0.0,0.0,0.0,0.0,0.0,0.0,0.0,0.0,0.0
POV_L05_ALWAYS,0,19,0.0,0.0,0.03034758186503033,0.0,0.013112978744506787,0.08063435554504395,0.4546740957188174,2.5980621007802496,0.7507159482771474,0.03420519479560919,34.205194795609195,3487.0752509066137,0.41871668933688344,2.184465021023024,1.7872820739867166,0.047353140951599926,1.6580640610773116,0.17450971208745614,7.0,0.0,26.096839489728374,1.6580640610773116,0.0,2.335282564163208,0.0
YFLOW_MAIN_PORT,0,19,0.0,0.0,0.025631569014371906,0.0,0.0,0.0,0.42181828217999334,2.4155618181704206,0.7720974113335441,0.02250427530125432,22.50427530125432,408.52986266952433,0.35191665500202507,1.9039686962126492,0.5565796350128949,0.04499082296388224,0.46032902400474995,0.048801174911204726,3.0,0.0,4.877627798025067,0.46032902400474995,0.0,1.956472396850586,0.0
HYBRID_LATE_DAMPED,0,19,0.0,0.0,0.05040637093320885,0.0,0.01433656778335557,0.0,0.40981403341377076,2.842496906701126,0.8174395164382642,0.030685206710658997,30.685206710659,2657.9144248449097,0.18463243984083239,1.5835289153793934,0.6473357890499756,0.04492699890397489,0.5511454489897005,0.05640052794478834,3.0,0.0,5.011320453074013,0.5511454489897005,0.0,0.9658145308494568,0.0
HYBRID_LATE_ADAPTIVE,0,19,0.0,0.0,0.05040637093320885,0.0,0.01433656778335557,0.0,0.40981403341377076,2.842496906701126,0.8174395164382642,0.030685206710658997,30.685206710659,2657.9144248449097,0.18463243984083239,1.5835289153793934,0.6491884759743698,0.04515485605224967,0.5527812510263175,0.05672583502018824,3.0,0.0,5.011320453073287,0.5527812510263175,0.011021303944289684,0.9658145308494568,0.0
ADAPTIVE_ALLTIME_L05,0,19,0.0,0.0,0.04262813646521228,0.0,0.0,0.0,0.4424050474983014,2.7053858635655446,0.7801990377076367,0.02340500477046556,23.40500477046556,2348.1555588036936,0.19394955959038707,1.6509333359839,1.7902617760119028,0.04815733205759898,1.657446932978928,0.1727512179641053,7.0,0.0,17.761638848544976,1.657446932978928,0.02578483399702236,1.1604112386703491,0.0
PLAIN_FM,0,20,0.0,0.0,0.07162984916111693,0.0,0.3706325706481932,1.7930817604064941,0.4516773532939315,3.2371425433779852,0.8636389039188347,0.048348546813383186,48.348546813383194,9949.956706800578,0.1684820301649357,1.4290505795930837,0.06998227600706741,0.043483407935127616,0.0,0.0,0.0,0.0,0.0,0.0,0.0,0.0,0.0
POV_L05_ALWAYS,0,20,0.0,0.0,0.046023499691560846,0.0,0.0,0.0,0.4257787252655129,2.822178657333886,0.8359015274153564,0.026638248506034468,26.63824850603447,2725.1496428284613,0.2778465816023733,1.7347573063117783,1.3312130349804647,0.04709208203712478,1.202371011953801,0.13164813589537516,7.0,0.0,19.801627954828035,1.202371011953801,0.0,1.4303243160247803,0.0
YFLOW_MAIN_PORT,0,20,0.0,0.0,0.030593586054656736,0.0,0.0,0.0,0.4054918451753052,2.509216041624407,0.7953396753794532,0.027332927254744236,27.332927254744234,500.96131078272504,0.3277548452749882,1.8645527772674577,0.4683680459856987,0.045011863054241985,0.37223474791971967,0.04159338888712227,3.0,0.0,4.865947243755071,0.37223474791971967,0.0,1.8005889654159546,0.0
HYBRID_LATE_DAMPED,0,20,0.0,0.0,0.04377742950467253,0.0,0.015878837966918802,0.0,0.4409298509755758,2.793255996620604,0.7814412738572767,0.022195572093774762,22.195572093774764,2355.3430958955346,0.175148197756061,1.637402836613327,0.5594521599705331,0.044954821874853224,0.4632203580113128,0.05127323907800019,3.0,0.0,4.957372414303319,0.4632203580113128,0.0,0.9833314418792725,0.0
HYBRID_LATE_ADAPTIVE,0,20,0.0,0.0,0.04377742950467253,0.0,0.015878837966918802,0.0,0.4409298509755758,2.793255996620604,0.7814412738572767,0.022195572093774762,22.195572093774764,2355.3430958955346,0.175148197756061,1.637402836613327,0.5633513779612258,0.045387823949567974,0.46639436803525314,0.05167810100829229,3.0,0.0,4.957372414303319,0.46639436803525314,0.011068914958741516,0.9833314418792725,0.0
ADAPTIVE_ALLTIME_L05,0,20,0.0,0.0,0.04152519956164735,0.0,0.01300827827453599,0.0,0.4302897990914924,2.7830389499739367,0.7886614074969573,0.023526662287280287,23.526662287280285,2556.229784710562,0.18568634432738973,1.628760229973153,1.3358685650164261,0.04774993995670229,1.2037928199279122,0.13261075195623562,7.0,0.0,17.111926214962942,1.2037928199279122,0.025696080992929637,1.037938117980957,0.0
PLAIN_FM,0,21,0.0,0.0,0.07002323013676652,0.0,0.2783443149566649,1.4070522785186768,0.46121557758097814,3.1598174185436934,0.8903952189388016,0.05061712611285951,50.617126112859516,10981.834129985189,0.12579718724051747,1.4787239989661005,0.06979749101446941,0.043443363974802196,0.0,0.0,0.0,0.0,0.0,0.0,0.0,0.0,0.0
POV_L05_ALWAYS,0,21,0.0,0.0,0.03575160020994572,0.0,0.0062544759750364776,0.0,0.43902328873661534,2.5544488973035593,0.7900499967208493,0.02512260472212774,25.122604722127743,2992.4929783728503,0.26256573522606147,1.8860947430473802,1.5167541820555925,0.0471782261156477,1.3875881590065546,0.15067480987636372,7.0,0.0,20.312747687563746,1.3875881590065546,0.0,1.4142693281173706,0.0
YFLOW_MAIN_PORT,0,21,0.0,0.0,0.028003602753163617,0.0,0.0019390996932981963,0.0,0.4279115064642501,2.4065498031488515,0.7651393387978115,0.02171774338018544,21.717743380185443,384.1242621257103,0.34616126198986225,1.946584230322052,0.5563830260070972,0.04517518694046885,0.459956779028289,0.04823985596885905,3.0,0.0,4.428872732292273,0.459956779028289,0.0,1.787015438079834,0.0
HYBRID_LATE_DAMPED,0,21,0.0,0.0,0.04148956283735554,0.0,0.04647747840881333,0.0,0.44577641399387424,2.7552139021739857,0.7952755387591619,0.02584117835980343,25.84117835980343,2763.60563804422,0.17062202421062683,1.6836903230043443,0.5574899729690515,0.0450521768652834,0.4611164279631339,0.04841211996972561,3.0,0.0,4.599656396180314,0.4611164279631339,0.0,0.9181729555130005,0.0
HYBRID_LATE_ADAPTIVE,0,21,0.0,0.0,0.04148956283735554,0.0,0.04647747840881333,0.0,0.44577641399387424,2.7552139021739857,0.7952755387591619,0.02584117835980343,25.84117835980343,2763.60563804422,0.17062202421062683,1.6836903230043443,0.5565951120224781,0.04518099798588082,0.4599243709817529,0.04830738593591377,3.0,0.0,4.599656396180314,0.4599243709817529,0.011035984032787383,0.9181729555130005,0.0
ADAPTIVE_ALLTIME_L05,0,21,0.0,0.0,0.03744905589985026,0.0,0.028105836772918558,0.0,0.4468458128902286,2.686013803762936,0.7853953314574429,0.025120881403852352,25.12088140385235,2924.1047887031023,0.19598340086896743,1.7106336819925687,1.5155998980044387,0.04803661903133616,1.3831601238925941,0.14718966593500227,7.0,0.0,16.197242512278606,1.3831601238925941,0.025757003109902143,1.0555609464645386,0.0
PLAIN_FM,0,22,0.0,0.0,0.0620223838223921,0.0,0.2624182518959044,0.057054758071899414,0.41927223483327686,3.2206597010548537,0.9196491761391966,0.037306087469690524,37.306087469690524,7206.480917255369,0.18228111726157398,1.3845257173657743,0.06999075697967783,0.04346256499411538,0.0,0.0,0.0,0.0,0.0,0.0,0.0,0.0,0.0
POV_L05_ALWAYS,0,22,0.0,0.0,0.03783765171571808,0.0,0.0,0.0,0.43314129263991985,2.4782263473928525,0.7963415105686791,0.02307887275388376,23.07887275388376,3140.7112235176614,0.3122925405474446,1.955667422516795,1.6093522220035084,0.0474257220630534,1.4800954629899934,0.15984581102384254,7.0,0.0,24.39420313344795,1.4800954629899934,0.0,1.8304225206375122,0.0
YFLOW_MAIN_PORT,0,22,0.0,0.0,0.033447813151638875,0.0,0.0,0.0,0.3949194439003718,2.5332154091485175,0.8040740115193009,0.029764003807254174,29.764003807254177,553.3855581865326,0.3365657646693202,1.8072948643058249,0.6517759489943273,0.04495166300330311,0.5555368779459968,0.05862576194340363,3.0,0.0,4.637666920486575,0.5555368779459968,0.0,1.781752109527588,0.0
HYBRID_LATE_DAMPED,0,22,0.0,0.0,0.03874802431811723,0.0,0.0345384643554687,0.0,0.40947936028920523,2.821705873190849,0.8296567598225185,0.02384088395715575,23.840883957155754,1947.2816162950323,0.18602201866468593,1.5928321163528363,0.655525733018294,0.04667017387691885,0.5559276370331645,0.05863506393507123,3.0,0.0,4.883756795243894,0.5559276370331645,0.0,0.9721618890762329,0.0
HYBRID_LATE_ADAPTIVE,0,22,0.0,0.0,0.03874802431811723,0.0,0.0345384643554687,0.0,0.40947936028920523,2.821705873190849,0.8296567598225185,0.02384088395715575,23.840883957155754,1947.2816162950323,0.18602201866468593,1.5928321163528363,0.6472817879985087,0.04560845991363749,0.5507622199365869,0.05765602900646627,3.0,0.0,4.883756795318139,0.5507622199365869,0.010863220901228487,0.9721618890762329,0.0
ADAPTIVE_ALLTIME_L05,0,22,0.0,0.0,0.039277399601881605,0.0,0.023311239147186136,0.0,0.41586445962991647,2.7794977111488026,0.8110010914383092,0.0228035541024453,22.8035541024453,2075.3662146696397,0.1865747314701231,1.6192180706464252,1.8863040020223707,0.04960900906007737,1.7524834700743668,0.18744069698732346,7.0,0.0,15.936235421942442,1.7524834700743668,0.025558777968399227,1.0284372568130493,0.0
PLAIN_FM,0,23,0.0,0.0,0.06539792986587274,0.0,0.23823485937118516,1.789076328277588,0.4477747456337355,3.201307484341164,0.8565091048535909,0.043834981329238354,43.83498132923836,7755.2719384777265,0.16432860329629376,1.3736118019431665,0.06962891900911927,0.04334643197944388,0.0,0.0,0.0,0.0,0.0,0.0,0.0,0.0,0.0
POV_L05_ALWAYS,0,23,0.0,0.0,0.038420283025445354,0.0,0.008588986206054638,0.49368858337402344,0.4308863727283699,2.529559164416108,0.7892809414828205,0.02905517889663345,29.05517889663345,3358.8429429496364,0.3628811548943494,1.939793219888601,1.8801610119990073,0.0471680979244411,1.751803646038752,0.18909677304327488,7.0,0.0,26.744476188203826,1.751803646038752,0.0,2.0155327320098877,0.0
YFLOW_MAIN_PORT,0,23,0.0,0.0,0.04482777445979942,0.0,0.0,0.0,0.409806230138245,2.6030926978141022,0.8160916536692906,0.03419015925905859,34.19015925905859,661.1469277716051,0.32016612487713386,1.8113760722025667,0.5572196330176666,0.04489571100566536,0.46150866197422147,0.05033793795155361,3.0,0.0,4.552643629573668,0.46150866197422147,0.0,1.7119125127792358,0.0
HYBRID_LATE_DAMPED,0,23,0.0,0.0,0.0378588404625069,0.0,0.008516268539428662,0.0,0.421864796532303,2.8102514726840515,0.801734887641908,0.025441658521590832,25.44165852159083,1890.6289890774974,0.1806858649423334,1.5710774315460165,0.5617812469718046,0.044777156959753484,0.4659425739082508,0.052160354098305106,3.0,0.0,4.861555511206616,0.4659425739082508,0.0,0.97230064868927,0.0
HYBRID_LATE_ADAPTIVE,0,23,0.0,0.0,0.0378588404625069,0.0,0.008516268539428662,0.0,0.421864796532303,2.8102514726840515,0.801734887641908,0.025441658521590832,25.44165852159083,1890.6289890774974,0.1806858649423334,1.5710774315460165,0.5599256110144779,0.04484773107105866,0.46401594596682116,0.05193754594074562,3.0,0.0,4.861555511206616,0.46401594596682116,0.010893451981246471,0.97230064868927,0.0
ADAPTIVE_ALLTIME_L05,0,23,0.0,0.0,0.040283243399589996,0.0,0.014255003738403271,0.0,0.42601388186436934,2.764961905253814,0.786395938394064,0.0243374588774099,24.3374588774099,1926.1787959237608,0.1844708489042178,1.589794280914915,1.7035497190081514,0.04858434299239889,1.5704207350499928,0.1707129031419754,7.0,0.0,14.786584868577483,1.5704207350499928,0.025658948987256736,1.029253363609314,0.0
PLAIN_FM,0,24,0.0,0.0,0.07679039003613604,0.0,0.29680804576873765,2.1831345558166504,0.44901985207285705,3.224582439786497,0.9126718312741037,0.03739914380511378,37.39914380511377,6578.273212991891,0.14631088822592647,1.4792702777248483,0.07002563803689554,0.043756459082942456,0.0,0.0,0.0,0.0,0.0,0.0,0.0,0.0,0.0
POV_L05_ALWAYS,0,24,0.0,0.0,0.050300009893346084,0.0,0.0,0.0,0.4468747561541775,2.538660126565039,0.8018701765281779,0.01927425549546727,19.274255495467273,2362.6334672786024,0.2842634142055731,1.9181401584155326,1.4256708429893479,0.04898276494350284,1.2949236370041035,0.13878467690665275,7.0,0.0,22.437866248186424,1.2949236370041035,0.0,1.5581551790237427,0.0
YFLOW_MAIN_PORT,0,24,0.0,0.0,0.023438442589493513,0.0,0.000765280532836865,0.0,0.42105626448206185,2.405602658567623,0.7617514943544351,0.02300802803210327,23.008028032103272,434.8841192686406,0.35070468613618544,1.9074890622009737,0.5559863449889235,0.04548385791713372,0.459600787027739,0.04723633802495897,3.0,0.0,4.774394931029768,0.459600787027739,0.0,1.856834888458252,0.0
HYBRID_LATE_DAMPED,0,24,0.0,0.0,0.050942872639723566,0.0,0.005035262966155862,0.0,0.44043727354285617,2.761492150405972,0.7985007730667666,0.019506464938080725,19.506464938080725,1741.0903149329029,0.1804053545348276,1.6761008273256057,0.5568993379711173,0.04576760303461924,0.459954425052274,0.048429327027406543,3.0,0.0,4.905184419374068,0.459954425052274,0.0,0.9891520142555237,0.0
HYBRID_LATE_ADAPTIVE,0,24,0.0,0.0,0.050942872639723566,0.0,0.005035262966155862,0.0,0.44043727354285617,2.761492150405972,0.7985007730667666,0.019506464938080725,19.506464938080725,1741.0903149329029,0.1804053545348276,1.6761008273256057,0.557482713018544,0.04577587195672095,0.4603835869929753,0.048379318963270634,3.0,0.0,4.905184419374068,0.4603835869929753,0.011005124018993229,0.9891520142555237,0.0
ADAPTIVE_ALLTIME_L05,0,24,0.0,0.0,0.04864634318600709,0.0,0.0,0.0,0.438162916170365,2.731073336107663,0.795529853085896,0.018933451533543533,18.93345153354353,1781.5568109609937,0.19575614823573573,1.6772026416232981,1.4269825399969704,0.04910833697067574,1.29354094597511,0.13858715287642553,7.0,0.0,16.110397813543365,1.29354094597511,0.025600581022445112,1.0847012996673584,0.0
PLAIN_FM,0,25,0.0,0.0,0.06543413575072539,0.0,0.26190416183471665,0.0,0.44330506320944163,3.183373414893834,0.8871900233669746,0.03899113165358212,38.99113165358212,7286.640056815118,0.14175706261017873,1.4332985864323222,0.0698341450188309,0.04353124101180583,0.0,0.0,0.0,0.0,0.0,0.0,0.0,0.0,0.0
POV_L05_ALWAYS,0,25,0.0,0.0,0.045865885133632586,0.0,0.02466068830490098,0.0,0.3994985409779347,2.727364157779562,0.8466143148005102,0.02879678005266048,28.79678005266048,2627.5197610087066,0.29624485725222044,1.6999394549298101,1.6101907879929058,0.047869014961179346,1.4805166678852402,0.15812708105659112,7.0,0.0,25.178566748473166,1.4805166678852402,0.0,1.4988279342651367,0.0
YFLOW_MAIN_PORT,0,25,0.0,0.0,0.04244310442011784,0.0,0.0017522391319273467,0.0,0.3978627929036544,2.5554995659687054,0.827717993445721,0.03435954723856745,34.35954723856745,695.5776214486706,0.3165267063642409,1.8766454463847364,0.4666496359859593,0.04519394907401875,0.3700347319827415,0.03961371898185462,3.0,0.0,5.010999180690881,0.3700347319827415,0.0,1.6082009077072144,0.0
HYBRID_LATE_DAMPED,0,25,0.0,0.0,0.04071289530870392,0.0,0.03237323131561265,0.0,0.4118966179666073,2.7882506566138128,0.8248004743027515,0.02467232676651951,24.67232676651951,1960.7234069641045,0.18697338578890263,1.638118872522053,0.46644840098451823,0.0449518520035781,0.37011288601206616,0.039662660914473236,3.0,0.0,4.966460979555667,0.37011288601206616,0.0,0.9183588624000549,0.0
HYBRID_LATE_ADAPTIVE,0,25,0.0,0.0,0.04071289530870392,0.0,0.03237323131561265,0.0,0.4118966179666073,2.7882506566138128,0.8248004743027515,0.02467232676651951,24.67232676651951,1960.7234069641045,0.18697338578890263,1.638118872522053,0.46668643702287227,0.045194278995040804,0.3700892350752838,0.03975675394758582,3.0,0.0,4.966460979555667,0.3700892350752838,0.011058355972636491,0.9183588624000549,0.0
ADAPTIVE_ALLTIME_L05,0,25,0.0,0.0,0.04375145761676637,0.0,0.041486036443710184,0.0,0.3978823891955726,2.8071027044599486,0.8384172436128648,0.02764195069024808,27.64195069024808,2146.0770329311877,0.1961429093797762,1.6119779619276697,1.52055020397529,0.04820965399267152,1.3875862528802827,0.1469455690239556,7.0,0.0,15.89512091228498,1.3875862528802827,0.025805364944972098,0.9532110095024109,0.0
PLAIN_FM,0,26,0.0,0.0,0.07193460736766542,0.0,0.20882920589447007,1.6542387008666992,0.4549346461672903,3.222042573956864,0.8865938581859556,0.04231927094048071,42.31927094048071,8290.096362581957,0.15819728121871668,1.4031129998102796,0.0701656430028379,0.043560637976042926,0.0,0.0,0.0,0.0,0.0,0.0,0.0,0.0,0.0
POV_L05_ALWAYS,0,26,0.0,0.0,0.04889713377887807,0.0,0.027232126998901318,0.0,0.40570010478170543,2.9255175301301657,0.8636417860497497,0.03495176791171503,34.95176791171504,3790.418821540609,0.2974159619387573,1.5258818486388883,1.605652761994861,0.04726461094105616,1.4763751529389992,0.1571690568816848,7.0,0.0,20.15180862770871,1.4763751529389992,0.0,1.410831093788147,0.0
YFLOW_MAIN_PORT,0,26,0.0,0.0,0.04190586033026064,0.0,0.0,0.0,0.4192408316117705,2.5342773887793903,0.7799186772330156,0.02858929577895386,28.589295778953858,511.3084565301351,0.32412661784897373,1.8343488241692376,0.46711086900904775,0.04494490387151018,0.3708108249702491,0.04064838605700061,3.0,0.0,4.666899138755291,0.3708108249702491,0.0,1.7576265335083008,0.0
HYBRID_LATE_DAMPED,0,26,0.0,0.0,0.04353029892108172,0.0,0.021337227630615185,0.0,0.4264539256912471,2.8327681728032337,0.8128950221287639,0.025225210806294474,25.225210806294474,2477.325101006622,0.17702449302686737,1.6017298508957405,0.46654704603133723,0.04533258400624618,0.3696700650616549,0.039213239040691406,3.0,0.0,4.886060785904025,0.3696700650616549,0.0,0.968764066696167,0.0
HYBRID_LATE_ADAPTIVE,0,26,0.0,0.0,0.04353029892108172,0.0,0.021337227630615185,0.0,0.4264539256912471,2.8327681728032337,0.8128950221287639,0.025225210806294474,25.225210806294474,2477.325101006622,0.17702449302686737,1.6017298508957405,0.4659859520033933,0.04528102104086429,0.36920887301675975,0.03920959890820086,3.0,0.0,4.886060785904025,0.36920887301675975,0.0110615260200575,0.968764066696167,0.0
ADAPTIVE_ALLTIME_L05,0,26,0.0,0.0,0.0383998619219635,0.0,0.0,0.0,0.43171861402168743,2.7939353681712316,0.7977546641159529,0.02504229461560914,25.042294615609137,2728.823033777672,0.1827283636680364,1.6101258306007693,1.5216572800418362,0.04811856395099312,1.3886002741055563,0.15040251892060041,7.0,0.0,15.356311558860556,1.3886002741055563,0.025904387061018497,1.0337473154067993,0.0
PLAIN_FM,0,27,0.0,0.0,0.06119693010656406,0.0,0.254404705429077,2.051372528076172,0.46104242537492734,3.1468802345594877,0.8523308843458421,0.043075700493399594,43.0757004933996,7988.67422581332,0.1316671564392975,1.4572267897937152,0.0701585229835473,0.043569449975620955,0.0,0.0,0.0,0.0,0.0,0.0,0.0,0.0,0.0
POV_L05_ALWAYS,0,27,0.0,0.0,0.05034510646036934,0.0,0.0,0.0,0.45296366383962183,2.3899506881454418,0.7460672184841968,0.0217114854519387,21.7114854519387,3278.4726725723,0.35032699959541813,1.8943874902254612,1.7024924299912527,0.04753112606704235,1.5726466279593296,0.16834857687354088,7.0,0.0,26.197229142333207,1.5726466279593296,0.0,1.8053770065307617,0.0
YFLOW_MAIN_PORT,0,27,0.0,0.0,0.0301173084150064,0.0,0.0,0.0,0.4039898399275318,2.439946819541918,0.7855015018828619,0.026306945401178183,26.306945401178183,531.7863929212091,0.3423350896572657,1.884865670221455,0.567239323980175,0.045593969989567995,0.4695386320236139,0.049458316003438085,3.0,0.0,4.640835728952641,0.4695386320236139,0.0,1.7181518077850342,0.0
HYBRID_LATE_DAMPED,0,27,0.0,0.0,0.034347399057195596,0.0,0.0,0.0,0.4267138358603388,2.740594090643947,0.787353693061343,0.023329986392189084,23.329986392189085,1998.8598499719676,0.18922680570907846,1.6566447652595047,0.5578592999954708,0.04535995394689962,0.46070897299796343,0.047695080924313515,3.0,0.0,4.807683392740806,0.46070897299796343,0.0,0.9144241809844971,0.0
HYBRID_LATE_ADAPTIVE,0,27,0.0,0.0,0.034347399057195596,0.0,0.0,0.0,0.4267138358603388,2.740594090643947,0.787353693061343,0.023329986392189084,23.329986392189085,1998.8598499719676,0.18922680570907846,1.6566447652595047,0.5607691730256192,0.04573221184546128,0.4630251500639133,0.04785140510648489,3.0,0.0,4.807683392740806,0.4630251500639133,0.011141086928546429,0.9144241809844971,0.0
ADAPTIVE_ALLTIME_L05,0,27,0.0,0.0,0.037864834690710156,0.0,0.0,0.0,0.4437738847189801,2.68352055618151,0.761543102249708,0.021812137400093995,21.812137400093995,2009.6856162192755,0.201571845837349,1.6883663326862406,1.6153904490056448,0.04844147199764848,1.4816558690508828,0.1566655530477874,7.0,0.0,15.507660064254033,1.4816558690508828,0.025947868125513196,1.0025925636291504,0.0
PLAIN_FM,0,28,0.0,0.0,0.06732369667314327,0.0,0.26792125072479234,0.0,0.4354224763138797,3.2104825964030486,0.8930969492311631,0.04351725906279244,43.51725906279244,9078.06188738232,0.17135464191557148,1.405113073553493,0.07254636305151507,0.045661710028070956,0.0,0.0,0.0,0.0,0.0,0.0,0.0,0.0,0.0
POV_L05_ALWAYS,0,28,0.0,0.0,0.04133304154542464,0.0,0.026764826583862256,0.0,0.3917860248481239,2.7102591951093733,0.8432651248023054,0.024857160056837108,24.85716005683711,2715.372520438747,0.3087580453311824,1.6459603348222072,1.70762104698224,0.04896627418929711,1.5769533099373803,0.1736999920103699,7.0,0.0,20.160231888121412,1.5769533099373803,0.0,1.45513117313385,0.0
YFLOW_MAIN_PORT,0,28,0.0,0.0,0.03944114869182745,0.0,0.0,0.0,0.38889953035987207,2.5258635555009312,0.825500438187996,0.031192527834157064,31.19252783415707,609.9534567927341,0.3445795103470236,1.8062858047045347,0.5580623080022633,0.045420815935358405,0.4617283110274002,0.04814395302673802,3.0,0.0,4.580993447553885,0.4617283110274002,0.0,1.709420084953308,0.0
HYBRID_LATE_DAMPED,0,28,0.0,0.0,0.03874995956687617,0.0,0.015851216125488232,0.0,0.42905397214184626,2.721702093851295,0.801629027060925,0.02116079240648494,21.16079240648494,2426.133201076958,0.2073998739848642,1.6353716410277985,0.46486571902642027,0.04514917801134288,0.3687937690410763,0.03956766793271527,3.0,0.0,5.326610989256437,0.3687937690410763,0.0,1.043922781944275,0.0
HYBRID_LATE_ADAPTIVE,0,28,0.0,0.0,0.03874995956687617,0.0,0.015851216125488232,0.0,0.42905397214184626,2.721702093851295,0.801629027060925,0.02116079240648494,21.16079240648494,2426.133201076958,0.2073998739848642,1.6353716410277985,0.46654848102480173,0.04503643698990345,0.37039352796273306,0.03969733091071248,3.0,0.0,5.326610989256437,0.37039352796273306,0.010843311029020697,1.043922781944275,0.0
ADAPTIVE_ALLTIME_L05,0,28,0.0,0.0,0.04158142291213379,0.0,0.034018711853027295,0.0,0.41043804689561947,2.771260284080362,0.8147445002785982,0.024435081804391155,24.435081804391157,2679.277155628458,0.2127590961900635,1.5960986722893382,1.7930272470111959,0.048439852078445256,1.6605995149584487,0.17694556585047394,7.0,0.0,16.136738057135076,1.6605995149584487,0.025587960029952228,1.0004711151123047,0.0
PLAIN_FM,0,29,0.0,0.0,0.06930764277947167,0.0,0.2657376345634459,2.3582708835601807,0.46601390579440183,3.1888883558390027,0.8624794802495463,0.052189470682512784,52.18947068251278,11951.653291448938,0.1514968191484495,1.4440740313746527,0.06968812202103436,0.04345682612620294,0.0,0.0,0.0,0.0,0.0,0.0,0.0,0.0,0.0
POV_L05_ALWAYS,0,29,0.0,0.0,0.05012795020695367,0.0,0.05373115997314448,0.7791471481323242,0.37812059977140977,2.721941555151556,0.807037666762839,0.03641059027030302,36.410590270303025,5467.389339573354,0.4612390271055814,1.4783874749271069,1.8801877289661206,0.04750660702120513,1.7508315540035255,0.1874404659611173,7.0,0.0,24.718706280829696,1.7508315540035255,0.0,2.2729620933532715,0.0
YFLOW_MAIN_PORT,0,29,0.0,0.0,0.03891023868343628,0.0,0.0,0.0,0.4208763904805078,2.5107506442131218,0.7786885620169396,0.02825886321599321,28.258863215993212,490.84805671501704,0.3239611279528388,1.8720355679537362,0.5546070439741015,0.04511592799099162,0.4585868939757347,0.04806116101099178,3.0,0.0,4.3839372645916725,0.4585868939757347,0.0,1.692969560623169,0.0
HYBRID_LATE_DAMPED,0,29,0.0,0.0,0.043643177737362635,0.0,0.07317061882019038,0.0,0.41295068432354487,2.830790856696906,0.804994021451639,0.032121138584030956,32.12113858403096,3556.0315166482055,0.19010772610098337,1.627151622474546,0.649697461980395,0.04485867207404226,0.5535880980314687,0.05658848595339805,3.0,0.0,4.622659182910811,0.5535880980314687,0.0,0.9098280668258667,0.0
HYBRID_LATE_ADAPTIVE,0,29,0.0,0.0,0.043643177737362635,0.0,0.07317061882019038,0.0,0.41295068432354487,2.830790856696906,0.804994021451639,0.032121138584030956,32.12113858403096,3556.0315166482055,0.19010772610098337,1.627151622474546,0.6626037450041622,0.045548119000159204,0.5641991050215438,0.05745992693118751,3.0,0.0,4.622659182910811,0.5641991050215438,0.011395645036827773,0.9098280668258667,0.0
ADAPTIVE_ALLTIME_L05,0,29,0.0,0.0,0.05670359220732278,0.0,0.06890769462585444,0.0,0.42290492618339026,2.7974843198629458,0.8071988078310572,0.03261009439428664,32.61009439428664,3910.2890231911933,0.18636651683114286,1.6356761291433484,1.706965664983727,0.048553651955444366,1.5732435730169527,0.16741468792315573,7.0,0.0,19.906983713933577,1.5732435730169527,0.026101071038283408,0.9635506868362427,0.0
PLAIN_FM,0,30,0.0,0.0,0.07494434153301345,0.0,0.2333967503547667,1.1172783374786377,0.4627508028600341,3.2260413847837763,0.8835641729931072,0.03645988323529392,36.45988323529392,6076.363164243802,0.1440851181321155,1.4477485159543046,0.06970218301285058,0.04333282494917512,0.0,0.0,0.0,0.0,0.0,0.0,0.0,0.0,0.0
POV_L05_ALWAYS,0,30,0.0,0.0,0.04136634980622331,0.0,0.0,0.0,0.4498619675752538,2.596441128843173,0.7931640295225509,0.02201270826085952,22.01270826085952,2102.5126327023067,0.2712628632436481,1.9593543322870333,1.6043720029992983,0.04677711008116603,1.4762428379035555,0.161679866083432,7.0,0.0,23.82786307328218,1.4762428379035555,0.0,1.5403380393981934,0.0
YFLOW_MAIN_PORT,0,30,0.0,0.0,0.03797036736780236,0.0,0.0,0.0,0.42131762567043085,2.453036775060458,0.7807210841336498,0.02510089726558607,25.10089726558607,483.17069016315736,0.3198807627876701,1.8845861052126613,0.46348187897820026,0.04467676504282281,0.3679368579760194,0.03964662202633917,3.0,0.0,5.024806089692022,0.3679368579760194,0.0,1.74008047580719,0.0
HYBRID_LATE_DAMPED,0,30,0.0,0.0,0.04667196537262629,0.0,0.0028490589141845213,0.0,0.45428995888417767,2.7656545703541355,0.7711201263689884,0.02023348780116896,20.233487801168963,1620.8108353523266,0.16478914647582288,1.6646345698045077,0.5562199970008805,0.04484312207205221,0.4597543050767854,0.04972518497379497,3.0,0.0,4.9965501757262025,0.4597543050767854,0.0,0.9698101878166199,0.0
HYBRID_LATE_ADAPTIVE,0,30,0.0,0.0,0.04667196537262629,0.0,0.0028490589141845213,0.0,0.45428995888417767,2.7656545703541355,0.7711201263689884,0.02023348780116896,20.233487801168963,1620.8108353523266,0.16478914647582288,1.6646345698045077,0.5569776769843884,0.044642495980951935,0.46108177001588047,0.049837016966193914,3.0,0.0,4.9965501757262025,0.46108177001588047,0.010998385027050972,0.9698101878166199,0.0
ADAPTIVE_ALLTIME_L05,0,30,0.0,0.0,0.04610093676883516,0.0,0.0300371215820312,0.0,0.42955916838361896,2.796809064147694,0.8044742553787257,0.024889126019151053,24.889126019151053,1972.5888578223214,0.1766852059836792,1.648986152750517,1.429617178044282,0.04754097695695236,1.2978405709727667,0.1425042749615386,7.0,0.0,19.166976589262443,1.2978405709727667,0.02575653389794752,1.005713939666748,0.0
PLAIN_FM,0,31,0.0,0.0,0.05525623602186401,0.0,0.28507189121246324,0.09185194969177246,0.4455985080199772,3.164932395871164,0.8899415178849265,0.027566878982912435,27.56687898291243,4583.492992645776,0.13459371138430862,1.399058871817501,0.0697428350104019,0.04318340093595907,0.0,0.0,0.0,0.0,0.0,0.0,0.0,0.0,0.0
POV_L05_ALWAYS,0,31,0.0,0.0,0.027168156300313426,0.0,0.0,0.0,0.43269754665057536,2.616766231151153,0.8120602096964987,0.0190692827199076,19.069282719907598,1640.444911425476,0.308058071135473,1.863606868568884,1.5151208390016109,0.04702767595881596,1.3863049069186673,0.1500761320348829,7.0,0.0,22.754406528964306,1.3863049069186673,0.0,1.5635154247283936,0.0
YFLOW_MAIN_PORT,0,31,0.0,0.0,0.029163970994317216,0.0,0.0,0.0,0.3883221966525666,2.4954075217194305,0.8008500323600048,0.028498029090293517,28.498029090293517,549.0036146037284,0.3310980770718827,1.822625810559583,0.5655374130001292,0.04525464301696047,0.4672225741087459,0.04859949491219595,3.0,0.0,4.65489070590218,0.4672225741087459,0.0,1.6609950065612793,0.0
HYBRID_LATE_DAMPED,0,31,0.0,0.0,0.032020135217821016,0.0,0.020072993302345132,0.0,0.40809335020700543,2.796801701474046,0.8293383827792457,0.020898804812966243,20.898804812966244,1267.7162519546757,0.1853644059416996,1.6014947349645108,0.553704877034761,0.04472306714160368,0.45778411894571036,0.04785778495715931,3.0,0.0,4.793540654108654,0.45778411894571036,0.0,0.9021744132041931,0.0
HYBRID_LATE_ADAPTIVE,0,31,0.0,0.0,0.032020135217821016,0.0,0.020072993302345132,0.0,0.40809335020700543,2.796801701474046,0.8293383827792457,0.020898804812966243,20.898804812966244,1267.7162519546757,0.1853644059416996,1.6014947349645108,0.5596615670365281,0.04605831200024113,0.4607850529719144,0.04773062304593623,3.0,0.0,4.793540654108654,0.4607850529719144,0.011214939004275948,0.9021744132041931,0.0
ADAPTIVE_ALLTIME_L05,0,31,0.0,0.0,0.02846974236534361,0.0,0.009412479066848611,0.0,0.4158399676921328,2.7601393861846613,0.8145551116503793,0.020039055814009554,20.039055814009558,1269.50227567757,0.19214620620476,1.6129458174269353,1.5156035359832458,0.04775106196757406,1.3829673290019855,0.14891986595466733,7.0,0.0,15.581617543717414,1.3829673290019855,0.02589821699075401,0.9547308683395386,0.0
PLAIN_FM,1,0,0.0,0.0,0.023263957447231254,0.0,0.0,0.43109700083732605,0.47662466265846404,2.2086897000169516,1.1200858245447742,0.04577244242206839,45.772442422068394,10133.282320276972,0.111956956771977,1.7538306089924391,0.06999734102282673,0.0435285879066214,0.0,0.0,0.0,0.0,0.0,0.0,0.0,0.0,0.0
POV_L05_ALWAYS,1,0,0.0,0.0,0.03225498511751462,0.0,0.0,0.0,0.2909957833029356,1.6631247206751838,0.9588800049833935,0.017526571361149657,17.526571361149657,2000.1961765204303,0.36253754007923933,1.8897591135759175,1.3559458249947056,0.047604892984963953,1.2238247721106745,0.13265656802104786,7.0,0.0,25.177932588230792,1.2238247721106745,0.0,1.3821542263031006,0.0
YFLOW_MAIN_PORT,1,0,0.0,0.0,0.0232073100692511,0.0,0.0,0.0,0.16635422786246865,1.5801593928832771,0.9418125453539213,0.020665117188901128,20.665117188901128,548.753922231815,0.3345645944791261,1.9197364285637388,0.47185729298507795,0.04607515211682767,0.372787275002338,0.03895974502665922,3.0,0.0,3.0899507227777185,0.372787275002338,0.0,1.113611102104187,0.0
HYBRID_LATE_DAMPED,1,0,0.0,0.0,0.03225327299541364,0.0,0.0,0.0,0.32651134682681027,1.7797365667966656,0.973209353052203,0.018037595763009062,18.03759576300906,2276.329088525053,0.22595978128732122,1.8474814820434318,0.4657125690137036,0.04465457599144429,0.3697803599643521,0.03904356592101976,3.0,0.0,3.2409333739089465,0.3697803599643521,0.0,0.6138884425163269,0.0
HYBRID_LATE_ADAPTIVE,1,0,0.0,0.0,0.03225327299541364,0.0,0.0,0.0,0.32651134682681027,1.7797365667966656,0.973209353052203,0.018037595763009062,18.03759576300906,2276.329088525053,0.22595978128732122,1.8474814820434318,0.46542195201618597,0.04487903305562213,0.36960066604660824,0.03899121598806232,3.0,0.0,3.2409333739089714,0.36960066604660824,0.0108732910011895,0.6138884425163269,0.0
ADAPTIVE_ALLTIME_L05,1,0,0.0,0.0,0.032445038936476045,0.0,0.0,0.0,0.3132583551172322,1.799336974264232,0.9903255155726135,0.01927356716513684,19.27356716513684,2224.80218574424,0.220829009448267,1.8482748836879002,1.5390520989894867,0.04848271398805082,1.403260422986932,0.1486443670000881,7.0,0.0,14.03931936248356,1.403260422986932,0.02664890408050269,0.6067917943000793,0.0
PLAIN_FM,1,1,0.0,0.0,0.029226751757445102,0.0,0.0,0.340576171875,0.49592782323463386,2.1396053404908915,1.0738480903454093,0.04470306059039278,44.70306059039279,9513.875025195006,0.12631387586160014,1.8148175337889334,0.06962715199915692,0.043298393953591585,0.0,0.0,0.0,0.0,0.0,0.0,0.0,0.0,0.0
POV_L05_ALWAYS,1,1,0.0,0.0,0.029936304020568946,0.0,0.0,0.0,0.3432014303055691,1.4074206639894125,0.8326492675712331,0.013919372614514147,13.919372614514149,2359.8939451517476,0.3868976024568189,2.2219917071870583,1.4298992400290444,0.04716234002262354,1.3012541920179501,0.1410544971586205,7.0,0.0,20.28226182327701,1.3012541920179501,0.0,1.3775827884674072,0.0
YFLOW_MAIN_PORT,1,1,0.0,0.0,0.02733504861492317,0.0,0.0,0.0,0.1825658343588534,1.418815596706315,0.8861909044704623,0.015332074125746914,15.332074125746914,387.9137909338096,0.3649571950830942,1.9987988513598556,0.46440574701409787,0.04466726793907583,0.3687616048846394,0.03895356395514682,3.0,0.0,3.4564127931833877,0.3687616048846394,0.0,1.1718205213546753,0.0
HYBRID_LATE_DAMPED,1,1,0.0,0.0,0.035384826796510394,0.0,0.0,0.0,0.3096480580764151,1.8186909553759982,0.9811306369432535,0.022030593484781535,22.030593484781537,2588.9961462130796,0.22951761760105793,1.857890377763972,0.5627667980152182,0.04495822300668806,0.4658603940042667,0.04671974910888821,3.0,0.0,3.3389858931811327,0.4658603940042667,0.0,0.559084951877594,0.0
HYBRID_LATE_ADAPTIVE,1,1,0.0,0.0,0.035384826796510394,0.0,0.0,0.0,0.3096480580764151,1.8186909553759982,0.9811306369432535,0.022030593484781535,22.030593484781537,2588.9961462130796,0.22951761760105793,1.857890377763972,0.5558234059717506,0.04468910698778927,0.46001269994303584,0.04630991898011416,3.0,0.0,3.338985893194406,0.46001269994303584,0.010973433963954449,0.559084951877594,0.0
ADAPTIVE_ALLTIME_L05,1,1,0.0,0.0,0.03561318502916738,0.0,0.0,0.0,0.28587463117557915,1.7976134916578093,0.9837109827274034,0.021792790075748025,21.792790075748027,2571.2341814969454,0.23319000639158197,1.86897914197141,1.6171434489660896,0.04774121509399265,1.4848547299043275,0.1578291190089658,7.0,0.0,15.295971165895132,1.4848547299043275,0.02596514910692349,0.5926943421363831,0.0
PLAIN_FM,1,2,0.0,0.0,0.026455756501162553,0.0,0.0,0.05957603454589844,0.4793752044418321,2.226107579916338,1.1022791121549373,0.040185257094313795,40.1852570943138,7890.860343613406,0.10232347084512208,1.7751870256176974,0.06960443197749555,0.04322367103304714,0.0,0.0,0.0,0.0,0.0,0.0,0.0,0.0,0.0
POV_L05_ALWAYS,1,2,0.0,0.0,0.03322182009066038,0.0,0.0,0.0,0.295023600583698,1.650812398370812,0.9380151432948144,0.01681443696789553,16.814436967895528,1581.5633661337758,0.37628983296775653,1.9131757125043338,1.3462633640156128,0.047329604043625295,1.2157284979475662,0.1325703058973886,7.0,0.0,19.726835358688444,1.2157284979475662,0.0,1.421241283416748,0.0
YFLOW_MAIN_PORT,1,2,0.0,0.0,0.019285941552731334,0.0,0.0,0.0,0.1791443705297852,1.5908351981310866,0.9335768791591769,0.02283775119555672,22.83775119555672,633.385569391032,0.3307629011281251,1.9404504772373887,0.46501632599392906,0.04463749600108713,0.3692687199800275,0.039419376000296324,3.0,0.0,3.472132539345665,0.3692687199800275,0.0,1.1202366352081299,0.0
HYBRID_LATE_DAMPED,1,2,0.0,0.0,0.03368950276191679,0.0,0.0,0.0,0.32678028698595574,1.7667347281647992,0.9535339110378956,0.01707708656659943,17.07708656659943,1773.6528038761762,0.22115746188777285,1.8821996005633852,0.4733969059889205,0.04483826394425705,0.37651045102393255,0.04131257301196456,3.0,0.0,3.613104714733586,0.37651045102393255,0.0,0.6285600066184998,0.0
HYBRID_LATE_ADAPTIVE,1,2,0.0,0.0,0.02619891139975633,0.0,0.0,0.0,0.45847589384468723,2.159455906286488,1.082739248310581,0.03633851585400519,36.338515854005195,6852.020011776162,0.1193036728529148,1.7877886258744007,0.37783298501744866,0.04535617714282125,0.2882397429202683,0.03141418698942289,2.0,0.0,2.560395187977394,0.2882397429202683,0.011266462912317365,0.12403740733861923,0.0
ADAPTIVE_ALLTIME_L05,1,2,0.0,0.0,0.026430176690463936,0.0,0.0,0.0,0.4536754395910936,2.1511689038106057,1.0761863012073185,0.03598771114311196,35.98771114311196,6881.763647649543,0.11504874068192358,1.772442124802797,1.1522180320462212,0.04743522795615718,1.0278448390308768,0.1120986650348641,6.0,0.0,15.988907349585922,1.0278448390308768,0.02602864900836721,0.1346733123064041,0.0
PLAIN_FM,1,3,0.0,0.0,0.02683456136772272,0.0,0.0,0.841413140296936,0.44957279424024976,2.2087819723976843,1.10537090273446,0.04532112220799921,45.32112220799921,10097.702442013182,0.1152251896274185,1.7465013863692178,0.06897966604446992,0.042625550006050617,0.0,0.0,0.0,0.0,0.0,0.0,0.0,0.0,0.0
POV_L05_ALWAYS,1,3,0.0,0.0,0.03338700059667549,0.0,0.0,0.0,0.3236088617084879,1.4366311082383514,0.8581774497443109,0.01460099553805283,14.600995538052832,2278.0190996512406,0.4343417768663123,2.190323010011042,1.0596289369859733,0.04777547693811357,0.930226008000318,0.10184519994072616,7.0,0.0,17.36466478384528,0.930226008000318,0.0,1.7136812210083008,0.0
YFLOW_MAIN_PORT,1,3,0.0,0.0,0.01848106988860264,0.0,0.0,0.0,0.14084548147141537,1.5332293780594823,0.9278234552495335,0.019618521739790437,19.618521739790438,504.92193803668846,0.3543833831058847,1.9185657530455724,0.3773273130063899,0.046126282948534936,0.28021277202060446,0.03170312405563891,3.0,0.0,3.323329928466141,0.28021277202060446,0.0,1.1315158605575562,0.0
HYBRID_LATE_DAMPED,1,3,0.0,0.0,0.03389268461346945,0.0,0.0,0.0,0.31186766284871387,1.7814948157056467,0.9698550327026652,0.01864894346696895,18.64894346696895,2440.820640339916,0.2368961031920925,1.8343767946054985,0.3789324329700321,0.04619699501199648,0.2813545500393957,0.03206001303624362,3.0,0.0,3.3398393564963156,0.2813545500393957,0.0,0.5958401560783386,0.0
HYBRID_LATE_ADAPTIVE,1,3,0.0,0.0,0.03389268461346945,0.0,0.0,0.0,0.31186766284871387,1.7814948157056467,0.9698550327026652,0.01864894346696895,18.64894346696895,2440.820640339916,0.2368961031920925,1.8343767946054985,0.37751360703259706,0.04622411704622209,0.2802481920225546,0.03154739900492132,3.0,0.0,3.339839356496398,0.2802481920225546,0.010887832031585276,0.5958401560783386,0.0
ADAPTIVE_ALLTIME_L05,1,3,0.0,0.0,0.03366032266311142,0.0,0.0,0.0,0.2936493893632359,1.7862599746434065,0.9781542799849097,0.01892623000459108,18.926230004591083,2382.2287438246394,0.24306500617202564,1.827608108416966,1.0713532820227556,0.051164610020350665,0.9354105599923059,0.10493052494712174,7.0,0.0,11.231834061341356,0.9354105599923059,0.025593900005333126,0.6220046281814575,0.0
PLAIN_FM,1,4,0.0,0.0,0.026051634530154855,0.0,0.0,0.5685862898826599,0.45465467611523364,2.206880576482378,1.1175605637776578,0.0370068479919138,37.0068479919138,6615.22641706326,0.12286460729901466,1.7868849240157116,0.07010340498527512,0.043868127977475524,0.0,0.0,0.0,0.0,0.0,0.0,0.0,0.0,0.0
POV_L05_ALWAYS,1,4,0.0,0.0,0.02899323736070057,0.0,0.0,0.0,0.2899450402067201,1.638613974674577,0.9525329745374407,0.0159722312852546,15.972231285254601,1383.1160089216032,0.3831020770870483,1.9666462938436138,1.431936767010484,0.04902684595435858,1.3017129601212218,0.14307095803087577,7.0,0.0,17.48766925908814,1.3017129601212218,0.0,1.358836054801941,0.0
YFLOW_MAIN_PORT,1,4,0.0,0.0,0.03192690961120466,0.0,0.0,0.0,0.1257351417853704,1.6775531765669967,0.9659132294801419,0.02930462060110356,29.304620601103558,845.9597627613945,0.33580858158995885,1.9051201398780246,0.5596150970086455,0.04602353507652879,0.46283172408584505,0.04896563396323472,3.0,0.0,3.180365663075033,0.46283172408584505,0.0,1.069050908088684,0.0
HYBRID_LATE_DAMPED,1,4,0.0,0.0,0.03316305441120575,0.0,0.0,0.0,0.30036593723946653,1.8367517443067745,1.0016147522687662,0.018970466661675844,18.970466661675843,1617.1050864025538,0.22825589924022638,1.8541648529693235,0.4700005240156315,0.04555078793782741,0.37342028599232435,0.04193489899626002,3.0,0.0,3.4228256318505226,0.37342028599232435,0.0,0.5567697882652283,0.0
HYBRID_LATE_ADAPTIVE,1,4,0.0,0.0,0.03316305441120575,0.0,0.0,0.0,0.30036593723946653,1.8367517443067745,1.0016147522687662,0.018970466661675844,18.970466661675843,1617.1050864025538,0.22825589924022638,1.8541648529693235,0.4690626299707219,0.04499942809343338,0.37317008891841397,0.04179489496164024,3.0,0.0,3.4228256318505226,0.37317008891841397,0.010921392997261137,0.5567697882652283,0.0
ADAPTIVE_ALLTIME_L05,1,4,0.0,0.0,0.03225963457834753,0.0,0.0,0.0,0.2906305925924036,1.8514503701327698,1.0084254624861544,0.019484443818235747,19.484443818235746,1626.2002460780784,0.23210130846541208,1.8468126407747556,1.34402170102112,0.048502695048227906,1.2109010080457665,0.13149095297558233,7.0,0.0,11.048934665302783,1.2109010080457665,0.025706712971441448,0.5707811117172241,0.0
PLAIN_FM,1,5,0.0,0.0,0.028311981678519837,0.0,0.0,1.1642885208129883,0.4646499558538081,2.155282218033726,1.11072559583367,0.04645483353872114,46.45483353872115,10143.732270500785,0.11955637993532503,1.816588513772786,0.0700128729804419,0.04360799991991371,0.0,0.0,0.0,0.0,0.0,0.0,0.0,0.0,0.0
POV_L05_ALWAYS,1,5,0.0,0.0,0.03414026788666731,0.0,0.0,0.0,0.2973556073166657,1.545881310402584,0.9343173449402,0.01731025818461429,17.31025818461429,2083.6973634294372,0.37974191591632767,2.11774043187234,1.5188313389662653,0.04739214602159336,1.389857780886814,0.1459175730124116,7.0,0.0,27.155107119760203,1.389857780886814,0.0,1.329187035560608,0.0
YFLOW_MAIN_PORT,1,5,0.0,0.0,0.01648081806635303,0.0,0.0,0.0,0.18183488213850643,1.5537799567844213,0.9272265793654693,0.020041503623813677,20.041503623813675,518.1420214103807,0.33446020465834997,1.9580304405363342,0.5576499589951709,0.04514001199277118,0.4614135909941979,0.04735622595762834,3.0,0.0,2.8749237654786244,0.4614135909941979,0.0,1.037505030632019,0.0
HYBRID_LATE_DAMPED,1,5,0.0,0.0,0.03490448580301336,0.0,0.0,0.0,0.31103055150357045,1.7941057654128851,0.9852224312151883,0.02106399477667653,21.063994776676534,2515.52555988821,0.22385639157494525,1.8874338721206994,0.4679044630029239,0.04512864904245362,0.3714940899517387,0.0393178949598223,3.0,0.0,3.3862327636132075,0.3714940899517387,0.0,0.5407402515411377,0.0
HYBRID_LATE_ADAPTIVE,1,5,0.0,0.0,0.03490448580301336,0.0,0.0,0.0,0.31103055150357045,1.7941057654128851,0.9852224312151883,0.02106399477667653,21.063994776676534,2515.52555988821,0.22385639157494525,1.8874338721206994,0.4685439090244472,0.045395377033855766,0.371583511994686,0.039232930925209075,3.0,0.0,3.3862327636132075,0.371583511994686,0.01104105799458921,0.5407402515411377,0.0
ADAPTIVE_ALLTIME_L05,1,5,0.0,0.0,0.03483007693088075,0.0,0.0,0.0,0.30907550626176944,1.7679815558822973,0.9811117328485539,0.020654339872486327,20.65433987248633,2415.6759239781995,0.22687536465464042,1.9098994986207232,1.3403403640259057,0.048094494035467505,1.207533849927131,0.13075964187737554,7.0,0.0,19.377933041880723,1.207533849927131,0.025927617971319705,0.5601563453674316,0.0
PLAIN_FM,1,6,0.0,0.0,0.025604167693278945,0.0,0.0,0.876004695892334,0.4851561533772831,2.1468621024949828,1.0795237967093545,0.041605799965988365,41.60579996598837,8818.212301574375,0.11197684951689854,1.7387161324484277,0.07009748398559168,0.043584852071944624,0.0,0.0,0.0,0.0,0.0,0.0,0.0,0.0,0.0
POV_L05_ALWAYS,1,6,0.0,0.0,0.03170909749782691,0.0,0.0,0.0,0.23188718665598135,1.545338908957347,0.9498649367534946,0.018128059081583436,18.128059081583437,2271.761849364301,0.4046883705611167,2.3401665194971173,1.3319477660115808,0.04716129187727347,1.203067947004456,0.1274255680036731,7.0,0.0,18.94005027569324,1.203067947004456,0.0,1.6469820737838745,0.0
YFLOW_MAIN_PORT,1,6,0.0,0.0,0.03301650761003569,0.0,0.0,0.0,0.2445623237159056,1.2544741834097615,0.7481896577768475,0.0071563930686376976,7.156393068637698,234.12738988255688,0.3719967717736664,2.0249761753576356,0.4664012669818476,0.04498491494450718,0.370264130004216,0.03901662805583328,3.0,0.0,3.4792234976791434,0.370264130004216,0.0,1.2692632675170898,0.0
HYBRID_LATE_DAMPED,1,6,0.0,0.0,0.03321907789544859,0.0,0.0,0.0,0.34046764313803757,1.698375863582181,0.9323023376826296,0.01566238921846798,15.662389218467979,2011.3288087149751,0.23316788757653237,1.8435025924046966,0.4663447460043244,0.0449762370553799,0.37003265402745456,0.038846452021971345,3.0,0.0,3.279113992489995,0.37003265402745456,0.0,0.6222191452980042,0.0
HYBRID_LATE_ADAPTIVE,1,6,0.0,0.0,0.03321907789544859,0.0,0.0,0.0,0.34046764313803757,1.698375863582181,0.9323023376826296,0.01566238921846798,15.662389218467979,2011.3288087149751,0.23316788757653237,1.8435025924046966,0.46783495298586786,0.045281392929609865,0.37102226895513013,0.03913127101259306,3.0,0.0,3.279113992406221,0.37102226895513013,0.011032956012059003,0.6222191452980042,0.0
ADAPTIVE_ALLTIME_L05,1,6,0.0,0.0,0.033197914605079426,0.0,0.0,0.0,0.34458628513502443,1.6544459812828074,0.9086142008400093,0.014764785086446939,14.764785086446942,2020.5480846425069,0.23891425794727578,1.865829190931457,1.243357121013105,0.04789630993036553,1.1108315029996447,0.11858701898017898,7.0,0.0,11.558199715650298,1.1108315029996447,0.025980379956308752,0.6577113270759583,0.0
PLAIN_FM,1,7,0.0,0.0,0.02888453433745236,0.0,0.0,0.7495115324854851,0.4677762031772868,2.152781908499099,1.095481463570936,0.056283814131767404,56.2838141317674,12427.19212717758,0.12189560666906007,1.78818154850702,0.07005151396151632,0.043565621017478406,0.0,0.0,0.0,0.0,0.0,0.0,0.0,0.0,0.0
POV_L05_ALWAYS,1,7,0.0,0.0,0.03533295369462858,0.0,0.0,0.0,0.2929274335091169,1.5631863762011782,0.935607692643595,0.02147009623867291,21.47009623867291,3004.462512451544,0.3785920965537419,2.1073650980133896,1.7113530409988016,0.047635013004764915,1.5815312300110236,0.1699598638806492,7.0,0.0,23.236577156326238,1.5815312300110236,0.0,1.3253369331359863,0.0
YFLOW_MAIN_PORT,1,7,0.0,0.0,0.026067366940467143,0.0,0.0,0.0,0.18407242495798123,1.4257549869816353,0.8876409616707754,0.014375438867648426,14.375438867648427,376.9740105028234,0.3563570618919497,1.9889475816028426,0.5566713189473376,0.04495898692402989,0.4604920119745657,0.04677948198514059,3.0,0.0,2.96886645341326,0.4604920119745657,0.0,1.1103852987289429,0.0
HYBRID_LATE_DAMPED,1,7,0.0,0.0,0.03510755910662716,0.0,0.0,0.0,0.33413028414266893,1.6837611613268595,0.9495545428572225,0.018725060234053695,18.725060234053696,2853.37614684921,0.2399514246425064,1.9017297642542288,0.5591526520438492,0.045109728933312,0.46270322502823547,0.047933759982697666,3.0,0.0,3.101793941333585,0.46270322502823547,0.0,0.5918883681297302,0.0
HYBRID_LATE_ADAPTIVE,1,7,0.0,0.0,0.03510755910662716,0.0,0.0,0.0,0.33413028414266893,1.6837611497806213,0.9495545139439762,0.01872506184930496,18.72506184930496,2853.377245444558,0.23995142598655853,1.9017297642542288,0.5580898649641313,0.045060698117595166,0.46180250303586945,0.04791098099667579,3.0,0.0,3.101793943405478,0.46180250303586945,0.010985513974446803,0.5918883085250854,0.0
ADAPTIVE_ALLTIME_L05,1,7,0.0,0.0,0.03504875616089537,0.0,0.0,0.0,0.333594037579052,1.6792028107872237,0.9507269098277269,0.01943959603707575,19.43959603707575,2894.2162493186734,0.23831143720217665,1.9177049594248359,1.5326702420134097,0.048185825929977,1.3993190139299259,0.15136232797522098,7.0,0.0,16.152401684986636,1.3993190139299259,0.025919298990629613,0.5910735130310059,0.0
PLAIN_FM,1,8,0.0,0.0,0.021712685048449865,0.0,0.0,0.7065367698669434,0.5174898734794546,2.2935875693044863,1.1261908959682145,0.043863437843290914,43.86343784329091,8634.710132871482,0.11301238325886348,1.7577975990078771,0.06993446202250198,0.043535500997677445,0.0,0.0,0.0,0.0,0.0,0.0,0.0,0.0,0.0
POV_L05_ALWAYS,1,8,0.0,0.0,0.032244951752379236,0.0,0.0,0.0,0.34530639438461275,1.4617249889059103,0.8727568666925746,0.014996345389389099,14.996345389389099,2030.6985800925713,0.3822833959054493,2.212109608640946,1.519731578999199,0.04740215797210112,1.3903952929540537,0.1440264171687886,7.0,0.0,22.85744802309977,1.3903952929540537,0.0,1.654690146446228,0.0
YFLOW_MAIN_PORT,1,8,0.0,0.0,0.018294744739093052,0.0,0.0,0.0,0.10849546815332319,1.778655299764537,1.006618929033595,0.03378827563793115,33.78827563793115,989.056121902891,0.3288158431001639,1.866031866441605,0.6464890409843065,0.04519395902752876,0.5499744829721749,0.053587782953400165,3.0,0.0,3.3454745557220242,0.5499744829721749,0.0,1.2000712156295776,0.0
HYBRID_LATE_DAMPED,1,8,0.0,0.0,0.031822105432201486,0.0,0.0,0.0,0.3745065943801352,1.7471271457902549,0.9274818107591077,0.015508496410304828,15.508496410304828,1867.7401234895585,0.21509300626259012,1.8860996720175118,0.4654611580190249,0.045007566863205284,0.36919084697728977,0.03853739390615374,3.0,0.0,3.619240624140223,0.36919084697728977,0.0,0.7039175629615784,0.0
HYBRID_LATE_ADAPTIVE,1,8,0.0,0.0,0.031822105432201486,0.0,0.0,0.0,0.3745065943801352,1.7471271457902549,0.9274818107591077,0.015508496410304828,15.508496410304828,1867.7401234895585,0.21509300626259012,1.8860996720175118,0.4652699229773134,0.04489529394777492,0.36920206801733,0.03856979409465566,3.0,0.0,3.6192406241344925,0.36920206801733,0.010946745052933693,0.7039175629615784,0.0
ADAPTIVE_ALLTIME_L05,1,8,0.0,0.0,0.03180454746581324,0.0,0.0,0.0,0.35923084608173655,1.7861144872683117,0.9485251369845626,0.01649849248943347,16.49849248943347,1880.68069609868,0.21759116377210191,1.8610988037858034,1.5177752349991351,0.047901469049975276,1.3852403259370476,0.1444608881138265,7.0,0.0,15.29880050956145,1.3852403259370476,0.025874690152704716,0.6954098343849182,0.0
PLAIN_FM,1,9,0.0,0.0,0.02465031951539204,0.0,0.0,0.0,0.4675222526979545,2.137647475053577,1.0590582527037486,0.0391464449230859,39.1464449230859,8039.5213358707715,0.0980966124122456,1.8375387681116864,0.06996020203223452,0.04351253900676966,0.0,0.0,0.0,0.0,0.0,0.0,0.0,0.0,0.0
POV_L05_ALWAYS,1,9,0.0,0.0,0.032313002041645056,0.0,0.0,0.0,0.3109299737729999,1.609801553609209,0.9517639113947018,0.017122236399329083,17.12223639932908,1707.622987923929,0.38031612692003325,2.0101376500387147,1.5263137909932993,0.047355625953059644,1.3971906057558954,0.15023026609560475,7.0,0.0,27.90589135965021,1.3971906057558954,0.0,1.4617966413497925,0.0
YFLOW_MAIN_PORT,1,9,0.0,0.0,0.015393231444652905,0.0,0.0,0.0,0.18448200889709357,1.6135795565387443,0.960944447655127,0.025226233696451574,25.226233696451576,695.6831986218488,0.3134710329512761,1.97984323270458,0.37953038699924946,0.04518712102435529,0.28299269994022325,0.03220702795078978,3.0,0.0,3.1064437824075983,0.28299269994022325,0.0,1.082120656967163,0.0
HYBRID_LATE_DAMPED,1,9,0.0,0.0,0.032628931361978586,0.0,0.0,0.0,0.30707071195186864,1.8394423173616374,0.9829090271688011,0.021730144041441517,21.730144041441516,2140.3017207990106,0.20045996139319955,1.8913631630525172,0.4677129060146399,0.04541536496253684,0.37078856700100005,0.03908918803790584,3.0,0.0,3.156788204327416,0.37078856700100005,0.0,0.5743610262870789,0.0
HYBRID_LATE_ADAPTIVE,1,9,0.0,0.0,0.024121544930780614,0.0,0.0,0.0,0.44441316827033156,2.1098782484527754,1.0574421483547851,0.03667359804831333,36.67359804831333,7355.844246505667,0.11226565038412858,1.8275147886509964,0.3654426040011458,0.04512607998913154,0.2772970459773205,0.028684207994956523,2.0,0.0,2.2054129014029655,0.2772970459773205,0.010962594067677855,0.11529454588890076,0.0
ADAPTIVE_ALLTIME_L05,1,9,0.0,0.0,0.023772175115952476,0.0,0.0,0.0,0.4458516185990867,2.0653891730460443,1.0401728655282276,0.0356143132831967,35.614313283196694,7187.398680611445,0.1192902670567055,1.8394613184052888,1.1446208729757927,0.047227102040778846,1.0208603219944052,0.10982455097837374,6.0,0.0,16.636266229851007,1.0208603219944052,0.025902478955686092,0.144222229719162,0.0
PLAIN_FM,1,10,0.0,0.0,0.027875220085218644,0.0,0.0,0.6482911109924316,0.4640792153398366,2.190802550117072,1.097249945133866,0.04328256789140311,43.28256789140311,9101.850284645972,0.10052526416783587,1.7946258032660698,0.0695216620224528,0.04302327713230625,0.0,0.0,0.0,0.0,0.0,0.0,0.0,0.0,0.0
POV_L05_ALWAYS,1,10,0.0,0.0,0.034905432843951256,0.0,0.0,0.0,0.2918749905810594,1.5850076603620458,0.9362339260919778,0.01678651538836151,16.78651538836151,1950.0935511083562,0.3816954316265374,2.01838981695145,1.1559562089969404,0.047605673025827855,1.0264821039745584,0.11386974394554272,7.0,0.0,20.274446353399483,1.0264821039745584,0.0,1.440724492073059,0.0
YFLOW_MAIN_PORT,1,10,0.0,0.0,0.02629877649764313,0.0,0.0,0.0,0.20874808483408255,1.4276795773681215,0.8586381828627051,0.014749167533075692,14.749167533075692,428.7063481928104,0.34819243153309754,2.013435237885666,0.3758291760459542,0.04506065993336961,0.27959318296052516,0.03148407902335748,3.0,0.0,3.662816114639159,0.27959318296052516,0.0,1.1874866485595703,0.0
HYBRID_LATE_DAMPED,1,10,0.0,0.0,0.03427969345683145,0.0,0.0,0.0,0.30937077316744277,1.8135035329172164,0.9800573319254685,0.01957184421242464,19.57184421242464,2115.532654583774,0.21134485747930604,1.8761383784407761,0.3788528009899892,0.045235353987663984,0.2820707570645027,0.03180570690892637,3.0,0.0,3.92136398095976,0.2820707570645027,0.0,0.5800380110740662,0.0
HYBRID_LATE_ADAPTIVE,1,10,0.0,0.0,0.03427969345683145,0.0,0.0,0.0,0.30937077316744277,1.8135035329172164,0.9800573319254685,0.01957184421242464,19.57184421242464,2115.532654583774,0.21134485747930604,1.8761383784407761,0.3770112359779887,0.0452664740732871,0.2803743039839901,0.03164395299972966,3.0,0.0,3.9213639809598106,0.2803743039839901,0.01097914605634287,0.5800380110740662,0.0
ADAPTIVE_ALLTIME_L05,1,10,0.0,0.0,0.034755193452959576,0.0,0.0,0.0,0.3083543594671113,1.7779493626139224,0.9705938906469761,0.01840039833275553,18.40039833275553,1980.8479468572004,0.21919909896844567,1.8898999277059207,1.1741516159963794,0.04872234002687037,1.039500742976088,0.11563149798894301,7.0,0.0,13.796474088153486,1.039500742976088,0.0261748539051041,0.6152765154838562,0.0
PLAIN_FM,1,11,0.0,0.0,0.021905977617044547,0.0,0.0,1.03543221950531,0.463619861094567,2.1540544985847565,1.1236730509377155,0.043527576026994336,43.52757602699434,9719.101264196566,0.11616225394091051,1.7679536060793428,0.07291227701352909,0.045606063038576394,0.0,0.0,0.0,0.0,0.0,0.0,0.0,0.0,0.0
POV_L05_ALWAYS,1,11,0.0,0.0,0.03099458947750816,0.0,0.0,0.0,0.3109107512172419,1.5294590231268028,0.9427837537315031,0.015074767891005036,15.074767891005036,2115.166753635234,0.386686268165784,2.13550593970239,1.2507017850293778,0.04775076691294089,1.120491435052827,0.1191977959824726,7.0,0.0,15.351652685377799,1.120491435052827,0.0,1.3728662729263306,0.0
YFLOW_MAIN_PORT,1,11,0.0,0.0,0.01860570202097002,0.0,0.0,0.0,0.19707022571135238,1.4911154542348513,0.9085622869287077,0.018101315423777787,18.101315423777788,490.2510914173408,0.34443795577716974,1.9548544840977011,0.4675121940090321,0.04524996504187584,0.3707210979773663,0.03915363096166402,3.0,0.0,3.154608710194187,0.3707210979773663,0.0,1.0999634265899658,0.0
HYBRID_LATE_DAMPED,1,11,0.0,0.0,0.028605711133032716,0.0,0.0,0.0,0.3328707665701676,1.7059685256786414,0.9611362031705984,0.016548872175494833,16.548872175494832,2285.893731927374,0.22839068924019293,1.87661345074369,0.4676081459620036,0.04525595408631489,0.3709479150129482,0.03907194809289649,3.0,0.0,3.352359211134502,0.3709479150129482,0.0,0.5925737619400024,0.0
HYBRID_LATE_ADAPTIVE,1,11,0.0,0.0,0.028605711133032716,0.0,0.0,0.0,0.3328707665701676,1.7059685256786414,0.9611362031705984,0.016548872175494833,16.548872175494832,2285.893731927374,0.22839068924019293,1.87661345074369,0.4676048760302365,0.04530489502940327,0.37078593095066026,0.03904650901677087,3.0,0.0,3.3523592111359526,0.37078593095066026,0.01103616802720353,0.5925737619400024,0.0
ADAPTIVE_ALLTIME_L05,1,11,0.0,0.0,0.031089219793761946,0.0,0.0,0.0,0.3210272496615296,1.7318684679512197,0.9796142301481437,0.017717358457219556,17.717358457219557,2335.7860276897954,0.23686000459607182,1.8636364754097083,1.2494274569908157,0.047990282997488976,1.1166514600045048,0.12169533094856888,7.0,0.0,9.810327468307637,1.1166514600045048,0.02582029701443389,0.6189149618148804,0.0
PLAIN_FM,1,12,0.0,0.0,0.020685431303795243,0.0,0.0,1.1146903783082962,0.47667855891642613,2.207701558874557,1.1074004350613735,0.04357280356875454,43.57280356875454,8898.506902140649,0.09162206516377372,1.774030194350184,0.06981318903854117,0.04340181790757924,0.0,0.0,0.0,0.0,0.0,0.0,0.0,0.0,0.0
POV_L05_ALWAYS,1,12,0.0,0.0,0.030543562984960693,0.0,0.0,0.0,0.2932430229410558,1.6238345597326815,0.9494283260235225,0.01740173541570611,17.40173541570611,1778.441430805189,0.34586139389849796,2.020890477409782,1.4261536370031536,0.04733323695836589,1.2967594928923063,0.1363502789172344,7.0,0.0,22.77581564943176,1.2967594928923063,0.0,1.2774615287780762,0.0
YFLOW_MAIN_PORT,1,12,0.0,0.0,0.022943516430208533,0.0,0.0,0.0,0.1775296113915194,1.6247900394136912,0.9561624256613055,0.02578964332146828,25.789643321468283,733.8483282869502,0.3229467048301503,1.9318661893658724,0.37535307597136125,0.045125641918275505,0.27908404398476705,0.03137102600885555,3.0,0.0,3.650666160226119,0.27908404398476705,0.0,1.1130198240280151,0.0
HYBRID_LATE_DAMPED,1,12,0.0,0.0,0.03068808540233553,0.0,0.0,0.0,0.3502165605748351,1.6475835860741175,0.9094275272411464,0.014719285084428269,14.719285084428272,1976.8193998140116,0.2284583374422779,1.9301824534584235,0.4670889049884863,0.04495451704133302,0.37086931406520307,0.03975084697594866,3.0,0.0,3.825002595346221,0.37086931406520307,0.0,0.7222956418991089,0.0
HYBRID_LATE_ADAPTIVE,1,12,0.0,0.0,0.03068808540233553,0.0,0.0,0.0,0.3502165605748351,1.6475835860741175,0.9094275272411464,0.014719285084428269,14.719285084428272,1976.8193998140116,0.2284583374422779,1.9301824534584235,0.4668142379960045,0.04502700798911974,0.3706389289582148,0.03994027111912146,3.0,0.0,3.825002595394864,0.3706389289582148,0.010962194995954633,0.7222956418991089,0.0
ADAPTIVE_ALLTIME_L05,1,12,0.0,0.0,0.03040288854584422,0.0,0.0,0.0,0.3331575339108044,1.7078398591489556,0.9396067944178098,0.016096937992422455,16.096937992422454,1996.7471336587882,0.22211477176012165,1.9045253148378352,1.4304340679664165,0.04840252408757806,1.2971371969324537,0.13714794110273942,7.0,0.0,17.755499573697065,1.2971371969324537,0.025842945964541286,0.6687838435173035,0.0
PLAIN_FM,1,13,0.0,0.0,0.027572806905880987,0.0,0.0,1.6930294036865234,0.4693927854290308,2.187748816510927,1.1171075065252827,0.05393936789979159,53.93936789979159,12865.554004954593,0.10258039086322743,1.8101989649913255,0.07007936696754768,0.04367678501876071,0.0,0.0,0.0,0.0,0.0,0.0,0.0,0.0,0.0
POV_L05_ALWAYS,1,13,0.0,0.0,0.03438556806004617,0.0,0.0,0.0,0.32876285098992847,1.5010425606103606,0.8799426755376908,0.015082404286313134,15.082404286313135,2284.234201098845,0.3717500398979491,2.2091896420941404,1.520591979031451,0.04742596985306591,1.3913672700873576,0.15172301407437772,7.0,0.0,18.384980257679732,1.3913672700873576,0.0,1.374167799949646,0.0
YFLOW_MAIN_PORT,1,13,0.0,0.0,0.018056971748269285,0.0,0.0,0.0,0.12683053825350576,1.6765771286562126,0.9850595943024184,0.03001938487878217,30.019384878782173,877.7508780577082,0.32522549310096677,1.9286936205527705,0.6501427539624274,0.04510664095869288,0.5537044869852252,0.05703069898299873,3.0,0.0,3.304901034945971,0.5537044869852252,0.0,1.095909833908081,0.0
HYBRID_LATE_DAMPED,1,13,0.0,0.0,0.03432474123223522,0.0,0.0,0.0,0.3542355011625,1.6267391029874072,0.9042432239185948,0.01623281506375568,16.232815063755677,2810.191087939079,0.23365424187551898,1.9690002363454735,0.5604217359796166,0.04521012195618823,0.4637722450424917,0.04988099104957655,3.0,0.0,3.614530605053701,0.4637722450424917,0.0,0.6780670881271362,0.0
HYBRID_LATE_ADAPTIVE,1,13,0.0,0.0,0.03432474123223522,0.0,0.0,0.0,0.3542356341045605,1.6267391740632102,0.9042427896124802,0.01623280500247609,16.23280500247609,2810.185795202519,0.23365429181211417,1.9689995747541074,0.5653626000275835,0.045594973023980856,0.46783879603026435,0.05105013900902122,3.0,0.0,3.614531211768062,0.46783879603026435,0.011104638106189668,0.6780675053596497,0.0
ADAPTIVE_ALLTIME_L05,1,13,0.0,0.0,0.034312710337477126,0.0,0.0,0.0,0.348720674429547,1.643093118240587,0.9040834675597549,0.016371472893299266,16.371472893299266,2672.511593751181,0.23399235326144557,1.9470040829974196,1.4370769200031646,0.04801063210470602,1.304042927105911,0.14400408993242308,7.0,0.0,12.283228059978986,1.304042927105911,0.025953649019356817,0.6787369251251221,0.0
PLAIN_FM,1,14,0.0,0.0,0.023951204720924324,0.0,0.0,0.5195346474647522,0.45793035478262306,2.16764597281898,1.1038831827132924,0.042769990573270855,42.76999057327086,9194.656797320358,0.10769490435505051,1.7625791515843094,0.07053945900406688,0.04400002508191392,0.0,0.0,0.0,0.0,0.0,0.0,0.0,0.0,0.0
POV_L05_ALWAYS,1,14,0.0,0.0,0.0325484985911943,0.0,0.0,0.0,0.2793352671316488,1.6798750476822344,0.9656816700589193,0.017898868531413648,17.898868531413648,1655.2308056799968,0.3499865648132482,1.8672006286442957,1.2492365129874088,0.047350987035315484,1.1195168029516935,0.1200744389789179,7.0,0.0,18.536965156485113,1.1195168029516935,0.0,1.2152429819107056,0.0
YFLOW_MAIN_PORT,1,14,0.0,0.0,0.019616233378902226,0.0,0.0,0.0,0.17335721648568025,1.6211898623312957,0.9517718084005911,0.025275426251443835,25.275426251443832,691.9998736059761,0.3287662219390508,1.923417342319862,0.470704049046617,0.045174850965850055,0.3741575389285572,0.0412199929705821,3.0,0.0,3.369550728803092,0.3741575389285572,0.0,1.0545552968978882,0.0
HYBRID_LATE_DAMPED,1,14,0.0,0.0,0.03241777464724388,0.0,0.0,0.0,0.3071461999102556,1.8026526790799688,0.9830476906445081,0.019636506916226218,19.636506916226217,2195.0356230720918,0.22007544550601282,1.8403974928069513,0.46975684503559023,0.04519541299669072,0.37276129506062716,0.0394529810291715,3.0,0.0,3.2865514800268043,0.37276129506062716,0.0,0.5652743577957153,0.0
HYBRID_LATE_ADAPTIVE,1,14,0.0,0.0,0.03241777464724388,0.0,0.0,0.0,0.3071461999102556,1.8026526790799688,0.9830476906445081,0.019636506916226218,19.636506916226217,2195.0356230720918,0.22007544550601282,1.8403974928069513,0.4662936690147035,0.04533642693422735,0.36956150498008355,0.039059999922756106,3.0,0.0,3.2865514800215028,0.36956150498008355,0.010971854964736849,0.5652743577957153,0.0
ADAPTIVE_ALLTIME_L05,1,14,0.0,0.0,0.03235251067958672,0.0,0.0,0.0,0.300097815959771,1.7982066502976874,0.9847086397138133,0.01972722011400241,19.72722011400241,2091.4424996478388,0.22800205661365058,1.8371367092187287,1.1527995489886962,0.04778331599663943,1.0204323979560286,0.1120763387880288,7.0,0.0,12.870666027664209,1.0204323979560286,0.025910199037753046,0.5974470376968384,0.0
PLAIN_FM,1,15,0.0,0.0,0.027522040592128427,0.0,0.0,0.3492516279220581,0.4509178203241537,2.192263571435428,1.1056028067604415,0.050936542002225596,50.9365420022256,11541.584259025072,0.08608340871961376,1.786834624231069,0.06986752199009061,0.04339995892951265,0.0,0.0,0.0,0.0,0.0,0.0,0.0,0.0,0.0
POV_L05_ALWAYS,1,15,0.0,0.0,0.034132831622926185,0.0,0.0,0.0,0.32499307151969015,1.486276202012069,0.9166032627073273,0.017655049483411123,17.655049483411123,2726.639652299845,0.4381160943868326,2.2011649096174293,1.5199225730029866,0.04754568304633722,1.3904406070359983,0.14925465895794332,7.0,0.0,19.040411150836476,1.3904406070359983,0.0,1.7911975383758545,0.0
YFLOW_MAIN_PORT,1,15,0.0,0.0,0.022222084409929302,0.0,0.0,0.0,0.17669491737212495,1.6163760661279603,0.9398397560262174,0.023700389855883637,23.700389855883635,630.6322303668076,0.3192769508691108,1.9394336469294609,0.5620979529921897,0.0452649358776398,0.4653013939387165,0.051729076949413866,3.0,0.0,3.032203069563225,0.4653013939387165,0.0,1.0967321395874023,0.0
HYBRID_LATE_DAMPED,1,15,0.0,0.0,0.034301270675833384,0.0,0.0,0.0,0.33895056764123016,1.7370087963508023,0.9706463511917489,0.0188749608208801,18.8749608208801,2776.7738569658563,0.200122069611047,1.901640849138084,0.560496463032905,0.04526557499775663,0.4639459019526839,0.051373786001931876,3.0,0.0,2.8794084181020567,0.4639459019526839,0.0,0.585500180721283,0.0
HYBRID_LATE_ADAPTIVE,1,15,0.0,0.0,0.034301270675833384,0.0,0.0,0.0,0.33895056764123016,1.7370087963508023,0.9706463511917489,0.0188749608208801,18.8749608208801,2776.7738569658563,0.200122069611047,1.901640849138084,0.5614962680265307,0.045310047920793295,0.46451262605842203,0.0515022209729068,3.0,0.0,2.879408418103277,0.46451262605842203,0.011108028935268521,0.585500180721283,0.0
ADAPTIVE_ALLTIME_L05,1,15,0.0,0.0,0.03427239369995322,0.0,0.0,0.0,0.27236872150547414,1.8443721573893797,1.003363149398352,0.024011474154345958,24.01147415434596,3061.979739000697,0.20735275768832132,1.841493476393238,1.616622612986248,0.04817465890664607,1.483525247022044,0.15997735189739615,7.0,0.0,13.140202057617968,1.483525247022044,0.025926098925992846,0.6082388758659363,0.0
PLAIN_FM,1,16,0.0,0.0,0.027156220144910426,0.0,0.0,2.0816755294799805,0.5152760550087521,2.1653320360053288,1.0733832415358868,0.04675796208472821,46.757962084728206,10489.313955165271,0.08734585610539414,1.8136614272416876,0.07011985796270892,0.04369086498627439,0.0,0.0,0.0,0.0,0.0,0.0,0.0,0.0,0.0
POV_L05_ALWAYS,1,16,0.0,0.0,0.034052609156505376,0.0,0.0,0.0,0.32836291296872916,1.759567684140646,0.9694191882726132,0.020612546158126577,20.612546158126577,2051.1151939494043,0.3531538584972589,1.7807559452301558,1.4280912069953047,0.04720873205224052,1.2989754801383242,0.13657915400108323,7.0,0.0,21.956963532589285,1.2989754801383242,0.0,1.3590030670166016,0.0
YFLOW_MAIN_PORT,1,16,0.0,0.0,0.014978691336456476,0.0,0.0,0.0,0.2175114034167743,1.4238190767165873,0.8654765319417501,0.01503331855149484,15.033318551494842,405.04340572505714,0.3388722067693227,2.010523145316902,0.46525661600753665,0.04512741195503622,0.3688170480309054,0.038709950051270425,3.0,0.0,3.7402545931356697,0.3688170480309054,0.0,1.1991567611694336,0.0
HYBRID_LATE_DAMPED,1,16,0.0,0.0,0.034395191514576096,0.0,0.0,0.0,0.34924953915097895,1.755277801721933,0.9559411869590266,0.01859668272689964,18.59668272689964,2379.8317921585344,0.2079982034804947,1.887139172593812,0.4694708820316009,0.04522190405987203,0.3727054150076583,0.04167861503083259,3.0,0.0,3.7057819453912932,0.3727054150076583,0.0,0.6146863698959351,0.0
HYBRID_LATE_ADAPTIVE,1,16,0.0,0.0,0.034395191514576096,0.0,0.0,0.0,0.34924953915097895,1.755277801721933,0.9559411869590266,0.01859668272689964,18.59668272689964,2379.8317921585344,0.2079982034804947,1.887139172593812,0.46873242396395653,0.04518898198148236,0.37248024897417054,0.04163411498302594,3.0,0.0,3.705781945534978,0.37248024897417054,0.01099680393235758,0.6146863698959351,0.0
ADAPTIVE_ALLTIME_L05,1,16,0.0,0.0,0.034366952478919466,0.0,0.0,0.0,0.33481783826244793,1.7743764193264517,0.9651925955485985,0.01893296793512393,18.93296793512393,2297.929662051108,0.2131030852349361,1.8778494878150365,1.51796316500986,0.0484817250398919,1.3847121419967152,0.1414838080527261,7.0,0.0,14.329832899544522,1.3847121419967152,0.02592961204936728,0.6352823376655579,0.0
PLAIN_FM,1,17,0.0,0.0,0.02636175774160271,0.0,0.0,1.6835567355155945,0.43829224475881445,2.2021292273019304,1.107949846330789,0.05199367408940503,51.993674089405026,11917.52273192368,0.12084045429889023,1.7482245755371126,0.07052950898651034,0.043861840036697686,0.0,0.0,0.0,0.0,0.0,0.0,0.0,0.0,0.0
POV_L05_ALWAYS,1,17,0.0,0.0,0.03384230228812263,0.0,0.0,0.0,0.33348056414500826,1.394538499286224,0.8518765484971456,0.015234554513686716,15.234554513686716,2629.860632357373,0.44157337251327333,2.265768843816968,1.244488118973095,0.04728562606032938,1.1155152539140545,0.12365562113700435,7.0,0.0,22.00475529785853,1.1155152539140545,0.0,1.6917774677276611,0.0
YFLOW_MAIN_PORT,1,17,0.0,0.0,0.019979511246793452,0.0,0.0,0.0,0.2263081030862637,1.3444439386041924,0.8562179777125651,0.011739689458239475,11.739689458239475,329.58599614283133,0.3617239115710031,2.0012305213562116,0.46849324798677117,0.04510745295556262,0.37193991703679785,0.041468320006970316,3.0,0.0,3.3583174604263295,0.37193991703679785,0.0,1.1577054262161255,0.0
HYBRID_LATE_DAMPED,1,17,0.0,0.0,0.033778235241094634,0.0,0.0,0.0,0.31753699633590904,1.704831842001551,0.9546270090122305,0.018227706226808096,18.227706226808095,2754.8853495144995,0.2389155386850871,1.8727468965655183,0.4668888379819691,0.04522149497643113,0.3704523890046403,0.03950154094491154,3.0,0.0,3.476902171777427,0.3704523890046403,0.0,0.6100577712059021,0.0
HYBRID_LATE_ADAPTIVE,1,17,0.0,0.0,0.033778235241094634,0.0,0.0,0.0,0.31753699633590904,1.704831842001551,0.9546270090122305,0.018227706226808096,18.227706226808095,2754.8853495144995,0.2389155386850871,1.8727468965655183,0.4682070019771345,0.04555257211904973,0.3709362830268219,0.040012654091697186,3.0,0.0,3.476902171777427,0.3709362830268219,0.010977275960613042,0.6100577712059021,0.0
ADAPTIVE_ALLTIME_L05,1,17,0.0,0.0,0.03375172738019455,0.0,0.0,0.0,0.3160399910508932,1.6891463317678932,0.9458633097972661,0.01748848187127261,17.488481871272608,2621.119149781847,0.24379590839152265,1.8829011832622247,1.334098608000204,0.047933831927366555,1.2012679280596785,0.1281892970437184,7.0,0.0,14.57855499489139,1.2012679280596785,0.025934482051525265,0.6331035494804382,0.0
PLAIN_FM,1,18,0.0,0.0,0.024980803336329294,0.0,0.0,1.2352930195629597,0.4645200645544488,2.1691610259476715,1.08737448585871,0.0598547959257803,59.85479592578031,15674.804958179338,0.10397616474182582,1.732391353034695,0.06987889297306538,0.043532542942557484,0.0,0.0,0.0,0.0,0.0,0.0,0.0,0.0,0.0
POV_L05_ALWAYS,1,18,0.0,0.0,0.033138272447523265,0.0,0.0,0.0,0.31620983332053054,1.445881469336391,0.8613709489296225,0.01576064876109906,15.76064876109906,2444.061467938985,0.4224137674062866,2.2101097633792333,1.3348340190132149,0.0472684939741157,1.2057654919335619,0.13247774611227214,7.0,0.0,22.840773012174367,1.2057654919335619,0.0,1.6900501251220703,0.0
YFLOW_MAIN_PORT,1,18,0.0,0.0,0.032271050068256826,0.0,0.0,0.0,0.26349558896032216,1.2623381282515789,0.7402387226311741,0.008400514305905493,8.400514305905494,286.3227833101611,0.38950417266747084,2.0420821035003827,0.5587484739953652,0.045054727990645915,0.46230785496300086,0.04909488093107939,3.0,0.0,3.3318507635282364,0.46230785496300086,0.0,1.3805593252182007,0.0
HYBRID_LATE_DAMPED,1,18,0.0,0.0,0.03277768840755774,0.0,0.0,0.0,0.354908027705989,1.621368424755276,0.8663778865254815,0.018163847279452416,18.163847279452416,3584.213074566117,0.23134329798212455,1.8770187302797319,0.46817305200966075,0.04498057009186596,0.3715376300388016,0.041233083058614284,3.0,0.0,3.483056248691526,0.3715376300388016,0.0,0.673891007900238,0.0
HYBRID_LATE_ADAPTIVE,1,18,0.0,0.0,0.03277768840755774,0.0,0.0,0.0,0.354908027705989,1.621368424755276,0.8663778865254815,0.018163847279452416,18.163847279452416,3584.213074566117,0.23134329798212455,1.8770187302797319,0.46825031499611214,0.045083790086209774,0.3718714579590596,0.0413916579564102,3.0,0.0,3.483056248691526,0.3718714579590596,0.010979733953718096,0.673891007900238,0.0
ADAPTIVE_ALLTIME_L05,1,18,0.0,0.0,0.03294385153140805,0.0,0.0,0.0,0.27185381028876754,1.850849931722267,1.006946904673843,0.025584092331687208,25.584092331687206,3626.6752600037903,0.22287055652533,1.7960972731210623,1.526620812015608,0.048299499903805554,1.3931866371422075,0.1494464980205521,7.0,0.0,13.16528468610355,1.3931866371422075,0.025964900094550103,0.5897203087806702,0.0
PLAIN_FM,1,19,0.0,0.0,0.03368940490523259,0.0,0.0,1.337738037109375,0.4358257826107487,2.197242920512959,1.0899039095089404,0.047875777465928374,47.87577746592837,9062.261723915026,0.12564487361546678,1.763017756407039,0.07002493599429727,0.04365184408379719,0.0,0.0,0.0,0.0,0.0,0.0,0.0,0.0,0.0
POV_L05_ALWAYS,1,19,0.0,0.0,0.03768886781393749,0.0,0.0,0.0,0.27920655119847987,1.592559293682902,0.9381697674225068,0.018931950122064833,18.93195012206483,1946.5967431236295,0.39622472485836047,2.029571087528158,1.3380414639832452,0.04750759317539632,1.2083854320808314,0.1288607229362242,7.0,0.0,20.35299979485112,1.2083854320808314,0.0,1.3775464296340942,0.0
YFLOW_MAIN_PORT,1,19,0.0,0.0,0.026806141120758215,0.0,0.0,0.0,0.2267465925533731,1.3254818424419372,0.8014549533387668,0.00968641219067298,9.68641219067298,313.36093288918113,0.36957379669377977,2.0092704839979767,0.5622789050103165,0.045315756055060774,0.4653253420256078,0.04831308196298778,3.0,0.0,3.20430630016875,0.4653253420256078,0.0,1.1719237565994263,0.0
HYBRID_LATE_DAMPED,1,19,0.0,0.0,0.03688882597359637,0.0,0.0,0.0,0.32405866244417036,1.6892042028923377,0.9133000029558105,0.016667797414060118,16.667797414060118,2165.554084725392,0.24078733033625377,1.891636847534572,0.5607031749677844,0.04529294604435563,0.4638028539484367,0.04777917003957555,3.0,0.0,3.2125894742356667,0.4638028539484367,0.0,0.5981568098068237,0.0
HYBRID_LATE_ADAPTIVE,1,19,0.0,0.0,0.03688882597359637,0.0,0.0,0.0,0.32405866244417036,1.6892042028923377,0.9133000029558105,0.016667797414060118,16.667797414060118,2165.554084725392,0.24078733033625377,1.891636847534572,0.5583818379673176,0.04533345898380503,0.46109950594836846,0.04756561294198036,3.0,0.0,3.2125894741795085,0.46109950594836846,0.011069138068705797,0.5981568098068237,0.0
ADAPTIVE_ALLTIME_L05,1,19,0.0,0.0,0.037223018674091335,0.0,0.0,0.0,0.30943211795493025,1.6705652552495318,0.9234940832939297,0.01697642352992511,16.976423529925114,2114.850627141273,0.2514734555160606,1.9122504399209013,1.4270891610067338,0.047949882864486426,1.2942040690686554,0.1364344441681169,7.0,0.0,17.373422987213317,1.2942040690686554,0.02586789900669828,0.6397709846496582,0.0
PLAIN_FM,1,20,0.0,0.0,0.025174255449216643,0.0,0.0,1.5487585961818695,0.473402877732095,2.139722523520211,1.0474608203261795,0.04302170866774675,43.02170866774676,9634.078161211324,0.10366070761177731,1.7887781281407253,0.06997805502032861,0.043357348011340946,0.0,0.0,0.0,0.0,0.0,0.0,0.0,0.0,0.0
POV_L05_ALWAYS,1,20,0.0,0.0,0.0329259776196294,0.0,0.0,0.0,0.3161138368599636,1.4838327020897035,0.8813391145749192,0.014712148262425062,14.712148262425064,2084.6788428563696,0.40172119418912167,2.137436254508756,1.3376317690126598,0.047339928918518126,1.2086965440539643,0.1329097830457613,7.0,0.0,18.967654148088073,1.2086965440539643,0.0,1.5434385538101196,0.0
YFLOW_MAIN_PORT,1,20,0.0,0.0,0.026874362490961534,0.0,0.0,0.0,0.23199651255309256,1.3359290604075527,0.7790049761869335,0.009595193651368933,9.595193651368934,307.5467776647092,0.3532158565639658,2.0314784934336445,0.5629237529938109,0.04517562303226441,0.46628463891102,0.051742708950769156,3.0,0.0,3.322073769475893,0.46628463891102,0.0,1.2047563791275024,0.0
HYBRID_LATE_DAMPED,1,20,0.0,0.0,0.033109683533708745,0.0,0.0,0.0,0.27346191202596043,1.8535607273025367,0.9804377925167311,0.02151972751300041,21.519727513000408,2468.970470059523,0.2167092452458279,1.8259078358038903,0.6500412390450947,0.04525685706175864,0.5533633229788393,0.056865297025069594,3.0,0.0,3.251988608358225,0.5533633229788393,0.0,0.5885305404663086,0.0
HYBRID_LATE_ADAPTIVE,1,20,0.0,0.0,0.033109683533708745,0.0,0.0,0.0,0.27346191202596043,1.8535607273025367,0.9804377925167311,0.02151972751300041,21.519727513000408,2468.970470059523,0.2167092452458279,1.8259078358038903,0.6498837050166912,0.045202423934824765,0.5533763939747587,0.05691920797107741,3.0,0.0,3.2519886083575966,0.5533763939747587,0.01098083599936217,0.5885305404663086,0.0
ADAPTIVE_ALLTIME_L05,1,20,0.0,0.0,0.033154496622852137,0.0,0.0,0.0,0.3393807542642296,1.626196494382501,0.8917505161594622,0.014308152141341516,14.308152141341516,2148.787195552421,0.24238453946838634,1.925093036677061,1.431712522986345,0.04803246504161507,1.2988379879388958,0.140610070026014,7.0,0.0,11.626469378646064,1.2988379879388958,0.025896628969348967,0.7106321454048157,0.0
PLAIN_FM,1,21,0.0,0.0,0.02572566216910016,0.0,0.0,0.6092910468578339,0.474717250058616,2.174961817319433,1.0953510561099187,0.04220527782082778,42.20527782082778,9100.055364443982,0.0988673328269742,1.743295795137572,0.07002448703860864,0.04352073190966621,0.0,0.0,0.0,0.0,0.0,0.0,0.0,0.0,0.0
POV_L05_ALWAYS,1,21,0.0,0.0,0.03311244554858167,0.0,0.0,0.0,0.2871772887231059,1.6770175130898328,0.969038169554964,0.01930993032025663,19.30993032025663,2266.893315011509,0.3803899817524813,1.8611325132520837,1.061157517018728,0.04711527214385569,0.9321037989575416,0.10372722096508369,7.0,0.0,17.107579106900836,0.9321037989575416,0.0,1.4412496089935303,0.0
YFLOW_MAIN_PORT,1,21,0.0,0.0,0.031180142995531457,0.0,0.0,0.0,0.2397968527192094,1.3191872404318155,0.7744791155744086,0.008892140762941887,8.892140762941887,277.8323706928227,0.34544461009585126,1.9929511519278766,0.3778138299821876,0.045398960122838616,0.280741595022846,0.03152212203713134,3.0,0.0,3.2163291313255096,0.280741595022846,0.0,1.1956944465637207,0.0
HYBRID_LATE_DAMPED,1,21,0.0,0.0,0.03333479222341612,0.0,0.0,0.0,0.3673308482062121,1.59464288791539,0.8708595235210147,0.01347127211810939,13.47127211810939,2115.323970621108,0.23222414778791856,1.9210758319511176,0.3757248490001075,0.04498359886929393,0.2795311548979953,0.031273785047233105,3.0,0.0,3.4813445816167303,0.2795311548979953,0.0,0.7192763090133667,0.0
HYBRID_LATE_ADAPTIVE,1,21,0.0,0.0,0.03333479222341612,0.0,0.0,0.0,0.3673308482062121,1.59464288791539,0.8708595235210147,0.01347127211810939,13.47127211810939,2115.323970621108,0.23222414778791856,1.9210758319511176,0.3761108180042356,0.04516216303454712,0.27963936794549227,0.031318746972829103,3.0,0.0,3.481344581616714,0.27963936794549227,0.011017614975571632,0.7192763090133667,0.0
ADAPTIVE_ALLTIME_L05,1,21,0.0,0.0,0.0332405545234003,0.0,0.0,0.0,0.3423623907795778,1.6805936635259604,0.911642820806496,0.014864265628536155,14.864265628536158,2046.6308560457835,0.22184833703075102,1.8642267055141712,1.1518081440008245,0.048152527946513146,1.0192329589626752,0.11069530906388536,7.0,0.0,10.87919350512091,1.0192329589626752,0.02568230399629101,0.6502305865287781,0.0
PLAIN_FM,1,22,0.0,0.0,0.02684347812554594,0.0,0.0,1.637328863143921,0.48833057648156974,2.201149774280679,1.0889930032336481,0.04705209085676362,47.05209085676363,9363.767593466058,0.08885099003485437,1.7822159247956313,0.06987412401940674,0.04338263999670744,0.0,0.0,0.0,0.0,0.0,0.0,0.0,0.0,0.0
POV_L05_ALWAYS,1,22,0.0,0.0,0.03413878082051419,0.0,0.0,0.0,0.2908981796202077,1.7451127387159342,0.9896677057403406,0.022046699905366007,22.046699905366008,2575.7460833470523,0.36312851217195685,1.824270564746505,1.0610129160340875,0.047273578064050525,0.9318928560242057,0.10380797495599836,7.0,0.0,17.50248828864645,0.9318928560242057,0.0,1.4247374534606934,0.0
YFLOW_MAIN_PORT,1,22,0.0,0.0,0.0214537201465715,0.0,0.0,0.0,0.1840218600607459,1.6132048812929212,0.9489440756710185,0.02431522293799697,24.315222937996968,659.9063275762027,0.3211137017478026,1.9526977131223608,0.3761826400295831,0.045143944036681205,0.27985941304359585,0.03147587995044887,3.0,0.0,3.408000935303244,0.27985941304359585,0.0,1.1508457660675049,0.0
HYBRID_LATE_DAMPED,1,22,0.0,0.0,0.03343742536023574,0.0,0.0,0.0,0.3179407586680023,1.8528765442785258,0.9863222144428763,0.022089903576491432,22.08990357649143,2391.0831687382174,0.19937777798586914,1.8491502161515383,0.46630141203058884,0.045002148021012545,0.3699739739531651,0.038859255029819906,3.0,0.0,3.3899005995514573,0.3699739739531651,0.0,0.6047809720039368,0.0
HYBRID_LATE_ADAPTIVE,1,22,0.0,0.0,0.03343742536023574,0.0,0.0,0.0,0.3179407586680023,1.8528765442785258,0.9863222144428763,0.022089903576491432,22.08990357649143,2391.0831687382174,0.19937777798586914,1.8491502161515383,0.46610555797815323,0.044988790003117174,0.36976832995424047,0.03882348403567448,3.0,0.0,3.389900599551508,0.36976832995424047,0.011015797033905983,0.6047809720039368,0.0
ADAPTIVE_ALLTIME_L05,1,22,0.0,0.0,0.03313665741989304,0.0,0.0,0.0,0.31004958514761827,1.8534094118001887,0.9880004399034524,0.022572463053360192,22.57246305336019,2383.3172653607903,0.20555957484729095,1.8467608447827724,1.3427163579617627,0.04812182701425627,1.2098560320446268,0.13239439099561423,7.0,0.0,14.160241602569137,1.2098560320446268,0.025865087984129786,0.6327800750732422,0.0
PLAIN_FM,1,23,0.0,0.0,0.033717601322484525,0.0,0.0,0.6524515151977539,0.4496358595394562,2.192116583534929,1.086337016626649,0.044532717689868384,44.532717689868385,9342.861610783335,0.11461617436117627,1.771722101555958,0.07031352398917079,0.04379191901534796,0.0,0.0,0.0,0.0,0.0,0.0,0.0,0.0,0.0
POV_L05_ALWAYS,1,23,0.0,0.0,0.0375474667400299,0.0,0.0,0.0,0.3230706854913091,1.4199521199056402,0.8279688565774874,0.013218148835054011,13.218148835054013,1995.5646977079632,0.41790124290616354,2.323924911341219,1.2430787379853427,0.04723943711724132,1.1138849649578333,0.12091332208365202,7.0,0.0,19.03673510433863,1.1138849649578333,0.0,1.6888095140457153,0.0
YFLOW_MAIN_PORT,1,23,0.0,0.0,0.023751274653565996,0.0,0.0,0.0,0.2061753754682022,1.4199254121434608,0.8768137556809026,0.01431324395581985,14.31324395581985,367.80972845827546,0.3509708734590512,1.9910928292709396,0.3764586489996873,0.045151493046432734,0.2798891551210545,0.03130354604218155,3.0,0.0,3.463622933590477,0.2798891551210545,0.0,1.1276127099990845,0.0
HYBRID_LATE_DAMPED,1,23,0.0,0.0,0.03739669617061153,0.0,0.0,0.0,0.31171545923660215,1.7521242073537635,0.958911017684249,0.01775885938091959,17.758859380919592,2166.019624716714,0.23212376169305987,1.8637654219866968,0.46706406300654635,0.04530431795865297,0.3701920519815758,0.03872784192208201,3.0,0.0,3.2217622421261742,0.3701920519815758,0.0,0.5890492796897888,0.0
HYBRID_LATE_ADAPTIVE,1,23,0.0,0.0,0.03739669617061153,0.0,0.0,0.0,0.31171545923660215,1.7521242073537635,0.958911017684249,0.01775885938091959,17.758859380919592,2166.019624716714,0.23212376169305987,1.8637654219866968,0.46587669296422973,0.04510616196785122,0.3695979969925247,0.03880820400081575,3.0,0.0,3.221762242126216,0.3695979969925247,0.011008916015271097,0.5890492796897888,0.0
ADAPTIVE_ALLTIME_L05,1,23,0.0,0.0,0.03748098842251574,0.0,0.0,0.0,0.332461826632593,1.6506749953942286,0.8998066094704367,0.014363397021160573,14.363397021160575,1964.8422774121427,0.23746060013009396,1.9065424958666506,1.2466442009899765,0.048174650117289275,1.1140178508940153,0.12133101711515337,7.0,0.0,12.69575799398844,1.1140178508940153,0.025853319035377353,0.6524542570114136,0.0
PLAIN_FM,1,24,0.0,0.0,0.021067172536931633,0.0,0.0,0.5594921112060547,0.47285908483409234,2.2248240274325353,1.1143655083493162,0.04349999690693543,43.49999690693543,8408.815201108655,0.0980590021640727,1.7795991456470437,0.06998051598202437,0.04357481503393501,0.0,0.0,0.0,0.0,0.0,0.0,0.0,0.0,0.0
POV_L05_ALWAYS,1,24,0.0,0.0,0.031000610881607715,0.0,0.0,0.0,0.30649345735003075,1.5190095781532087,0.9138870068903308,0.015345891712740478,15.34589171274048,1670.735297436043,0.38091069566982616,2.181083314291638,1.33697464002762,0.04775307001546025,1.2070318180485629,0.12552561017218977,7.0,0.0,19.1291305353528,1.2070318180485629,0.0,1.4529916048049927,0.0
YFLOW_MAIN_PORT,1,24,0.0,0.0,0.03259444975415127,0.0,0.0,0.0,0.21968433681461774,1.3729380411448933,0.8542555358074397,0.012519607126869465,12.519607126869467,313.8836033102214,0.3621176876453336,1.9939666301943946,0.46866900398163125,0.0452295959694311,0.3719714669859968,0.03987588197924197,3.0,0.0,3.382558655495478,0.3719714669859968,0.0,1.2758139371871948,0.0
HYBRID_LATE_DAMPED,1,24,0.0,0.0,0.031009471823623957,0.0,0.0,0.0,0.3443452177039379,1.7090019569995523,0.9271777974475018,0.015666740195129147,15.66674019512915,1798.0613482733386,0.2298449171004479,1.8980657324718235,0.46746406401507556,0.04522724507842213,0.3709018200170249,0.039761127962265164,3.0,0.0,3.473234712401681,0.3709018200170249,0.0,0.6804555058479309,0.0
HYBRID_LATE_ADAPTIVE,1,24,0.0,0.0,0.031009471823623957,0.0,0.0,0.0,0.3443452177039379,1.7090019569995523,0.9271777974475018,0.015666740195129147,15.66674019512915,1798.0613482733386,0.2298449171004479,1.8980657324718235,0.4679206960136071,0.045234025979880244,0.37138252303702757,0.040095836971886456,3.0,0.0,3.4732347124381677,0.37138252303702757,0.01097922504413873,0.6804555058479309,0.0
ADAPTIVE_ALLTIME_L05,1,24,0.0,0.0,0.031186991396478236,0.0,0.0,0.0,0.32311863949808245,1.818471055013838,0.9823172817120456,0.01906767640747864,19.06767640747864,2017.792662648826,0.20915141804606202,1.8509943027609768,1.1433988529606722,0.04757161298766732,1.0192264050710946,0.1075173220015131,6.0,0.0,10.9433186248926,1.0192264050710946,0.02574320789426565,0.5902712345123291,0.0
PLAIN_FM,1,25,0.0,0.0,0.019213368070447545,0.0,0.0,0.8879226446151733,0.5170006561536735,2.2009472159535526,1.0864953920905063,0.04572146859973546,45.72146859973546,9807.471463024776,0.08090501678939765,1.7935300838345398,0.0702995439642109,0.043702815019059926,0.0,0.0,0.0,0.0,0.0,0.0,0.0,0.0,0.0
POV_L05_ALWAYS,1,25,0.0,0.0,0.03033513909667146,0.0,0.0,0.0,0.3702005991182822,1.5296041230980133,0.8949753379720102,0.016325916893977332,16.325916893977332,2018.8617699234082,0.39396631218049133,2.0612417749939014,1.15087108197622,0.047171804937534034,1.0216772090643644,0.1084210699191317,7.0,0.0,21.320414957013302,1.0216772090643644,0.0,1.5850398540496826,0.0
YFLOW_MAIN_PORT,1,25,0.0,0.0,0.020773867529969972,0.0,0.0,0.0,0.20716722594684434,1.496838460720922,0.9104025974674806,0.017919467420181606,17.919467420181604,467.8012981092924,0.32549684426669484,1.9819428831918025,0.3767960090190172,0.045202934998087585,0.2800714120385237,0.03138547693379223,3.0,0.0,3.884292040718737,0.2800714120385237,0.0,1.1894208192825317,0.0
HYBRID_LATE_DAMPED,1,25,0.0,0.0,0.02986136562466997,0.0,0.0,0.0,0.35983387757091856,1.7923246180246153,0.9700893812337089,0.019555197787859524,19.555197787859527,2285.3053719223303,0.1965961178196423,1.8700992434127615,0.37754968798253685,0.04510024294722825,0.2810107051045634,0.031390087970066816,3.0,0.0,3.7422921488289633,0.2810107051045634,0.0,0.6118341088294983,0.0
HYBRID_LATE_ADAPTIVE,1,25,0.0,0.0,0.02986136562466997,0.0,0.0,0.0,0.35983387757091856,1.7923246180246153,0.9700893812337089,0.019555197787859524,19.555197787859527,2285.3053719223303,0.1965961178196423,1.8700992434127615,0.37868050701217726,0.04531416902318597,0.28165318100946024,0.03153319103876129,3.0,0.0,3.742292148828972,0.28165318100946024,0.011076098016928881,0.6118341088294983,0.0
ADAPTIVE_ALLTIME_L05,1,25,0.0,0.0,0.028968610430741518,0.0,0.0,0.0,0.3428309367764472,1.783592769923975,0.9737371600165283,0.019450093880205424,19.450093880205426,2201.6118723500317,0.20438023083284,1.876000025248711,1.1621181259979494,0.048179821053054184,1.028586034080945,0.10943826794391498,7.0,0.0,12.359839396388436,1.028586034080945,0.02607532503316179,0.6481270790100098,0.0
PLAIN_FM,1,26,0.0,0.0,0.030045835384761743,0.0,0.0,1.6082477569580078,0.4760023694648741,2.204524409116786,1.0974611746755858,0.04433544064565013,44.335440645650124,9221.395116203366,0.11386908222962389,1.7865160932312574,0.06983504397794604,0.043486901093274355,0.0,0.0,0.0,0.0,0.0,0.0,0.0,0.0,0.0
POV_L05_ALWAYS,1,26,0.0,0.0,0.03587758766494137,0.0,0.0,0.0,0.2995610902983579,1.686608486567582,0.9522717705091427,0.01881191706993146,18.81191706993146,2133.3406149459,0.3431367955874791,1.8931520580683674,1.8033899879665114,0.04740818199934438,1.6738955480977893,0.1778493380988948,7.0,0.0,22.038002713499967,1.6738955480977893,0.0,1.2398701906204224,0.0
YFLOW_MAIN_PORT,1,26,0.0,0.0,0.01881083338734768,0.0,0.0,0.0,0.17756295540843592,1.5724638488517428,0.9377490918071223,0.020853516492250056,20.853516492250055,546.1127500711881,0.3371777192497448,1.9567594810094007,0.4700026310165413,0.04512115294346586,0.3736259510042146,0.0415880240034312,3.0,0.0,3.232797511881287,0.3736259510042146,0.0,1.1026694774627686,0.0
HYBRID_LATE_DAMPED,1,26,0.0,0.0,0.03571747492709193,0.0,0.0,0.0,0.3304158446960773,1.7614220661353301,0.9514920326229168,0.01726419292284309,17.26419292284309,2099.070513410739,0.2287669756886759,1.8861076884186367,0.5613094929722138,0.04529197805095464,0.46457603404996917,0.04951229295693338,3.0,0.0,3.266704171640943,0.46457603404996917,0.0,0.6065162420272827,0.0
HYBRID_LATE_ADAPTIVE,1,26,0.0,0.0,0.03571747492709193,0.0,0.0,0.0,0.3304158446960773,1.7614220661353301,0.9514920326229168,0.01726419292284309,17.26419292284309,2099.070513410739,0.2287669756886759,1.8861076884186367,0.5626628080499358,0.04530130693456158,0.4660677719512023,0.049563012027647346,3.0,0.0,3.2667041715466887,0.4660677719512023,0.010990755050443113,0.6065162420272827,0.0
ADAPTIVE_ALLTIME_L05,1,26,0.0,0.0,0.03594549178110534,0.0,0.0,0.0,0.3387420332664744,1.7018626305412647,0.921638678130073,0.01575774496723882,15.757744967238821,1979.4127951774612,0.23396434912619438,1.917729097743742,1.7184303200338036,0.048521107994019985,1.58467628096696,0.1690499900141731,7.0,0.0,15.332789398577566,1.58467628096696,0.02587717102142051,0.652361273765564,0.0
PLAIN_FM,1,27,0.0,0.0,0.018482866377103557,0.0,0.0,1.6641762852668762,0.4693086044968646,2.1938823598850448,1.1002259438394455,0.0468096757360215,46.8096757360215,10411.700958266023,0.11419166989668161,1.7510120128611526,0.07119309803238139,0.04435100295813754,0.0,0.0,0.0,0.0,0.0,0.0,0.0,0.0,0.0
POV_L05_ALWAYS,1,27,0.0,0.0,0.029664382092442654,0.0,0.0,0.0,0.30915496628030525,1.475024764125609,0.8872077162481897,0.014664120709689588,14.664120709689588,1953.0552980436155,0.4131407711250767,2.2167061474776277,1.2496947110048495,0.04764100594911724,1.1200444559799507,0.12278397398767993,7.0,0.0,19.021027066717615,1.1200444559799507,0.0,1.6551512479782104,0.0
YFLOW_MAIN_PORT,1,27,0.0,0.0,0.020523405267159456,0.0,0.0,0.0,0.18550609712411298,1.534528353803843,0.9065640139487604,0.01849072716535085,18.490727165350854,479.64172951943823,0.3436101292925069,1.9332513578656796,0.46981418802170083,0.045209834876004606,0.3731341599486768,0.04143120994558558,3.0,0.0,3.2884425785495974,0.3731341599486768,0.0,1.1306232213974,0.0
HYBRID_LATE_DAMPED,1,27,0.0,0.0,0.02958391597537352,0.0,0.0,0.0,0.31824186925727643,1.7772125684415054,0.9647280081083741,0.018486057643210277,18.486057643210277,2436.4023850285494,0.2279183061119851,1.8441712339069436,0.46713357098633423,0.04515851387986913,0.370759652054403,0.03966040496015921,3.0,0.0,3.3195017368358144,0.370759652054403,0.0,0.6078436970710754,0.0
HYBRID_LATE_ADAPTIVE,1,27,0.0,0.0,0.02958391597537352,0.0,0.0,0.0,0.31824186925727643,1.7772125684415054,0.9647280081083741,0.018486057643210277,18.486057643210277,2436.4023850285494,0.2279183061119851,1.8441712339069436,0.4678309289738536,0.04520544409751892,0.3713299759547226,0.0399305330356583,3.0,0.0,3.3195017368964264,0.3713299759547226,0.010972827032674104,0.6078436970710754,0.0
ADAPTIVE_ALLTIME_L05,1,27,0.0,0.0,0.029537534054618286,0.0,0.0,0.0,0.3067046556779133,1.7940964762079754,0.9713052803945444,0.019395351838073796,19.395351838073797,2358.511703730462,0.2268265082289001,1.840355726516985,1.2523736110306345,0.04812039906391874,1.1195277650258504,0.12415746814804152,7.0,0.0,13.053286337290727,1.1195277650258504,0.025882421934511513,0.6095300316810608,0.0
PLAIN_FM,1,28,0.0,0.0,0.021932994848910148,0.0,0.0,0.34973442554473877,0.4702202180396678,2.1491392479405538,1.0836799769642642,0.04121412191867977,41.21412191867977,8773.898963769198,0.11458901671271966,1.823377815390226,0.06997210701229051,0.04358039394719526,0.0,0.0,0.0,0.0,0.0,0.0,0.0,0.0,0.0
POV_L05_ALWAYS,1,28,0.0,0.0,0.0314845481998845,0.0,0.0,0.0,0.22742204406090247,1.7021220996697395,1.0268027686236303,0.021568351854057477,21.56835185405748,2284.083350841515,0.362854422066893,2.0221060659188623,1.2453452459885739,0.04716648400062695,1.1161907610949129,0.11905012093484402,7.0,0.0,18.705622950772486,1.1161907610949129,0.0,1.2328579425811768,0.0
YFLOW_MAIN_PORT,1,28,0.0,0.0,0.021800830106582278,0.0,0.0,0.0,0.17821145807664193,1.5903137858646759,0.9348636200570947,0.022493802950371136,22.493802950371137,596.9058898610728,0.3379436711563524,1.9585774865672547,0.557650585018564,0.0453081390587613,0.46087820501998067,0.04600754607236013,3.0,0.0,3.1953265622650844,0.46087820501998067,0.0,1.0946083068847656,0.0
HYBRID_LATE_DAMPED,1,28,0.0,0.0,0.03146303052022875,0.0,0.0,0.0,0.3127950829492628,1.7911030247616309,0.9710499768067029,0.019507247820147122,19.507247820147125,2154.119120407749,0.2263854984144148,1.887270613408998,0.4675152120180428,0.04514044302050024,0.37084055301966146,0.03914924309356138,3.0,0.0,3.300351663948292,0.37084055301966146,0.0,0.5827541947364807,0.0
HYBRID_LATE_ADAPTIVE,1,28,0.0,0.0,0.03146303052022875,0.0,0.0,0.0,0.3127950829492628,1.7911030247616309,0.9710499768067029,0.019507247820147122,19.507247820147125,2154.119120407749,0.2263854984144148,1.887270613408998,0.46780323900748044,0.045309329114388674,0.37099553702864796,0.0392349460744299,3.0,0.0,3.300351663930983,0.37099553702864796,0.01094839401775971,0.5827541947364807,0.0
ADAPTIVE_ALLTIME_L05,1,28,0.0,0.0,0.03135499772303735,0.0,0.0,0.0,0.3061989875111101,1.7828986366336432,0.9705615058095931,0.01937874153052012,19.37874153052012,2064.242513580062,0.23002822017714775,1.90278060785385,1.4285098580294289,0.04833417199552059,1.2956573920091614,0.13516911608166993,7.0,0.0,16.01762003983337,1.2956573920091614,0.025746978004463017,0.5962273478507996,0.0
PLAIN_FM,1,29,0.0,0.0,0.027048427446923096,0.0,0.0,1.3145756721496582,0.4641688106142072,2.2390250674711196,1.139028735361056,0.0691123741257755,69.1123741257755,17884.515392862504,0.10860714446380587,1.776553206082437,0.07109060598304495,0.04422202904243022,0.0,0.0,0.0,0.0,0.0,0.0,0.0,0.0,0.0
POV_L05_ALWAYS,1,29,0.0,0.0,0.027946196468372528,0.0,0.0,0.5897951126098633,0.35799477722215034,1.6530006656902239,1.0154173541910718,0.030126919822759946,30.126919822759945,5808.276250517363,0.4357303993661171,2.477682111126293,1.6177528339903802,0.0475128119578585,1.4882161800633185,0.15799924096791074,7.0,0.0,23.311977998588915,1.4882161800633185,0.0,1.8035863637924194,0.0
YFLOW_MAIN_PORT,1,29,0.0,0.0,0.030457888088003468,0.0,0.0,0.0,0.2641306087924582,1.4342105398373366,0.7873402427670174,0.0143871555112349,14.387155511234903,387.8097756899887,0.32328377056834723,1.937282486277171,0.7478863059659488,0.04529496910981834,0.6513097789720632,0.06980205414583907,3.0,0.0,2.8873148248572074,0.6513097789720632,0.0,1.0686708688735962,0.0
HYBRID_LATE_DAMPED,1,29,0.0,0.0,0.03009761596157126,0.0,0.0,0.004709959030151367,0.3142898514827677,1.8008474214933994,0.9961390825434707,0.02852763933813396,28.52763933813396,5086.08010406959,0.20743053294439656,1.8676843412738715,0.7508094389922917,0.04528086801292375,0.6537695520091802,0.06983718497212976,3.0,0.0,5.405993529352239,0.6537695520091802,0.0,0.5685418844223022,0.0
HYBRID_LATE_ADAPTIVE,1,29,0.0,0.0,0.03009761596157126,0.0,0.0,0.004709959030151367,0.3142898514827677,1.8008474305531854,0.9961390930768467,0.028527638096652375,28.527638096652375,5086.079439262358,0.20743053048386073,1.8676843412738715,0.7476698610116728,0.045204867026768625,0.6507989269448444,0.06929182191379368,3.0,0.0,5.405993537152675,0.6507989269448444,0.011048737971577793,0.5685418844223022,0.0
ADAPTIVE_ALLTIME_L05,1,29,0.0,0.0,0.034399404913060316,0.0,0.0,0.0,0.3363482514987796,1.8568842068621194,0.9956529389637405,0.03005167889342991,30.051678893429916,4979.991644036823,0.20030034860909293,1.8394614950509862,1.7192134369979613,0.04839610494673252,1.5855501280166209,0.17146857897751033,7.0,0.0,17.705207329748184,1.5855501280166209,0.02604482404422015,0.5160598158836365,0.0
PLAIN_FM,1,30,0.0,0.0,0.025583165720861,0.0,0.0,0.893862247467041,0.4628605688839572,2.1546714850510673,1.103839782372257,0.049759134479488897,49.7591344794889,11580.398922183784,0.12117763511579459,1.7586941960324907,0.07034226699033752,0.043822280887980014,0.0,0.0,0.0,0.0,0.0,0.0,0.0,0.0,0.0
POV_L05_ALWAYS,1,30,0.0,0.0,0.03391675183762094,0.0,0.0,0.0,0.30663004615870265,1.486112586427426,0.8982315612698222,0.015437192709922165,15.437192709922165,2130.4640469955502,0.409213997120213,2.163861879626568,1.618128889997024,0.04776851093629375,1.487816467997618,0.15734776097815484,7.0,0.0,30.011297953209734,1.487816467997618,0.0,1.5391837358474731,0.0
YFLOW_MAIN_PORT,1,30,0.0,0.0,0.031070151202949328,0.0,0.0,0.0,0.21836879261515954,1.3591736703910955,0.8635803798601329,0.011693485236413535,11.693485236413537,275.0029220733481,0.35915652666233255,2.039744849631751,0.4683667460340075,0.045327348983846605,0.3715268039959483,0.03920408501289785,3.0,0.0,3.350269990590527,0.3715268039959483,0.0,1.1541798114776611,0.0
HYBRID_LATE_DAMPED,1,30,0.0,0.0,0.03361201790154261,0.0,0.0,0.0,0.31736907537251563,1.7297831701334836,0.9679306680185688,0.018849556688266877,18.84955668826688,2636.4192019698526,0.23000448559546421,1.8728624894349075,0.46847955003613606,0.04524816805496812,0.3718130509951152,0.03911148401675746,3.0,0.0,3.5207045616610446,0.3718130509951152,0.0,0.5705752372741699,0.0
HYBRID_LATE_ADAPTIVE,1,30,0.0,0.0,0.03361201790154261,0.0,0.0,0.0,0.31736907537251563,1.7297831701334836,0.9679306680185688,0.018849556688266877,18.84955668826688,2636.4192019698526,0.23000448559546421,1.8728624894349075,0.4673103200038895,0.04505423211958259,0.3708419470349327,0.03908540302654728,3.0,0.0,3.5207045616758896,0.3708419470349327,0.010989415983203799,0.5705752372741699,0.0
ADAPTIVE_ALLTIME_L05,1,30,0.0,0.0,0.033472966604046805,0.0,0.0,0.0,0.3241612673971466,1.6521065657997547,0.9376611036119421,0.016344641178751784,16.344641178751782,2568.5422762734556,0.24459983615904965,1.8868878872838473,1.6173393740318716,0.04840771603630856,1.4837842579581775,0.15457630396122113,7.0,0.0,18.889735761489757,1.4837842579581775,0.025946451991330832,0.6408465504646301,0.0
PLAIN_FM,1,31,0.0,0.0,0.01621748533335919,0.0,0.0,0.09014725685119629,0.5021679172131399,2.224438073340549,1.122578382751641,0.04297012867471117,42.97012867471118,8883.556242357345,0.10155686070342113,1.7391010778359035,0.07143172499490902,0.044342005101498216,0.0,0.0,0.0,0.0,0.0,0.0,0.0,0.0,0.0
POV_L05_ALWAYS,1,31,0.0,0.0,0.030265973098121457,0.0,0.0,0.0,0.3220073717676402,1.6073515302409522,0.8996243342847412,0.01664675206977817,16.64675206977817,1924.2719783979069,0.3749694544238736,1.9525805347239429,1.155674917041324,0.047499104985035956,1.0258409550297074,0.11180545703973621,7.0,0.0,17.515649712193618,1.0258409550297074,0.0,1.4462828636169434,0.0
YFLOW_MAIN_PORT,1,31,0.0,0.0,0.01795957928413297,0.0,0.0,0.0,0.19243536735298564,1.5411367542647287,0.9147100489234812,0.020400245261739593,20.400245261739595,576.2040830723635,0.3326942521963202,1.9421337916465877,0.37646155804395676,0.045294678944628686,0.27996605302905664,0.031209714943543077,3.0,0.0,4.076441587885649,0.27996605302905664,0.0,1.1563727855682373,0.0
HYBRID_LATE_DAMPED,1,31,0.0,0.0,0.029212772340224902,0.0,0.0,0.0,0.3356653800146004,1.8160644629063833,0.9864644276055576,0.01872556734730435,18.72556734730435,2056.036382772919,0.21606357374636853,1.8152046442117198,0.46823905501514673,0.045250637922436,0.3714329720241949,0.0396191049949266,3.0,0.0,3.371461856692065,0.3714329720241949,0.0,0.6158112287521362,0.0
HYBRID_LATE_ADAPTIVE,1,31,0.0,0.0,0.021666028316660813,0.0,0.0,0.0,0.4777356911471978,2.178615862245294,1.1125212674597986,0.0393948536624176,39.3948536624176,7833.323028276267,0.12061966055529735,1.735109391196926,0.3658493019756861,0.045176582993008196,0.27748399204574525,0.029158152057789266,2.0,0.0,2.3506613294780014,0.27748399204574525,0.011002976971212775,0.11780200153589249,0.0
ADAPTIVE_ALLTIME_L05,1,31,0.0,0.0,0.021818054645774965,0.0,0.0,0.0,0.46902847011249016,2.1536099458702056,1.1044819341425283,0.03791057141805137,37.91057141805137,7407.73878025668,0.12740301879118354,1.7422070711322797,1.0504952049814165,0.04741836112225428,0.9266861249925569,0.09859986009541899,6.0,0.0,10.46600909216862,0.9266861249925569,0.025866778974886984,0.17248034477233887,0.0
PLAIN_FM,2,0,0.0,0.0,0.07063500264935187,0.0,0.24900690879821763,1.6420197486877441,0.38667434017866437,2.741716419869809,1.0881062386334261,0.043845507181279664,43.84550718127966,10936.150125620014,0.07600424416150182,1.4058240343605954,0.06993633799720556,0.04325915698427707,0.0,0.0,0.0,0.0,0.0,0.0,0.0,0.0,0.0
POV_L05_ALWAYS,2,0,0.0,0.0,0.058281004387215354,0.0,0.0,0.0,0.35046648480403375,1.9750366320857269,1.0441722982600024,0.018242386480038286,18.242386480038288,3396.7143482471097,0.4443755315088599,2.1738936627995926,1.4257134749786928,0.04740848991787061,1.295826950110495,0.1442831540480256,7.0,0.0,22.99319972946693,1.295826950110495,0.0,2.254848003387451,0.0
YFLOW_MAIN_PORT,2,0,0.0,0.0,0.06461587253489412,0.0,0.0018687662124632354,0.0,0.32840066880234203,2.24616123485624,1.0439146040395473,0.022926420556381014,22.926420556381014,421.1992297146794,0.1973726018290274,1.7420603582510314,0.46656259399605915,0.04504681297112256,0.37005118891829625,0.04159207601333037,3.0,0.0,2.993229567532709,0.37005118891829625,0.0,0.9254146218299866,0.0
HYBRID_LATE_DAMPED,2,0,0.0,0.0,0.06942977678474664,0.0,0.0,0.0,0.3510853583557732,2.466352372986116,1.0516744926775863,0.020647711503892996,20.647711503892996,2668.996792328138,0.10991244961489527,1.5691088182502249,0.4663490679813549,0.04522633599117398,0.3697428109589964,0.04154852399369702,3.0,0.0,3.198570235958127,0.3697428109589964,0.0,0.46729791164398193,0.0
HYBRID_LATE_ADAPTIVE,2,0,0.0,0.0,0.06942977678474664,0.0,0.0,0.0,0.3510853583557732,2.466352372986116,1.0516744926775863,0.020647711503892996,20.647711503892996,2668.996792328138,0.10991244961489527,1.5691088182502249,0.4671252580010332,0.04514870390994474,0.37037403701106086,0.041715027997270226,3.0,0.0,3.198570235958127,0.37037403701106086,0.01107900805072859,0.46729791164398193,0.0
ADAPTIVE_ALLTIME_L05,2,0,0.0,0.0,0.06941099851973921,0.0,0.0,0.0,0.35040777744261276,2.455780925195851,1.0530959991353661,0.021030111674391838,21.03011167439184,2792.2552655438412,0.11517479559150604,1.5747130711761241,1.248576246027369,0.04838619596557692,1.1145049670594744,0.1243834140477702,7.0,0.0,13.237169202443834,1.1145049670594744,0.026217798062134534,0.4980325400829315,0.0
PLAIN_FM,2,1,0.0,0.0,0.07867420918136576,0.0,0.2930609997749327,0.824434757232666,0.4082772611323893,2.7891983185732547,1.0986763179926644,0.052024802551934535,52.02480255193453,13903.682651939622,0.07573738829964675,1.398930345084276,0.07046508102212101,0.04370674991514534,0.0,0.0,0.0,0.0,0.0,0.0,0.0,0.0,0.0
POV_L05_ALWAYS,2,1,0.0,0.0,0.046839512775997225,0.0,0.0,0.0,0.3521346250255718,2.122303357890144,1.0510909999717417,0.019521710110849577,19.52171011084958,4049.1436430413423,0.3110609203438375,1.9531801360232839,1.7017108959844336,0.047616905940230936,1.5717223588726483,0.17233502789167687,7.0,0.0,19.59302234994408,1.5717223588726483,0.0,1.7058411836624146,0.0
YFLOW_MAIN_PORT,2,1,0.0,0.0,0.04601479745967435,0.0,0.0,0.0,0.33940338149083293,2.233542811593491,1.075329477830156,0.019251273764839177,19.251273764839176,326.09881722700516,0.18232238583142285,1.7419927795632917,0.5545799069805071,0.04526488995179534,0.45781396492384374,0.047413022024556994,3.0,0.0,2.896518171264394,0.45781396492384374,0.0,0.9932419061660767,0.0
HYBRID_LATE_DAMPED,2,1,0.0,0.0,0.07021971299510109,0.0,0.0,0.0,0.3649512851857096,2.474119691278403,1.070267928114419,0.020961510739307965,20.96151073930797,3261.852658301923,0.09466671907980734,1.5532249048706033,0.5563444019644521,0.04521045502042398,0.45945111697074026,0.04755441297311336,3.0,0.0,2.9424497107702328,0.45945111697074026,0.0,0.5123441815376282,0.0
HYBRID_LATE_ADAPTIVE,2,1,0.0,0.0,0.07021971299510109,0.0,0.0,0.0,0.3649512851857096,2.474119691278403,1.070267928114419,0.020961510739307965,20.96151073930797,3261.852658301923,0.09466671907980734,1.5532249048706033,0.5565592689672485,0.04524029593449086,0.45953330799238756,0.04842186701716855,3.0,0.0,2.9424497103843814,0.45953330799238756,0.011088968021795154,0.5123441815376282,0.0
ADAPTIVE_ALLTIME_L05,2,1,0.0,0.0,0.07010070844051547,0.0,0.0,0.0,0.37045650300773497,2.423629241412711,1.0624182426564244,0.02022253087471615,20.22253087471615,3309.8038779171275,0.09839635621691314,1.6004387279246721,1.3348852199851535,0.04808672901708633,1.2020043509546667,0.13172043085796759,7.0,0.0,14.4514394932374,1.2020043509546667,0.025948632042855024,0.5964633822441101,0.0
PLAIN_FM,2,2,0.0,0.0,0.073461331642429,0.0,0.21072284545898423,1.051117181777954,0.3830290054511082,2.7325022650759236,1.0918351900714096,0.04390445708546087,43.90445708546087,11270.671165589352,0.09093122565080956,1.4084843845343251,0.07023609499447048,0.04355885798577219,0.0,0.0,0.0,0.0,0.0,0.0,0.0,0.0,0.0
POV_L05_ALWAYS,2,2,0.0,0.0,0.05069450645982741,0.0,0.0,0.0,0.33937690910835017,2.0314747009579297,1.088784755570233,0.01808844583623692,18.088445836236925,3282.6485539304776,0.3693189518819614,2.0677508320678655,1.507455529004801,0.047455274034291506,1.3779916939674877,0.14553578582126647,7.0,0.0,23.548907616734578,1.3779916939674877,0.0,1.9510126113891602,0.0
YFLOW_MAIN_PORT,2,2,0.0,0.0,0.04716392028147352,0.0,0.0,0.0,0.33796041464073795,2.2231951280674283,1.0583882051926619,0.020873617526736804,20.873617526736805,355.2633420899972,0.18947556355632275,1.7515765957281078,0.5541415789630264,0.04527292895363644,0.45745499903569,0.04689414001768455,3.0,0.0,2.9000992306550777,0.45745499903569,0.0,0.9594314098358154,0.0
HYBRID_LATE_DAMPED,2,2,0.0,0.0,0.07089043698510948,0.0,0.0,0.0,0.34837081169517303,2.484105059770851,1.0525635602878385,0.02256201726846485,22.562017268464853,3009.8768103623443,0.1105476889003149,1.551336623815762,0.554817424970679,0.04519532702397555,0.45799879205878824,0.04685955902095884,3.0,0.0,2.754650441101354,0.45799879205878824,0.0,0.45311710238456726,0.0
HYBRID_LATE_ADAPTIVE,2,2,0.0,0.0,0.07089043698510948,0.0,0.0,0.0,0.34837081169517303,2.484105059770851,1.0525635602878385,0.02256201726846485,22.562017268464853,3009.8768103623443,0.1105476889003149,1.551336623815762,0.5592778379796073,0.045448503049556166,0.46199201204581186,0.047260090010240674,3.0,0.0,2.7546504411065045,0.46199201204581186,0.011079047981183976,0.45311710238456726,0.0
ADAPTIVE_ALLTIME_L05,2,2,0.0,0.0,0.06790771557141474,0.0,0.0,0.0,0.35537884172681744,2.396285618990461,1.0561912742113975,0.019910633718227738,19.91063371822774,2995.0847772766465,0.11635133666905535,1.6133833137328177,1.2478514569811523,0.04838685697177425,1.1142237590393052,0.12059240601956844,7.0,0.0,18.005611514329864,1.1142237590393052,0.026060665142722428,0.58921879529953,0.0
PLAIN_FM,2,3,0.0,0.0,0.0729750039323545,0.0,0.09039328660964951,1.4463138580322266,0.39751031849516066,2.74281771153341,1.084484567743404,0.04796557420672387,47.96557420672387,13040.93696348554,0.07130108982856201,1.4218841850763118,0.07154362800065428,0.044402835017535836,0.0,0.0,0.0,0.0,0.0,0.0,0.0,0.0,0.0
POV_L05_ALWAYS,2,3,0.0,0.0,0.04767760183896412,0.0,0.0,0.0,0.34975898006128625,2.048099278764383,1.0455370803150716,0.02166717510929078,21.66717510929078,5007.043298160246,0.3300245155014122,2.0121867373266236,1.4277054889826104,0.04746918199816719,1.297501736029517,0.14224274712614715,7.0,0.0,23.663131444593493,1.297501736029517,0.0,1.7021276950836182,0.0
YFLOW_MAIN_PORT,2,3,0.0,0.0,0.057386435143789244,0.0,0.0,0.0,0.33503890863279945,2.1933997288187808,1.0564087256608892,0.019497933036338365,19.497933036338367,360.7120560753922,0.203303706821306,1.7700855820442192,0.4677423480316065,0.04522117704618722,0.3709223350742832,0.04150125302840024,3.0,0.0,3.412952322565323,0.3709223350742832,0.0,1.0300763845443726,0.0
HYBRID_LATE_DAMPED,2,3,0.0,0.0,0.07011366346818977,0.0,0.0,0.0,0.3597817624158356,2.4516309768130733,1.0512623456862618,0.020968261351686723,20.968261351686724,3251.559950470262,0.10190330834388875,1.5756376509941619,0.559281428984832,0.04511825303779915,0.46251215611118823,0.05194282595766708,3.0,0.0,3.890274284792155,0.46251215611118823,0.0,0.5012296438217163,0.0
HYBRID_LATE_ADAPTIVE,2,3,0.0,0.0,0.07011366346818977,0.0,0.0,0.0,0.3597817624158356,2.4516309768130733,1.0512623456862618,0.020968261351686723,20.968261351686724,3251.559950470262,0.10190330834388875,1.5756376509941619,0.5592847199877724,0.045193484984338284,0.46232338302070275,0.05185248306952417,3.0,0.0,3.890274284790219,0.46232338302070275,0.011089959007222205,0.5012296438217163,0.0
ADAPTIVE_ALLTIME_L05,2,3,0.0,0.0,0.0677882037538751,0.0,0.0,0.0,0.3634764661084738,2.40126611835069,1.0494071523915032,0.019511391116312837,19.511391116312836,3269.6474257893847,0.11284782966824589,1.611243987780082,1.4254450059961528,0.04827075207140297,1.2919025588198565,0.1419885510695167,7.0,0.0,14.221216640131082,1.2919025588198565,0.02606266492512077,0.5805999636650085,0.0
PLAIN_FM,2,4,0.0,0.0,0.0753589246552983,0.0,0.3100220974922179,1.82869553565979,0.3765252792696506,2.77450673323758,1.072789104716427,0.06458938031655194,64.58938031655195,18705.999689074186,0.09428879606748837,1.3853208631081062,0.07020244497107342,0.04366691701579839,0.0,0.0,0.0,0.0,0.0,0.0,0.0,0.0,0.0
POV_L05_ALWAYS,2,4,0.0,0.0,0.054239239769358946,0.0,0.0,0.0,0.33494030548557363,2.0155699682642707,1.048307780137304,0.018952781741916613,18.952781741916613,3974.795795735852,0.3653479730366629,2.0643109350006013,1.5186909610056318,0.047841463005170226,1.388291952025611,0.15008584497263655,7.0,0.0,24.329036771076126,1.388291952025611,0.0,1.9967106580734253,0.0
YFLOW_MAIN_PORT,2,4,0.0,0.0,0.043120866055564644,0.0,0.0,0.0,0.36517217628439713,2.1346807629911484,1.0367680217074824,0.016562312297389324,16.562312297389322,319.15682745291105,0.2149393282597976,1.8120940567563253,0.563146468019113,0.04533183004241437,0.4663203239906579,0.05211730097653344,3.0,0.0,3.5536640041635508,0.4663203239906579,0.0,1.1727931499481201,0.0
HYBRID_LATE_DAMPED,2,4,0.0,0.0,0.06898399952416122,0.0,0.0,0.0,0.36656323518669964,2.4042247433114,1.0258008578068851,0.02141885773564342,21.418857735643424,4362.879632989963,0.10969969522674347,1.6039833883051176,0.6500180329894647,0.045302626967895776,0.5529848129372112,0.05933575093513355,3.0,0.0,3.348846754401892,0.5529848129372112,0.0,0.6233234405517578,0.0
HYBRID_LATE_ADAPTIVE,2,4,0.0,0.0,0.06898399952416122,0.0,0.0,0.0,0.36656323518669964,2.4042247433114,1.0258008578068851,0.02141885773564342,21.418857735643424,4362.879632989963,0.10969969522674347,1.6039833883051176,0.6578616309561767,0.04549351503374055,0.5601285939919762,0.06017765199067071,3.0,0.0,3.348846754401862,0.5601285939919762,0.011214361991733313,0.6233234405517578,0.0
ADAPTIVE_ALLTIME_L05,2,4,0.0,0.0,0.0709965998911033,0.0,0.0,0.0,0.3581668287604271,2.440791332693479,1.0508428426386023,0.024350810863921213,24.35081086392121,4647.40863268216,0.1060208179974412,1.5748835201091353,1.42756078398088,0.04809658892918378,1.2942695110104978,0.1420047809369862,7.0,0.0,17.34825045536835,1.2942695110104978,0.026100735063664615,0.5752959847450256,0.0
PLAIN_FM,2,5,0.0,0.0,0.07279547759186845,0.0,0.44455961551666245,1.3078880310058594,0.3993872415493868,2.783114070961412,1.0856798920562498,0.05944193150598043,59.44193150598043,15792.521524302572,0.08231205590001313,1.3902099895889866,0.07006304099923,0.043517903017345816,0.0,0.0,0.0,0.0,0.0,0.0,0.0,0.0,0.0
POV_L05_ALWAYS,2,5,0.0,0.0,0.05411632710524318,0.0,0.0,0.0,0.35080338134490024,2.0866482955287555,1.0425956558709588,0.02430808604500112,24.30808604500112,5365.610268324206,0.3412558810382584,2.0032028558969563,1.5214180650073104,0.04748470307094976,1.3911721799522638,0.152342981135007,7.0,0.0,23.59418387551696,1.3911721799522638,0.0,1.8261966705322266,0.0
YFLOW_MAIN_PORT,2,5,0.0,0.0,0.06101059878884711,0.0,0.0,0.0,0.3364960355225422,2.227741878658932,1.0355438873517409,0.020973616325933954,20.973616325933953,377.18132377231007,0.1893864130919563,1.7506527262187934,0.5597408940084279,0.04511686507612467,0.4629459600546397,0.050874000997282565,3.0,0.0,3.8716209133199757,0.4629459600546397,0.0,1.0217022895812988,0.0
HYBRID_LATE_DAMPED,2,5,0.0,0.0,0.06695122558351897,0.0,0.0,0.0,0.35959815076874957,2.4756018322796027,1.0441098101015494,0.02339095867390406,23.390958673904063,3992.7005953382322,0.10009867815944834,1.5509297632458787,0.5594061960000545,0.04512835596688092,0.46284684899728745,0.051663328951690346,3.0,0.0,3.9809170512663643,0.46284684899728745,0.0,0.5201202034950256,0.0
HYBRID_LATE_ADAPTIVE,2,5,0.0,0.0,0.06695122558351897,0.0,0.0,0.0,0.35959815076874957,2.4756018322796027,1.0441098101015494,0.02339095867390406,23.390958673904063,3992.7005953382322,0.10009867815944834,1.5509297632458787,0.5589508750126697,0.045133094070479274,0.4622791750007309,0.051602387975435704,3.0,0.0,3.9809170512663643,0.4622791750007309,0.011059258948080242,0.5201202034950256,0.0
ADAPTIVE_ALLTIME_L05,2,5,0.0,0.0,0.0665427722319757,0.0,0.0,0.0,0.3591001908853616,2.4522593354495865,1.0413552609915142,0.023656480780205658,23.65648078020566,4182.72679957239,0.10366483137056387,1.5723539485479745,1.609880712989252,0.048315812076907605,1.4762793529662304,0.1594029690604657,7.0,0.0,16.27105621872405,1.4762793529662304,0.025999295932706445,0.5656561255455017,0.0
PLAIN_FM,2,6,0.0,0.0,0.07927143956467915,0.0,0.1419539865493773,0.7699441909790039,0.4034807353421325,2.7202636889596232,1.1235466859146912,0.04492007983947144,44.92007983947144,11933.42792986858,0.06999074274763119,1.4477037330260478,0.0704758029896766,0.04376789793604985,0.0,0.0,0.0,0.0,0.0,0.0,0.0,0.0,0.0
POV_L05_ALWAYS,2,6,0.0,0.0,0.05328268225309164,0.0,0.0,0.0,0.34343861916421714,2.0672213584130703,1.084175037367959,0.019660765226647392,19.660765226647392,3607.533687935937,0.376374648294055,2.0714163153261116,1.7017770759994164,0.04767178901238367,1.5718091981252655,0.1714669319917448,7.0,0.0,22.482544430986163,1.5718091981252655,0.0,1.9058873653411865,0.0
YFLOW_MAIN_PORT,2,6,0.0,0.0,0.06415710799469011,0.0,0.0,0.0,0.3276430876034408,2.225637012079826,1.047292575796417,0.02329693692882307,23.296936928823072,408.1151199839434,0.18875414314429756,1.7727570703789608,0.46737848402699456,0.04524311801651493,0.37044455599971116,0.04143639194080606,3.0,0.0,4.491760025651296,0.37044455599971116,0.0,0.9511223435401917,0.0
HYBRID_LATE_DAMPED,2,6,0.0,0.0,0.06964511187623625,0.0,0.0,0.0,0.36622242601895816,2.3719637647400336,1.070038665282069,0.019368344030738505,19.368344030738506,3041.365980518718,0.11593382209046077,1.6550350585508677,0.46711322804912925,0.04516108718235046,0.3701190879801288,0.041642766969744116,3.0,0.0,4.624934611435892,0.3701190879801288,0.0,0.5894352793693542,0.0
HYBRID_LATE_ADAPTIVE,2,6,0.0,0.0,0.06964511187623625,0.0,0.0,0.0,0.36622242601895816,2.3719637647400336,1.070038665282069,0.019368344030738505,19.368344030738506,3041.365980518718,0.11593382209046077,1.6550350585508677,0.4680024799890816,0.04501051193801686,0.3713510800153017,0.041693678009323776,3.0,0.0,4.624934611435995,0.3713510800153017,0.01113350095693022,0.5894352793693542,0.0
ADAPTIVE_ALLTIME_L05,2,6,0.0,0.0,0.06931875819053686,0.0,0.0,0.0,0.3628725689840998,2.3771438764337605,1.067898315209901,0.020154350686472533,20.154350686472533,3213.69467458128,0.11669387282559919,1.6490564663019303,1.6124892139923759,0.048089170013554394,1.4791002098936588,0.1628258558921516,7.0,0.0,13.056952072924654,1.4791002098936588,0.026094956032466143,0.5945184230804443,0.0
PLAIN_FM,2,7,0.0,0.0,0.07694875921528589,0.0,0.3027050312995909,1.498253345489502,0.4114622280081535,2.7564157228454307,1.1041202067008313,0.05464770123671455,54.64770123671456,13686.732804071231,0.06915225024126298,1.4185839984102544,0.07050067296950147,0.04372966097434983,0.0,0.0,0.0,0.0,0.0,0.0,0.0,0.0,0.0
POV_L05_ALWAYS,2,7,0.0,0.0,0.06072757676639605,0.0,0.0,0.0,0.34604618896932837,2.1659303909864907,1.0682096975122561,0.021882846869041517,21.882846869041515,3588.5200464755844,0.2927176871002062,1.9092494830178361,1.5141174409654923,0.047503487032372504,1.384470781951677,0.15141860709991306,7.0,0.0,20.19213249773867,1.384470781951677,0.0,1.553381085395813,0.0
YFLOW_MAIN_PORT,2,7,0.0,0.0,0.06082181625646389,0.0,0.0,0.0,0.3309516015944602,2.233330972460063,1.0458287131274944,0.022670017150720756,22.67001715072076,422.9726630905318,0.19105249244730105,1.748152448955412,0.5585041369777173,0.04522297700168565,0.461733965028543,0.04917997698066756,3.0,0.0,4.8258143718029425,0.461733965028543,0.0,0.9466111660003662,0.0
HYBRID_LATE_DAMPED,2,7,0.0,0.0,0.07039515421367747,0.0,0.0,0.0,0.36473813392005655,2.4721928399935944,1.059036053041564,0.02418902241049322,24.189022410493223,3497.2547256407265,0.10218004820578477,1.5641537265807959,0.6553556539583951,0.04597620596177876,0.5568866170360707,0.05876602802891284,3.0,0.0,3.3168774988074854,0.5568866170360707,0.0,0.46510595083236694,0.0
HYBRID_LATE_ADAPTIVE,2,7,0.0,0.0,0.07039515421367747,0.0,0.0,0.0,0.36473813392005655,2.4721928399935944,1.059036053041564,0.02418902241049322,24.189022410493223,3497.2547256407265,0.10218004820578477,1.5641537265807959,0.6484921119990759,0.045248807000461966,0.5515095419832505,0.05818289390299469,3.0,0.0,3.316877498807507,0.5515095419832505,0.01105820806697011,0.46510595083236694,0.0
ADAPTIVE_ALLTIME_L05,2,7,0.0,0.0,0.07044260253265906,0.0,0.0,0.0,0.3583395693499395,2.474762039711732,1.0560948296999382,0.026750058733138404,26.750058733138406,3830.7038400826395,0.1035838364173753,1.5863962659977937,1.3379049230134115,0.048551342042628676,1.2038958399789408,0.1325111310579814,7.0,0.0,12.25767250098833,1.2038958399789408,0.026084978017024696,0.5029498338699341,0.0
PLAIN_FM,2,8,0.0,0.0,0.0649705572307588,0.0,0.28180138435363755,1.9134145975112915,0.40201098393169693,2.7170568881699153,1.0980149411401126,0.046741063227308643,46.74106322730864,11425.280750398837,0.10114107312565959,1.419182290254685,0.07128434296464548,0.044301235931925476,0.0,0.0,0.0,0.0,0.0,0.0,0.0,0.0,0.0
POV_L05_ALWAYS,2,8,0.0,0.0,0.05035481593958073,0.0,0.0,1.2688827514648438,0.34017267318287564,2.061644380653323,1.0313364584536748,0.026279615788615013,26.279615788615015,4581.066687984925,0.355615005511321,2.058290133938565,1.6068478989764117,0.04761134792352095,1.4767600360210054,0.15714057331206277,7.0,0.0,21.609596414493357,1.4767600360210054,0.0,1.8967559337615967,0.0
YFLOW_MAIN_PORT,2,8,0.0,0.0,0.05815422530937352,0.0,0.0,0.0,0.33869366544823676,2.171629609589489,1.0350880832863663,0.01861561973480732,18.61561973480732,370.07829965216985,0.20839833727706225,1.791740601984357,0.4677085749572143,0.04543994291452691,0.37060553301125765,0.04129692993592471,3.0,0.0,2.973658226531121,0.37060553301125765,0.0,1.0631234645843506,0.0
HYBRID_LATE_DAMPED,2,8,0.0,0.0,0.06358511124585707,0.0,0.0,0.0,0.3618455835842314,2.4206102832344643,1.0579971578774394,0.020265089526309565,20.265089526309566,2934.893338819422,0.1180463880395341,1.5810709012223876,0.46540727699175477,0.045251987990923226,0.3688665989902802,0.0405884119682014,3.0,0.0,2.9712019069887443,0.3688665989902802,0.0,0.5247465372085571,0.0
HYBRID_LATE_ADAPTIVE,2,8,0.0,0.0,0.06358511124585707,0.0,0.0,0.0,0.3618455835842314,2.4206102832344643,1.0579971578774394,0.020265089526309565,20.265089526309566,2934.893338819422,0.1180463880395341,1.5810709012223876,0.4657867779606022,0.04528226098045707,0.36894773092353716,0.04064333200221881,3.0,0.0,2.9712019070021958,0.36894773092353716,0.011055747978389263,0.5247465372085571,0.0
ADAPTIVE_ALLTIME_L05,2,8,0.0,0.0,0.06281386382335562,0.0,0.0,0.34629523754119873,0.35714176869366127,2.4254244522817117,1.0524637496189861,0.02373464749885215,23.73464749885215,3315.463666829006,0.1154112046232326,1.599914304463726,1.331677520996891,0.04819129407405853,1.1986190529423766,0.13229242683155462,7.0,0.0,16.62465925059873,1.1986190529423766,0.02603952493518591,0.5361883044242859,0.0
PLAIN_FM,2,9,0.0,0.0,0.07524606992358,0.0,0.22022442188262925,1.6836118698120117,0.38161244257045185,2.809105367825503,1.0970814034080028,0.053400102184699566,53.40010218469956,14056.74194064648,0.12740031249827932,1.3585854142535911,0.07006523298332468,0.04354015487479046,0.0,0.0,0.0,0.0,0.0,0.0,0.0,0.0,0.0
POV_L05_ALWAYS,2,9,0.0,0.0,0.06369880864143378,0.0,0.0,0.0,0.3563928944399044,2.3620466073119717,1.0980824736153412,0.025806790316875272,25.806790316875272,3442.286617450741,0.3606980401592975,1.9883436149285998,1.6960191479884088,0.04758304910501465,1.5665612208540551,0.16983967402484268,7.0,0.0,22.375448828380677,1.5665612208540551,0.0,2.047964572906494,0.0
YFLOW_MAIN_PORT,2,9,0.0,0.0,0.06893731364676368,0.0,0.0,0.0,0.35049810844636387,2.1728382204337233,1.0161961096417058,0.017924779340785804,17.924779340785808,336.8104180376124,0.20303295171510072,1.8120123855756416,0.6501639269990847,0.0452968809986487,0.5533745720167644,0.06050852296175435,3.0,0.0,3.8923025195203715,0.5533745720167644,0.0,1.2523800134658813,0.0
HYBRID_LATE_DAMPED,2,9,0.0,0.0,0.07219102222457828,0.0,0.0,0.0,0.3546591202354791,2.484051665080525,1.0590768446350212,0.02218984343871311,22.189843438713112,3435.7278934736496,0.11008795338146285,1.5453183850154946,0.5573714330093935,0.04533427197020501,0.4604214730206877,0.04945504502393305,3.0,0.0,4.0021201048081005,0.4604214730206877,0.0,0.5670207142829895,0.0
HYBRID_LATE_ADAPTIVE,2,9,0.0,0.0,0.07219102222457828,0.0,0.0,0.0,0.3546591202354791,2.484051665080525,1.0590768446350212,0.02218984343871311,22.189843438713112,3435.7278934736496,0.11008795338146285,1.5453183850154946,0.5571862480137497,0.04521724703954533,0.46027364098699763,0.04947973397793248,3.0,0.0,4.002120104808156,0.46027364098699763,0.011024147039279342,0.5670207142829895,0.0
ADAPTIVE_ALLTIME_L05,2,9,0.0,0.0,0.07065427954462923,0.0,0.0,0.0,0.3485218824651014,2.496221100553183,1.0578912374583027,0.02252926836053789,22.52926836053789,3338.124286654877,0.11496231285311927,1.5361273696260511,1.7074335890356451,0.048506538034416735,1.5734556990792044,0.16754432604648173,7.0,0.0,16.274116807280542,1.5734556990792044,0.026173768972512335,0.5594196915626526,0.0
PLAIN_FM,2,10,0.0,0.0,0.07470187813473596,0.0,0.2714662369728087,0.0,0.40103772414788375,2.7656862208347177,1.124686607368513,0.05029280628527655,50.29280628527655,13736.298937507408,0.1011916137462467,1.3629360061695972,0.07054157502716407,0.043885004008188844,0.0,0.0,0.0,0.0,0.0,0.0,0.0,0.0,0.0
POV_L05_ALWAYS,2,10,0.0,0.0,0.033697657630566216,0.0,0.0,0.0,0.3733597440158711,2.340796483716839,1.1234599130134106,0.02540266514388101,25.40266514388101,3822.533912390558,0.3939218771171975,2.000945682675533,1.6964940360048786,0.04783832299290225,1.566049902990926,0.16693010297603905,7.0,0.0,21.309193586470094,1.566049902990926,0.0,2.1105856895446777,0.0
YFLOW_MAIN_PORT,2,10,0.0,0.0,0.06372457157122703,0.0,0.0,0.0,0.368197112016319,2.1273743287771443,1.0239904661471584,0.014918044000597938,14.91804400059794,260.4342727149533,0.2315218938458693,1.8229945695272818,0.5598117259796709,0.04544343403540552,0.4626860030111857,0.05154436593875289,3.0,0.0,4.339626092736234,0.4626860030111857,0.0,1.2527276277542114,0.0
HYBRID_LATE_DAMPED,2,10,0.0,0.0,0.06460326397214396,0.0,0.0,0.0,0.37408099024459646,2.4251436120943817,1.0747997700133984,0.019214045881651987,19.214045881651987,3150.4763302349747,0.1106122623824602,1.5732648710629829,0.5583866499946453,0.0451552159502171,0.4616771470173262,0.049679210991598666,3.0,0.0,3.9199248322086095,0.4616771470173262,0.0,0.6185891032218933,0.0
HYBRID_LATE_ADAPTIVE,2,10,0.0,0.0,0.06460326397214396,0.0,0.0,0.0,0.37408099024459646,2.4251436120943817,1.0747997700133984,0.019214045881651987,19.214045881651987,3150.4763302349747,0.1106122623824602,1.5732648710629829,0.5605434839962982,0.04558330797590315,0.4629693899769336,0.04992012504953891,3.0,0.0,3.9199248322086486,0.4629693899769336,0.011107938014902174,0.6185891032218933,0.0
ADAPTIVE_ALLTIME_L05,2,10,0.0,0.0,0.06686786034647355,0.0,0.0,0.0,0.36690987075159087,2.4476290367116738,1.0714057445868352,0.02041074556750777,20.41074556750777,3219.0228734763514,0.10902119042942376,1.5527700603970875,1.7102901469916105,0.048513160028960556,1.5761834520380944,0.16869275498902425,7.0,0.0,16.681690280327636,1.5761834520380944,0.026193627971224487,0.5626627206802368,0.0
PLAIN_FM,2,11,0.0,0.0,0.07882076165923273,0.0,0.1857374724388121,0.17554283142089844,0.4050858867935445,2.717019172369966,1.1170841125037028,0.05592947649830715,55.929476498307146,15632.882792240556,0.06821552991278113,1.4546372147864728,0.07071509002707899,0.04398525587748736,0.0,0.0,0.0,0.0,0.0,0.0,0.0,0.0,0.0
POV_L05_ALWAYS,2,11,0.0,0.0,0.054162606530755344,0.0,0.0,0.0,0.3503139919298584,2.0128155823629177,1.069184623531766,0.02356164823189122,23.56164823189122,5342.704616889194,0.4114889639423817,2.116314231942896,1.7072389620007016,0.04784921201644465,1.5766216351184994,0.17261833511292934,7.0,0.0,24.578460313248446,1.5766216351184994,0.0,1.9833920001983643,0.0
YFLOW_MAIN_PORT,2,11,0.0,0.0,0.05767734609169112,0.0,0.0,0.0,0.3383154769270813,2.1794435569021093,1.0565608307499392,0.01906059648603617,19.060596486036168,321.8667460068291,0.20032250220197875,1.7869972765276039,0.7431305310456082,0.04538565402617678,0.6461692510056309,0.070096893934533,3.0,0.0,3.036726673694561,0.6461692510056309,0.0,0.961138904094696,0.0
HYBRID_LATE_DAMPED,2,11,0.0,0.0,0.07218615906350541,0.0,0.0,0.0,0.3765992301705229,2.3774721048865057,1.0659613206379766,0.02054716004233259,20.547160042332592,3809.9735829720144,0.126034935148169,1.6432913656318173,0.744253020035103,0.04545962292468175,0.64693253103178,0.06974110589362681,3.0,0.0,2.9496659029644503,0.64693253103178,0.0,0.5548222064971924,0.0
HYBRID_LATE_ADAPTIVE,2,11,0.0,0.0,0.07218615906350541,0.0,0.0,0.0,0.3765992301705229,2.3774721048865057,1.0659613206379766,0.02054716004233259,20.547160042332592,3809.9735829720144,0.126034935148169,1.6432913656318173,0.7420854159863666,0.045403171970974654,0.6449461309821345,0.06943351705558598,3.0,0.0,2.9496659030479564,0.6449461309821345,0.011052298999857157,0.5548222064971924,0.0
ADAPTIVE_ALLTIME_L05,2,11,0.0,0.0,0.07008460062156081,0.0,0.0,0.0,0.36764891926366183,2.3766086226792607,1.0641845898461,0.0217403274086162,21.740327408616203,3959.478584590531,0.1273054145394106,1.6426797143190854,1.8032836929778568,0.048533791094087064,1.6693963250727393,0.18133527500322089,7.0,0.0,14.80779462200106,1.6693963250727393,0.02613036596449092,0.5721814632415771,0.0
PLAIN_FM,2,12,0.0,0.0,0.07627190653001047,0.0,0.1950584467887877,0.8129549026489258,0.3877052283910041,2.7756144802386946,1.1103564800418546,0.04361601325706024,43.616013257060246,12251.115157609693,0.09782638861268986,1.3816636452845397,0.07033062004484236,0.04376800102181733,0.0,0.0,0.0,0.0,0.0,0.0,0.0,0.0,0.0
POV_L05_ALWAYS,2,12,0.0,0.0,0.04056078320793784,0.0,0.0,0.0,0.34397490874636993,2.2028499682229814,1.1000752192667278,0.02074172520051132,20.741725200511322,3759.8233149184425,0.34920101613503085,1.9733197346987081,1.6977461100323126,0.04921798000577837,1.5668458340805955,0.16953078703954816,7.0,0.0,21.164438272686475,1.5668458340805955,0.0,1.8748854398727417,0.0
YFLOW_MAIN_PORT,2,12,0.0,0.0,0.05242812094662044,0.0,0.0,0.0,0.33177084241864213,2.27090830047876,1.067245674738437,0.022734147379107228,22.73414737910723,402.14986637398255,0.18740426904155036,1.7053396222520034,0.647616669011768,0.04608940100297332,0.550535747082904,0.057741613942198455,3.0,0.0,3.134154037393046,0.550535747082904,0.0,0.9491618871688843,0.0
HYBRID_LATE_DAMPED,2,12,0.0,0.0,0.06805157373495045,0.0,0.0,0.0,0.354197118402923,2.4724512462393395,1.0660542221627824,0.01948471411064026,19.48471411064026,3055.391385600681,0.10652243126097853,1.5496287666430235,0.5575180830201134,0.046167401946149766,0.4603417170001194,0.04977663105819374,3.0,0.0,4.0336440495937484,0.4603417170001194,0.0,0.5175024271011353,0.0
HYBRID_LATE_ADAPTIVE,2,12,0.0,0.0,0.06805157373495045,0.0,0.0,0.0,0.354197118402923,2.4724512462393395,1.0660542221627824,0.01948471411064026,19.48471411064026,3055.391385600681,0.10652243126097853,1.5496287666430235,0.5572385049890727,0.04608417098643258,0.4601812230539508,0.04983605397865176,3.0,0.0,4.0336440495944625,0.4601812230539508,0.0108740339637734,0.5175024271011353,0.0
ADAPTIVE_ALLTIME_L05,2,12,0.0,0.0,0.06961837984221338,0.0,0.0,0.0,0.35311869326873485,2.4795879380883363,1.0667711896568213,0.020725424857412467,20.725424857412467,3173.7057363607764,0.10692141338310658,1.5516206219074986,1.6041994990082458,0.05009643890662119,1.4699559590080753,0.15917311591329053,7.0,0.0,15.821761316959387,1.4699559590080753,0.025610214099287987,0.5146605968475342,0.0
PLAIN_FM,2,13,0.0,0.0,0.07977161514261431,0.0,0.26203469600677476,0.5779904127120972,0.3953617833056586,2.749902410523554,1.0878890167532382,0.04290226395792007,42.90226395792007,10823.04748100824,0.0795273070877859,1.423984251239212,0.06989661901025102,0.04369847901398316,0.0,0.0,0.0,0.0,0.0,0.0,0.0,0.0,0.0
POV_L05_ALWAYS,2,13,0.0,0.0,0.05298655176818988,0.0,0.0,0.0,0.35149063695748056,1.9472789641964536,1.0677492311643921,0.016978149272943943,16.978149272943945,3047.5736027670173,0.38976044100288987,2.158432921084573,1.3271972479997203,0.04851683008018881,1.1976883690222166,0.13149139180313796,7.0,0.0,20.388114376734503,1.1976883690222166,0.0,2.076322317123413,0.0
YFLOW_MAIN_PORT,2,13,0.0,0.0,0.05487192996273638,0.0,0.0,0.0,0.33882382375249914,2.1860121990409302,1.048022159588196,0.019604215976238078,19.60421597623808,385.05397349995894,0.20417826716647638,1.7743028689275855,0.3741068870294839,0.045549487113021314,0.27783425292000175,0.03144569991854951,3.0,0.0,3.6763374795972146,0.27783425292000175,0.0,1.0547696352005005,0.0
HYBRID_LATE_DAMPED,2,13,0.0,0.0,0.07398108974875937,0.0,0.0,0.0,0.3538550779414644,2.477644809581701,1.0483599502503183,0.02204605522899783,22.04605522899783,2871.8898272525275,0.1004402705101801,1.575001871834774,0.37409550696611404,0.045597656979225576,0.277672860014718,0.031412529991939664,3.0,0.0,3.778464532795613,0.277672860014718,0.0,0.4856174886226654,0.0
HYBRID_LATE_ADAPTIVE,2,13,0.0,0.0,0.07398108974875937,0.0,0.0,0.0,0.3538550779414644,2.477644809581701,1.0483599502503183,0.02204605522899783,22.04605522899783,2871.8898272525275,0.1004402705101801,1.575001871834774,0.3753441789885983,0.04568582004867494,0.27848180098226294,0.03147839300800115,3.0,0.0,3.7784645327955717,0.27848180098226294,0.010933806071989238,0.4856174886226654,0.0
ADAPTIVE_ALLTIME_L05,2,13,0.0,0.0,0.0726755267701087,0.0,0.0,0.0,0.35514765388441505,2.461455471257838,1.042021219903954,0.022057145405518952,22.057145405518952,2876.074993302791,0.10163668043110244,1.5877091767370202,1.420281924016308,0.048850448976736516,1.2872581639676355,0.1393603680189699,7.0,0.0,17.073921760583442,1.2872581639676355,0.025574352883268148,0.5066659450531006,0.0
PLAIN_FM,2,14,0.0,0.0,0.08029844905819371,0.0,0.2787633356094359,0.2709519863128662,0.38305929723034815,2.7431285282304163,1.096802739931839,0.03827970837326444,38.27970837326444,9657.34915989217,0.0855699194665233,1.420542978787611,0.06975480599794537,0.0434135029790923,0.0,0.0,0.0,0.0,0.0,0.0,0.0,0.0,0.0
POV_L05_ALWAYS,2,14,0.0,0.0,0.050937598954416435,0.0,0.0,0.0,0.3372256010234169,2.081355067805795,1.0731525003044529,0.017814845357900788,17.81484535790079,2983.754690282248,0.36107114200347,2.0383975525787816,1.3251112700090744,0.04753938695648685,1.1961903250776231,0.13027438800781965,7.0,0.0,22.400163149868092,1.1961903250776231,0.0,1.8638949394226074,0.0
YFLOW_MAIN_PORT,2,14,0.0,0.0,0.06788977183818745,0.0,0.0005509075164793487,0.0,0.3443022378419067,2.17735639541303,1.0280263279585664,0.018949537760475844,18.949537760475845,340.2701194198375,0.19844632952581742,1.789604437171101,0.4656037210370414,0.045072575099766254,0.3695852229138836,0.0395713149337098,3.0,0.0,2.9961362388421455,0.3695852229138836,0.0,1.0237845182418823,0.0
HYBRID_LATE_DAMPED,2,14,0.0,0.0,0.07464986314939674,0.0,0.0,0.0,0.3493080137154961,2.4701137045336354,1.0602218384735214,0.0194811797826277,19.4811797826277,2473.3595278840035,0.10989336581536194,1.5638181831881044,0.5533004890312441,0.04516013606917113,0.4570662070182152,0.04689993191277608,3.0,0.0,2.8872427183705027,0.4570662070182152,0.0,0.4752155840396881,0.0
HYBRID_LATE_ADAPTIVE,2,14,0.0,0.0,0.07464986314939674,0.0,0.0,0.0,0.3493080137154961,2.4701137045336354,1.0602218384735214,0.0194811797826277,19.4811797826277,2473.3595278840035,0.10989336581536194,1.5638181831881044,0.5528699989663437,0.04511971608735621,0.45663808594690636,0.04682998004136607,3.0,0.0,2.8872427183707,0.45663808594690636,0.01094689400633797,0.4752155840396881,0.0
ADAPTIVE_ALLTIME_L05,2,14,0.0,0.0,0.07433532606808337,0.0,0.0,0.0,0.3584886695514674,2.405679273981582,1.050472431332442,0.018278068961042344,18.278068961042347,2496.6724903138056,0.11484937530434063,1.6221382917601133,1.4209347540163435,0.048498381045646966,1.288109329994768,0.13962099712807685,7.0,0.0,13.186279135631057,1.288109329994768,0.025767028972040862,0.5850658416748047,0.0
PLAIN_FM,2,15,0.0,0.0,0.0761278540351444,0.0,0.29238299694061265,1.0472458600997925,0.38302502237493063,2.769428041800891,1.103317695935822,0.04167882860432792,41.67882860432792,9921.520874736434,0.08969331408312725,1.3948213055342205,0.06966832402395085,0.04331073199864477,0.0,0.0,0.0,0.0,0.0,0.0,0.0,0.0,0.0
POV_L05_ALWAYS,2,15,0.0,0.0,0.056021822928978796,0.0,0.0,0.0,0.33867367315015384,2.0772702314054254,1.085615954689496,0.018991483166276746,18.991483166276748,3059.717488960012,0.3392514329958345,2.0215160389347524,1.417416266980581,0.047347374085802585,1.2885479539982043,0.13947653101058677,7.0,0.0,24.018653006638488,1.2885479539982043,0.0,1.8164535760879517,0.0
YFLOW_MAIN_PORT,2,15,0.0,0.0,0.06418993330200032,0.0,0.0,0.0,0.3359541576044006,2.2563601144353647,1.0493673161846868,0.022095840830315315,22.095840830315318,382.601691534279,0.18491730387245686,1.7133778608945789,0.5589487230172381,0.04497914097737521,0.46236362197669223,0.049203798931557685,3.0,0.0,2.976643562543972,0.46236362197669223,0.0,0.9137200713157654,0.0
HYBRID_LATE_DAMPED,2,15,0.0,0.0,0.07006385251105036,0.0,0.0,0.0,0.35994070385668236,2.426828365319039,1.0584043279826418,0.01785796821892882,17.85796821892882,2356.4775715785304,0.10779715400850212,1.5989576167606085,0.5556937410146929,0.04489203204866499,0.459292713960167,0.04908312496263534,3.0,0.0,2.871366759730299,0.459292713960167,0.0,0.5752516388893127,0.0
HYBRID_LATE_ADAPTIVE,2,15,0.0,0.0,0.07006385251105036,0.0,0.0,0.0,0.35994070385668236,2.426828365319039,1.0584043279826418,0.01785796821892882,17.85796821892882,2356.4775715785304,0.10779715400850212,1.5989576167606085,0.5554821369587444,0.04493808199185878,0.45910644909599796,0.04905133496504277,3.0,0.0,2.871366759735304,0.45910644909599796,0.010990376060362905,0.5752516388893127,0.0
ADAPTIVE_ALLTIME_L05,2,15,0.0,0.0,0.07028681405615987,0.0,0.0,0.0,0.3606428092363456,2.4117092258755815,1.0495925421303267,0.018400049817318798,18.4000498173188,2450.9183603435235,0.10954109338568453,1.6181372385616415,1.5133862660150044,0.04876701801549643,1.3798583149909973,0.14756212517386302,7.0,0.0,12.449477777868031,1.3798583149909973,0.02577340992866084,0.6014509797096252,0.0
PLAIN_FM,2,16,0.0,0.0,0.07602000219636303,0.0,0.19098923768997178,0.876508355140686,0.40059468379293833,2.7875133348305834,1.0903709258997794,0.048560960288381194,48.560960288381196,12627.882893819431,0.09829972461969055,1.397899479541792,0.07036891300231218,0.04411292902659625,0.0,0.0,0.0,0.0,0.0,0.0,0.0,0.0,0.0
POV_L05_ALWAYS,2,16,0.0,0.0,0.045853197723057654,0.0,0.0,0.0,0.34970032645279664,2.164838501231923,1.081914287663836,0.02024277592363788,20.24277592363788,3521.4694784414746,0.3449590647737877,1.967227011787764,1.4213308700127527,0.04833793704165146,1.2911393100512214,0.13947986403945833,7.0,0.0,25.290195962800432,1.2911393100512214,0.0,1.8375910520553589,0.0
YFLOW_MAIN_PORT,2,16,0.0,0.0,0.0644522829790334,0.0,0.0,0.0,0.352087481255987,2.1010548357454417,0.9953036606656996,0.017401124953379764,17.401124953379764,296.5762318581341,0.2182356464919299,1.8527939052599274,0.5616590129793622,0.04543884395388886,0.4646807410172187,0.05136315303388983,3.0,0.0,4.678341830918618,0.4646807410172187,0.0,1.2046396732330322,0.0
HYBRID_LATE_DAMPED,2,16,0.0,0.0,0.07147814025114989,0.0,0.0,0.0,0.35360202386163264,2.506409625679321,1.0419248669648982,0.023762454493480134,23.762454493480135,3462.6446139890413,0.10274695009887837,1.5467724333271655,0.5603214800357819,0.045862564991693944,0.46260347799398005,0.04935911303618923,3.0,0.0,3.295884189616803,0.46260347799398005,0.0,0.489766925573349,0.0
HYBRID_LATE_ADAPTIVE,2,16,0.0,0.0,0.07147814025114989,0.0,0.0,0.0,0.35360202386163264,2.506409625679321,1.0419248669648982,0.023762454493480134,23.762454493480135,3462.6446139890413,0.10274695009887837,1.5467724333271655,0.5566979789873585,0.04515233699930832,0.4600186950410716,0.04920096893329173,3.0,0.0,3.295884189596994,0.4600186950410716,0.011020578036550432,0.489766925573349,0.0
ADAPTIVE_ALLTIME_L05,2,16,0.0,0.0,0.06859288290307257,0.0,0.0,0.0,0.35526481577084496,2.4729159795004825,1.0455389784758589,0.021744652468511205,21.744652468511205,3255.3922640494284,0.10729504467749534,1.5616835762441585,1.3365240269922651,0.048377508064731956,1.2030984979355708,0.1297342969919555,7.0,0.0,14.700590733566214,1.2030984979355708,0.02603990799980238,0.5369381904602051,0.0
PLAIN_FM,2,17,0.0,0.0,0.08307380343811298,0.0,0.23114190664291367,0.2533864974975586,0.38056958254461015,2.734354457238412,1.1151111175743778,0.04139666534179287,41.396665341792875,10547.672902106562,0.08261124610782014,1.4212987591273054,0.07021274801809341,0.04369815211975947,0.0,0.0,0.0,0.0,0.0,0.0,0.0,0.0,0.0
POV_L05_ALWAYS,2,17,0.0,0.0,0.05094850224109425,0.0,0.0,0.0,0.34172451900521483,2.049161299575543,1.0854565691889138,0.017463246756044493,17.463246756044494,3020.004701323242,0.37268427047961217,2.0564607055098487,1.4213934759609401,0.04741424397798255,1.2920600589714013,0.13888446002965793,7.0,0.0,21.955089506854097,1.2920600589714013,0.0,1.905501127243042,0.0
YFLOW_MAIN_PORT,2,17,0.0,0.0,0.040254299615311434,0.0,0.0,0.0,0.3479332563729549,2.122874384829997,1.0747205491899379,0.016834732986622008,16.83473298662201,313.7962999592086,0.22480347115025245,1.840181452271409,0.4686996230157092,0.04522772890049964,0.3719751280732453,0.04169738100608811,3.0,0.0,3.261415652699148,0.3719751280732453,0.0,1.1323744058609009,0.0
HYBRID_LATE_DAMPED,2,17,0.0,0.0,0.06852004120349511,0.0,0.0,0.0,0.3588497339781007,2.4146557708445466,1.0788683958795562,0.018331425704986387,18.33142570498639,2580.0427822782467,0.11382618404898838,1.6030444661881844,0.4674897429649718,0.04537455301033333,0.37054779194295406,0.04068182496121153,3.0,0.0,3.123951540154728,0.37054779194295406,0.0,0.5347931981086731,0.0
HYBRID_LATE_ADAPTIVE,2,17,0.0,0.0,0.06852004120349511,0.0,0.0,0.0,0.3588497339781007,2.4146557708445466,1.0788683958795562,0.018331425704986387,18.33142570498639,2580.0427822782467,0.11382618404898838,1.6030444661881844,0.46767892700154334,0.04503950307844207,0.3711111570009962,0.04082955792546272,3.0,0.0,3.123951540154728,0.3711111570009962,0.011010328948032111,0.5347931981086731,0.0
ADAPTIVE_ALLTIME_L05,2,17,0.0,0.0,0.07021733882176719,0.0,0.0,0.0,0.3618859769233562,2.3592774055716315,1.0649859579234613,0.017993211033636936,17.993211033636936,2742.007922343892,0.12744244666329674,1.658439865839863,1.4302007890073583,0.048390707932412624,1.2965149610536173,0.13950471195857972,7.0,0.0,15.052762634322264,1.2965149610536173,0.026155777974054217,0.6617270708084106,0.0
PLAIN_FM,2,18,0.0,0.0,0.07492354445174106,0.0,0.11241154041290269,0.0,0.38994788453352347,2.754867774490261,1.1151129952507215,0.04058833710575316,40.58833710575316,10127.735397268478,0.08792913211493167,1.4351584751221766,0.07037480297731236,0.043684148986358196,0.0,0.0,0.0,0.0,0.0,0.0,0.0,0.0,0.0
POV_L05_ALWAYS,2,18,0.0,0.0,0.04960320613906273,0.0,0.0,0.0,0.34407434705628764,1.9806034430247645,1.0944081929817266,0.017553388364032196,17.553388364032198,3346.039747655128,0.4285942731347939,2.1731284691042707,1.150255219952669,0.04759772907709703,1.0203761479933746,0.11421345692360774,7.0,0.0,22.582186244503497,1.0203761479933746,0.0,2.181095838546753,0.0
YFLOW_MAIN_PORT,2,18,0.0,0.0,0.04439268367539115,0.0,0.0,0.0,0.35123093542032974,2.0997974009942753,1.0443196021055674,0.01625093037990706,16.250930379907064,355.2016620659308,0.23615306994870908,1.882647028261963,0.3746161159942858,0.04527131904615089,0.2779254390625283,0.031173856055829674,3.0,0.0,3.4395401034354154,0.2779254390625283,0.0,1.2393065690994263,0.0
HYBRID_LATE_DAMPED,2,18,0.0,0.0,0.06424058873735002,0.0,0.0,0.0,0.35151604906952083,2.4078019573174894,1.0775746841031604,0.017090358194310484,17.090358194310483,2489.8927725846006,0.12244592835844456,1.6142814911459096,0.37456888396991417,0.045048035972286016,0.27804160298546776,0.031193303992040455,3.0,0.0,3.938911618095771,0.27804160298546776,0.0,0.6270262598991394,0.0
HYBRID_LATE_ADAPTIVE,2,18,0.0,0.0,0.06424058873735002,0.0,0.0,0.0,0.35151604906952083,2.4078019573174894,1.0775746841031604,0.017090358194310484,17.090358194310483,2489.8927725846006,0.12244592835844456,1.6142814911459096,0.3746922370046377,0.04519870696822181,0.2780500730150379,0.03116179397329688,3.0,0.0,3.938911618095771,0.2780500730150379,0.010985777014866471,0.6270262598991394,0.0
ADAPTIVE_ALLTIME_L05,2,18,0.0,0.0,0.06891978238299772,0.0,0.0,0.0,0.35109737265760044,2.4222673755852275,1.0650277619897113,0.018850005631479982,18.850005631479984,2596.996783765615,0.11573876116136123,1.6085328076251497,1.1528341769590043,0.0481539650936611,1.0193322960985824,0.11262928886571899,7.0,0.0,13.70383390776247,1.0193322960985824,0.026041117031127214,0.5668156147003174,0.0
PLAIN_FM,2,19,0.0,0.0,0.08039597726436491,0.0,0.2309204753875731,5.768306255340576,0.37846174109111613,2.795933428751267,1.1372402530659673,0.08351416089583863,83.51416089583864,20171.969852072525,0.10803459236391974,1.3891938587140304,0.07017710799118504,0.04368444002466276,0.0,0.0,0.0,0.0,0.0,0.0,0.0,0.0,0.0
POV_L05_ALWAYS,2,19,0.0,0.0,0.04777746681352531,0.0,0.0,0.9716939926147461,0.33220154735484875,2.0766934945744744,1.0650074824609366,0.026416972262800962,26.41697226280096,5366.632369313471,0.33642760647981695,1.9813500633707137,1.4266916760243475,0.04774649301543832,1.2965787468710914,0.1416125589166768,7.0,0.0,21.3331775169589,1.2965787468710914,0.0,1.7803221940994263,0.0
YFLOW_MAIN_PORT,2,19,0.0,0.0,0.05026017922756082,0.0,0.0,0.0,0.34338112851873215,2.20498496623895,1.0708209843443075,0.01945993208370276,19.459932083702757,325.15447891741206,0.2007733239793734,1.7484873866424158,0.6490650089690462,0.04527215095004067,0.5522760520689189,0.05770771496463567,3.0,0.0,3.0463360124196814,0.5522760520689189,0.0,1.0585929155349731,0.0
HYBRID_LATE_DAMPED,2,19,0.0,0.0,0.07033310327266455,0.0,0.0,0.7457566261291504,0.35238473684341154,2.495372802047555,1.078912506128069,0.031544548848058906,31.54454884805891,4959.1444165849825,0.10801905424084002,1.5747776074298312,0.5590148210176267,0.045443143986631185,0.4617811019415967,0.049118937051389366,3.0,0.0,3.842130340685049,0.4617811019415967,0.0,0.5152403116226196,0.0
HYBRID_LATE_ADAPTIVE,2,19,0.0,0.0,0.07033310327266455,0.0,0.0,0.7457566261291504,0.35238473684341154,2.495372802047555,1.078912506128069,0.031544548848058906,31.54454884805891,4959.1444165849825,0.10801905424084002,1.5747776074298312,0.5615598050062545,0.0452538700774312,0.4643261149758473,0.04922653001267463,3.0,0.0,3.842130340685049,0.4643261149758473,0.011189782992005348,0.5152403116226196,0.0
ADAPTIVE_ALLTIME_L05,2,19,0.0,0.0,0.06663310862252704,0.0,0.0,0.37542104721069336,0.36580308236483644,2.3524528069582913,1.068938571225372,0.02551042878821483,25.51042878821483,4441.410994533772,0.1407058055124202,1.672113648752481,1.6981356060132384,0.048301246017217636,1.564548629859928,0.16475355421425775,7.0,0.0,12.83758597282106,1.564548629859928,0.026078796130605042,0.8172542452812195,0.0
PLAIN_FM,2,20,0.0,0.0,0.07243080819675672,0.0,0.23281560506820664,1.3799858093261719,0.38350295233352466,2.7955287267417743,1.0769843008006752,0.055808512208656125,55.808512208656126,14566.08786207287,0.09763710893222269,1.3882424662458233,0.07039949402678758,0.04372155212331563,0.0,0.0,0.0,0.0,0.0,0.0,0.0,0.0,0.0
POV_L05_ALWAYS,2,20,0.0,0.0,0.046262294640200166,0.0,0.0,0.0,0.3425304507548573,1.9636969150111128,1.038797358193213,0.021615544866439906,21.615544866439905,4853.507176338079,0.4410442633879742,2.181763800727213,1.6029247589758597,0.04758007905911654,1.4734082039794885,0.15969775296980515,7.0,0.0,24.08349932747002,1.4734082039794885,0.0,2.32918381690979,0.0
YFLOW_MAIN_PORT,2,20,0.0,0.0,0.05710514944132265,1.1642945185741382e-07,0.005202250289916943,0.0,0.32171775376059975,2.3534281272459388,1.0383872466893072,0.03053617566660144,30.53617566660144,678.3075815677747,0.19904477340732238,1.751052444733768,0.6468670860049315,0.045368221937678754,0.5498410520376638,0.0569268548861146,3.0,0.0,3.5583558374013453,0.5498410520376638,0.0,0.9779325723648071,0.0
HYBRID_LATE_DAMPED,2,20,0.0,0.0,0.0704698086995303,0.0,0.0,0.0,0.348661872776807,2.5112650864817296,1.0408273731293063,0.02507993554342236,25.079935543422366,3749.521597031135,0.10845970665414505,1.5447525237581796,0.5645682229660451,0.0457379330182448,0.46656496403738856,0.05046223202953115,3.0,0.0,3.398984397500424,0.46656496403738856,0.0,0.4838673174381256,0.0
HYBRID_LATE_ADAPTIVE,2,20,0.0,0.0,0.0704698086995303,0.0,0.0,0.0,0.348661872776807,2.5112650864817296,1.0408273731293063,0.02507993554342236,25.079935543422366,3749.521597031135,0.10845970665414505,1.5447525237581796,0.5589613319607452,0.045302804093807936,0.4617649330175482,0.049882058112416416,3.0,0.0,3.3989843975004237,0.4617649330175482,0.011113219952676445,0.4838673174381256,0.0
ADAPTIVE_ALLTIME_L05,2,20,0.0,0.0,0.06712960737714314,0.0,0.0,0.0,0.3632754931054896,2.4079682791251815,1.0316965574655366,0.022678279206987062,22.678279206987064,3892.0945350108377,0.11271262620675862,1.634326523687809,1.4342045719968155,0.04965714004356414,1.2993377249222249,0.14552245510276407,7.0,0.0,14.060303311853755,1.2993377249222249,0.02593326201895252,0.6668338775634766,0.0
PLAIN_FM,2,21,0.0,0.0,0.07013513377911697,0.0,0.22506610717773423,0.3630948066711426,0.4045462411639627,2.6984325493128023,1.0980092317764327,0.046781319308014324,46.78131930801433,12268.803982336252,0.06659766412045448,1.4680365326808131,0.07029610098106787,0.043865173938684165,0.0,0.0,0.0,0.0,0.0,0.0,0.0,0.0,0.0
POV_L05_ALWAYS,2,21,0.0,0.0,0.050618110570549976,0.0,0.0,0.0,0.35741116003946155,1.9650166953875445,1.0291137326974882,0.018677518911280944,18.677518911280945,3671.3780548050695,0.3676370011874938,2.129033936402809,1.4204209669842385,0.04834703099913895,1.2904975730343722,0.1403276627534069,7.0,0.0,21.904770236395922,1.2904975730343722,0.0,1.8027219772338867,0.0
YFLOW_MAIN_PORT,2,21,0.0,0.0,0.05742667019593313,0.0,0.0,0.0,0.33003145637671516,2.1449820484331767,1.0450227149315867,0.02061803300307299,20.618033003072995,374.34240013799604,0.22184632877012195,1.8371488448143465,0.46304131601937115,0.045300200989004225,0.3669426059932448,0.03864882403286174,3.0,0.0,3.4662800621195005,0.3669426059932448,0.0,1.0313900709152222,0.0
HYBRID_LATE_DAMPED,2,21,0.0,0.0,0.06716508452284052,0.0,0.0,0.0,0.3626307244480171,2.4073590792930104,1.0506623088935805,0.021323481688084622,21.323481688084623,3188.8631221919095,0.11390774637448642,1.6220403497850453,0.5547202259767801,0.04523171886103228,0.4583989489474334,0.04848584998399019,3.0,0.0,2.824826455000953,0.4583989489474334,0.0,0.48704665899276733,0.0
HYBRID_LATE_ADAPTIVE,2,21,0.0,0.0,0.06716508452284052,0.0,0.0,0.0,0.3626307244480171,2.4073590792930104,1.0506623088935805,0.021323481688084622,21.323481688084623,3188.8631221919095,0.11390774637448642,1.6220403497850453,0.5536541600013152,0.04519194905878976,0.4574294949998148,0.0482832170673646,3.0,0.0,2.8248264550324773,0.4574294949998148,0.010889082972425967,0.48704665899276733,0.0
ADAPTIVE_ALLTIME_L05,2,21,0.0,0.0,0.0659339843879045,0.0,0.0,0.0,0.3559719311849176,2.4044021634469863,1.045623091739592,0.02341860380147001,23.418603801470013,3364.3952553518484,0.1185881830750814,1.637588721276674,1.2376396640320309,0.048518691095523536,1.1050703039509244,0.12140430905856192,7.0,0.0,13.707004715513614,1.1050703039509244,0.02561010408680886,0.5122647881507874,0.0
PLAIN_FM,2,22,0.0,0.0,0.07374438784537062,0.0,0.29348359670639024,1.597176194190979,0.40413397974748705,2.769388931417554,1.136277175316424,0.06265947881961109,62.65947881961111,17583.84480118834,0.11406180158242868,1.397144676343582,0.07083230500575155,0.04398293903796002,0.0,0.0,0.0,0.0,0.0,0.0,0.0,0.0,0.0
POV_L05_ALWAYS,2,22,0.0,0.0,0.0500098935801989,0.0,0.0,0.0,0.35300281492774366,2.0444719363108392,1.0821521073269895,0.023581410972069783,23.581410972069786,5242.426301342462,0.32952369237331025,2.0241547113828258,1.6928579249652103,0.04772624297766015,1.5634765861323103,0.16748180199647322,7.0,0.0,18.81241797487116,1.5634765861323103,0.0,1.8065675497055054,0.0
YFLOW_MAIN_PORT,2,22,0.0,0.0,0.04110405572094128,0.0,0.0,0.0,0.3563279734757505,2.025987230070759,0.9752262914867101,0.013786176843649817,13.78617684364982,318.9756144713275,0.28567923956750385,1.969149221821676,0.46566177398199216,0.0450321669341065,0.3696712250239216,0.041398713015951216,3.0,0.0,3.989150994072891,0.3696712250239216,0.0,1.5715916156768799,0.0
HYBRID_LATE_DAMPED,2,22,0.0,0.0,0.06483520505693026,0.0,0.0,0.0,0.37718441471466113,2.3630451721230883,1.0655867019885863,0.021311035348404,21.311035348404,4160.9540507199445,0.12476463427432304,1.6493860525279214,0.5605392750003375,0.04505583498394117,0.464133815956302,0.05021183495409787,3.0,0.0,3.525906858007682,0.464133815956302,0.0,0.7520277500152588,0.0
HYBRID_LATE_ADAPTIVE,2,22,0.0,0.0,0.06483520505693026,0.0,0.0,0.0,0.37718441471466113,2.3630451721230883,1.0655867019885863,0.021311035348404,21.311035348404,4160.9540507199445,0.12476463427432304,1.6493860525279214,0.5565044530085288,0.04482829797780141,0.4603670900105499,0.049313073919620365,3.0,0.0,3.525906858004969,0.4603670900105499,0.010974436067044735,0.7520277500152588,0.0
ADAPTIVE_ALLTIME_L05,2,22,0.0,0.0,0.06778420607900616,0.0,0.0,0.0,0.3560683360637637,2.4540842160910112,1.075334267600486,0.025642357730105703,25.6423577301057,4300.8385923787755,0.11117672563476244,1.5783332849060707,1.604486121039372,0.04784163605654612,1.4717374269966967,0.15742358611896634,7.0,0.0,17.078237055985475,1.4717374269966967,0.025917742867022753,0.5584059953689575,0.0
PLAIN_FM,2,23,0.0,0.0,0.07715221748215757,0.0,0.2491651591300963,2.5935721397399902,0.38455987635419425,2.768806807714907,1.0874400490495422,0.05371037734171899,53.710377341718996,12887.779623358736,0.09300722657022042,1.3781679157440352,0.06964592501753941,0.04324341000756249,0.0,0.0,0.0,0.0,0.0,0.0,0.0,0.0,0.0
POV_L05_ALWAYS,2,23,0.0,0.0,0.053825568580905675,0.0,0.0,0.0,0.3431759659734037,2.0096868052624695,1.0699068355488652,0.02252920800812319,22.52920800812319,4125.505044309219,0.37108788578485397,2.0888969572259533,1.3306581120123155,0.04710611602058634,1.2016224699909799,0.13371403992641717,7.0,0.0,23.06860145809638,1.2016224699909799,0.0,2.008720636367798,0.0
YFLOW_MAIN_PORT,2,23,0.0,0.0,0.047978637739729726,0.0,0.0,0.0,0.3479506381632491,2.2674718712840307,0.985752796748444,0.027091474945002025,27.091474945002023,540.6098651681124,0.190332694778091,1.7815103265301988,0.649944739008788,0.04490351106505841,0.5537849250249565,0.06151084997691214,3.0,0.0,3.80764812871397,0.5537849250249565,0.0,0.9777269959449768,0.0
HYBRID_LATE_DAMPED,2,23,0.0,0.0,0.07430891404111285,0.0,0.0,0.0,0.35446973411764426,2.4647944079241393,1.056000731005456,0.023982330791204404,23.982330791204404,3191.786378894335,0.10811750032715643,1.5634358666071928,0.4659551320364699,0.044843892042990774,0.36981032107723877,0.04149297601543367,3.0,0.0,4.180980694230635,0.36981032107723877,0.0,0.5106937289237976,0.0
HYBRID_LATE_ADAPTIVE,2,23,0.0,0.0,0.07430891404111285,0.0,0.0,0.0,0.35446973411764426,2.4647944079241393,1.056000731005456,0.023982330791204404,23.982330791204404,3191.786378894335,0.10811750032715643,1.5634358666071928,0.46515499299857765,0.04487180104479194,0.36906971101416275,0.04140599397942424,3.0,0.0,4.180980694230634,0.36906971101416275,0.010930794989690185,0.5106937289237976,0.0
ADAPTIVE_ALLTIME_L05,2,23,0.0,0.0,0.06679098796044043,0.0,0.0,0.0,0.35114723456327723,2.4773910180196723,1.024205436153315,0.027497805241096768,27.49780524109677,3672.6094452160137,0.11147869490671751,1.5787944150928521,1.4245193299720995,0.047783084912225604,1.291902336932253,0.14137753006070852,7.0,0.0,16.904236143693407,1.291902336932253,0.025989286019466817,0.5440967679023743,0.0
PLAIN_FM,2,24,0.0,0.0,0.07795016223562744,0.0,0.35474376049041734,1.340014934539795,0.3789092076162667,2.7538173782129425,1.0964201016733892,0.05308106112326616,53.08106112326616,14827.009700238466,0.08846838498190725,1.4304442933437966,0.0698336599743925,0.04334150202339515,0.0,0.0,0.0,0.0,0.0,0.0,0.0,0.0,0.0
POV_L05_ALWAYS,2,24,0.0,0.0,0.05447849258069688,0.0,0.0,0.06682097911834717,0.32940670819226237,2.1227718257290134,1.0804019371183484,0.022876056032728798,22.876056032728798,4856.155518949379,0.34416718065074275,1.9873042541794985,1.6026055089896545,0.047099226096179336,1.473796125035733,0.1602537920116447,7.0,0.0,23.49089088989627,1.473796125035733,0.0,1.7546594142913818,0.0
YFLOW_MAIN_PORT,2,24,0.0,0.0,0.06127868812506909,0.0,0.0,0.0,0.32540452363094,2.1981746175349786,1.0152763527335666,0.021746397633964805,21.746397633964804,425.40924220333983,0.20261614223187224,1.7689119657362407,0.37364497705129907,0.04490548302419484,0.277471033972688,0.03141316102119163,3.0,0.0,3.8246082235029735,0.277471033972688,0.0,1.010972499847412,0.0
HYBRID_LATE_DAMPED,2,24,0.0,0.0,0.0714806662141166,0.0,0.0,0.0,0.3440574844927551,2.468434481758335,1.0422905561571831,0.02329516794143216,23.295167941432158,3802.333851457218,0.10666086560559067,1.5842417876572956,0.3770467119757086,0.045522005995735526,0.2797183810034767,0.031608738063368946,3.0,0.0,3.4989934780746212,0.2797183810034767,0.0,0.49568554759025574,0.0
HYBRID_LATE_ADAPTIVE,2,24,0.0,0.0,0.0714806662141166,0.0,0.0,0.0,0.3440574844927551,2.468434481758335,1.0422905561571831,0.02329516794143216,23.295167941432158,3802.333851457218,0.10666086560559067,1.5842417876572956,0.3742293019895442,0.044809831015300006,0.2781688109971583,0.03136704204371199,3.0,0.0,3.49899347807462,0.2781688109971583,0.010993586969561875,0.49568554759025574,0.0
ADAPTIVE_ALLTIME_L05,2,24,0.0,0.0,0.06901290403009529,0.0,0.0,0.0,0.3488523826408461,2.4199501603537423,1.042458593707689,0.020703493842677112,20.703493842677112,3627.23167136616,0.11708417102672554,1.6132167600686578,1.6069551020045765,0.04786262713605538,1.4742786269052885,0.15878753014840186,7.0,0.0,13.279267550376709,1.4742786269052885,0.025986684020608664,0.5685364603996277,0.0
PLAIN_FM,2,25,0.0,0.0,0.07550205992852614,0.0,0.284578364753723,0.9311389923095703,0.4057563339554267,2.723584530500579,1.1109527858287649,0.041810098397341205,41.81009839734121,10385.713081528009,0.07838171344079688,1.442371878142471,0.0695332019822672,0.043269681045785546,0.0,0.0,0.0,0.0,0.0,0.0,0.0,0.0,0.0
POV_L05_ALWAYS,2,25,0.0,0.0,0.05378896419019512,0.0,0.0,0.0,0.32283815944562344,2.0920256664181602,1.0316111091268982,0.02134912896082586,21.34912896082586,3378.286198758685,0.39189432830916743,2.0694131834685,1.6877895509824157,0.04712947801453993,1.558572503970936,0.16316153190564364,7.0,0.0,21.114347576534268,1.558572503970936,0.0,2.0255024433135986,0.0
YFLOW_MAIN_PORT,2,25,0.0,0.0,0.05660862559523873,0.0,0.0,0.0,0.33072043593875944,2.210463332063754,1.0546770929528602,0.019243291585230186,19.243291585230185,364.21660898224854,0.21119078701168895,1.7529038226521454,0.552268469997216,0.044878552143927664,0.4561605069320649,0.04618585394928232,3.0,0.0,3.0556235311723983,0.4561605069320649,0.0,1.007192611694336,0.0
HYBRID_LATE_DAMPED,2,25,0.0,0.0,0.06706008731074252,0.0,0.0,0.0,0.3622748911973853,2.432358305595125,1.06026258156747,0.01895740724347106,18.957407243471057,2573.2353006128415,0.11127225945144574,1.595579362451012,0.4643138229730539,0.04493957193335518,0.36807763803517446,0.038580011925660074,3.0,0.0,3.159459344808682,0.36807763803517446,0.0,0.5006124377250671,0.0
HYBRID_LATE_ADAPTIVE,2,25,0.0,0.0,0.06706008731074252,0.0,0.0,0.0,0.3622748911973853,2.432358305595125,1.06026258156747,0.01895740724347106,18.957407243471057,2573.2353006128415,0.11127225945144574,1.595579362451012,0.46264290099497885,0.04479774896753952,0.3666921020485461,0.03847053006757051,3.0,0.0,3.1594593448086727,0.3666921020485461,0.010947475908324122,0.5006124377250671,0.0
ADAPTIVE_ALLTIME_L05,2,25,0.0,0.0,0.06726415760632042,0.0,0.0,0.0,0.3571133150763509,2.4426342580261373,1.0595733720132965,0.019990655666665275,19.990655666665276,2655.7002654364223,0.11192434771491716,1.587072560122634,1.689235981029924,0.04783103690715507,1.5566474369261414,0.1601949090254493,7.0,0.0,11.449026555087977,1.5566474369261414,0.026042326993774623,0.4919154644012451,0.0
PLAIN_FM,2,26,0.0,0.0,0.0718052727477468,0.0,0.22048042383193955,1.5477252006530762,0.3921886159032357,2.7565480674482252,1.0914313088890073,0.04603507640757121,46.03507640757121,11530.340079833113,0.08709661284844213,1.4053780894200114,0.06977189896861091,0.043416625005193055,0.0,0.0,0.0,0.0,0.0,0.0,0.0,0.0,0.0
POV_L05_ALWAYS,2,26,0.0,0.0,0.05078690073670154,0.0,0.0,0.0,0.3336016057457926,2.101100311954745,1.0532921496356258,0.01923998272591354,19.239982725913542,3633.964698481872,0.3163889084051168,1.9702182613015808,1.331770941033028,0.047182639013044536,1.2025030300137587,0.13035077799577266,7.0,0.0,20.991333812505978,1.2025030300137587,0.0,1.720503568649292,0.0
YFLOW_MAIN_PORT,2,26,0.0,0.0,0.06777196687808602,0.0,0.00554199676513667,0.0,0.32478369445298455,2.3394186613958903,1.0526032765371651,0.027299230999576818,27.299230999576817,535.9209570267781,0.1799872427048885,1.688409341183859,0.46579508198192343,0.04508412611903623,0.3695057540317066,0.04017461306648329,3.0,0.0,2.7644770302570314,0.3695057540317066,0.0,0.8761005997657776,0.0
HYBRID_LATE_DAMPED,2,26,0.0,0.0,0.0680366457977639,0.0,0.0,0.0,0.35446249502179805,2.4705878479228627,1.0546806305637673,0.02037812927632221,20.378129276322213,2817.3363101553496,0.10730057023148183,1.5495006843372974,0.4651893270201981,0.04482828202890232,0.3691044030128978,0.03944427304668352,3.0,0.0,3.050630541544332,0.3691044030128978,0.0,0.5043299198150635,0.0
HYBRID_LATE_ADAPTIVE,2,26,0.0,0.0,0.0680366457977639,0.0,0.0,0.0,0.35446249502179805,2.4705878479228627,1.0546806305637673,0.02037812927632221,20.378129276322213,2817.3363101553496,0.10730057023148183,1.5495006843372974,0.46490171004552394,0.04499318398302421,0.3685391509789042,0.0394916539080441,3.0,0.0,3.0506305415277666,0.3685391509789042,0.010965135938022286,0.5043299198150635,0.0
ADAPTIVE_ALLTIME_L05,2,26,0.0,0.0,0.06833678012692886,0.0,0.0,0.0,0.3537649986556568,2.466051207915667,1.0501501769259087,0.022231725638739874,22.231725638739874,3118.6344968219255,0.10318543071283634,1.5694437209611773,1.1499559790245257,0.04784178803674877,1.017422666947823,0.11304964998271316,7.0,0.0,13.21404391040944,1.017422666947823,0.025841670983936638,0.5117303133010864,0.0
PLAIN_FM,2,27,0.0,0.0,0.07458849794355758,0.0,0.18569008674621568,1.5639376640319824,0.3905735362401349,2.731721054433581,1.105295255263302,0.05113596396381137,51.13596396381137,13375.964807015725,0.07894096603296555,1.431550949149827,0.0698958919965662,0.043384812073782086,0.0,0.0,0.0,0.0,0.0,0.0,0.0,0.0,0.0
POV_L05_ALWAYS,2,27,0.0,0.0,0.046281264626508875,0.0,0.0,0.034983158111572266,0.3434934347914472,1.9962002650023734,1.0770753332770349,0.021634107924899837,21.634107924899837,3834.830971674208,0.4262084192722801,2.16656602176449,1.3350412970175967,0.04721113003324717,1.2056819050339982,0.13384259294252843,7.0,0.0,20.428176892689162,1.2056819050339982,0.0,2.130934953689575,0.0
YFLOW_MAIN_PORT,2,27,0.0,0.0,0.06295926841088327,0.0,0.0,0.0,0.35087710485696183,2.0996610323681937,1.0127370743645108,0.017254099944392302,17.2540999443923,317.38843828491076,0.22401077724148072,1.8775903175366708,0.6502494529704563,0.044836460903752595,0.5541458490188234,0.06150484108366072,3.0,0.0,3.5525112337873677,0.5541458490188234,0.0,1.1155747175216675,0.0
HYBRID_LATE_DAMPED,2,27,0.0,0.0,0.06925821910189782,0.0,0.0,0.0,0.3552097632643533,2.4445806644246453,1.0634215620931429,0.02275456535438966,22.754565354389662,3335.9677991199433,0.11316529157929926,1.5828973442528855,0.5592001079930924,0.044872882892377675,0.46281837997958064,0.051375594979617745,3.0,0.0,3.5063170075103502,0.46281837997958064,0.0,0.4714650809764862,0.0
HYBRID_LATE_ADAPTIVE,2,27,0.0,0.0,0.06925821910189782,0.0,0.0,0.0,0.3552097632643533,2.4445806644246453,1.0634215620931429,0.02275456535438966,22.754565354389662,3335.9677991199433,0.11316529157929926,1.5828973442528855,0.5576545899966732,0.044912512006703764,0.46137605200055987,0.05133197398390621,3.0,0.0,3.5063170075103502,0.46137605200055987,0.01108866895083338,0.4714650809764862,0.0
ADAPTIVE_ALLTIME_L05,2,27,0.0,0.0,0.06699686363130088,0.0,0.0,0.0,0.36157154595068125,2.378090595532489,1.0570572151765745,0.021708431514842336,21.708431514842335,3344.214851506577,0.12115571984668683,1.6481913811600206,1.4250923399813473,0.047995128901675344,1.2925977810518816,0.14066360413562506,7.0,0.0,13.413272540317417,1.2925977810518816,0.02581682789605111,0.5680546164512634,0.0
PLAIN_FM,2,28,0.0,0.0,0.08012475142715784,0.0,0.19464300241470323,0.4125666618347168,0.39615475121121463,2.786211928597446,1.095773467151584,0.04934578444145754,49.345784441457546,12317.148958788282,0.10673753506656618,1.401388575927097,0.06972139800200239,0.04336873395368457,0.0,0.0,0.0,0.0,0.0,0.0,0.0,0.0,0.0
POV_L05_ALWAYS,2,28,0.0,0.0,0.056743122808125074,0.0,0.0,0.0,0.35393977107092633,2.083849829542875,1.060586550623675,0.02033505459384788,20.33505459384788,3502.0884726254308,0.3505345847566742,2.06200911512828,1.3306149690179154,0.04733201098861173,1.2012993901153095,0.13150042411871254,7.0,0.0,23.783101459472036,1.2012993901153095,0.0,1.9642016887664795,0.0
YFLOW_MAIN_PORT,2,28,0.0,0.0,0.06214098761121646,0.0,0.0,0.0,0.3487040360245115,2.1637713021695766,1.031146592146345,0.017497564123564315,17.497564123564317,349.71058933985506,0.2019896765942225,1.7924568859503105,0.556002567987889,0.044992645853199065,0.45964193902909756,0.04869265796151012,3.0,0.0,4.985681581238145,0.45964193902909756,0.0,1.1387256383895874,0.0
HYBRID_LATE_DAMPED,2,28,0.0,0.0,0.07230436605576553,0.0,0.0,0.0,0.361811965620702,2.4575140161968094,1.048239993239336,0.021554149289023106,21.554149289023105,2966.1714878213456,0.10287923788818656,1.5844482375378206,0.4666240850347094,0.044812720036134124,0.37048440193757415,0.04153558803955093,3.0,0.0,5.2983775672409825,0.37048440193757415,0.0,0.5728815793991089,0.0
HYBRID_LATE_ADAPTIVE,2,28,0.0,0.0,0.07230436605576553,0.0,0.0,0.0,0.361811965620702,2.4575140161968094,1.048239993239336,0.021554149289023106,21.554149289023105,2966.1714878213456,0.10287923788818656,1.5844482375378206,0.4671981199644506,0.04487258201697841,0.37081443902570754,0.041864625993184745,3.0,0.0,5.2983775672409825,0.37081443902570754,0.011049179011024535,0.5728815793991089,0.0
ADAPTIVE_ALLTIME_L05,2,28,0.0,0.0,0.07440164469134376,0.0,0.0,0.0,0.35359514787131113,2.49994381428606,1.0476284652448757,0.023598215950639573,23.59821595063957,3052.540160298034,0.10522699972692906,1.5609936580664208,1.602505876973737,0.04780433600535616,1.4699074129457586,0.15591164317447692,7.0,0.0,18.463051883394083,1.4699074129457586,0.02597931510536,0.5142391920089722,0.0
PLAIN_FM,2,29,0.0,0.0,0.07446201117604119,0.0,0.16270772781372056,1.3470721244812012,0.38654080196756985,2.735607077134057,1.066581384300574,0.06563782861965406,65.63782861965406,18347.009443456063,0.08268954913254947,1.4371101818826848,0.06964978598989546,0.04322731209686026,0.0,0.0,0.0,0.0,0.0,0.0,0.0,0.0,0.0
POV_L05_ALWAYS,2,29,0.0,0.0,0.06462767819260214,0.0,0.0,0.0,0.3544225535078668,2.246455459872215,1.0735257528478306,0.030983248905440658,30.983248905440657,5851.689506297225,0.23245096405933152,1.8088600197128675,1.510597019980196,0.04715247900458053,1.3813469911110587,0.14924219285603613,7.0,0.0,23.225438979796962,1.3813469911110587,0.0,1.1188442707061768,0.0
YFLOW_MAIN_PORT,2,29,0.0,0.0,0.06098226020373247,0.0,0.0,0.0,0.3582254981968939,2.161603493337758,1.0192093137726335,0.018279649942957832,18.279649942957832,333.655098847363,0.20556364983954445,1.7917500842360048,0.5559787200181745,0.04488491197116673,0.45979979599360377,0.04880776006029919,3.0,0.0,2.829469827633454,0.45979979599360377,0.0,1.0221009254455566,0.0
HYBRID_LATE_DAMPED,2,29,0.0,0.0,0.06841085435153367,0.0,0.0,0.0,0.35296493286209357,2.483355126825477,1.0444447249123594,0.028838622866343644,28.838622866343645,4871.673743635597,0.10685188458972292,1.586202853559624,0.5604760930291377,0.04494750208687037,0.46403232199372724,0.05014692508848384,3.0,0.0,3.0852298740634794,0.46403232199372724,0.0,0.4642644226551056,0.0
HYBRID_LATE_ADAPTIVE,2,29,0.0,0.0,0.06841085435153367,0.0,0.0,0.0,0.35296493286209357,2.483355126825477,1.0444447249123594,0.028838622866343644,28.838622866343645,4871.673743635597,0.10685188458972292,1.586202853559624,0.5605467759887688,0.045277602039277554,0.4637341430061497,0.04937444592360407,3.0,0.0,3.0852298740634794,0.4637341430061497,0.01099384797271341,0.4642644226551056,0.0
ADAPTIVE_ALLTIME_L05,2,29,0.0,0.0,0.0685498004363825,0.0,0.0,0.0,0.3518256023521512,2.47497599161969,1.0426578755443243,0.028919513844453792,28.919513844453792,4884.7747458443,0.11036697023166242,1.595507397694735,1.5145099519868381,0.04790698998840526,1.3815713690128177,0.14626152900746092,7.0,0.0,13.51293032695201,1.3815713690128177,0.026083755947183818,0.4835916757583618,0.0
PLAIN_FM,2,30,0.0,0.0,0.07586114812437174,0.0,0.23737267818450913,0.5748879909515381,0.39185614355985715,2.7338634420017813,1.077118611633034,0.04863820163843924,48.638201638439234,12586.807640898534,0.07074715693579545,1.441045824645159,0.07047258701641113,0.043809983995743096,0.0,0.0,0.0,0.0,0.0,0.0,0.0,0.0,0.0
POV_L05_ALWAYS,2,30,0.0,0.0,0.04682293342455854,0.0,0.0,0.0,0.30452965179503977,2.0652808385489685,1.0363049702659342,0.023894708614984772,23.894708614984772,3989.7769036263635,0.3743519214665321,2.0935307909202323,1.3287214279989712,0.04720720095792785,1.1995732419309206,0.1295562549494207,7.0,0.0,23.98262102543044,1.1995732419309206,0.0,1.9503390789031982,0.0
YFLOW_MAIN_PORT,2,30,0.0,0.0,0.05577717401786804,0.0,0.0,0.0,0.3402596620404293,2.2007361843552897,1.058169305633874,0.019273627800341645,19.273627800341647,339.26526251494846,0.2001951815768206,1.7492640567572846,0.4648884340422228,0.04509125789627433,0.3684918510261923,0.03970230201957747,3.0,0.0,2.7165587232701105,0.3684918510261923,0.0,0.9962544441223145,0.0
HYBRID_LATE_DAMPED,2,30,0.0,0.0,0.07156607401737568,0.0,0.0,0.0,0.3538971003730862,2.4575870397902824,1.0459090541360787,0.022401497837140294,22.401497837140298,3201.7498633864607,0.10157205403701562,1.5772928638377266,0.4654382469598204,0.04483178001828492,0.3692182610393502,0.03988417499931529,3.0,0.0,2.819972966720021,0.3692182610393502,0.0,0.47912588715553284,0.0
HYBRID_LATE_ADAPTIVE,2,30,0.0,0.0,0.07156607401737568,0.0,0.0,0.0,0.3538971003730862,2.4575870397902824,1.0459090541360787,0.022401497837140294,22.401497837140298,3201.7498633864607,0.10157205403701562,1.5772928638377266,0.4651015989948064,0.044950253097340465,0.36875161004718393,0.03976203198544681,3.0,0.0,2.819972966720021,0.36875161004718393,0.011042269004974514,0.47912588715553284,0.0
ADAPTIVE_ALLTIME_L05,2,30,0.0,0.0,0.07148007056289464,0.0,0.0,0.0,0.35371756264176113,2.4433269051874578,1.0415722529597513,0.022518515588293986,22.518515588293987,3349.314759513655,0.10409390906831925,1.5879993481831702,1.2417083160253242,0.0478768179891631,1.1091236529755406,0.12192388507537544,7.0,0.0,11.414980765199369,1.1091236529755406,0.026015957002528012,0.50025874376297,0.0
PLAIN_FM,2,31,0.0,0.0,0.07254921814889832,0.0,0.24672583904266343,1.408160924911499,0.4093543855815451,2.7095429406521925,1.127384449889025,0.05354271438438915,53.54271438438914,15055.927547627947,0.06851496271719525,1.4337899910469722,0.06980456097517163,0.04332928289659321,0.0,0.0,0.0,0.0,0.0,0.0,0.0,0.0,0.0
POV_L05_ALWAYS,2,31,0.0,0.0,0.04733002766748132,0.0,0.0,0.0,0.35031824496122194,1.9936442884255017,1.0820961106037343,0.020783753354045587,20.783753354045587,4717.788033637405,0.4152715964078891,2.101185223952398,1.4225619780481793,0.0471013470669277,1.2933397790184245,0.14114650606643409,7.0,0.0,22.172589495127752,1.2933397790184245,0.0,2.008676767349243,0.0
YFLOW_MAIN_PORT,2,31,0.0,0.0,0.04924267352812632,0.0,0.0016851839065550323,0.0,0.3322277024876087,2.1931322803120983,1.0852532403591229,0.02017134799573054,20.171347995730542,352.44009213524475,0.20619859604671809,1.776879003382104,0.4680839159991592,0.04509920900454745,0.37167065497487783,0.04181734501617029,3.0,0.0,3.1675196118135793,0.37167065497487783,0.0,0.9778150320053101,0.0
HYBRID_LATE_DAMPED,2,31,0.0,0.0,0.06606762551756905,0.0,0.0,0.0,0.36525665237426413,2.425398563068377,1.0779894839428508,0.02087600780911189,20.87600780911189,3486.707377627974,0.10656156117822277,1.5902168795534537,0.5614956810022704,0.04510079912142828,0.46449157601455227,0.050104483030736446,3.0,0.0,2.8306992754037896,0.46449157601455227,0.0,0.4806711971759796,0.0
HYBRID_LATE_ADAPTIVE,2,31,0.0,0.0,0.06606762551756905,0.0,0.0,0.0,0.36525665237426413,2.425398563068377,1.0779894839428508,0.02087600780911189,20.87600780911189,3486.707377627974,0.10656156117822277,1.5902168795534537,0.5576179540366866,0.04530277103185654,0.4607294900342822,0.04968586203176528,3.0,0.0,2.8306992753923392,0.4607294900342822,0.011059588985517621,0.4806711971759796,0.0
ADAPTIVE_ALLTIME_L05,2,31,0.0,0.0,0.06541452825966053,0.0,0.0,0.0,0.3570380189888851,2.449040338810114,1.0745050724607257,0.02342032923705553,23.420329237055533,3733.7034960112487,0.10306904431465427,1.5829706126472949,1.7882985550095327,0.048138945014216006,1.6550487328786403,0.1745837500784546,7.0,0.0,13.517702431703295,1.6550487328786403,0.02608186792349443,0.4730054438114166,0.0
PLAIN_FM,3,0,0.0,0.0,0.10010414359172834,0.0,0.1594936416625976,0.1974773406982422,0.9139086089876021,2.331255434261303,0.8897540892355044,0.03854135302258421,38.54135302258422,8290.035833511,0.08285301264346928,1.4351735307648656,0.07083233701996505,0.04405049904016778,0.0,0.0,0.0,0.0,0.0,0.0,0.0,0.0,0.0
POV_L05_ALWAYS,3,0,0.0,0.0,0.06909585189553777,0.0,0.0,0.0,0.6215624457772857,1.4290845932327398,0.6066173830920145,0.014052650457969662,14.052650457969662,2387.030938720968,0.44572872271349806,1.836971541267014,1.148901499051135,0.04735251411329955,1.0190879448782653,0.11268066189950332,7.0,0.0,27.359961050601164,1.0190879448782653,0.0,2.415432929992676,0.0
YFLOW_MAIN_PORT,3,0,1.0,0.0,-0.02878275271762703,0.0,0.005659025573730325,0.0,0.5357099449531596,1.9069548803849854,0.8384577804603547,0.028804687809669716,28.80468780966972,749.3331094881482,0.24397548863107327,1.2577330374070785,0.37523759400937706,0.04496965405996889,0.2787823010585271,0.03155958600109443,3.0,0.0,4.209369354459177,0.2787823010585271,0.0,1.2268569469451904,0.0
HYBRID_LATE_DAMPED,3,0,0.0,0.0,0.10290109943798886,0.0,0.0,0.0,0.7275784702772321,2.0561284470095207,0.808028856945961,0.021850202737215163,21.850202737215167,2321.883726384843,0.14634025332519315,1.3008612806791902,0.37371486600022763,0.04483773105312139,0.27760414202930406,0.03132587799336761,3.0,0.0,4.272583860791316,0.27760414202930406,0.0,0.6423993706703186,0.0
HYBRID_LATE_ADAPTIVE,3,0,0.0,0.0,0.10290109943798886,0.0,0.0,0.0,0.7275784702772321,2.0561284470095207,0.808028856945961,0.021850202737215163,21.850202737215167,2321.883726384843,0.14634025332519315,1.3008612806791902,0.37383745901752263,0.044966374000068754,0.27761255198856816,0.03135241102427244,3.0,0.0,4.272583860791316,0.27761255198856816,0.01104737794958055,0.6423993706703186,0.0
ADAPTIVE_ALLTIME_L05,3,0,0.0,0.0,0.10636567425196491,0.0,0.0,0.0,0.7242152919025258,2.0196804080884254,0.793651477145646,0.02087797651472556,20.87797651472556,2268.1375585031033,0.14851923547900536,1.3002998319602663,1.238633373985067,0.04794252006104216,1.1060109279933386,0.12183634500252083,7.0,0.0,18.00398565798083,1.1060109279933386,0.025908823998179287,0.6821460127830505,0.0
PLAIN_FM,3,1,0.0,0.0,0.10539370839583456,0.0,0.04855688076019282,0.0,0.9074296389313632,2.2996835142954124,0.878929025821997,0.03968958478642204,39.689584786422046,8596.777101910737,0.08055134879619588,1.4193914263204839,0.06988282199017704,0.043460994958877563,0.0,0.0,0.0,0.0,0.0,0.0,0.0,0.0,0.0
POV_L05_ALWAYS,3,1,0.0,0.0,0.05435576814980489,0.0,0.0,0.0,0.6322332284474013,1.4753928686635602,0.6176334428310687,0.015763238936116863,15.763238936116863,2890.2198680777146,0.4437625684779447,1.8061028849727658,1.0548712500021793,0.04703777591930702,0.9258668350521475,0.10333887801971287,7.0,0.0,24.878073677709907,0.9258668350521475,0.0,2.263963222503662,0.0
YFLOW_MAIN_PORT,3,1,1.0,0.0,-0.016903494644254738,0.0,0.0,0.0,0.5485152862381094,1.767083001415158,0.7641891834234318,0.018461973207278826,18.461973207278827,413.0046653992193,0.28037692783710255,1.2765682829644316,0.3735172019805759,0.04498266498558223,0.2773832580423914,0.031351391051430255,3.0,0.0,4.071192696662077,0.2773832580423914,0.0,1.2451989650726318,0.0
HYBRID_LATE_DAMPED,3,1,0.0,0.0,0.09583692672729072,0.0,0.0,0.0,0.7261664425810789,2.03280426482449,0.7900222984850519,0.020999648873496923,20.999648873496923,2424.3275539150845,0.15734710019818218,1.2979293373867797,0.3741246869903989,0.04498061491176486,0.27770531497662887,0.03128539997851476,3.0,0.0,4.158960089539759,0.27770531497662887,0.0,0.6186158061027527,0.0
HYBRID_LATE_ADAPTIVE,3,1,0.0,0.0,0.09583692672729072,0.0,0.0,0.0,0.7261664425810789,2.03280426482449,0.7900222984850519,0.020999648873496923,20.999648873496923,2424.3275539150845,0.15734710019818218,1.2979293373867797,0.374480735976249,0.04488352395128459,0.2782002280000597,0.03130222903564572,3.0,0.0,4.158960089539759,0.2782002280000597,0.011047839012462646,0.6186158061027527,0.0
ADAPTIVE_ALLTIME_L05,3,1,0.0,0.0,0.09486748147502613,0.0,0.0,0.0,0.7244834091475191,1.9813566963324196,0.7694957749308591,0.01936388774629627,19.36388774629627,2403.632326474092,0.16477817526906588,1.300106903579072,1.1470440659904853,0.047830188006628305,1.0148279289132915,0.11098196695093066,7.0,0.0,16.225056665141736,1.0148279289132915,0.025853143946733326,0.664140522480011,0.0
PLAIN_FM,3,2,0.0,0.0,0.10383387535960573,0.0,0.18573279838562007,0.12506365776062012,0.9028525020835896,2.300516820537894,0.8675831097606802,0.03957675656381987,39.57675656381987,9247.619982970613,0.0731575604655351,1.4110432807140518,0.06970520899631083,0.04333198198582977,0.0,0.0,0.0,0.0,0.0,0.0,0.0,0.0,0.0
POV_L05_ALWAYS,3,2,0.0,0.0,0.07684036051857798,0.0,0.0,0.0,0.6460176299799073,1.3671797183306769,0.5285823090450155,0.010153263515473299,10.153263515473299,1625.011387637798,0.4832483225937446,1.844505867047847,1.2407061089761555,0.04718917002901435,1.1115845641470514,0.12330052995821461,7.0,0.0,32.3678200749953,1.1115845641470514,0.0,2.4561660289764404,0.0
YFLOW_MAIN_PORT,3,2,1.0,0.0,-0.02509921739243197,0.0,0.005343120956420755,0.0,0.5343306779355711,1.887277804596155,0.8302528093095605,0.02896686671100568,28.96686671100568,758.239204672062,0.24407053067718104,1.2516831880154624,0.46607182698789984,0.04492963495431468,0.3696844659280032,0.039673339924775064,3.0,0.0,3.8653430761090433,0.3696844659280032,0.0,1.1869146823883057,0.0
HYBRID_LATE_DAMPED,3,2,0.0,0.0,0.10385371151267048,0.0,0.0,0.0,0.7203648684164958,2.0002996975728062,0.7870760589805363,0.019176448187313788,19.176448187313788,2097.6230327523385,0.15126249351973284,1.2916569704310699,0.4656759980134666,0.04525344102876261,0.36904493998736143,0.03966331103583798,3.0,0.0,4.045107397187552,0.36904493998736143,0.0,0.6356983780860901,0.0
HYBRID_LATE_ADAPTIVE,3,2,0.0,0.0,0.10385371151267048,0.0,0.0,0.0,0.7203648684164958,2.0002996975728062,0.7870760589805363,0.019176448187313788,19.176448187313788,2097.6230327523385,0.15126249351973284,1.2916569704310699,0.4646702330210246,0.04496100597316399,0.3685186070506461,0.04012419196078554,3.0,0.0,4.045107397187552,0.3685186070506461,0.010996946948580444,0.6356983780860901,0.0
ADAPTIVE_ALLTIME_L05,3,2,0.0,0.0,0.10303438127334874,0.0,0.0,0.0,0.7189229120184425,1.983951491535597,0.7754860747565359,0.02053109893466054,20.531098934660545,2151.2500555111556,0.15293421148169015,1.2902586990422822,1.2433568480191752,0.047816204954870045,1.1109546669758856,0.12293905299156904,7.0,0.0,19.944691845884485,1.1109546669758856,0.025854373001493514,0.6693249344825745,0.0
PLAIN_FM,3,3,0.0,0.0,0.0954623785003828,0.0,0.1406800315856933,0.10819554328918457,0.881358940358716,2.288508898856787,0.8527948533379283,0.03896568972462977,38.965689724629776,9738.08298172234,0.08874381767325547,1.3574346809952795,0.06973882997408509,0.04336229496402666,0.0,0.0,0.0,0.0,0.0,0.0,0.0,0.0,0.0
POV_L05_ALWAYS,3,3,0.0,0.0,0.07000249333246697,0.0,0.0,0.0,0.6233780166791429,1.4050616332490151,0.5824534882132347,0.012583455957869916,12.583455957869916,2378.1657848758186,0.4484393628948313,1.806718783221466,1.3338414520258084,0.04728250193875283,1.2041937710600905,0.130426082003396,7.0,0.0,27.333673987784373,1.2041937710600905,0.0,2.3722662925720215,0.0
YFLOW_MAIN_PORT,3,3,1.0,0.0,-0.022111663085389484,0.0,0.0,0.0,0.5331110877297673,1.820470507071378,0.802875396576777,0.02335930601435887,23.359306014358875,539.152583462421,0.25806606767686896,1.2063077260466024,0.4634992139763199,0.04492276499513537,0.3673853190266527,0.03871853702003136,3.0,0.0,4.015046206749367,0.3673853190266527,0.0,1.1806808710098267,0.0
HYBRID_LATE_DAMPED,3,3,0.0,0.0,0.10128489048658619,0.0,0.0,0.0,0.706656088269344,2.006193050459876,0.7779075879185317,0.020420276604085075,20.420276604085075,2647.117726980763,0.15874185013519035,1.2384428145309103,0.4652535690111108,0.04491949186194688,0.36891103797825053,0.03959995898185298,3.0,0.0,4.116826000613816,0.36891103797825053,0.0,0.6156564950942993,0.0
HYBRID_LATE_ADAPTIVE,3,3,0.0,0.0,0.10128489048658619,0.0,0.0,0.0,0.706656088269344,2.006193050459876,0.7779075879185317,0.020420276604085075,20.420276604085075,2647.117726980763,0.15874185013519035,1.2384428145309103,0.46394504501949996,0.04493867605924606,0.367700986971613,0.03961641900241375,3.0,0.0,4.116826000613816,0.367700986971613,0.011063658981584013,0.6156564950942993,0.0
ADAPTIVE_ALLTIME_L05,3,3,0.0,0.0,0.10443656959064827,0.0,0.0,0.0,0.7038003539471716,1.97696479879637,0.7596508546894841,0.02092225628198907,20.92225628198907,2751.6003393011524,0.1617041226932382,1.2364402241254053,1.1476210560067557,0.04791517899138853,1.015009659982752,0.11130797897931188,7.0,0.0,21.057043721318582,1.015009659982752,0.02599500387441367,0.6536785364151001,0.0
PLAIN_FM,3,4,0.0,0.0,0.09776501227621112,0.0,0.21538014869689937,2.2811663150787354,0.8821636338016628,2.328751479676833,0.9077685961472793,0.037738612899031576,37.73861289903157,7404.421611005386,0.08323161914646657,1.3953370886487253,0.069747939996887,0.04332770494511351,0.0,0.0,0.0,0.0,0.0,0.0,0.0,0.0,0.0
POV_L05_ALWAYS,3,4,0.0,0.0,0.06217596669323919,0.0,0.0,0.0,0.6328557222467507,1.4254172679264137,0.5728399847238373,0.01405243294927061,14.05243294927061,2269.945825137754,0.4527575837705313,1.8497332622299245,1.2428051980095915,0.04711953894002363,1.1136220900225453,0.12253985111601651,7.0,0.0,30.281221132519804,1.1136220900225453,0.0,2.3997087478637695,0.0
YFLOW_MAIN_PORT,3,4,1.0,0.0,-0.015951300475677534,0.0,0.00011996593475327444,0.0,0.5406701570916908,1.7542189863544217,0.7960266231762798,0.019890462139985132,19.890462139985132,466.35108603600986,0.26676928316528736,1.2821869054501611,0.4661791730322875,0.044775909977033734,0.37025084294145927,0.041398605972062796,3.0,0.0,4.814294849128047,0.37025084294145927,0.0,1.2243680953979492,0.0
HYBRID_LATE_DAMPED,3,4,0.0,0.0,0.09717197261942773,0.0,0.0,0.0,0.7159501254131432,1.9201236561994368,0.7600279163290351,0.014958552694676719,14.958552694676719,1742.9336785925288,0.18033493212425317,1.3112946971089114,0.4668257489684038,0.044882494024932384,0.37057535006897524,0.04144044499844313,3.0,0.0,5.205724484411112,0.37057535006897524,0.0,0.7471848130226135,0.0
HYBRID_LATE_ADAPTIVE,3,4,0.0,0.0,0.09717197261942773,0.0,0.0,0.0,0.7159501254131432,1.9201236561994368,0.7600279163290351,0.014958552694676719,14.958552694676719,1742.9336785925288,0.18033493212425317,1.3112946971089114,0.46995914803119376,0.04502369597321376,0.373474664054811,0.041740513988770545,3.0,0.0,5.205724484411112,0.373474664054811,0.011121530958916992,0.7471848130226135,0.0
ADAPTIVE_ALLTIME_L05,3,4,0.0,0.0,0.09995373285498194,0.0,0.02712722282409663,0.0,0.7125085674985463,1.9313848379166767,0.7584146027078662,0.01598146340382378,15.981463403823781,1705.381122887406,0.1740418788437293,1.2949656638655893,1.33209184295265,0.04795964097138494,1.199298553110566,0.1312707809265703,7.0,0.0,18.130753195188742,1.199298553110566,0.026025897008366883,0.7253837585449219,0.0
PLAIN_FM,3,5,0.0,0.0,0.10764332230777149,0.0,0.15893037776947017,1.1915814876556396,0.9133602468504705,2.2738447564762816,0.8525739465189008,0.03828755798692107,38.28755798692108,8345.277539017903,0.07645885401137097,1.4098733742764702,0.0711622959934175,0.04450629191705957,0.0,0.0,0.0,0.0,0.0,0.0,0.0,0.0,0.0
POV_L05_ALWAYS,3,5,0.0,0.0,0.07684562690198499,0.0,0.0,0.0,0.6590898108020494,1.4973040841240848,0.5757726499680952,0.013972306421942804,13.972306421942804,2189.1851130259706,0.4338127134832413,1.7830688312618865,1.1597611850011162,0.049181481066625565,1.0278702459763736,0.11505348095670342,7.0,0.0,29.244744114310787,1.0278702459763736,0.0,2.19992995262146,0.0
YFLOW_MAIN_PORT,3,5,1.0,0.0,-0.02780202425171715,0.0,0.00612513389587388,0.0,0.5217302739293845,1.84321448444274,0.8139830708689111,0.026599584726808345,26.599584726808345,690.5316785044135,0.25371255076384513,1.2447898944057862,0.3808093889965676,0.04599009093362838,0.28287046804325655,0.03235137602314353,3.0,0.0,4.434624112726028,0.28287046804325655,0.0,1.2429999113082886,0.0
HYBRID_LATE_DAMPED,3,5,0.0,0.0,0.10305560079085421,0.0,0.0,0.0,0.7227056723443853,1.9574397408074178,0.760754275981742,0.019431513918416243,19.431513918416243,2141.4370540362884,0.15612975288581202,1.2877758375569424,0.3823323689866811,0.04619191505480558,0.284008135960903,0.03240664699114859,3.0,0.0,5.420306667024729,0.284008135960903,0.0,0.6709915399551392,0.0
HYBRID_LATE_ADAPTIVE,3,5,0.0,0.0,0.10305560079085421,0.0,0.0,0.0,0.7227056723443853,1.9574397408074178,0.760754275981742,0.019431513918416243,19.431513918416243,2141.4370540362884,0.15612975288581202,1.2877758375569424,0.3814688459970057,0.046078931947704405,0.2833247910020873,0.03241745795821771,3.0,0.0,5.420306667024729,0.2833247910020873,0.011078010080382228,0.6709915399551392,0.0
ADAPTIVE_ALLTIME_L05,3,5,0.0,0.0,0.10153824813553958,0.0,0.0,0.0,0.7189764534384334,1.9447028093692083,0.7535276823401525,0.02015084269345291,20.150842693452912,2193.8777830284193,0.1597186532522128,1.2863486475909094,1.1663406820152886,0.04953899094834924,1.0308086029835977,0.11412419989937916,7.0,0.0,20.453809608611436,1.0308086029835977,0.026065237063448876,0.7034654021263123,0.0
PLAIN_FM,3,6,0.0,0.0,0.10720517945232022,0.0,0.09503777484893794,0.0,0.9236036260438636,2.2686403987095005,0.8646146314083094,0.03616816477282514,36.16816477282514,8913.541232790069,0.0886692732832983,1.4120422263553252,0.0717410710058175,0.04459193703951314,0.0,0.0,0.0,0.0,0.0,0.0,0.0,0.0,0.0
POV_L05_ALWAYS,3,6,0.0,0.0,0.06700079048413629,0.0,0.0,0.0,0.62746045760581,1.4167368446462905,0.5819194579900484,0.011860479006039704,11.860479006039704,2059.636500938034,0.4503176328211723,1.8273832921708557,1.168185619986616,0.04835265997098759,1.0360502150142565,0.11528649693354964,7.0,0.0,27.286572574464,1.0360502150142565,0.0,2.3661484718322754,0.0
YFLOW_MAIN_PORT,3,6,1.0,0.0,-0.030357356046206464,0.0,0.0,0.0,0.5236226749365183,1.849229787715636,0.840880902701566,0.024249672976997205,24.249672976997203,575.8132311203257,0.2654960398204942,1.2165363542174696,0.3816079110256396,0.04609769396483898,0.28315407497575507,0.031978336977772415,3.0,0.0,4.01295473521582,0.28315407497575507,0.0,1.2752950191497803,0.0
HYBRID_LATE_DAMPED,3,6,0.0,0.0,0.10134597731595169,0.0,0.0,0.0,0.724578026149233,1.988604847177278,0.7883950948406102,0.017880204222009866,17.880204222009866,2265.2308146557943,0.16274676274083577,1.2667325653753718,0.382446440984495,0.045895546034444124,0.2842569829663262,0.03212302102474496,3.0,0.0,4.100825521898732,0.2842569829663262,0.0,0.670629620552063,0.0
HYBRID_LATE_ADAPTIVE,3,6,0.0,0.0,0.10134597731595169,0.0,0.0,0.0,0.724578026149233,1.988604847177278,0.7883950948406102,0.017880204222009866,17.880204222009866,2265.2308146557943,0.16274676274083577,1.2667325653753718,0.3807317690225318,0.04587315989192575,0.28249322896590456,0.031910665915347636,3.0,0.0,4.100825521898732,0.28249322896590456,0.011404767981730402,0.670629620552063,0.0
ADAPTIVE_ALLTIME_L05,3,6,0.0,0.0,0.09957563168966724,0.0,0.0,0.0,0.72068756268882,1.9615265133921782,0.7798738196968648,0.018435312968315465,18.435312968315465,2261.6761835640987,0.16507230723440347,1.2696807360506341,1.3487211969913915,0.049115689122118056,1.213608036050573,0.13394187693484128,7.0,0.0,18.634160823512616,1.213608036050573,0.026172140962444246,0.7125474214553833,0.0
PLAIN_FM,3,7,0.0,0.0,0.09859138742247422,0.0,0.07179613571166987,1.3440680503845215,0.9059337484816671,2.2752610682437013,0.8348534867530691,0.0396509954319999,39.65099543199991,9304.642476370971,0.08262430478080357,1.4243977324306338,0.07112583500565961,0.0441847059992142,0.0,0.0,0.0,0.0,0.0,0.0,0.0,0.0,0.0
POV_L05_ALWAYS,3,7,0.0,0.0,0.08035963170271429,0.0,0.0,0.0,0.6486705960245628,1.3829233490428614,0.5438135069806885,0.017308352464025845,17.308352464025845,3894.715025937678,0.43814489901571985,1.726395792578453,1.3468673820025288,0.0479668399784714,1.215857283968944,0.13196689903270453,7.0,0.0,29.456868412892874,1.215857283968944,0.0,2.230400562286377,0.0
YFLOW_MAIN_PORT,3,7,1.0,0.0,-0.025217947029100407,0.0,0.0,0.0,0.5210190776385667,1.816770960985626,0.8339267671192333,0.023983388233682845,23.983388233682845,542.3488823136146,0.2679177865455437,1.2797659142078768,0.5656686559668742,0.04583711503073573,0.46774043404730037,0.050102743960451335,3.0,0.0,4.896006535514706,0.46774043404730037,0.0,1.2645902633666992,0.0
HYBRID_LATE_DAMPED,3,7,0.0,0.0,0.10243037644468614,0.0,0.0,0.0,0.7245035892764093,1.9668390999320393,0.7620933144056039,0.01794477160780339,17.94477160780339,2450.762781995497,0.16806936276199141,1.3045104397479679,0.47182541800430045,0.045715332904364914,0.3739598080283031,0.03958991897525266,3.0,0.0,4.222136297803477,0.3739598080283031,0.0,0.6538009643554688,0.0
HYBRID_LATE_ADAPTIVE,3,7,0.0,0.0,0.10243037644468614,0.0,0.0,0.0,0.7245035892764093,1.9668390999320393,0.7620933144056039,0.01794477160780339,17.94477160780339,2450.762781995497,0.16806936276199141,1.3045104397479679,0.47171185503248125,0.04566529399016872,0.3738172040320933,0.03950867801904678,3.0,0.0,4.222136297803477,0.3738172040320933,0.01115062105236575,0.6538009643554688,0.0
ADAPTIVE_ALLTIME_L05,3,7,0.0,0.0,0.10541531605337756,0.0,0.0,0.0,0.7190738881624295,1.9491095914683587,0.756823204922199,0.022360064776363764,22.360064776363767,3117.450556554413,0.16335667962665518,1.2906694404477062,1.4430732110049576,0.04862362606218085,1.308460193919018,0.14332559588365257,7.0,0.0,24.241914255428874,1.308460193919018,0.026292123016901314,0.6989145278930664,0.0
PLAIN_FM,3,8,0.0,0.0,0.11658034755871524,0.0,0.15836294155120845,0.0,0.9351946490077432,2.302478456437022,0.9056876913936985,0.037150548249728965,37.15054824972897,8627.092602019306,0.10940531814596903,1.4265476253573586,0.07160855794791132,0.04441659100120887,0.0,0.0,0.0,0.0,0.0,0.0,0.0,0.0,0.0
POV_L05_ALWAYS,3,8,0.0,0.0,0.060895847822821925,0.0,0.0,0.0,0.6550650090767082,1.4035982301314367,0.5873563028288762,0.012071762247146012,12.071762247146012,1975.0763503243008,0.4619227547685181,1.8388436788157405,1.3360253410064615,0.04781369603006169,1.2055966609623283,0.1332997039426118,7.0,0.0,25.39496776745648,1.2055966609623283,0.0,2.3854382038116455,0.0
YFLOW_MAIN_PORT,3,8,1.0,0.0,-0.01851517344786037,0.0,0.0,0.0,0.5464698546891156,1.7255080991493459,0.8072427924592462,0.018203144027255647,18.203144027255647,424.06305830686716,0.2746427270254643,1.293838244523655,0.3754177959635854,0.04516875994158909,0.2786958739743568,0.03148299508029595,3.0,0.0,4.6729708777542385,0.2786958739743568,0.0,1.3076443672180176,0.0
HYBRID_LATE_DAMPED,3,8,0.0,0.0,0.10463714822623521,0.0,0.021753268051147412,0.0,0.7387237753104198,2.0147016635606434,0.8251770482943457,0.01968554170470771,19.68554170470771,2295.7277694827912,0.15824305545654702,1.3021074514335447,0.4672610540292226,0.045223541965242475,0.37062510498799384,0.041640981973614544,3.0,0.0,3.992766133953165,0.37062510498799384,0.0,0.6553282141685486,0.0
HYBRID_LATE_ADAPTIVE,3,8,0.0,0.0,0.10463714822623521,0.0,0.021753268051147412,0.0,0.7387237753104198,2.0147016635606434,0.8251770482943457,0.01968554170470771,19.68554170470771,2295.7277694827912,0.15824305545654702,1.3021074514335447,0.4669074449921027,0.045221880020108074,0.37015362398233265,0.04160333995241672,3.0,0.0,3.992766133953165,0.37015362398233265,0.011059968965128064,0.6553282141685486,0.0
ADAPTIVE_ALLTIME_L05,3,8,0.0,0.0,0.10419867230203975,0.0,0.012720780181884717,0.0,0.7359176687065683,1.9891107237413936,0.8119873943727863,0.01960154494321209,19.60154494321209,2262.714253434339,0.16197006400181044,1.2985869165978983,1.3401757379760966,0.04880485200555995,1.2059925809735432,0.13270406995434314,7.0,0.0,14.970952619521608,1.2059925809735432,0.026037217990960926,0.686223030090332,0.0
PLAIN_FM,3,9,0.0,0.0,0.11802224575909864,0.0,0.13486023406982417,1.460791826248169,0.9449422676072591,2.2676653525639137,0.8550794446974774,0.035380139915994535,35.38013991599453,7968.015644310112,0.08695008772339809,1.4330156012183262,0.07000422704732046,0.043522318883333355,0.0,0.0,0.0,0.0,0.0,0.0,0.0,0.0,0.0
POV_L05_ALWAYS,3,9,0.0,0.0,0.08479275300036437,0.0,0.0,0.0,0.6617883134825391,1.4544272333099075,0.5541155844952181,0.011333703860133326,11.333703860133326,1650.27942782654,0.44512137492830106,1.7981122449721039,1.2406278060516343,0.04741993796778843,1.1108859819360077,0.12324217101559043,7.0,0.0,26.98190710526685,1.1108859819360077,0.0,2.2255098819732666,0.0
YFLOW_MAIN_PORT,3,9,1.0,0.0,-0.035671688181560156,0.0,0.0,0.0,0.5005466306746894,1.7913620517363231,0.8081267194635046,0.027122417877685656,27.122417877685656,717.1605170497309,0.26373556587907954,1.2748228007741058,0.3756352619966492,0.0450292780296877,0.27922489802585915,0.03159464610507712,3.0,0.0,4.832730250639003,0.27922489802585915,0.0,1.3792275190353394,0.0
HYBRID_LATE_DAMPED,3,9,0.0,0.0,0.10854423438277827,0.0,0.0,0.0,0.7274536692171756,1.937328616832937,0.7620861289105372,0.016894295701225026,16.894295701225026,1922.9341429034544,0.16222495306332435,1.2837518181270478,0.37546129705151543,0.045089237042702734,0.2787170950323343,0.03141825302736834,3.0,0.0,4.325499238876183,0.2787170950323343,0.0,0.71955406665802,0.0
HYBRID_LATE_ADAPTIVE,3,9,0.0,0.0,0.10854423438277827,0.0,0.0,0.0,0.7274536692171756,1.937328616832937,0.7620861289105372,0.016894295701225026,16.894295701225026,1922.9341429034544,0.16222495306332435,1.2837518181270478,0.374797859985847,0.0451042169588618,0.27814455999759957,0.03137486201012507,3.0,0.0,4.325499238876183,0.27814455999759957,0.011009508045390248,0.71955406665802,0.0
ADAPTIVE_ALLTIME_L05,3,9,0.0,0.0,0.10788224356562115,0.0,0.0,0.0,0.7252084856321084,1.9155550018742962,0.7518542595629176,0.017640788762687265,17.640788762687265,1944.7576669954005,0.16596503887020353,1.2879127331492561,1.3426550130243413,0.04837862105341628,1.2088497939985245,0.13397485198220238,7.0,0.0,21.22719897298652,1.2088497939985245,0.026116780063603073,0.7534548044204712,0.0
PLAIN_FM,3,10,0.0,0.0,0.09373816333156912,0.0,0.05904968242645259,0.7102084159851074,0.9096805528968193,2.3433807547848926,0.9113681337683515,0.041650679213128594,41.6506792131286,9924.377687397402,0.08314705351067961,1.4240513342320584,0.07006019802065566,0.04350391891784966,0.0,0.0,0.0,0.0,0.0,0.0,0.0,0.0,0.0
POV_L05_ALWAYS,3,10,0.0,0.0,0.07984901948670584,0.0,0.0,0.0,0.6429179195553834,1.4673118058661863,0.5919898229327699,0.015136258337223651,15.136258337223651,2710.774695998719,0.4433393098618036,1.8415257552847957,1.335430331993848,0.047396527137607336,1.2055297809420153,0.13415496604284272,7.0,0.0,32.14944805751744,1.2055297809420153,0.0,2.4141201972961426,0.0
YFLOW_MAIN_PORT,3,10,1.0,0.0,-0.0296589695524626,0.0,0.0,0.0,0.5243993390099682,1.6735773594573553,0.7763759783411291,0.014349610931953194,14.349610931953194,326.26710079863835,0.3035243644064033,1.2674499236429806,0.46753984194947407,0.04512254003202543,0.37091412296285853,0.041593129048123956,3.0,0.0,5.348594430022564,0.37091412296285853,0.0,1.4653887748718262,0.0
HYBRID_LATE_DAMPED,3,10,0.0,0.0,0.09972733743968015,0.0,0.0,0.0,0.7258400975093897,1.9641025162689454,0.7576202453068634,0.017586364603267235,17.58636460326724,2548.8826169935305,0.16188932733108052,1.2996732819925128,0.557668178982567,0.04535246593877673,0.46082663303241134,0.04949616902740672,3.0,0.0,6.143447988734618,0.46082663303241134,0.0,0.7527278065681458,0.0
HYBRID_LATE_ADAPTIVE,3,10,0.0,0.0,0.09972733743968015,0.0,0.0,0.0,0.7258400975093897,1.9641025162689454,0.7576202453068634,0.017586364603267235,17.58636460326724,2548.8826169935305,0.16188932733108052,1.2996732819925128,0.5577092089806683,0.04502051696181297,0.46107953996397555,0.049526739050634205,3.0,0.0,6.143447988734618,0.46107953996397555,0.011013006966095418,0.7527278065681458,0.0
ADAPTIVE_ALLTIME_L05,3,10,0.0,0.0,0.1059709879103094,0.0,0.0,0.0,0.7199127003581137,1.9437353527580221,0.7689547299560516,0.01820522539299585,18.205225392995853,2671.650083935706,0.16125603908012115,1.2813783057259451,1.3367973580025136,0.04824529797770083,1.2031072451500222,0.13178816792787984,7.0,0.0,22.304006261382995,1.2031072451500222,0.026053196983411908,0.7773678302764893,0.0
PLAIN_FM,3,11,0.0,0.0,0.10551089680659514,0.0,0.057683543968200635,0.2728891372680664,0.9101096104472169,2.2725071459529564,0.8580999982626213,0.04500861545401347,45.008615454013466,12132.094268095207,0.1007183526410631,1.3961991736481614,0.07028860395075753,0.0435556800221093,0.0,0.0,0.0,0.0,0.0,0.0,0.0,0.0,0.0
POV_L05_ALWAYS,3,11,0.0,0.0,0.07340071840776094,0.0,0.0,0.0,0.6354338819081418,1.4693758466112525,0.5899973183960091,0.013867988841343326,13.867988841343328,2523.353012598406,0.4363180220141169,1.796943116581807,1.2394042689702474,0.04894308588700369,1.1081557159195654,0.12136842706240714,7.0,0.0,25.284564432365443,1.1081557159195654,0.0,2.248263120651245,0.0
YFLOW_MAIN_PORT,3,11,1.0,0.0,-0.03091908919768841,0.0,0.0,0.0,0.5172759851060694,1.8035137979961715,0.8162650577651431,0.02292028053370032,22.92028053370032,521.9170210861712,0.27102424084445553,1.2440567168697858,0.47096553002484143,0.04651927493978292,0.3728699339553714,0.04225589492125437,3.0,0.0,4.385201039986372,0.3728699339553714,0.0,1.2714804410934448,0.0
HYBRID_LATE_DAMPED,3,11,0.0,0.0,0.10016297131603258,0.0,0.0,0.0,0.7197091813832512,1.9695026874632982,0.7715920887501321,0.02083770450076372,20.83770450076372,2979.031680837441,0.16687900679769666,1.2707459728316517,0.4691467439988628,0.046154676005244255,0.371399876952637,0.04198972997255623,3.0,0.0,4.569120546758111,0.371399876952637,0.0,0.6708316206932068,0.0
HYBRID_LATE_ADAPTIVE,3,11,0.0,0.0,0.10016297131603258,0.0,0.0,0.0,0.7197091813832512,1.9695026874632982,0.7715920887501321,0.02083770450076372,20.83770450076372,2979.031680837441,0.16687900679769666,1.2707459728316517,0.4724385179579258,0.04608277196530253,0.3744577739853412,0.042439660988748074,3.0,0.0,4.569120546758111,0.3744577739853412,0.011084871017374098,0.6708316206932068,0.0
ADAPTIVE_ALLTIME_L05,3,11,0.0,0.0,0.09915532342787159,0.0,0.0,0.0,0.7154766783616708,1.8878082110125813,0.7353253113376288,0.017790566307321676,17.79056630732168,2725.073392300459,0.18531639772702524,1.275735071585492,1.347774297988508,0.05005688493838534,1.2118978371145204,0.1355230110930279,7.0,0.0,18.28720493081818,1.2118978371145204,0.025864601891953498,0.7709295153617859,0.0
PLAIN_FM,3,12,0.0,0.0,0.1114027174882758,0.0,0.1129674480438232,0.21892309188842773,0.9305339127321893,2.27870924411857,0.8686581728812339,0.0342442199264692,34.244219926469206,7175.719287586179,0.07505843993137744,1.4364478131189815,0.07051205000607297,0.04418157594045624,0.0,0.0,0.0,0.0,0.0,0.0,0.0,0.0,0.0
POV_L05_ALWAYS,3,12,0.0,0.0,0.07215490809066019,0.0,0.0,0.0,0.6387610970505458,1.4397617093489534,0.5934329931900987,0.012893384741028413,12.893384741028413,1947.0702331618738,0.44825068712929605,1.834029989622158,1.1507065730402246,0.04821536591043696,1.0204245639615692,0.11041767807910219,7.0,0.0,25.115329180052864,1.0204245639615692,0.0,2.327518939971924,0.0
YFLOW_MAIN_PORT,3,12,1.0,0.0,-0.028713365219037792,0.0,0.0,0.0,0.5249683519181761,1.8313376993674289,0.8328538597755833,0.024128005097346694,24.128005097346694,573.2523346202889,0.2577533503321439,1.2402368256617042,0.37460772797930986,0.04515852691838518,0.27833361708326265,0.031560315983369946,3.0,0.0,3.9683080883226562,0.27833361708326265,0.0,1.2708699703216553,0.0
HYBRID_LATE_DAMPED,3,12,0.0,0.0,0.10473290891854656,0.0,0.0,0.0,0.727226817761845,1.9935658626917427,0.7937163839916853,0.018927347432414088,18.927347432414088,1843.842267420115,0.15233516653002374,1.2887405893206918,0.3749991989461705,0.045126000011805445,0.27834217698546126,0.03167521901195869,3.0,0.0,4.082394048686807,0.27834217698546126,0.0,0.6720879077911377,0.0
HYBRID_LATE_ADAPTIVE,3,12,0.0,0.0,0.10473290891854656,0.0,0.0,0.0,0.727226817761845,1.9935658626917427,0.7937163839916853,0.018927347432414088,18.927347432414088,1843.842267420115,0.15233516653002374,1.2887405893206918,0.37519547302508727,0.045124349009711295,0.27869199705310166,0.031792733003385365,3.0,0.0,4.082394048686807,0.27869199705310166,0.011016938020475209,0.6720879077911377,0.0
ADAPTIVE_ALLTIME_L05,3,12,0.0,0.0,0.10489778428402269,0.0,0.0,0.0,0.7237551981891325,1.9620850400522427,0.7792519099459081,0.018265163067403556,18.26516306740356,1811.8016670207742,0.15519090784133308,1.2914891579774672,1.1470138110453263,0.04847588302800432,1.0138704489800148,0.10900812008185312,7.0,0.0,16.533434446117607,1.0138704489800148,0.02586737205274403,0.7054697275161743,0.0
PLAIN_FM,3,13,0.0,0.0,0.10963966463829497,0.0,0.11418040256500239,0.745929479598999,0.9124557525586215,2.2675854117831538,0.8359904240896475,0.04100700210200903,41.00700210200903,10466.58748000957,0.07377936679749839,1.4191645811112208,0.06998435797868297,0.04353339993394911,0.0,0.0,0.0,0.0,0.0,0.0,0.0,0.0,0.0
POV_L05_ALWAYS,3,13,0.0,0.0,0.06627869987547735,0.0,0.0,0.0,0.6366081543612169,1.455972402220029,0.570526585162722,0.01524664683836896,15.24664683836896,2957.462960690371,0.46283526446938705,1.8657721317251903,1.5175832490203902,0.04779719584621489,1.3878165419446304,0.15381316287675872,7.0,0.0,27.002163161268623,1.3878165419446304,0.0,2.3369860649108887,0.0
YFLOW_MAIN_PORT,3,13,1.0,0.0,-0.027549539345525648,0.0,0.0,0.0,0.5159278872016458,1.7477793487303925,0.8080579783552593,0.021866682433930862,21.866682433930862,521.610571809017,0.27085404362222765,1.307246731288009,0.4686129720066674,0.045425345888361335,0.37173933698795736,0.04179266601568088,3.0,0.0,4.971629768653919,0.37173933698795736,0.0,1.299096703529358,0.0
HYBRID_LATE_DAMPED,3,13,0.0,0.0,0.09959300898991122,0.0,0.0,0.0,0.7172846137735016,1.9860178221598086,0.7742219284528499,0.021110859645434132,21.110859645434132,2792.880732058123,0.1570380431587204,1.290024709747791,0.46726792003028095,0.04544871812686324,0.370439084013924,0.04168855299940333,3.0,0.0,4.135454669404481,0.370439084013924,0.0,0.6521252393722534,0.0
HYBRID_LATE_ADAPTIVE,3,13,0.0,0.0,0.09959300898991122,0.0,0.0,0.0,0.7172846137735016,1.9860178221598086,0.7742219284528499,0.021110859645434132,21.110859645434132,2792.880732058123,0.1570380431587204,1.290024709747791,0.46986981498776004,0.04517187998862937,0.3731902030413039,0.0416885131271556,3.0,0.0,4.135454669404481,0.3731902030413039,0.011022928054444492,0.6521252393722534,0.0
ADAPTIVE_ALLTIME_L05,3,13,0.0,0.0,0.10020744013974386,0.0,0.0,0.0,0.7150113250949854,1.9116924109500932,0.746255531239338,0.01807366760253526,18.073667602535263,2633.105732324825,0.17150363503097682,1.3003464755485667,1.6130270209978335,0.0483179809525609,1.4792859540320933,0.16340056603075936,7.0,0.0,19.00383204240241,1.4792859540320933,0.026139129942748696,0.7237228155136108,0.0
PLAIN_FM,3,14,0.0,0.0,0.10604030453536731,0.0,0.11108930568695063,1.7453086376190186,0.9119593970485486,2.2863296596332114,0.8699926171787646,0.039236010903006324,39.23601090300633,8849.234378179459,0.07840370220655277,1.415726668852447,0.0699262049747631,0.04341798601672053,0.0,0.0,0.0,0.0,0.0,0.0,0.0,0.0,0.0
POV_L05_ALWAYS,3,14,0.0,0.0,0.07962402990126352,0.0,0.0,0.0,0.6395196527425316,1.4539210750066465,0.5640049725821575,0.013366116513937598,13.366116513937598,2191.11159022729,0.44896641981083224,1.8196464910873,1.0565435400349088,0.04731540597276762,0.9268207349814475,0.10363948007579893,7.0,0.0,29.05759302527929,0.9268207349814475,0.0,2.301063060760498,0.0
YFLOW_MAIN_PORT,3,14,1.0,0.0,-0.027018565852168108,0.0,0.0,0.0,0.523594070658798,1.6747524154879387,0.7810657393895127,0.01597908710203466,15.979087102034663,391.26048779403175,0.3016794283541215,1.28893995122166,0.37415618903469294,0.04497122508473694,0.27795898995827883,0.03129570989403874,3.0,0.0,4.252134877437948,0.27795898995827883,0.0,1.372992992401123,0.0
HYBRID_LATE_DAMPED,3,14,0.0,0.0,0.10513651407878846,0.0,0.0,0.0,0.7211792741436278,1.906461435645609,0.7434977602173168,0.016158478919187758,16.158478919187758,2033.5636413769896,0.17877988608195505,1.3036546308421926,0.37818860000697896,0.04508595902007073,0.2814136169035919,0.03175829193787649,3.0,0.0,4.411298517245854,0.2814136169035919,0.0,0.7416784167289734,0.0
HYBRID_LATE_ADAPTIVE,3,14,0.0,0.0,0.10513651407878846,0.0,0.0,0.0,0.7211792741436278,1.906461435645609,0.7434977602173168,0.016158478919187758,16.158478919187758,2033.5636413769896,0.17877988608195505,1.3036546308421926,0.3762293010368012,0.04502403596416116,0.2796136899269186,0.0313687120215036,3.0,0.0,4.411298517245854,0.2796136899269186,0.011109920975286514,0.7416784167289734,0.0
ADAPTIVE_ALLTIME_L05,3,14,0.0,0.0,0.10431464191089909,0.0,0.0,0.0,0.717436402893473,1.8743758208011563,0.7223256568013723,0.015380630809498363,15.380630809498365,1997.9340654196594,0.1868750522978879,1.3167295757954585,1.0581908529857174,0.048284518939908594,0.9247685840819031,0.10186901193810627,7.0,0.0,17.650989746538514,0.9247685840819031,0.026136351050809026,0.790132999420166,0.0
PLAIN_FM,3,15,0.0,0.0,0.10215726732500346,0.0,0.0758277938842773,0.8844208717346191,0.9001318672385981,2.3019165439025318,0.8784354121923331,0.04504887196440377,45.048871964403766,11084.87255635271,0.07322230058201705,1.404435212742432,0.06995143700623885,0.043510659015737474,0.0,0.0,0.0,0.0,0.0,0.0,0.0,0.0,0.0
POV_L05_ALWAYS,3,15,0.0,0.0,0.08357335076596159,0.0,0.0,0.0,0.630395721276913,1.4425559533340533,0.5676655938023478,0.015082061881809494,15.082061881809494,3300.486312623008,0.4662152608947842,1.838174359213116,1.5100972650106996,0.04742002708371729,1.3804388319840655,0.14853805297752842,7.0,0.0,24.776745132357995,1.3804388319840655,0.0,2.3457589149475098,0.0
YFLOW_MAIN_PORT,3,15,1.0,0.0,-0.03931188795252118,0.0,0.0,0.0,0.51259656508737,1.795004117571824,0.8503236526525478,0.023154277286583813,23.154277286583813,530.7199939474039,0.2638574703249099,1.2978768242005336,0.5643435919773765,0.04513039899757132,0.46752066793851554,0.05222016904735938,3.0,0.0,4.580914251994363,0.46752066793851554,0.0,1.296047329902649,0.0
HYBRID_LATE_DAMPED,3,15,0.0,0.0,0.10443838925561165,0.0,0.0,0.0,0.7122998301754422,1.9759975195644526,0.7908524378887926,0.02043801415578983,20.43801415578983,2999.5969927782085,0.15178069606927028,1.2861395718533775,0.6586372439633124,0.04577069584047422,0.5602368679828942,0.05918732291320339,3.0,0.0,4.107256396437398,0.5602368679828942,0.0,0.6734108924865723,0.0
HYBRID_LATE_ADAPTIVE,3,15,0.0,0.0,0.10443838925561165,0.0,0.0,0.0,0.7122998301754422,1.9759975195644526,0.7908524378887926,0.02043801415578983,20.43801415578983,2999.5969927782085,0.15178069606927028,1.2861395718533775,0.6586133929667994,0.04606502421665937,0.5601485580555163,0.05903881194535643,3.0,0.0,4.107256396437398,0.5601485580555163,0.011249033967033029,0.6734108924865723,0.0
ADAPTIVE_ALLTIME_L05,3,15,0.0,0.0,0.10489241411622792,0.0,0.0,0.0,0.7133943593511953,1.8872069536653286,0.7569841841526532,0.017983752653375262,17.983752653375262,3024.4532770307587,0.17743138489630877,1.3066681439526437,1.5308226119959727,0.04867634893162176,1.3962483040522784,0.15276378992712125,7.0,0.0,18.903096053745283,1.3962483040522784,0.026307724008802325,0.7687462568283081,0.0
PLAIN_FM,3,16,0.0,0.0,0.11883796038773767,0.0,0.1983326242446899,1.7368149757385254,0.9508287732575146,2.2791504214843457,0.8672684136998519,0.043407537894013304,43.4075378940133,10512.601713099066,0.07346486647959916,1.4622626597061625,0.07014871202409267,0.043526499008294195,0.0,0.0,0.0,0.0,0.0,0.0,0.0,0.0,0.0
POV_L05_ALWAYS,3,16,0.0,0.0,0.08758654805650382,0.0,0.0,0.0,0.6812411509758155,1.369863057369877,0.512248595616283,0.013394820741045699,13.394820741045699,2463.7291734276982,0.4478720920694641,1.75116642483813,1.33979817799991,0.04749664006521925,1.2099299589754082,0.13460985705023631,7.0,0.0,31.76318566257383,1.2099299589754082,0.0,2.233487367630005,0.0
YFLOW_MAIN_PORT,3,16,1.0,0.0,-0.02434195870387787,0.0,0.0056190904617308135,0.0,0.5218901911047621,1.649836309675634,0.7779171147602348,0.01459144763814102,14.59144763814102,336.33976750255806,0.30414591425373394,1.2841015195300787,0.4647206870140508,0.045097327907569706,0.36814199801301584,0.03926340100588277,3.0,0.0,4.994107203280145,0.36814199801301584,0.0,1.44216787815094,0.0
HYBRID_LATE_DAMPED,3,16,0.0,0.0,0.10719433511506093,0.0,0.0,0.0,0.7392045815472049,1.9275271283043836,0.76440364116929,0.017923204336797838,17.923204336797838,2445.539794380735,0.16212697929138625,1.3168465722548195,0.5555170009611174,0.04504843900213018,0.4589906119508669,0.04805229289922863,3.0,0.0,4.859036390747604,0.4589906119508669,0.0,0.71285080909729,0.0
HYBRID_LATE_ADAPTIVE,3,16,0.0,0.0,0.10719433511506093,0.0,0.0,0.0,0.7392045815472049,1.9275271283043836,0.76440364116929,0.017923204336797838,17.923204336797838,2445.539794380735,0.16212697929138625,1.3168465722548195,0.5577721470035613,0.04504468699451536,0.4609054910251871,0.04857489705318585,3.0,0.0,4.859036390763234,0.4609054910251871,0.011114191031083465,0.71285080909729,0.0
ADAPTIVE_ALLTIME_L05,3,16,0.0,0.0,0.10774049997761259,0.0,0.0,0.0,0.7393600510441096,1.8859014994850019,0.7459407422341838,0.0169887438038554,16.9887438038554,2383.569135788655,0.17214329984928012,1.3286268701893176,1.3403308529523201,0.0513496880303137,1.2033280319883488,0.13298134901560843,7.0,0.0,20.546886445131207,1.2033280319883488,0.02581641194410622,0.7580838203430176,0.0
PLAIN_FM,3,17,0.0,0.0,0.09376863793523463,0.0,0.08770163516998286,0.7152986526489258,0.8907089311977537,2.3504183419609648,0.9044231730475888,0.03898940587398014,38.98940587398015,8917.486050353695,0.1133673173763563,1.4080497158942362,0.07044293003855273,0.04404089308809489,0.0,0.0,0.0,0.0,0.0,0.0,0.0,0.0,0.0
POV_L05_ALWAYS,3,17,0.0,0.0,0.08342315078586257,0.0,0.0,0.0,0.634437493585553,1.5099212280959444,0.6120134364499494,0.014509680888467713,14.509680888467713,2636.9746111959635,0.40933409150124744,1.755196604593247,1.4412438939907588,0.050276498892344534,1.3080343790934421,0.14744145394070074,7.0,0.0,26.14202861928247,1.3080343790934421,0.0,2.177042245864868,0.0
YFLOW_MAIN_PORT,3,17,1.0,0.0,-0.02852257608126396,0.0,0.0,0.0,0.5285698599541458,1.7612324426175983,0.8129851360229545,0.01792130221414734,17.921302214147342,396.93990895903755,0.3021050691902504,1.2655143116293304,0.5632140159723349,0.04621509596472606,0.4650438459357247,0.050271448970306665,3.0,0.0,4.253616965907688,0.4650438459357247,0.0,1.3427791595458984,0.0
HYBRID_LATE_DAMPED,3,17,0.0,0.0,0.09776473392739897,0.0,0.0,0.0,0.7148039231807298,2.026877601751422,0.809000948516693,0.018356816834375067,18.356816834375067,2250.597412832889,0.17886577534457743,1.2774069154594596,0.4682511879946105,0.04596716206287965,0.3706717129680328,0.04189401911571622,3.0,0.0,4.217353609561623,0.3706717129680328,0.0,0.6658332347869873,0.0
HYBRID_LATE_ADAPTIVE,3,17,0.0,0.0,0.09776473392739897,0.0,0.0,0.0,0.7148039231807298,2.026877601751422,0.809000948516693,0.018356816834375067,18.356816834375067,2250.597412832889,0.17886577534457743,1.2774069154594596,0.4753725770278834,0.046203976904507726,0.37635552702704445,0.042725697974674404,3.0,0.0,4.217353609561623,0.37635552702704445,0.011247544025536627,0.6658332347869873,0.0
ADAPTIVE_ALLTIME_L05,3,17,0.0,0.0,0.09852685541082133,0.0,0.0,0.0,0.7114905703061705,1.9557342626741112,0.7755080659485966,0.016140733323753986,16.140733323753988,2154.6486249550912,0.1922444813131134,1.2927713651049055,1.4375988540123217,0.050716939847916365,1.3011690181447193,0.1466838050982915,7.0,0.0,16.05293765794864,1.3011690181447193,0.02584565302822739,0.7613610029220581,0.0
PLAIN_FM,3,18,0.0,0.0,0.11059615937426334,0.0,0.16378398399353022,0.6184172630310059,0.931305517224047,2.273095175249484,0.8681331662431666,0.051032695980132825,51.03269598013283,14144.425165856368,0.08516472909381893,1.4335769597140502,0.0703514069900848,0.043938581016846,0.0,0.0,0.0,0.0,0.0,0.0,0.0,0.0,0.0
POV_L05_ALWAYS,3,18,0.0,0.0,0.08588567308669434,0.0,0.0,0.0,0.653154183646591,1.3682758692473325,0.5227460503839586,0.01203040447580328,12.03040447580328,2528.583087406755,0.4377275642196899,1.7264773003908225,1.254701144003775,0.04927670396864414,1.1221242739702575,0.12729553610552102,7.0,0.0,26.220828195836845,1.1221242739702575,0.0,2.2046101093292236,0.0
YFLOW_MAIN_PORT,3,18,1.0,0.0,-0.03212830246669127,0.0,0.0,0.0,0.5138736746476255,1.6515231989202155,0.7538871672640245,0.015143696719094102,15.143696719094102,343.2898221228165,0.30344590624507944,1.2266666536046664,0.6466361149796285,0.04644191195257008,0.549577772966586,0.06347478507086635,3.0,0.0,5.125596843935569,0.549577772966586,0.0,1.4403644800186157,0.0
HYBRID_LATE_DAMPED,3,18,0.0,0.0,0.10747499710124549,0.0,0.0,0.0,0.7287064078804976,1.877334992552058,0.7074628452698593,0.01834378175805451,18.343781758054515,3394.283703921008,0.1903029457457459,1.3073118504771049,0.6598628890351392,0.04668973991647363,0.5615963180316612,0.06414649990620092,3.0,0.0,4.678057267261943,0.5615963180316612,0.0,0.788976788520813,0.0
HYBRID_LATE_ADAPTIVE,3,18,0.0,0.0,0.10747499710124549,0.0,0.0,0.0,0.7287064078804976,1.877334992552058,0.7074628452698593,0.01834378175805451,18.343781758054515,3394.283703921008,0.1903029457457459,1.3073118504771049,0.6576209429767914,0.047058266995009035,0.5584042170085013,0.06331122992560267,3.0,0.0,4.678057267261943,0.5584042170085013,0.011392848042305559,0.788976788520813,0.0
ADAPTIVE_ALLTIME_L05,3,18,0.0,0.0,0.10754843079122609,0.0,0.0006150768280028807,0.0,0.7189778591874143,1.894388091731995,0.7471113254146552,0.019997654182054347,19.997654182054347,3333.594595372613,0.17974180722412852,1.2816112735296699,1.4364566580043174,0.05170227709459141,1.2993935559643432,0.14568590087583289,7.0,0.0,18.58978319257509,1.2993935559643432,0.025700639991555363,0.7637101411819458,0.0
PLAIN_FM,3,19,0.0,0.0,0.09286393311005442,0.0,0.15216346244812007,0.73883056640625,0.8838358721850941,2.319786224231514,0.9243478755626304,0.0395353240580163,39.5353240580163,9360.827602241017,0.09292580760565589,1.3860371684482646,0.07039699901361018,0.04415101697668433,0.0,0.0,0.0,0.0,0.0,0.0,0.0,0.0,0.0
POV_L05_ALWAYS,3,19,0.0,0.0,0.08168681079477458,0.0,0.0,0.0,0.6379760990738212,1.4773348417548373,0.61552390273964,0.013757861383071557,13.757861383071557,2440.960896564537,0.4494454630819297,1.8161854773481814,1.3379212300060317,0.04999725101515651,1.2057709329528734,0.13560992502607405,7.0,0.0,27.935177355138016,1.2057709329528734,0.0,2.320146322250366,0.0
YFLOW_MAIN_PORT,3,19,1.0,0.0,-0.02926266548322004,0.0,0.0,0.0,0.5328859381592097,1.7799998426925678,0.8017013194150403,0.018549563989114226,18.54956398911423,405.9831671356484,0.2787879752215947,1.2217194902847723,0.4670441090129316,0.04572924698004499,0.3699415260925889,0.04175627406220883,3.0,0.0,3.8919080686120253,0.3699415260925889,0.0,1.2389028072357178,0.0
HYBRID_LATE_DAMPED,3,19,0.0,0.0,0.09770972145257185,0.0,0.02802725296020503,0.0,0.7128540891854878,1.9902857877440159,0.7891785888255245,0.017483974726339113,17.483974726339113,2363.0109100673203,0.17382819209782524,1.2575018282965413,0.47270233201561496,0.04616593604441732,0.37461463402723894,0.042680197046138346,3.0,0.0,4.1755294182167395,0.37461463402723894,0.0,0.6603550314903259,0.0
HYBRID_LATE_ADAPTIVE,3,19,0.0,0.0,0.09770972145257185,0.0,0.02802725296020503,0.0,0.7128540891854878,1.9902857877440159,0.7891785888255245,0.017483974726339113,17.483974726339113,2363.0109100673203,0.17382819209782524,1.2575018282965413,0.4756053860182874,0.04750342102488503,0.3743405469576828,0.04262451600516215,3.0,0.0,4.1755294182167395,0.3743405469576828,0.011049108987208456,0.6603550314903259,0.0
ADAPTIVE_ALLTIME_L05,3,19,0.0,0.0,0.10107261923309312,0.0,0.014389710235595654,0.0,0.7106241161379574,1.9682819029651724,0.7810721555321586,0.0179202620717005,17.920262071700503,2480.9939950340085,0.17453563018478474,1.266573970245417,1.6111354239983484,0.050038294051773846,1.476584375021048,0.1620326839038171,7.0,0.0,16.326429948514335,1.476584375021048,0.025689637986943126,0.6920560002326965,0.0
PLAIN_FM,3,20,0.0,0.0,0.11430032434381338,0.0,0.1834046409606933,1.222754716873169,0.9326423973329556,2.24179204623663,0.8638288509974569,0.03777499796453054,37.77499796453054,8624.968306587833,0.07735768065600035,1.4320902603452499,0.07035053800791502,0.0439879908808507,0.0,0.0,0.0,0.0,0.0,0.0,0.0,0.0,0.0
POV_L05_ALWAYS,3,20,0.0,0.0,0.0852307165718674,0.0,0.0,0.0,0.6656922099782032,1.4020463121286983,0.5321786744384555,0.012661356136759672,12.661356136759672,2005.1960359640293,0.4502968076986872,1.8214514929786303,1.1464588749804534,0.04869030200643465,1.0166117849294096,0.11278942902572453,7.0,0.0,25.480663337737376,1.0166117849294096,0.0,2.2927286624908447,0.0
YFLOW_MAIN_PORT,3,20,1.0,0.0,-0.02831260667221501,0.0,0.0,0.0,0.5201440212784488,1.6686224038010464,0.8006615685390885,0.01579132352088397,15.79132352088397,360.8555465446805,0.2980427392789099,1.2534732073774533,0.3770581660210155,0.045785956957843155,0.2801975000766106,0.031849795021116734,3.0,0.0,4.072726462838185,0.2801975000766106,0.0,1.360482096672058,0.0
HYBRID_LATE_DAMPED,3,20,0.0,0.0,0.11249787152228682,0.0,0.0,0.0,0.7291483771842471,1.8422059272755569,0.7386071283515155,0.015491845447495045,15.491845447495047,2031.0895934676055,0.18492514079526928,1.3151134977074304,0.47034221299691126,0.04614629701245576,0.3724277709261514,0.04082671197829768,3.0,0.0,5.10753434788743,0.3724277709261514,0.0,0.7582943439483643,0.0
HYBRID_LATE_ADAPTIVE,3,20,0.0,0.0,0.11249787152228682,0.0,0.0,0.0,0.7291483771842471,1.8422059272755569,0.7386071283515155,0.015491845447495045,15.491845447495047,2031.0895934676055,0.18492514079526928,1.3151134977074304,0.4729278089944273,0.048207546991761774,0.37218807300087065,0.04162597097456455,3.0,0.0,5.10753434788743,0.37218807300087065,0.011103869997896254,0.7582943439483643,0.0
ADAPTIVE_ALLTIME_L05,3,20,0.0,0.0,0.11031425288641816,0.0,0.0,0.0,0.7242596727866148,1.8516869821048414,0.744291112912951,0.01569086915645812,15.69086915645812,2017.6460245767028,0.184743645346581,1.3039208225941583,1.158703525958117,0.05102143797557801,1.0221592270536348,0.11227654502727091,7.0,0.0,15.377852252652099,1.0221592270536348,0.02571969904238358,0.7579542398452759,0.0
PLAIN_FM,3,21,0.0,0.0,0.11485145816547263,0.0,0.10851319293975825,0.0,0.9364060141836514,2.2681856196899157,0.8513399246933362,0.035488056600455176,35.488056600455174,8488.899356437994,0.08163221965361053,1.4177025580805331,0.07039327803067863,0.044115544005762786,0.0,0.0,0.0,0.0,0.0,0.0,0.0,0.0,0.0
POV_L05_ALWAYS,3,21,0.0,0.0,0.0778328569601294,0.0,0.0,0.0,0.6561125040414579,1.4070850125636785,0.5442655758168222,0.012285577477389786,12.285577477389786,2305.5479764278352,0.4527429313475947,1.7980897990738656,1.2555614339653403,0.05109983100555837,1.1208795611164533,0.12209961505141109,7.0,0.0,28.419440528189657,1.1208795611164533,0.0,2.3242907524108887,0.0
YFLOW_MAIN_PORT,3,21,1.0,0.0,-0.03288939740357277,0.0,0.0063820299148558135,0.0,0.5204272228376603,1.8834247245555613,0.8333721154286311,0.02827234555004665,28.27234555004665,749.0369185399359,0.25099633423001183,1.2299013156613572,0.3773506049765274,0.046310699079185724,0.2799797440529801,0.03198770800372586,3.0,0.0,4.310040019880402,0.2799797440529801,0.0,1.274040699005127,0.0
HYBRID_LATE_DAMPED,3,21,0.0,0.0,0.10534245916433915,0.0,0.007457690048217724,0.0,0.7270892719417104,2.0119032651558375,0.785781541868132,0.02036409930691807,20.36409930691807,2396.1675876571494,0.1509733575400955,1.2707438389239476,0.3762175249867141,0.04622273688437417,0.2786705610342324,0.03176587197231129,3.0,0.0,3.986140032589149,0.2786705610342324,0.0,0.6687894463539124,0.0
HYBRID_LATE_ADAPTIVE,3,21,0.0,0.0,0.10534245916433915,0.0,0.007457690048217724,0.0,0.7270892719417104,2.0119032651558375,0.785781541868132,0.02036409930691807,20.36409930691807,2396.1675876571494,0.1509733575400955,1.2707438389239476,0.3747423479799181,0.045507609960623085,0.2779880230082199,0.03138293401570991,3.0,0.0,3.986140032589149,0.2779880230082199,0.010917827079538256,0.6687894463539124,0.0
ADAPTIVE_ALLTIME_L05,3,21,0.0,0.0,0.10650939043126642,0.0,0.0,0.0,0.7255585214612935,1.9659259796858861,0.7578083689452494,0.020134190845620736,20.134190845620736,2461.837244538234,0.15460701472235974,1.2731519351335339,1.250599040009547,0.04922829498536885,1.1157682920456864,0.12338989903219044,7.0,0.0,21.114427314995684,1.1157682920456864,0.02606057102093473,0.7151365280151367,0.0
PLAIN_FM,3,22,0.0,0.0,0.11874411437334567,0.0,0.10696645240783687,0.09581565856933594,0.9548949355137405,2.2918228715182805,0.8793279903735264,0.034796027811093255,34.79602781109326,7618.657400610607,0.07809299354781724,1.4553148921188324,0.06967370997881517,0.043360406009014696,0.0,0.0,0.0,0.0,0.0,0.0,0.0,0.0,0.0
POV_L05_ALWAYS,3,22,0.0,0.0,0.07299781285072782,0.0,0.0,0.0,0.6486353097780845,1.3704912965604643,0.5883599619733775,0.012229481143382515,12.229481143382515,2329.6115401194584,0.4624801261640551,1.8092906455450866,1.2388722649775445,0.04809068806935102,1.1089510710444301,0.12410087796160951,7.0,0.0,26.444372152368047,1.1089510710444301,0.0,2.373204469680786,0.0
YFLOW_MAIN_PORT,3,22,1.0,0.0,-0.03288917045039433,0.0,0.0015629943847654815,0.0,0.5149661938691589,1.8175634513784258,0.8454349076267921,0.023973233782524694,23.973233782524698,562.0076302420783,0.2610581236706477,1.2491028107875364,0.4660982280038297,0.0450388589524664,0.3700844620470889,0.04172661394113675,3.0,0.0,4.664938374570854,0.3700844620470889,0.0,1.3582566976547241,0.0
HYBRID_LATE_DAMPED,3,22,0.0,0.0,0.10666805461456269,0.0,0.020270304489135693,0.0,0.7372157952713484,1.973463680255201,0.785031137923014,0.017184540236016232,17.184540236016232,1854.0279363167936,0.1490361682588997,1.3000678480742787,0.47544875397579744,0.04524649400264025,0.37861639802576974,0.04228558897739276,3.0,0.0,4.444496672943366,0.37861639802576974,0.0,0.7176766991615295,0.0
HYBRID_LATE_ADAPTIVE,3,22,0.0,0.0,0.10666805461456269,0.0,0.020270304489135693,0.0,0.7372157952713484,1.973463680255201,0.785031137923014,0.017184540236016232,17.184540236016232,1854.0279363167936,0.1490361682588997,1.3000678480742787,0.4684348769951612,0.045043916965369135,0.3717964949901216,0.04173451504902914,3.0,0.0,4.444496672943366,0.3717964949901216,0.010975117969792336,0.7176766991615295,0.0
ADAPTIVE_ALLTIME_L05,3,22,0.0,0.0,0.10383764916632168,0.0,0.013679222869872998,0.0,0.7312237315926808,1.9808742126819796,0.7978068618533658,0.01846236380882349,18.46236380882349,1911.713182764263,0.1508656839146337,1.3045399140042753,1.2441253890283406,0.048626870033331215,1.109401433961466,0.1241237660869956,7.0,0.0,19.13316470644784,1.109401433961466,0.02645428793039173,0.7366929650306702,0.0
PLAIN_FM,3,23,0.0,0.0,0.08754901591312897,0.0,0.13413722972869868,0.0,0.8809282544880098,2.316490182783231,0.8835153046807538,0.03735455714763192,37.35455714763192,8950.653623785285,0.07737560080869986,1.3949162998779254,0.06959978898521513,0.04328911402262747,0.0,0.0,0.0,0.0,0.0,0.0,0.0,0.0,0.0
POV_L05_ALWAYS,3,23,0.0,0.0,0.07270095375670535,0.0,0.0,0.0,0.6172170697714633,1.563532814584541,0.6223559612612015,0.015479434109090029,15.479434109090029,2471.830047354651,0.4365610239774633,1.8885978022731817,1.4372236889903434,0.047923129983246326,1.3063519329298288,0.1459287570323795,7.0,0.0,30.065822196538484,1.3063519329298288,0.0,2.362823009490967,0.0
YFLOW_MAIN_PORT,3,23,1.0,0.0,-0.02980538803214347,0.0,0.0,0.0,0.5223591471718741,1.8092339443280212,0.8176726452680715,0.022809393207694484,22.809393207694484,545.2486148559643,0.2604116926933936,1.249012291421349,0.4661154390196316,0.044886365067213774,0.36992360901786014,0.04133751505287364,3.0,0.0,5.301024980606473,0.36992360901786014,0.0,1.2573546171188354,0.0
HYBRID_LATE_DAMPED,3,23,0.0,0.0,0.09895711357358102,0.0,0.0,0.0,0.7118368212614289,1.9760310030136405,0.7749368017690017,0.017009900600303496,17.009900600303496,2212.7468958239583,0.1629392426401161,1.280765601759917,0.47350193600868806,0.045444229093845934,0.37529184500453994,0.04204663401469588,3.0,0.0,5.401716032011173,0.37529184500453994,0.0,0.6756666302680969,0.0
HYBRID_LATE_ADAPTIVE,3,23,0.0,0.0,0.09895711357358102,0.0,0.0,0.0,0.7118368212614289,1.9760310030136405,0.7749368017690017,0.017009900600303496,17.009900600303496,2212.7468958239583,0.1629392426401161,1.280765601759917,0.4725206710281782,0.045299622986931354,0.37445333297364414,0.04194763087434694,3.0,0.0,5.401716032001959,0.37445333297364414,0.011306466010864824,0.6756666302680969,0.0
ADAPTIVE_ALLTIME_L05,3,23,0.0,0.0,0.09981150060387338,0.0,0.0,0.0,0.7093822790850212,1.9438749082633782,0.754651689727407,0.016305703631187995,16.305703631187995,2276.0106164223084,0.166998044111633,1.2886455481776342,1.3556880010291934,0.04982136900071055,1.2170053540030494,0.135410831135232,7.0,0.0,17.823423671658166,1.2170053540030494,0.027416290889959782,0.7281704545021057,0.0
PLAIN_FM,3,24,0.0,0.0,0.11706977646990521,0.0,0.09616132240295405,0.7311415672302246,0.9122129885190735,2.2571646037466864,0.8531788927732653,0.039748164705388556,39.748164705388554,9545.500707521758,0.08212815942849334,1.4074096597049972,0.06982865399913862,0.043364294921047986,0.0,0.0,0.0,0.0,0.0,0.0,0.0,0.0,0.0
POV_L05_ALWAYS,3,24,0.0,0.0,0.06253391573281133,0.0,0.0,0.0,0.6433977760329636,1.3425949498727052,0.5587639088437542,0.011197762450400717,11.197762450400717,1924.935760862212,0.4912318183359474,1.8844010693146096,1.1713338420377113,0.04884434299310669,1.0365523250075057,0.1134112540166825,7.0,0.0,30.459009005742708,1.0365523250075057,0.0,2.424321413040161,0.0
YFLOW_MAIN_PORT,3,24,1.0,0.0,-0.025290426006898903,0.0,0.0057841953277586455,0.0,0.5295384653299516,1.836493520221584,0.813231163617413,0.02720219513481492,27.202195134814918,683.0366252263076,0.2502688959943078,1.2708849902327037,0.5715898460475728,0.04710411897394806,0.4698102729744278,0.04971388605190441,3.0,0.0,3.8346988406150926,0.4698102729744278,0.0,1.2042113542556763,0.0
HYBRID_LATE_DAMPED,3,24,0.0,0.0,0.10038448845159631,0.0,0.0,0.0,0.7238453715555587,1.9778565762298825,0.7747645709436506,0.02065061365038723,20.65061365038723,2450.056460236194,0.15252675874551735,1.2947301748090638,0.5610263380222023,0.04497661592904478,0.4638274119934067,0.049612493079621345,3.0,0.0,3.8792767089650217,0.4638274119934067,0.0,0.6256534457206726,0.0
HYBRID_LATE_ADAPTIVE,3,24,0.0,0.0,0.10038448845159631,0.0,0.0,0.0,0.7238453715555587,1.9778565762298825,0.7747645709436506,0.02065061365038723,20.65061365038723,2450.056460236194,0.15252675874551735,1.2947301748090638,0.5593801680370234,0.045012267015408725,0.46268637297907844,0.04964144300902262,3.0,0.0,3.8792767089650217,0.46268637297907844,0.011058188043534756,0.6256534457206726,0.0
ADAPTIVE_ALLTIME_L05,3,24,0.0,0.0,0.10202976187978854,0.0,0.0,0.0,0.7223815672780776,1.9087184910163792,0.7442618764620417,0.018179643929373768,18.179643929373768,2168.1210241263566,0.16636765118473623,1.3113888828445157,1.237336882040836,0.04834411304909736,1.103459520963952,0.11656587617471814,7.0,0.0,20.518533512597138,1.103459520963952,0.026133670937269926,0.6868411302566528,0.0
PLAIN_FM,3,25,0.0,0.0,0.12023189719636501,0.0,0.12073631744384761,0.5369138717651367,0.9581014750374627,2.3026090358947178,0.8835442722853541,0.041769187935619234,41.769187935619236,10541.68158415678,0.08932326264056081,1.452452234888461,0.0699440769967623,0.04345401900354773,0.0,0.0,0.0,0.0,0.0,0.0,0.0,0.0,0.0
POV_L05_ALWAYS,3,25,0.0,0.0,0.09058337286564917,0.0,0.0,0.0,0.6783365245731398,1.320063088273015,0.5357911792016803,0.011284441717727134,11.284441717727134,2781.323857178464,0.41728643145631544,1.5376294988380157,1.0702421099995263,0.047929461987223476,0.9382042999495752,0.10225687402999029,7.0,0.0,22.932950921365762,0.9382042999495752,0.0,2.0762393474578857,0.0
YFLOW_MAIN_PORT,3,25,1.0,0.0,-0.03514045152549493,0.0,0.004329841995239114,0.0,0.5120372193217119,1.879730322078517,0.852959262351763,0.028032724255360186,28.03272425536019,708.4957099996459,0.2585617132836483,1.2345995434429098,0.4734957269974984,0.04523790301755071,0.37580430996604264,0.040603647008538246,3.0,0.0,4.292571992932095,0.37580430996604264,0.0,1.3505815267562866,0.0
HYBRID_LATE_DAMPED,3,25,0.0,0.0,0.11254868230099693,0.0,0.012725548553466748,0.0,0.756696443328769,1.9494368615676914,0.7900020031600454,0.021753563355829897,21.753563355829897,2899.341418773638,0.15155831736881653,1.3114737586871752,0.4642454929999076,0.0449584549642168,0.36776288505643606,0.03978184494189918,3.0,0.0,4.601176102544775,0.36776288505643606,0.0,0.7221097946166992,0.0
HYBRID_LATE_ADAPTIVE,3,25,0.0,0.0,0.11254868230099693,0.0,0.012725548553466748,0.0,0.756696443328769,1.9494368615676914,0.7900020031600454,0.021753563355829897,21.753563355829897,2899.341418773638,0.15155831736881653,1.3114737586871752,0.47100797499297187,0.0452710340032354,0.3736102519906126,0.04018932598410174,3.0,0.0,4.601176102544775,0.3736102519906126,0.0111488820402883,0.7221097946166992,0.0
ADAPTIVE_ALLTIME_L05,3,25,0.0,0.0,0.10446031694372887,0.0,0.0,0.0,0.7344688242463914,1.946983991231871,0.7752889071001954,0.01956058451409426,19.56058451409426,2842.250634134924,0.16294370109078032,1.2923489403367936,1.0713467790046707,0.04876907303696498,0.9348793388926424,0.10361771704629064,7.0,0.0,18.411544653778446,0.9348793388926424,0.026862149010412395,0.7585555911064148,0.0
PLAIN_FM,3,26,0.0,0.0,0.10372934811748535,0.0,0.18978829841613765,1.316131353378296,0.9008944259456733,2.297940483474094,0.8882025136705322,0.039969510771066474,39.969510771066474,9308.076628811168,0.07484342165119315,1.415932915336743,0.07413078402169049,0.04549647000385448,0.0,0.0,0.0,0.0,0.0,0.0,0.0,0.0,0.0
POV_L05_ALWAYS,3,26,0.0,0.0,0.06534470261431041,0.0,0.0,0.0,0.6303913007610387,1.4224887155836725,0.5861618134307188,0.013637275243029379,13.637275243029379,2526.2097542694482,0.47212919118945,1.8367345086621019,1.346239657024853,0.04811423795763403,1.213266065926291,0.13502969505498186,7.0,0.0,25.51951033471828,1.213266065926291,0.0,2.391963005065918,0.0
YFLOW_MAIN_PORT,3,26,1.0,0.0,-0.01695292020998032,0.0,0.0,0.0,0.5415162825082825,1.6437524914295831,0.7270507914920478,0.013628083496439736,13.628083496439736,304.72108631443007,0.3205102907813375,1.2995863599955193,0.47683659300673753,0.045336965937167406,0.37900396902114153,0.04204690188635141,3.0,0.0,4.3343622832211395,0.37900396902114153,0.0,1.4171301126480103,0.0
HYBRID_LATE_DAMPED,3,26,0.0,0.0,0.10200207057650953,0.0,0.014567332077026318,0.0,0.7231340989228124,1.9304617338772185,0.7420031455033695,0.016052935385047817,16.052935385047817,2100.923776512342,0.17736071073730175,1.3052732150129736,0.47318461001850665,0.045648402883671224,0.3752891350304708,0.04406700300751254,3.0,0.0,4.066095628270032,0.3752891350304708,0.0,0.7175183892250061,0.0
HYBRID_LATE_ADAPTIVE,3,26,0.0,0.0,0.10200207057650953,0.0,0.014567332077026318,0.0,0.7231340989228124,1.9304617338772185,0.7420031455033695,0.016052935385047817,16.052935385047817,2100.923776512342,0.17736071073730175,1.3052732150129736,0.47086719202343374,0.04696780611993745,0.3721261059981771,0.0423188210115768,3.0,0.0,4.066095628270032,0.3721261059981771,0.011003357940353453,0.7175183892250061,0.0
ADAPTIVE_ALLTIME_L05,3,26,0.0,0.0,0.10127038978851804,0.0,0.0,0.0,0.7216141085746439,1.898960450814378,0.742235056037977,0.015858946566933874,15.858946566933874,2073.483816030297,0.18052466351584517,1.3090866543683897,1.3545133989537135,0.05159360304242,1.2166343520511873,0.13776774203870445,7.0,0.0,14.03496004915587,1.2166343520511873,0.02602158801164478,0.7512497305870056,0.0
PLAIN_FM,3,27,0.0,0.0,0.10478172361571561,0.0,0.12384827594757075,1.0880064964294434,0.9011231582539747,2.27650834407282,0.8796007427127059,0.03870462334092828,38.70462334092828,9152.079419979398,0.08217548238157357,1.3975215947394082,0.07061056495876983,0.04412916587898508,0.0,0.0,0.0,0.0,0.0,0.0,0.0,0.0,0.0
POV_L05_ALWAYS,3,27,0.0,0.0,0.06671476725946898,0.0,0.0,0.0,0.6328878454755122,1.333917857785228,0.5647043510909244,0.012130833567173482,12.130833567173482,2383.6839481525376,0.47566505465583936,1.8325427237973957,1.1500485310098156,0.048653738980647177,1.0190500569297,0.11270841106306762,7.0,0.0,28.77511578216327,1.0190500569297,0.0,2.4503986835479736,0.0
YFLOW_MAIN_PORT,3,27,1.0,0.0,-0.024789007845395963,0.0,0.0,0.0,0.5289169100897284,1.784571053038975,0.805045713519746,0.021909706236614923,21.909706236614927,502.54746469518,0.2671231101100197,1.238188661561011,0.37440506397979334,0.04508728004293516,0.2781312809092924,0.03164708998519927,3.0,0.0,3.8730281311239785,0.2781312809092924,0.0,1.2573491334915161,0.0
HYBRID_LATE_DAMPED,3,27,0.0,0.0,0.10486844136489812,0.0,0.0,0.0,0.7167981201487366,1.9388859870867527,0.7604762645490543,0.017686027537699545,17.686027537699545,2375.209603837636,0.1678747657917918,1.2729752477600833,0.37748710199957713,0.045525589026510715,0.28021050296956673,0.031821784970816225,3.0,0.0,4.115641630947602,0.28021050296956673,0.0,0.6898283362388611,0.0
HYBRID_LATE_ADAPTIVE,3,27,0.0,0.0,0.10486844136489812,0.0,0.0,0.0,0.7167981201487366,1.9388859870867527,0.7604762645490543,0.017686027537699545,17.686027537699545,2375.209603837636,0.1678747657917918,1.2729752477600833,0.374554458016064,0.045320727105718106,0.2778339520446025,0.03142386407125741,3.0,0.0,4.115641630947602,0.2778339520446025,0.011047289939597249,0.6898283362388611,0.0
ADAPTIVE_ALLTIME_L05,3,27,0.0,0.0,0.10248013508393056,0.0,0.0,0.0,0.7100145515342499,1.9605855717632839,0.7779819157697164,0.02079829673941802,20.79829673941802,2603.483888219493,0.15885900930930635,1.2739488273626622,1.1542581479880027,0.04881142504746094,1.0201145950122736,0.11274623981444165,7.0,0.0,19.2482724788085,1.0201145950122736,0.02607953012920916,0.6991225481033325,0.0
PLAIN_FM,3,28,0.0,0.0,0.11561523592016693,0.0,0.17140026550292964,0.40187954902648926,0.9133382257322549,2.2186508572865122,0.8516420020080709,0.04154952693388836,41.54952693388836,10704.854721647194,0.10024609777110777,1.3830327349786142,0.06989488704130054,0.043483649962581694,0.0,0.0,0.0,0.0,0.0,0.0,0.0,0.0,0.0
POV_L05_ALWAYS,3,28,0.0,0.0,0.07503309026277993,0.0,0.0,0.0,0.6615474422731326,1.3738458214842282,0.5536965333657274,0.013571187603555579,13.57118760355558,2769.360100818563,0.4831011475621736,1.8778217094889416,1.3389464779756963,0.048278289032168686,1.208037200034596,0.13463132514152676,7.0,0.0,27.026806939441116,1.208037200034596,0.0,2.3483636379241943,0.0
YFLOW_MAIN_PORT,3,28,1.0,0.0,-0.0022373921680996847,0.0,0.0,0.0,0.531687040295018,1.7372008039559905,0.8101018484762238,0.027139758576374184,27.139758576374188,743.1285195509396,0.2671618666921692,1.3137283942246067,0.6501178540056571,0.04529307398479432,0.5531365440110676,0.05959037801949307,3.0,0.0,4.211436909035448,0.5531365440110676,0.0,1.2879704236984253,0.0
HYBRID_LATE_DAMPED,3,28,0.0,0.0,0.0999970136730988,0.0,0.05168195228576655,0.0,0.7181397710705634,1.8968081957884362,0.7600046904811686,0.019437945126564493,19.437945126564497,2989.1964191810057,0.18068713842935258,1.2664600971976365,0.562698534980882,0.04568664595717564,0.4652510320302099,0.052818354044575244,3.0,0.0,4.14772442084208,0.4652510320302099,0.0,0.6663329005241394,0.0
HYBRID_LATE_ADAPTIVE,3,28,0.0,0.0,0.0999970136730988,0.0,0.05168195228576655,0.0,0.7181397710705634,1.8968081957884362,0.7600046904811686,0.019437945126564493,19.437945126564497,2989.1964191810057,0.18068713842935258,1.2664600971976365,0.5670634359703399,0.04631126002641395,0.46877170202787966,0.052793207054492086,3.0,0.0,4.14772442084208,0.46877170202787966,0.01108930999180302,0.6663329005241394,0.0
ADAPTIVE_ALLTIME_L05,3,28,0.0,0.0,0.1032492625432688,0.0,0.06529207687377925,0.0,0.7270491397715846,1.8596057969548856,0.7657779902867492,0.02213954547333241,22.139545473332415,3305.953480389956,0.17862137939418848,1.2873298481112052,1.6253936109715141,0.049950401997193694,1.4895318469498307,0.16226005292264745,7.0,0.0,14.93582835519463,1.4895318469498307,0.02605916903121397,0.7089901566505432,0.0
PLAIN_FM,3,29,0.0,0.0,0.10535271244347075,0.0,0.13962979774475093,0.9386134147644043,0.8911663251548215,2.301073321352543,0.9084836482507911,0.04585958702409676,45.859587024096754,11059.255157733118,0.08541285287654646,1.4067948082485617,0.07012317201588303,0.0438198969932273,0.0,0.0,0.0,0.0,0.0,0.0,0.0,0.0,0.0
POV_L05_ALWAYS,3,29,0.0,0.0,0.06548639357654079,0.0,0.0,0.0,0.6641487478420168,1.412478334061415,0.5730100229460777,0.019617976357793943,19.617976357793943,4435.946493412323,0.4478498337089505,1.8144534409874644,1.4391581839881837,0.04835508193355054,1.3084974910016172,0.14537306292913854,7.0,0.0,29.375441609513317,1.3084974910016172,0.0,2.275806188583374,0.0
YFLOW_MAIN_PORT,3,29,1.0,0.0,-0.017156108261625162,0.0,0.0,0.0,0.5483489110211921,1.6678488016199073,0.7300222653914176,0.014746376788814075,14.746376788814075,351.24468092577746,0.3043061843905646,1.3130294863859413,0.6510240589850582,0.045384557044599205,0.55386622302467,0.059780421026516706,3.0,0.0,5.380784863157063,0.55386622302467,0.0,1.3247870206832886,0.0
HYBRID_LATE_DAMPED,3,29,0.0,0.0,0.0998822087178653,0.0,0.0,0.0,0.7263590145098453,1.9196391524120089,0.7575890978214059,0.017908468750240658,17.908468750240658,2692.2181641489296,0.17909185086704876,1.3264230112733866,0.6511735430103727,0.04531494504772127,0.5541871709865518,0.05995947599876672,3.0,0.0,6.1017414497936215,0.5541871709865518,0.0,0.6921009421348572,0.0
HYBRID_LATE_ADAPTIVE,3,29,0.0,0.0,0.0998822087178653,0.0,0.0,0.0,0.7263590145098453,1.9196391524120089,0.7575890978214059,0.017908468750240658,17.908468750240658,2692.2181641489296,0.17909185086704876,1.3264230112733866,0.6500831349985674,0.04529052501311526,0.5531817059963942,0.05991778598399833,3.0,0.0,6.101741449793613,0.5531817059963942,0.010994067008141428,0.6921009421348572,0.0
ADAPTIVE_ALLTIME_L05,3,29,0.0,0.0,0.09738950736654481,0.0,0.0,0.0,0.7228585877502927,1.8961260257154688,0.7547386660433779,0.017243665335651137,17.24366533565114,2674.1224462498717,0.18724622152076698,1.3262763639002018,1.4310280909994617,0.04859078803565353,1.2973415690939873,0.1439707080135122,7.0,0.0,17.176232481867007,1.2973415690939873,0.02593285497277975,0.7255971431732178,0.0
PLAIN_FM,3,30,0.0,0.0,0.10100871036590886,0.0,0.2241676614761352,0.0,0.9007621000340574,2.266487085278264,0.8686925464577582,0.03201015832909393,32.01015832909393,7245.598069926527,0.07127931362913129,1.4167100338797485,0.0703644989989698,0.04376575700007379,0.0,0.0,0.0,0.0,0.0,0.0,0.0,0.0,0.0
POV_L05_ALWAYS,3,30,0.0,0.0,0.0645474960282211,0.0,0.0,0.0,0.6343348751727292,1.4008471375101,0.5757089543492583,0.012827736056387096,12.827736056387096,2285.6440349155346,0.4490929645069008,1.8480889515853283,1.3314370440202765,0.047799608029890805,1.201357166050002,0.1323186869849451,7.0,0.0,26.173207294347307,1.201357166050002,0.0,2.3625974655151367,0.0
YFLOW_MAIN_PORT,3,30,1.0,0.0,-0.024986050554746828,0.0,0.0013513978958128448,0.0,0.5303861799145166,1.873811804016719,0.8445480070586648,0.026772127254552913,26.772127254552913,659.0814637625897,0.25582000652328923,1.250935031288426,0.46814983704825863,0.045262774045113474,0.3715113329817541,0.041528419009409845,3.0,0.0,3.82853632275776,0.3715113329817541,0.0,1.2101858854293823,0.0
HYBRID_LATE_DAMPED,3,30,0.0,0.0,0.10205598873665053,0.0,0.028161959457397412,0.0,0.7162643460701669,2.0015396781932893,0.8037591111338265,0.018876002073398013,18.876002073398013,1968.3978999899487,0.15469227015887654,1.289109097124143,0.4712425659527071,0.045677915040869266,0.371865832072217,0.042084303160663694,3.0,0.0,3.979507596278777,0.371865832072217,0.0,0.6358151435852051,0.0
HYBRID_LATE_ADAPTIVE,3,30,0.0,0.0,0.10205598873665053,0.0,0.028161959457397412,0.0,0.7162643460701669,2.0015396781932893,0.8037591111338265,0.018876002073398013,18.876002073398013,1968.3978999899487,0.15469227015887654,1.289109097124143,0.4781920510577038,0.04647765588015318,0.3797688930644654,0.043065888981800526,3.0,0.0,3.979507596278777,0.3797688930644654,0.011017549026291817,0.6358151435852051,0.0
ADAPTIVE_ALLTIME_L05,3,30,0.0,0.0,0.10127858039172233,0.0,0.020083145904540967,0.0,0.7147787864631544,1.965091331200823,0.7847695726563414,0.019383109759939288,19.383109759939288,2124.9073348132088,0.1559808114823847,1.2879124725454556,1.437528656970244,0.05081643507583067,1.29894563293783,0.14427534904098138,7.0,0.0,17.28891598763253,1.29894563293783,0.0271891369484365,0.6853219866752625,0.0
PLAIN_FM,3,31,0.0,0.0,0.10046099962223642,0.0,0.14627094726562495,1.1811208724975586,0.9264428189810407,2.3373369130622166,0.9220072465888741,0.041870357100546096,41.8703571005461,9579.916663900123,0.09378858848186533,1.4228447732016714,0.07046295201871544,0.04413065506378189,0.0,0.0,0.0,0.0,0.0,0.0,0.0,0.0,0.0
POV_L05_ALWAYS,3,31,0.0,0.0,0.07179905179437626,0.0,0.0,0.0,0.6391145982237352,1.4508393579611856,0.6445495712107927,0.013998305419651302,13.998305419651302,2422.7997106482485,0.42147007935248987,1.7731028282797567,1.238267199951224,0.04916742193745449,1.107201636012178,0.12328298494685441,7.0,0.0,28.704564752713363,1.107201636012178,0.0,2.306217908859253,0.0
YFLOW_MAIN_PORT,3,31,1.0,0.0,-0.028062696550995123,0.0,0.0038327392578123565,0.0,0.5334178532496706,1.8908472229004136,0.8494101827465738,0.026023207592939634,26.023207592939634,622.6216556754594,0.2553446900731711,1.2263543216522548,0.560495913028717,0.04582612693775445,0.46307114901719615,0.04929859604453668,3.0,0.0,4.636341371793875,0.46307114901719615,0.0,1.2843140363693237,0.0
HYBRID_LATE_DAMPED,3,31,0.0,0.0,0.10155689917826413,0.0,0.05706186752319331,0.0,0.7339454311147388,2.06645918537408,0.8297524958668845,0.022484759932119402,22.484759932119402,2611.804743270962,0.14966088167467959,1.2743780364233532,0.560950654966291,0.046440892037935555,0.46245250292122364,0.04869976011104882,3.0,0.0,4.327263229988038,0.46245250292122364,0.0,0.6564722061157227,0.0
HYBRID_LATE_ADAPTIVE,3,31,0.0,0.0,0.10155689917826413,0.0,0.05706186752319331,0.0,0.7339454311147388,2.06645918537408,0.8297524958668845,0.022484759932119402,22.484759932119402,2611.804743270962,0.14966088167467959,1.2743780364233532,0.553800223977305,0.04527100588893518,0.4571929109515622,0.04729160707211122,3.0,0.0,4.327263229988038,0.4571929109515622,0.011012018949259073,0.6564722061157227,0.0
ADAPTIVE_ALLTIME_L05,3,31,0.0,0.0,0.1045814939133525,0.0,0.0427782104492187,0.0,0.728901721144834,2.0308514465381826,0.8138183303391755,0.02222969348622872,22.22969348622872,2607.6707185340274,0.150548518988183,1.2660898151419577,1.3340781150036491,0.0497670178883709,1.199251765909139,0.13103617203887552,7.0,0.0,17.16828396120678,1.199251765909139,0.025837652035988867,0.7035118937492371,0.0
PLAIN_FM,4,0,1.0,0.0,-0.005844888557082026,0.0,0.23970172967910752,0.0,0.24972484841178322,3.4457609961769826,1.6377409784793,0.02853179191625839,28.531791916258392,4916.5879851465215,0.0894916101308036,0.48674407393253377,0.06886310101253912,0.04311819007853046,0.0,0.0,0.0,0.0,0.0,0.0,0.0,0.0,0.0
POV_L05_ALWAYS,4,0,0.0,0.0,0.019883215989801695,0.0,0.06091968383789048,0.0,0.15753598994331264,2.8582108750450708,1.6063059055442128,0.025148965689232264,25.148965689232266,1574.0518731081759,0.43822802026757923,1.1898634673113866,1.1451165169710293,0.04811505798716098,1.0153495940030552,0.11107641900889575,7.0,0.0,23.523160554979317,1.0153495940030552,0.0,2.184678077697754,0.0
YFLOW_MAIN_PORT,4,0,0.0,0.0,0.044731363143366926,0.0,0.0,0.0,0.20240721153197674,2.899865987099724,1.5891584161049828,0.0334566318255384,33.4566318255384,598.5140840054082,0.3777289194783934,1.0810941355073527,0.3762783450074494,0.04534535697894171,0.2797245239489712,0.03183400398120284,3.0,0.0,5.153266773599669,0.2797245239489712,0.0,1.8428876399993896,0.0
HYBRID_LATE_DAMPED,4,0,0.0,0.0,0.02212357019386886,0.0,0.10316060152053819,0.0,0.23085535759917492,3.123207974050386,1.6213736176901885,0.025169485513451925,25.169485513451928,1403.47841387454,0.211027865719949,0.745123766047828,0.37627098499797285,0.04548247903585434,0.2793400339432992,0.03191858594072983,3.0,0.0,5.409083646884471,0.2793400339432992,0.0,1.0171290636062622,0.0
HYBRID_LATE_ADAPTIVE,4,0,0.0,0.0,0.02212357019386886,0.0,0.10316060152053819,0.0,0.23085535759917492,3.123207974050386,1.6213736176901885,0.025169485513451925,25.169485513451928,1403.47841387454,0.211027865719949,0.745123766047828,0.3756568099488504,0.045543109939899296,0.27886221307562664,0.03182786499382928,3.0,0.0,5.409083646885336,0.27886221307562664,0.010950727039016783,1.0171290636062622,0.0
ADAPTIVE_ALLTIME_L05,4,0,0.0,0.0,0.013545575578796057,0.0,0.09934918251037583,0.0,0.23191755336652314,3.080354478787178,1.6311389569977568,0.025977779002848145,25.977779002848145,1480.226906962488,0.2347960897085702,0.8005408962815164,0.972751479013823,0.04905925103230402,0.8389391369419172,0.09507860196754336,7.0,0.0,21.867540905040496,0.8389391369419172,0.025814042950514704,1.1286581754684448,0.0
PLAIN_FM,4,1,1.0,0.0,-0.018424877420045213,0.0,0.21849260892868028,1.074535846710205,0.2787190937092429,3.4424825932277936,1.6197147154154938,0.03939154114677798,39.39154114677798,8629.80761697012,0.09388675550325468,0.533956463720449,0.07018679502652958,0.043685736018233,0.0,0.0,0.0,0.0,0.0,0.0,0.0,0.0,0.0
POV_L05_ALWAYS,4,1,0.0,0.0,0.008309891108335202,0.0,0.04094825353622422,0.0,0.21235008170399367,2.7193470252276413,1.5596234112083915,0.02691865142496558,26.918651424965578,3649.9645964813303,0.526670000660295,1.3563286276768316,1.702376171015203,0.04841333400690928,1.571982083900366,0.1702684459160082,7.0,0.0,31.81623914940164,1.571982083900366,0.0,2.4779231548309326,0.0
YFLOW_MAIN_PORT,4,1,0.0,0.0,0.04110676671792815,0.0,0.0,0.0,0.18779542759649384,2.883051130994907,1.6156519348628446,0.03585028076897029,35.850280768970286,604.5653459712793,0.3873173086122226,1.1295368391726839,0.4703577460022643,0.04568792594363913,0.37304649397265166,0.04067001800285652,3.0,0.0,5.1046096872514415,0.37304649397265166,0.0,1.7732080221176147,0.0
HYBRID_LATE_DAMPED,4,1,0.0,0.0,0.012487142351874383,0.0,0.09335504140853867,0.0,0.24432559853226077,3.117118571633263,1.6074975352836296,0.027075914059202344,27.075914059202344,2409.6506387017607,0.22791781991152466,0.7926423402181668,0.46762743598083034,0.04545929707819596,0.37067271495470777,0.04068820795509964,3.0,0.0,5.012575363303988,0.37067271495470777,0.0,0.9743729829788208,0.0
HYBRID_LATE_ADAPTIVE,4,1,0.0,0.0,0.012487142351874383,0.0,0.09335504140853867,0.0,0.24432559853226077,3.117118571633263,1.6074975352836296,0.027075914059202344,27.075914059202344,2409.6506387017607,0.22791781991152466,0.7926423402181668,0.4664819879690185,0.045422467053867877,0.36964085896033794,0.040685180050786585,3.0,0.0,5.01257536351656,0.36964085896033794,0.010988997062668204,0.9743729829788208,0.0
ADAPTIVE_ALLTIME_L05,4,1,0.0,0.0,0.003975091397029409,0.0,0.08520708646774278,0.0,0.24349508976110668,3.071342920402774,1.620693422501745,0.029285672987025113,29.285672987025112,2954.5861178781556,0.25512873891880083,0.8542423449410309,1.6241598349879496,0.05078635399695486,1.4870379379717633,0.16425957315368578,7.0,0.0,19.36460812035774,1.4870379379717633,0.025874143873807043,1.1073663234710693,0.0
PLAIN_FM,4,2,1.0,0.0,-0.0052603122103150185,0.0,0.15950829949378953,0.3120732307434082,0.2228166864862344,3.4569295577883743,1.6167055093867881,0.029769529173934717,29.769529173934718,3656.3022060597013,0.09099553978871347,0.4491363701424563,0.07069430802948773,0.044073054974433035,0.0,0.0,0.0,0.0,0.0,0.0,0.0,0.0,0.0
POV_L05_ALWAYS,4,2,0.0,0.0,0.005977885086517032,0.0,0.03540412750244126,0.11702299118041992,0.15638204084033905,2.948384618108323,1.6332950544865361,0.030260275207494775,30.26027520749477,1727.7563038447945,0.3862470122422158,1.100434983854848,1.2490801300155,0.04990738205378875,1.115366256912239,0.12097803794313222,7.0,0.0,25.56996597722959,1.115366256912239,0.0,1.9509117603302002,0.0
YFLOW_MAIN_PORT,4,2,0.0,0.0,0.03621301415582448,0.0,0.0,0.0,0.18894018112399838,2.924104389335035,1.6145740607147647,0.037226846469128966,37.22684646912897,670.3728380073258,0.3765344404709382,1.0764735145036957,0.37820154504152015,0.046232220192905515,0.28041439200751483,0.03209987306036055,3.0,0.0,5.260370296616706,0.28041439200751483,0.0,1.8856006860733032,0.0
HYBRID_LATE_DAMPED,4,2,0.0,0.0,0.028381814476626938,0.0,0.05183623399734483,0.0,0.22589979608254174,3.1223944754180324,1.580923601498606,0.024568355651752805,24.568355651752803,989.5736518780507,0.2173895068250137,0.7368753990677154,0.37776673398911953,0.046002243005204946,0.2801560860243626,0.03197340795304626,3.0,0.0,5.558108166522991,0.2801560860243626,0.0,1.0873452425003052,0.0
HYBRID_LATE_ADAPTIVE,4,2,0.0,0.0,0.028381814476626938,0.0,0.05183623399734483,0.0,0.22589979608254174,3.1223944754180324,1.580923601498606,0.024568355651752805,24.568355651752803,989.5736518780507,0.2173895068250137,0.7368753990677154,0.38041271100519225,0.04643234197283164,0.28222652804106474,0.03252900292864069,3.0,0.0,5.558108166522807,0.28222652804106474,0.011002339015249163,1.0873452425003052,0.0
ADAPTIVE_ALLTIME_L05,4,2,0.0,0.0,0.027886756944624322,0.0,0.04353449907302842,0.0,0.23057241706814208,3.078856866028306,1.5700567564327121,0.02438722916384803,24.38722916384803,1115.7008988260707,0.23930960508899096,0.785463557848696,0.9880278190248646,0.05304389999946579,0.8442028600838967,0.09684537001885474,7.0,0.0,22.465412703030378,0.8442028600838967,0.028169873054139316,1.2011513710021973,0.0
PLAIN_FM,4,3,1.0,0.0,-0.0028637871023844824,0.0,0.1975323375701903,0.5185914039611816,0.24739857238283544,3.496557900060944,1.607074175484205,0.0343680638713004,34.36806387130039,6936.664238854556,0.07287046922975032,0.509936273497224,0.0710531470249407,0.04436710203299299,0.0,0.0,0.0,0.0,0.0,0.0,0.0,0.0,0.0
POV_L05_ALWAYS,4,3,0.0,0.0,0.00879010466020698,0.0,0.010537069702148294,0.0,0.17388589828300224,2.858962521873097,1.5925833579167616,0.024731266871584667,24.731266871584666,1941.740449082663,0.4596436669449244,1.225507532643169,1.335793245001696,0.04802268190542236,1.2054523199913092,0.13011843111598864,7.0,0.0,24.84327115486037,1.2054523199913092,0.0,2.245699405670166,0.0
YFLOW_MAIN_PORT,4,3,0.0,0.0,0.03446156650448662,0.0,0.0,0.0,0.1844971628226642,2.9510256091596587,1.6574650801991844,0.039501151170019275,39.501151170019284,697.8814354581823,0.3661965811641149,1.0777864306644749,0.46868033398641273,0.04551979200914502,0.37127073091687635,0.04018703696783632,3.0,0.0,4.974188263752654,0.37127073091687635,0.0,1.8004162311553955,0.0
HYBRID_LATE_DAMPED,4,3,0.0,0.0,0.0283820097391166,0.0,0.07671968307495103,0.0,0.23213075171270836,3.1438371971634878,1.5891366365415307,0.024716914332291506,24.71691433229151,1652.8212976068216,0.21067613360556503,0.7511555857050731,0.46479873603675514,0.0451443029451184,0.3679963179747574,0.03919696109369397,3.0,0.0,5.2072086191480915,0.3679963179747574,0.0,1.002689242362976,0.0
HYBRID_LATE_ADAPTIVE,4,3,0.0,0.0,0.0283820097391166,0.0,0.07671968307495103,0.0,0.23213075171270836,3.1438371971634878,1.5891366365415307,0.024716914332291506,24.71691433229151,1652.8212976068216,0.21067613360556503,0.7511555857050731,0.46562100702431053,0.0450139669701457,0.3689569320413284,0.03927869501058012,3.0,0.0,5.2072086191469955,0.3689569320413284,0.011046060011722147,1.002689242362976,0.0
ADAPTIVE_ALLTIME_L05,4,3,0.0,0.0,0.027773788001589098,0.0,0.06225959625244126,0.0,0.23909019882987242,3.1120656326029716,1.5785740156633605,0.024267115001545325,24.267115001545324,1638.403457196941,0.22920648171768135,0.7829638568528329,1.5210734329884872,0.04900447092950344,1.3865158500848338,0.14882411499274895,7.0,0.0,16.556346811932375,1.3865158500848338,0.02602310897782445,1.086790680885315,0.0
PLAIN_FM,4,4,1.0,0.0,-0.02050593685982132,0.0,0.14109895792007432,0.6216716766357422,0.2713204905122053,3.4120036525414212,1.6148177801150436,0.03620950757918269,36.209507579182684,6175.889299285321,0.09639480542633222,0.505238761178439,0.07017360400641337,0.043718795117456466,0.0,0.0,0.0,0.0,0.0,0.0,0.0,0.0,0.0
POV_L05_ALWAYS,4,4,0.0,0.0,0.00885068561983142,0.0,0.025577705764770364,0.0,0.18855235154028013,2.786471797233889,1.5802168309286222,0.02694309473030839,26.943094730308395,2121.4568648659356,0.48464663775426436,1.2783678609505011,1.2481425299774855,0.04773278604261577,1.1180187790305354,0.12236394808860496,7.0,0.0,27.814699063146158,1.1180187790305354,0.0,2.2147974967956543,0.0
YFLOW_MAIN_PORT,4,4,0.0,0.0,0.02796819094205255,0.0,0.00016645755767807913,0.0,0.1564010259513571,2.9292159674632594,1.678460656251847,0.04425563422420213,44.255634224202126,951.7554957950496,0.37409400595099795,1.1155333512731487,0.561846581986174,0.04537205712404102,0.4648882300243713,0.04838534310692921,3.0,0.0,4.8994484632037265,0.4648882300243713,0.0,1.6864986419677734,0.0
HYBRID_LATE_DAMPED,4,4,0.0,0.0,0.0194433342631741,0.0,0.04272775020599351,0.0,0.24285635003179779,3.082304552896829,1.585924914865049,0.02578046397609131,25.780463976091312,1521.3870403978217,0.23919285553032343,0.7858032908463413,0.5597099579754286,0.04528230702271685,0.4628227470093407,0.049451500934083015,3.0,0.0,5.363661624267319,0.4628227470093407,0.0,0.9510990381240845,0.0
HYBRID_LATE_ADAPTIVE,4,4,0.0,0.0,0.018521223895089492,0.0,0.04836575355529771,0.0,0.24448017278894865,3.0590348140150474,1.5872071727548998,0.025986623457292468,25.986623457292467,1583.1408287530435,0.25153213824405796,0.8113953868422094,0.46788900502724573,0.0451032699784264,0.37117991893319413,0.04153484100243077,3.0,0.0,6.032464560075288,0.37117991893319413,0.01106865901965648,1.0047693252563477,0.0
ADAPTIVE_ALLTIME_L05,4,4,0.0,0.0,0.00863212681697971,0.0,0.05069659318923936,0.0,0.22712376906409015,3.0686142012653694,1.6273416165691759,0.02932609089353984,29.326090893539835,1773.116131344761,0.25424757526072195,0.832487837998877,1.4335205410025083,0.04846884391736239,1.3000117059564218,0.1391542800120078,7.0,0.0,18.35235477514908,1.3000117059564218,0.02599216584349051,1.0381298065185547,0.0
PLAIN_FM,4,5,1.0,0.0,-0.006958070097130051,0.0,0.20631836023330674,0.20595908164978027,0.2329517085289863,3.509277021784588,1.6023004641666192,0.04265026997109783,42.65026997109783,8828.829801676777,0.09355103541403899,0.49784540008673256,0.0702628280268982,0.04373871604911983,0.0,0.0,0.0,0.0,0.0,0.0,0.0,0.0,0.0
POV_L05_ALWAYS,4,5,0.0,0.0,0.0018333116564698826,0.0,0.05461381044387803,0.0,0.17739366617455263,2.943356663962422,1.6162282090238724,0.030508382594722605,30.508382594722605,2760.1504716162963,0.38605628856453034,1.097972550145676,1.5118232229724526,0.04754577105632052,1.382147772994358,0.14732920582173392,7.0,0.0,24.45689375882001,1.382147772994358,0.0,2.008754014968872,0.0
YFLOW_MAIN_PORT,4,5,0.0,0.0,0.047174155617645624,0.0,0.0,0.0,0.22323110660291198,2.878352342069607,1.533461023826022,0.029629487702070013,29.62948770207001,545.0295319459877,0.3876374913681786,1.0861410863106649,0.5580787869985215,0.045052268949802965,0.46149198402417824,0.047840189072303474,3.0,0.0,5.307130363108537,0.46149198402417824,0.0,1.986077904701233,0.0
HYBRID_LATE_DAMPED,4,5,0.0,0.0,0.02449837590384947,0.0,0.07899360027313218,0.0,0.22871538722683038,3.1486375639330864,1.5779226651872282,0.026503833663997528,26.50383366399753,2076.9237003578855,0.19977167787694586,0.7465488945502488,0.5597242999938317,0.04721431393409148,0.4604964000172913,0.04759675508830696,3.0,0.0,5.525277642049008,0.4604964000172913,0.0,1.0846924781799316,0.0
HYBRID_LATE_ADAPTIVE,4,5,0.0,0.0,0.02449837590384947,0.0,0.07899360027313218,0.0,0.22871538722683038,3.1486375639330864,1.5779226651872282,0.026503833663997528,26.50383366399753,2076.9237003578855,0.19977167787694586,0.7465488945502488,0.5594705219846219,0.04686697508441284,0.46041280805366114,0.047498189960606396,3.0,0.0,5.525277642051956,0.46041280805366114,0.011199894011951983,1.0846924781799316,0.0
ADAPTIVE_ALLTIME_L05,4,5,0.0,0.0,0.027818718576420542,0.0,0.06375805702209458,0.0,0.2330619481534784,3.107768374060346,1.5585964002652493,0.025826317643392216,25.826317643392215,2051.106329233382,0.224417433705762,0.7885922319495519,1.4350655319867656,0.051303086045663804,1.2979781939066015,0.13959130202420056,7.0,0.0,18.639984856312978,1.2979781939066015,0.025903117028065026,1.1995129585266113,0.0
PLAIN_FM,4,6,1.0,0.0,-0.0012662675417094843,0.0,0.16229407157897935,2.290470600128174,0.21711988102292024,3.5033985456359376,1.6434782903575036,0.0362070517719278,36.2070517719278,7286.543891116176,0.08044570865358583,0.4744546672852493,0.07071997795719653,0.04420734796440229,0.0,0.0,0.0,0.0,0.0,0.0,0.0,0.0,0.0
POV_L05_ALWAYS,4,6,0.0,0.0,0.025639705881327454,0.0,0.011781316661834573,0.0,0.17848869098407502,2.6429811259224505,1.5750789467274176,0.022770591922466,22.770591922465997,2691.7489633252912,0.5377379586245666,1.4174230548111701,1.4345255499938503,0.049595464079175144,1.3020992500241846,0.14081653102766722,7.0,0.0,26.024123680320287,1.3020992500241846,0.0,2.6638691425323486,0.0
YFLOW_MAIN_PORT,4,6,0.0,0.0,0.040368821143133254,0.0,0.00022159185409531545,0.0,0.18512312710503603,2.9207948744668655,1.6218101132881662,0.036749681327897535,36.74968132789754,625.1036740202665,0.3778589830841222,1.0886238932546421,0.47522633196786046,0.04613440902903676,0.37715908099198714,0.040086430904921144,3.0,0.0,5.039222136631363,0.37715908099198714,0.0,1.8612322807312012,0.0
HYBRID_LATE_DAMPED,4,6,0.0,0.0,0.014351457011486282,0.0,0.062381785774230814,0.5112242698669434,0.20463807480222823,3.162330282985125,1.6406608776489646,0.028919111998866986,28.91911199886699,2212.9971821085614,0.21024945944733933,0.7422045414002748,0.47118342004250735,0.04595546197379008,0.37325616303132847,0.04144599806750193,3.0,0.0,5.4401924150777194,0.37325616303132847,0.0,1.03397536277771,0.0
HYBRID_LATE_ADAPTIVE,4,6,0.0,0.0,0.014351457011486282,0.0,0.062381785774230814,0.5112242698669434,0.20463807480222823,3.162330282985125,1.6406608776489646,0.028919111998866986,28.91911199886699,2212.9971821085614,0.21024945944733933,0.7422045414002748,0.4750931690214202,0.045916942006442696,0.37679136195220053,0.04068378999363631,3.0,0.0,5.440192415079294,0.37679136195220053,0.011142792063765228,1.03397536277771,0.0
ADAPTIVE_ALLTIME_L05,4,6,0.0,0.0,0.028846702783503694,0.0,0.05939857330322251,0.5309474468231201,0.21816116342750652,3.1119286333991534,1.596586213492547,0.027224648016152764,27.224648016152766,2172.15163987286,0.23228222895727832,0.7848870615616447,1.4378872069646604,0.04898155794944614,1.3033332130289637,0.14111673994921148,7.0,0.0,16.878704302455677,1.3033332130289637,0.02616309211589396,1.1251739263534546,0.0
PLAIN_FM,4,7,1.0,0.0,-0.013359383723830956,0.0,0.1756536331415175,0.5966496467590332,0.2536525358919743,3.5127044904321023,1.6029505468902652,0.035902318009454384,35.90231800945438,6418.824896274075,0.07288603945834396,0.4827561552140545,0.07009013299830258,0.04362952394876629,0.0,0.0,0.0,0.0,0.0,0.0,0.0,0.0,0.0
POV_L05_ALWAYS,4,7,0.0,0.0,0.011893734849240917,0.0,0.0,0.0,0.1941173496037133,2.8003293495123467,1.5688583828152496,0.025353284809178703,25.353284809178703,2188.555982648172,0.4784352491278334,1.2392494491321093,1.7013574540033005,0.04790879198117182,1.5710319379577413,0.16649665491422638,7.0,0.0,26.479081734716374,1.5710319379577413,0.0,2.368166446685791,0.0
YFLOW_MAIN_PORT,4,7,0.0,0.0,0.044264444523596874,0.0,0.0,0.0,0.20228911452083936,2.8977301177943464,1.5938050549233256,0.03434626162163831,34.34626162163831,610.9926169019994,0.38379987757008327,1.0973293294278594,0.4676866520312615,0.04511195095255971,0.3713144740322605,0.04187378799542785,3.0,0.0,5.308221144078791,0.3713144740322605,0.0,1.8547353744506836,0.0
HYBRID_LATE_DAMPED,4,7,0.0,0.0,0.018367427513425197,0.0,0.0393546115994452,0.0,0.23559137275221945,3.161601795535595,1.5973312068985952,0.027112438976370987,27.11243897637099,1753.5429139682121,0.2118271185354017,0.7301889735963871,0.5580768700456247,0.04515728208934888,0.46118241804651916,0.049528732954058796,3.0,0.0,4.9816005276664335,0.46118241804651916,0.0,0.9928627610206604,0.0
HYBRID_LATE_ADAPTIVE,4,7,0.0,0.0,0.018367427513425197,0.0,0.0393546115994452,0.0,0.23559137275221945,3.161601795535595,1.5973312068985952,0.027112438976370987,27.11243897637099,1753.5429139682121,0.2118271185354017,0.7301889735963871,0.5591398159740493,0.04531528404913843,0.4620899300207384,0.0495989850605838,3.0,0.0,4.981600527667047,0.4620899300207384,0.011084121011663228,0.9928627610206604,0.0
ADAPTIVE_ALLTIME_L05,4,7,0.0,0.0,0.014639269684231501,0.0,0.024398800396919107,0.0,0.2359549302105136,3.126883880853649,1.6008283643798518,0.028011211337695588,28.011211337695592,1817.1743626413079,0.23305156763307003,0.7722873228181761,1.5241318719927222,0.04857934906613082,1.39012903010007,0.1516275930334814,7.0,0.0,20.00124501414279,1.39012903010007,0.02600557607365772,1.0985385179519653,0.0
PLAIN_FM,4,8,1.0,0.0,-0.01977000371346542,0.0,0.18201575841903672,0.7207465171813965,0.22479977693170117,3.5533133105436923,1.670879079572982,0.0390319700378613,39.0319700378613,7586.8748075207395,0.15210035222265905,0.4083809684674512,0.06988331797765568,0.04342545801773667,0.0,0.0,0.0,0.0,0.0,0.0,0.0,0.0,0.0
POV_L05_ALWAYS,4,8,0.0,0.0,0.013043002864735379,0.0,0.029217463397979593,0.0,0.16673470999899306,2.8994015261604122,1.6082843673044842,0.028043363799702264,28.043363799702263,2179.2126627695793,0.4223057625242884,1.1589798962702413,1.4271261090179905,0.04774159798398614,1.2970519261434674,0.14345158799551427,7.0,0.0,29.208189366957207,1.2970519261434674,0.0,2.3572990894317627,0.0
YFLOW_MAIN_PORT,4,8,0.0,0.0,0.044781231578192,0.0,0.0,0.0,0.21104613098890176,2.9283750310622056,1.5932872638376168,0.0345771915684366,34.5771915684366,597.513871731331,0.37964387142415884,1.0481810907072011,0.46736077405512333,0.045109100989066064,0.3708607039297931,0.041651505045592785,3.0,0.0,5.580623337726372,0.3708607039297931,0.0,2.143740653991699,0.0
HYBRID_LATE_DAMPED,4,8,1.0,0.0,-0.0013269414112871275,0.0,0.08057848777770982,0.0,0.21777079746279715,3.202703348018289,1.6675108384575645,0.028419273621533375,28.419273621533378,1957.7300196978897,0.18546390346472552,0.6727905994565012,0.4668632729444653,0.04511539207305759,0.37029005895601586,0.04173541598720476,3.0,0.0,5.864537913784062,0.37029005895601586,0.0,1.161683201789856,0.0
HYBRID_LATE_ADAPTIVE,4,8,1.0,0.0,-0.0013269414112871275,0.0,0.08057848777770982,0.0,0.21777079746279715,3.202703348018289,1.6675108384575645,0.028419273621533375,28.419273621533378,1957.7300196978897,0.18546390346472552,0.6727905994565012,0.4686025370028801,0.04533167800400406,0.37168387399287894,0.04176587704569101,3.0,0.0,5.864537913821511,0.37168387399287894,0.011058490024879575,1.161683201789856,0.0
ADAPTIVE_ALLTIME_L05,4,8,0.0,0.0,0.016268447562512958,0.0,0.07233158912658677,0.0,0.2358140218478727,3.1307588700256406,1.6071332031373409,0.0261456168965275,26.1456168965275,1856.004583255982,0.21242536441035698,0.7357107036927215,1.5203129480360076,0.04845505702542141,1.3865603019949049,0.15078007389092818,7.0,0.0,22.072190355355517,1.3865603019949049,0.026056055969092995,1.3195068836212158,0.0
PLAIN_FM,4,9,0.0,0.0,0.011978233675302444,0.0,0.1776295271158217,0.14985918998718262,0.19049627058993823,3.5567153758534653,1.6199362086160325,0.028181763094097048,28.18176309409705,3859.0828974189217,0.12553459829816685,0.42056415757113064,0.07006021298002452,0.04358521196991205,0.0,0.0,0.0,0.0,0.0,0.0,0.0,0.0,0.0
POV_L05_ALWAYS,4,9,0.0,0.0,0.027761006501666297,0.0,0.04178599681854234,0.0,0.13636594589663323,2.974754408940041,1.5968969150617949,0.027205042799602425,27.205042799602428,1075.6223688064267,0.3886749104166432,1.0627288801122976,1.3348161749891005,0.0476019419147633,1.2048405949608423,0.13250963989412412,7.0,0.0,24.748063241320033,1.2048405949608423,0.0,2.062882661819458,0.0
YFLOW_MAIN_PORT,4,9,0.0,0.0,0.034622924503318525,0.0,0.004107516670226907,0.0,0.22904239597263018,2.935937591948158,1.5244042745505195,0.031247268293324876,31.24726829332488,547.069281249047,0.39341449392477834,1.0427348457978833,0.3753071569954045,0.04506459005642682,0.2787696149898693,0.031476007017772645,3.0,0.0,5.6418031953736065,0.2787696149898693,0.0,2.1036605834960938,0.0
HYBRID_LATE_DAMPED,4,9,0.0,0.0,0.028852701511574555,0.0,0.06941572990417466,0.0,0.19963159424434337,3.1923778855304317,1.6058078920878927,0.02555081240342391,25.550812403423915,952.6371500933437,0.1971502981656681,0.6881530536193945,0.375274486024864,0.04519622412044555,0.2785086580552161,0.031511767010670155,3.0,0.0,5.923154055190252,0.2785086580552161,0.0,1.140704870223999,0.0
HYBRID_LATE_ADAPTIVE,4,9,0.0,0.0,0.028852701511574555,0.0,0.06941572990417466,0.0,0.19963159424434337,3.1923778855304317,1.6058078920878927,0.02555081240342391,25.550812403423915,952.6371500933437,0.1971502981656681,0.6881530536193945,0.3782831620192155,0.0451133320457302,0.2813984510721639,0.03172167297452688,3.0,0.0,5.923154055190127,0.2813984510721639,0.011165953008458018,1.140704870223999,0.0
ADAPTIVE_ALLTIME_L05,4,9,0.0,0.0,0.028134670390636274,0.0,0.060970347785949564,0.0,0.19973171240822027,3.1579130135712763,1.5991058262132745,0.026289089486775247,26.289089486775243,988.5537443158496,0.2180541434622954,0.7344438620627746,1.430699492979329,0.04842946503777057,1.2967537039658055,0.1422731681377627,7.0,0.0,22.120713169781105,1.2967537039658055,0.026119611167814583,1.2428005933761597,0.0
PLAIN_FM,4,10,1.0,0.0,-0.0007048311141902158,0.0,0.16871736612319932,1.67649507522583,0.20886485401913424,3.540582306571953,1.631516928548048,0.02982996555273254,29.829965552732542,4228.140639621164,0.12226419361553452,0.48896273939253143,0.07111880998127162,0.04429528204491362,0.0,0.0,0.0,0.0,0.0,0.0,0.0,0.0,0.0
POV_L05_ALWAYS,4,10,0.0,0.0,0.017932434328018332,0.0,0.031134646797180032,0.0,0.1463176921346318,2.9542017381214634,1.6261106947220487,0.02888342868674474,28.883428686744736,1991.8475868549363,0.388657185361589,1.1119341785678014,1.2421318020205945,0.0481395180686377,1.1112636519828811,0.12044422898907214,7.0,0.0,29.095138630253274,1.1112636519828811,0.0,2.1391782760620117,0.0
YFLOW_MAIN_PORT,4,10,0.0,0.0,0.04528983304134594,0.0,0.0,0.0,0.19039816017832825,2.9317226725364356,1.6271114989095243,0.037082182927877905,37.0821829278779,623.1220279764416,0.3771857168646346,1.0907139210904935,0.37618878902867436,0.045532431977335364,0.27898322796681896,0.03151759802130982,3.0,0.0,6.086958348933734,0.27898322796681896,0.0,2.057765245437622,0.0
HYBRID_LATE_DAMPED,4,10,0.0,0.0,0.023117606083072076,0.0,0.05892829265594468,0.0,0.21901951273534187,3.160223919379758,1.6093182443752125,0.024836247360341096,24.8362473603411,1262.3365417230802,0.20156306897271453,0.7453161554609524,0.37813723902218044,0.045386628014966846,0.2808262980543077,0.03191594796953723,3.0,0.0,6.7244381947190615,0.2808262980543077,0.0,1.2041398286819458,0.0
HYBRID_LATE_ADAPTIVE,4,10,0.0,0.0,0.023117606083072076,0.0,0.05892829265594468,0.0,0.21901951273534187,3.160223919379758,1.6093182443752125,0.024836247360341096,24.8362473603411,1262.3365417230802,0.20156306897271453,0.7453161554609524,0.3776394560118206,0.04567111603682861,0.27994496398605406,0.03159443894401193,3.0,0.0,6.724438194718655,0.27994496398605406,0.011120781942736357,1.2041398286819458,0.0
ADAPTIVE_ALLTIME_L05,4,10,0.0,0.0,0.026263228064262026,0.0,0.047977727317809915,0.0,0.2327123288752115,3.097989180611018,1.589930737735336,0.02375317334016304,23.75317334016304,1459.6346238922933,0.23211401222669953,0.8230092175650152,1.244914664013777,0.048451938084326684,1.111083148920443,0.12119777809130028,7.0,0.0,28.721439840388037,1.111083148920443,0.026186840957961977,1.3687138557434082,0.0
PLAIN_FM,4,11,1.0,0.0,-0.008502405898571805,0.0,0.2853648480415343,0.0,0.21488124665418784,3.487864136245995,1.6324932555318126,0.036372121093139476,36.37212109313948,7956.715440154766,0.09990920187725814,0.5111815729049254,0.06987835798645392,0.04338679800275713,0.0,0.0,0.0,0.0,0.0,0.0,0.0,0.0,0.0
POV_L05_ALWAYS,4,11,0.0,0.0,0.01380589424936561,0.0,0.1043875631332396,0.0,0.16618420284950328,2.878239057359052,1.5994087522619063,0.029956963989387186,29.956963989387187,2896.3475699037954,0.4300557828769286,1.1952699545086152,1.241578079003375,0.047742097929585725,1.1116502529475838,0.12417441298021004,7.0,0.0,27.77929794861816,1.1116502529475838,0.0,2.1423187255859375,0.0
YFLOW_MAIN_PORT,4,11,0.0,0.0,0.03103612891308318,0.0,0.0,0.0,0.20707268942907076,2.8973038920803647,1.5837985771722722,0.033700270273525776,33.700270273525774,587.7357295543146,0.38878983611165957,1.0942155871781736,0.4653706270037219,0.04519259399967268,0.3685614470159635,0.03959019196918234,3.0,0.0,5.2022213012435135,0.3685614470159635,0.0,1.9363107681274414,0.0
HYBRID_LATE_DAMPED,4,11,0.0,0.0,0.018849296003699847,0.0,0.12279943790435777,0.0,0.20723645638224933,3.144195415946926,1.6210867855920892,0.02718918194207004,27.189181942070043,2084.254826898185,0.20644330029348018,0.766816599846426,0.4665045959991403,0.045002648897934705,0.36985247099073604,0.039663112023845315,3.0,0.0,5.400177594902528,0.36985247099073604,0.0,1.0711089372634888,0.0
HYBRID_LATE_ADAPTIVE,4,11,0.0,0.0,0.018849296003699847,0.0,0.12279943790435777,0.0,0.20723645638224933,3.144195415946926,1.6210867855920892,0.02718918194207004,27.189181942070043,2084.254826898185,0.20644330029348018,0.766816599846426,0.4659404020057991,0.04517044307431206,0.36907670000800863,0.039613463974092156,3.0,0.0,5.400177594896114,0.36907670000800863,0.011121250921860337,1.0711089372634888,0.0
ADAPTIVE_ALLTIME_L05,4,11,0.0,0.0,0.022281400340381896,0.0,0.10903672542572007,0.0,0.2281133828431915,3.0776887978670175,1.5847435821512748,0.02627732850256506,26.27732850256506,2143.4250233178022,0.2433992729565569,0.8392566558726569,1.1531166920321994,0.04829140903893858,1.0198842210229486,0.11357443610904738,7.0,0.0,21.27727599714406,1.0198842210229486,0.025995236996095628,1.2299935817718506,0.0
PLAIN_FM,4,12,1.0,0.0,-0.005423443005116921,0.0,0.14922120835781083,1.4456820487976074,0.19342052782014943,3.5238948445478644,1.6692448242880862,0.03617456997621872,36.17456997621871,6974.137483501203,0.10417550116128768,0.45084330254331456,0.06996363098733127,0.043493911041878164,0.0,0.0,0.0,0.0,0.0,0.0,0.0,0.0,0.0
POV_L05_ALWAYS,4,12,0.0,0.0,0.02081616931675684,0.0,0.014571112060546731,0.0,0.14501567484973113,2.906080888367218,1.6205303009787917,0.026322491852268363,26.322491852268367,2022.798642343118,0.4204630310458467,1.1425196879603463,1.2430078079923987,0.04758837504778057,1.112907564966008,0.12059137009782717,7.0,0.0,24.870406937275927,1.112907564966008,0.0,2.164177894592285,0.0
YFLOW_MAIN_PORT,4,12,0.0,0.0,0.035587141793855,0.0,0.0012059625625608916,0.0,0.20950244684296265,2.9119997578761065,1.5863094774665247,0.034427271468204595,34.4272714682046,583.9555286535062,0.3855113423309729,1.0722121465852192,0.3749533299705945,0.04509557009441778,0.27851218805881217,0.0314500059466809,3.0,0.0,5.337045936555784,0.27851218805881217,0.0,1.9694318771362305,0.0
HYBRID_LATE_DAMPED,4,12,0.0,0.0,0.031566841824718986,0.0,0.04405574169158921,0.011594295501708984,0.2183499356214746,3.1623766311680397,1.5984093532608308,0.02464952103178346,24.649521031783458,1696.0055574869975,0.21136873231065795,0.7359502876597156,0.38359582802513614,0.04511875187745318,0.28681707894429564,0.03156016895081848,3.0,0.0,5.540484632924416,0.28681707894429564,0.0,1.1081633567810059,0.0
HYBRID_LATE_ADAPTIVE,4,12,0.0,0.0,0.031566841824718986,0.0,0.04405574169158921,0.011594295501708984,0.2183499356214746,3.1623766311680397,1.5984093532608308,0.02464952103178346,24.649521031783458,1696.0055574869975,0.21136873231065795,0.7359502876597156,0.37553744501201436,0.04511052102316171,0.2787950359634124,0.03151009604334831,3.0,0.0,5.540484632924416,0.2787950359634124,0.011066400038544089,1.1081633567810059,0.0
ADAPTIVE_ALLTIME_L05,4,12,0.0,0.0,0.03118644391438359,0.0,0.02772496309280381,0.0,0.21685483328556923,3.1389326113466276,1.6070427483997112,0.024654105200210857,24.65410520021086,1800.399284804831,0.22644752269936197,0.7644570684362928,1.243755017989315,0.04845530696911737,1.1103568119578995,0.12215425400063396,7.0,0.0,18.37215914278527,1.1103568119578995,0.025918836938217282,1.1876111030578613,0.0
PLAIN_FM,4,13,1.0,0.0,-0.009534288963808299,0.0,0.25655002560615525,1.9409668445587158,0.22603457933552862,3.4861034623674576,1.624299959826255,0.03693635720108451,36.93635720108451,7474.086284551267,0.09139779657828759,0.4653985533017774,0.06982393696671352,0.04334147600457072,0.0,0.0,0.0,0.0,0.0,0.0,0.0,0.0,0.0
POV_L05_ALWAYS,4,13,0.0,0.0,0.018201672010762462,0.0,0.07815317478179917,0.0,0.20826697674924502,2.7821846772364602,1.533957076998557,0.024705042829038723,24.70504282903872,2490.4885991111196,0.48440342329995795,1.251407551999853,1.5318211490521207,0.05212973791640252,1.396145305945538,0.14861982822185382,7.0,0.0,25.375606131987208,1.396145305945538,0.0,2.3817036151885986,0.0
YFLOW_MAIN_PORT,4,13,0.0,0.0,0.025804326686880485,0.0,0.0010556881427761233,0.0,0.15074836576570982,2.9614091203757233,1.690271581538887,0.04375483150150608,43.75483150150608,921.6985552542454,0.3697568839905646,1.0903974661495364,0.5595875429571606,0.04651159705827013,0.4615118810907006,0.04776809801114723,3.0,0.0,5.05515700075042,0.4615118810907006,0.0,1.8524504899978638,0.0
HYBRID_LATE_DAMPED,4,13,0.0,0.0,0.024734932753789865,0.0,0.10825471248626695,0.0,0.22444348165077815,3.135701759364244,1.5870292936600507,0.025705070617438278,25.705070617438277,2014.5281076034098,0.2208444471284985,0.7370565266921318,0.4661695279646665,0.04571440594736487,0.36917627399088815,0.039982671092730016,3.0,0.0,5.511519071311719,0.36917627399088815,0.0,1.0876988172531128,0.0
HYBRID_LATE_ADAPTIVE,4,13,0.0,0.0,0.024734932753789865,0.0,0.10825471248626695,0.0,0.22444348165077815,3.135701759364244,1.5870292936600507,0.025705070617438278,25.705070617438277,2014.5281076034098,0.2208444471284985,0.7370565266921318,0.4664766259957105,0.04563316609710455,0.3694357699714601,0.03994982095900923,3.0,0.0,5.511519071324435,0.3694357699714601,0.010962437023408711,1.0876988172531128,0.0
ADAPTIVE_ALLTIME_L05,4,13,0.0,0.0,0.02864081070562148,0.0,0.10061458911895738,0.0,0.2413813202298774,3.1001192198136325,1.560495310246331,0.02533610925313367,25.336109253133667,2112.5739287048777,0.24331573351504573,0.7787840915955774,1.2467554659815505,0.04904442897532135,1.1123322029598057,0.12295884208288044,7.0,0.0,20.003155652875208,1.1123322029598057,0.02586563496151939,1.1950386762619019,0.0
PLAIN_FM,4,14,1.0,0.0,-0.006653150713833031,0.0,0.08895904984474168,0.0,0.20908340666777983,3.47239093790961,1.6325987675404765,0.02720955677329881,27.209556773298814,4602.858406126669,0.09331328799853535,0.47159655396672895,0.07005717395804822,0.04349406302208081,0.0,0.0,0.0,0.0,0.0,0.0,0.0,0.0,0.0
POV_L05_ALWAYS,4,14,0.0,0.0,0.013287117328158293,0.0,0.0007851537704466338,0.0,0.14153028268599524,2.9748480779775224,1.6402408499125094,0.02912952050074319,29.12952050074319,1725.413401364906,0.3813040619705157,1.0877228683496794,1.0562302839825861,0.04760776396142319,0.9263920270022936,0.10170012299204245,7.0,0.0,24.93662327223912,0.9263920270022936,0.0,1.8466806411743164,0.0
YFLOW_MAIN_PORT,4,14,0.0,0.0,0.03746989005786153,0.0,0.0,0.0,0.17122827163355123,2.9407493633327415,1.6506574171360886,0.039577915409935605,39.57791540993561,683.9433093794838,0.37698657846807254,1.0891864372246758,0.3754007520037703,0.04527384607354179,0.27875876502366737,0.03138976509217173,3.0,0.0,5.072333285271509,0.27875876502366737,0.0,1.8520803451538086,0.0
HYBRID_LATE_DAMPED,4,14,0.0,0.0,0.016671855853716847,0.0,0.023544889354705667,0.0,0.20103244592381503,3.1380518603084,1.626875871545779,0.024997050190690887,24.997050190690885,1203.183553344248,0.21417365193061896,0.7553281522823535,0.375737160036806,0.04523213405627757,0.27910014597000554,0.03179165598703548,3.0,0.0,5.541009628087344,0.27910014597000554,0.0,1.043663501739502,0.0
HYBRID_LATE_ADAPTIVE,4,14,0.0,0.0,0.016671855853716847,0.0,0.023544889354705667,0.0,0.20103244592381503,3.1380518603084,1.626875871545779,0.024997050190690887,24.997050190690885,1203.183553344248,0.21417365193061896,0.7553281522823535,0.375829563010484,0.04516781307756901,0.27891112997895107,0.03145269601373002,3.0,0.0,5.5410096280873145,0.27891112997895107,0.011096381000243127,1.043663501739502,0.0
ADAPTIVE_ALLTIME_L05,4,14,0.0,0.0,0.01894994807722157,0.0,0.024339419269561624,0.0,0.20634249421179282,3.0922504372500277,1.6117981476658338,0.025010005010423178,25.010005010423182,1255.8909568069623,0.23808434031629738,0.8066526506875948,1.1703096730052494,0.049950813117902726,1.0341839760076255,0.1167573860147968,7.0,0.0,20.50013577532791,1.0341839760076255,0.025986615975853056,1.1535687446594238,0.0
PLAIN_FM,4,15,0.0,0.0,0.005867903779087594,0.0,0.15119487094879114,0.2288532257080078,0.2143932728773241,3.525025614784417,1.6094433440525258,0.03881919145097751,38.81919145097751,7010.686020104484,0.09992187774972885,0.4478541262801775,0.07134724594652653,0.044363534078001976,0.0,0.0,0.0,0.0,0.0,0.0,0.0,0.0,0.0
POV_L05_ALWAYS,4,15,0.0,0.0,0.018649928420119644,0.0,0.014869135284423685,0.0,0.1500101756038357,2.9529862162264755,1.6158646909870098,0.032896625750765324,32.896625750765324,2547.310591331091,0.3894757596507644,1.110297353780731,1.2527842110139318,0.048617669905070215,1.120909322053194,0.12149808299727738,7.0,0.0,27.178383035264684,1.120909322053194,0.0,2.0394344329833984,0.0
YFLOW_MAIN_PORT,4,15,0.0,0.0,0.033073447560747066,0.0,0.0,0.0,0.17539761869747575,2.9555498465835393,1.6451820330179383,0.03935730112261196,39.357301122611965,696.1156342637803,0.3710987737009821,1.0649856081191422,0.3776868199929595,0.045719625952187926,0.2801961620571092,0.03146640694467351,3.0,0.0,5.729271684166571,0.2801961620571092,0.0,1.9603066444396973,0.0
HYBRID_LATE_DAMPED,4,15,0.0,0.0,0.026052821145028784,0.0,0.03448964703083002,0.0,0.2084826585208438,3.1641833754169957,1.6029616335242893,0.028775528381134008,28.77552838113401,1839.6855187048477,0.19965911355537944,0.7235654443010842,0.3780039290431887,0.045670704974327236,0.2803766779252328,0.0317309339880012,3.0,0.0,6.093968994046923,0.2803766779252328,0.0,1.1074814796447754,0.0
HYBRID_LATE_ADAPTIVE,4,15,0.0,0.0,0.026052821145028784,0.0,0.03448964703083002,0.0,0.2084826585208438,3.1641833754169957,1.6029616335242893,0.028775528381134008,28.77552838113401,1839.6855187048477,0.19965911355537944,0.7235654443010842,0.3790119139594026,0.045952844026032835,0.2797262821113691,0.03218665497843176,3.0,0.0,6.093968994047318,0.2797262821113691,0.010995299031492323,1.1074814796447754,0.0
ADAPTIVE_ALLTIME_L05,4,15,0.0,0.0,0.02880889921156099,0.0,0.020729165935516214,0.0,0.21242704750070449,3.1228011139917817,1.592404405184261,0.029120579401683944,29.120579401683944,1950.2333873829768,0.2210055750052214,0.7695913808381538,1.247964289970696,0.050361576955765486,1.1101341519970447,0.12093985395040363,7.0,0.0,19.570020870012836,1.1101341519970447,0.025872923026327044,1.208786129951477,0.0
PLAIN_FM,4,16,1.0,0.0,-0.006288067989006316,0.0,0.15409411158561692,1.0525178909301758,0.22173102946503315,3.5108830579227135,1.6591294629634643,0.03641842964375441,36.418429643754415,6018.0702571146385,0.0967399989688968,0.4182197686366873,0.07105911895632744,0.044412446033675224,0.0,0.0,0.0,0.0,0.0,0.0,0.0,0.0,0.0
POV_L05_ALWAYS,4,16,0.0,0.0,0.008022446013688178,0.0,0.050637286567687845,0.0,0.18233639988736822,2.8600015105818377,1.5999337787120353,0.02867463472791755,28.67463472791755,2883.8531797668015,0.4622170280670147,1.1943443754356975,1.5266015140223317,0.04893885011551902,1.394847268005833,0.1508996591437608,7.0,0.0,26.079373128988575,1.394847268005833,0.0,2.2804272174835205,0.0
YFLOW_MAIN_PORT,4,16,0.0,0.0,0.038684858221075896,0.0,0.0021846708297728057,0.0,0.23786921067303377,2.8474403434379334,1.5322257002870028,0.026501907834363184,26.50190783436318,448.2028613892262,0.4054239446336825,1.0974527450109324,0.563529355044011,0.04612318804720417,0.46553165500517935,0.051941643061582,3.0,0.0,5.127126846499437,0.46553165500517935,0.0,1.9904427528381348,0.0
HYBRID_LATE_DAMPED,4,16,0.0,0.0,0.02550870119965605,0.0,0.06978170242309556,0.0,0.23962981723562074,3.12287316093027,1.5723820538017739,0.023577591495057837,23.577591495057835,1676.8138883427873,0.23045590000165617,0.7486525209346325,0.6514955820166506,0.045681307092309,0.5543471230193973,0.06053121102740988,3.0,0.0,5.590228892288993,0.5543471230193973,0.0,1.127340316772461,0.0
HYBRID_LATE_ADAPTIVE,4,16,0.0,0.0,0.02550870119965605,0.0,0.06978170242309556,0.0,0.23962981723562074,3.12287316093027,1.5723820538017739,0.023577591495057837,23.577591495057835,1676.8138883427873,0.23045590000165617,0.7486525209346325,0.6506274400162511,0.04563419602345675,0.5535027420264669,0.0605624831514433,3.0,0.0,5.590228891961616,0.5535027420264669,0.011000486963894218,1.127340316772461,0.0
ADAPTIVE_ALLTIME_L05,4,16,0.0,0.0,0.026357955797042212,0.0,0.062023561859130716,0.0,0.24290251944768837,3.0753746441670318,1.5731427750778144,0.023338652705823526,23.338652705823524,1884.8645680505929,0.2576718829857341,0.7974775058464326,1.7024323270306922,0.0491553750471212,1.5685056448564865,0.17128523689461872,7.0,0.0,19.34576166600614,1.5685056448564865,0.025840895017609,1.2616045475006104,0.0
PLAIN_FM,4,17,1.0,0.0,-0.00013835224624995923,0.0,0.19226283993720994,0.10445833206176758,0.23668088289195896,3.4218937151943134,1.6116838324795717,0.03564708535842802,35.64708535842802,7557.531864221447,0.09132853027134244,0.5619432456659931,0.07002232200466096,0.043629124062135816,0.0,0.0,0.0,0.0,0.0,0.0,0.0,0.0,0.0
POV_L05_ALWAYS,4,17,0.0,0.0,0.013790386247885603,0.0,0.043367904090881204,0.0,0.1797165306999551,2.8371676300987843,1.5880620511875705,0.029912266499624973,29.91226649962497,3236.67762154487,0.447734765021481,1.2135089118901388,1.617085887992289,0.048922778107225895,1.4854536449420266,0.16166635393165052,7.0,0.0,31.90391961385585,1.4854536449420266,0.0,2.0451080799102783,0.0
YFLOW_MAIN_PORT,4,17,0.0,0.0,0.02863329829605124,0.0,0.0,0.0,0.19651845028880016,2.8971057225752492,1.5888535335849052,0.03356677129253478,33.56677129253478,609.9136021796861,0.38709650414418867,1.097404520352343,0.37901879503624514,0.04576572007499635,0.2818100049626082,0.03202877996955067,3.0,0.0,4.667670580208023,0.2818100049626082,0.0,1.7068605422973633,0.0
HYBRID_LATE_DAMPED,4,17,0.0,0.0,0.02779789170807452,0.0,0.08123324480056748,0.0,0.21913704541395773,3.1005224663572974,1.5923877845800385,0.026402232968114087,26.402232968114085,2087.3576177706186,0.23322037771007686,0.8077631394214431,0.38070441799936816,0.046494776906911284,0.2822503059869632,0.031870846927631646,3.0,0.0,5.142089322202137,0.2822503059869632,0.0,0.9553539156913757,0.0
HYBRID_LATE_ADAPTIVE,4,17,0.0,0.0,0.02779789170807452,0.0,0.08123324480056748,0.0,0.21913704541395773,3.1005224663572974,1.5923877845800385,0.026402232968114087,26.402232968114085,2087.3576177706186,0.23322037771007686,0.8077631394214431,0.3791906599653885,0.04646598600083962,0.2809643720393069,0.0316588010173291,3.0,0.0,5.142089322202222,0.2809643720393069,0.011012207949534059,0.9553539156913757,0.0
ADAPTIVE_ALLTIME_L05,4,17,0.0,0.0,0.026359852167211192,0.0,0.0635691102981566,0.0,0.22919734555414306,3.048960780303462,1.5763348315180643,0.026182523889344417,26.18252388934442,2413.2613230980646,0.2616808648849377,0.8611630844057601,1.5238956499961205,0.05044351809192449,1.3878690269193612,0.1506311830598861,7.0,0.0,23.76293076711938,1.3878690269193612,0.02591168595245108,1.0719544887542725,0.0
PLAIN_FM,4,18,1.0,0.0,-0.0003291817436836125,0.0,0.28295622434616075,1.565392017364502,0.19980483631927606,3.492767834294836,1.6634480173123496,0.03188210768577639,31.882107685776386,5671.542890573223,0.08620856095177198,0.4699040913810438,0.07002840301720425,0.043593063950538635,0.0,0.0,0.0,0.0,0.0,0.0,0.0,0.0,0.0
POV_L05_ALWAYS,4,18,0.0,0.0,0.02566646424821893,0.0,0.06039426889419541,0.0,0.15541858154116703,2.637939746948563,1.5677215124439865,0.020639269245808254,20.639269245808254,1972.8068227276744,0.5676703526613798,1.4563841700813007,1.428716150985565,0.04838116402970627,1.2977803958929144,0.1425433000549674,7.0,0.0,30.793873061027522,1.2977803958929144,0.0,2.767068862915039,0.0
YFLOW_MAIN_PORT,4,18,0.0,0.0,0.035629801124149235,0.0,0.0,0.0,0.19535755872790553,2.901260957603112,1.5938497522543984,0.03419908029373607,34.19908029373607,616.1104291778144,0.3836563668346211,1.0975344890032592,0.4667641769628972,0.045200182939879596,0.36995302693685517,0.040239796973764896,3.0,0.0,5.0790967981171455,0.36995302693685517,0.0,1.8500093221664429,0.0
HYBRID_LATE_DAMPED,4,18,0.0,0.0,0.01306171931593865,0.0,0.1136501249313353,0.0,0.1950019243656035,3.1615007777525856,1.6595357502680348,0.026984868190433012,26.98486819043301,1515.68857475501,0.2113281325228799,0.7500965530705013,0.4683815980097279,0.04548566212179139,0.3709625430055894,0.04082068306161091,3.0,0.0,5.263342368195773,0.3709625430055894,0.0,1.0119792222976685,0.0
HYBRID_LATE_ADAPTIVE,4,18,0.0,0.0,0.01306171931593865,0.0,0.1136501249313353,0.0,0.1950019243656035,3.1615007777525856,1.6595357502680348,0.026984868190433012,26.98486819043301,1515.68857475501,0.2113281325228799,0.7500965530705013,0.4675576880108565,0.045277978060767055,0.3705829230020754,0.040879125939682126,3.0,0.0,5.263342368521304,0.3705829230020754,0.011051489971578121,1.0119792222976685,0.0
ADAPTIVE_ALLTIME_L05,4,18,0.0,0.0,0.03322793199194879,0.0,0.09930656518936143,0.0,0.22935944818026674,3.0624778600927436,1.5762930865546043,0.022404189383873285,22.404189383873288,1389.7038417826136,0.26702550885001364,0.8371149890376529,1.5280894490424544,0.05014680896420032,1.3922246389556676,0.1532396111288108,7.0,0.0,20.94862778223332,1.3922246389556676,0.025925876921974123,1.2386237382888794,0.0
PLAIN_FM,4,19,0.0,0.0,0.01461100020969859,0.0,0.19530968036651597,3.874410390853882,0.25156308047956566,3.45943028213541,1.5550125746666579,0.046917092297625654,46.91709229762566,5535.521378160282,0.08934249052329224,0.5134540407340488,0.07021970796631649,0.04379243910079822,0.0,0.0,0.0,0.0,0.0,0.0,0.0,0.0,0.0
POV_L05_ALWAYS,4,19,0.0,0.0,0.020138332932249994,0.0,0.029386442565917825,0.0,0.18597233785839912,2.8508292590162365,1.5423015459585396,0.03268914524996308,32.68914524996308,2088.368188958911,0.4647616606870033,1.2105030165088917,1.1669103050371632,0.04864882997935638,1.0350648270105012,0.11610824090894312,7.0,0.0,27.926582994721155,1.0350648270105012,0.0,2.2447001934051514,0.0
YFLOW_MAIN_PORT,4,19,0.0,0.0,0.03960246912130207,0.0,0.0011113439798351443,0.0,0.16973993686025315,2.945818019584721,1.6509845883233998,0.040716292169411195,40.716292169411204,763.3906575037395,0.371716539732339,1.0926432776066728,0.3790447270148434,0.04633521393407136,0.2811925289570354,0.03182306600501761,3.0,0.0,5.296556178550892,0.2811925289570354,0.0,1.834708333015442,0.0
HYBRID_LATE_DAMPED,4,19,0.0,0.0,0.022065347564770146,0.0,0.07618502941131577,0.0,0.22126656145289705,3.144161551680863,1.6038013684686943,0.03275961051224335,32.759610512243356,1591.1102454326701,0.2097669254726281,0.765480808232773,0.46786173596046865,0.04639049409888685,0.3693218608968891,0.039344127115327865,3.0,0.0,5.316438656991968,0.3693218608968891,0.0,1.0143688917160034,0.0
HYBRID_LATE_ADAPTIVE,4,19,0.0,0.0,0.022065347564770146,0.0,0.07618502941131577,0.0,0.22126656145289705,3.144161551680863,1.6038013684686943,0.03275961051224335,32.759610512243356,1591.1102454326701,0.2097669254726281,0.765480808232773,0.4659951580106281,0.04614938696613535,0.36864869302371517,0.03929632407380268,3.0,0.0,5.316438656993129,0.36864869302371517,0.0109221171005629,1.0143688917160034,0.0
ADAPTIVE_ALLTIME_L05,4,19,0.0,0.0,0.024975753196894893,0.0,0.06752030220031724,0.0,0.22767460543939197,3.100527871383874,1.5903529359096058,0.032583434917126744,32.583434917126745,1667.2217633731082,0.2314088835609198,0.8115886243374667,1.2456090879859403,0.05092224903637543,1.1093663279316388,0.11957568698562682,7.0,0.0,18.344427926271184,1.1093663279316388,0.025920444983057678,1.1163256168365479,0.0
PLAIN_FM,4,20,1.0,0.0,-0.0011614944150798862,0.0,0.24638452794551835,1.196683645248413,0.22048728199071926,3.5103257954405382,1.6490607420977992,0.035994844968347345,35.994844968347344,5985.10596273875,0.09845877955266527,0.42529209225175946,0.07018153701210395,0.04399578308220953,0.0,0.0,0.0,0.0,0.0,0.0,0.0,0.0,0.0
POV_L05_ALWAYS,4,20,0.0,0.0,0.021028184461697907,0.0,0.05677477684020982,0.0,0.14274603325839152,3.0076870948599703,1.6349445370793037,0.030418317798632855,30.418317798632856,1811.7383492056827,0.36927006634494336,1.0334060889170265,1.0571962490212172,0.04925345693482086,0.9264723180094734,0.10140307788969949,7.0,0.0,24.584936213321775,0.9264723180094734,0.0,1.878219723701477,0.0
YFLOW_MAIN_PORT,4,20,0.0,0.0,0.03091282996757652,0.0,0.0,0.0,0.19234640497990982,2.935584179322399,1.6121966449162735,0.03677737058074053,36.777370580740524,632.4510201279221,0.37486625702903104,1.0594990875062171,0.3781049639801495,0.0459181719343178,0.28075458796229213,0.031873047060798854,3.0,0.0,5.216774395096515,0.28075458796229213,0.0,1.9202998876571655,0.0
HYBRID_LATE_DAMPED,4,20,0.0,0.0,0.02961272866613414,0.0,0.09791062440872178,0.0,0.22159567372985145,3.1425336879161363,1.595689402672505,0.025745263676602903,25.745263676602903,1478.7597704766454,0.21077139080540638,0.7230029811331405,0.37841775198467076,0.045603071979712695,0.28098130493890494,0.031807513965759426,3.0,0.0,5.613287118085502,0.28098130493890494,0.0,1.0902372598648071,0.0
HYBRID_LATE_ADAPTIVE,4,20,0.0,0.0,0.02961272866613414,0.0,0.09791062440872178,0.0,0.22159567372985145,3.1425336879161363,1.595689402672505,0.025745263676602903,25.745263676602903,1478.7597704766454,0.21077139080540638,0.7230029811331405,0.3755814199685119,0.04513896402204409,0.2789208019967191,0.03161730105057359,3.0,0.0,5.613287118086332,0.2789208019967191,0.011081151955295354,1.0902372598648071,0.0
ADAPTIVE_ALLTIME_L05,4,20,0.0,0.0,0.01986744948887982,0.0,0.08887873258590684,0.0,0.21504931344367,3.1238067468774138,1.6215078138751884,0.02752693014997551,27.526930149975506,1601.6925395447456,0.22948005669018062,0.7554799202935852,0.967969199991785,0.04821643984178081,0.8348400989780203,0.09373208385659382,7.0,0.0,20.60840865095082,0.8348400989780203,0.026024727907497436,1.1792418956756592,0.0
PLAIN_FM,4,21,1.0,0.0,-0.0016758354579521767,0.0,0.22886411514282212,1.25801682472229,0.22809660169816676,3.5022489760983393,1.6242262027111323,0.03215521950780166,32.15521950780166,5977.285926716588,0.09233520738195036,0.47921636098663056,0.06995485199149698,0.04348701104754582,0.0,0.0,0.0,0.0,0.0,0.0,0.0,0.0,0.0
POV_L05_ALWAYS,4,21,0.0,0.0,0.020612100307630887,0.0,0.037053984069824075,0.0,0.15334642724321357,2.965852153036993,1.6099111384232028,0.028335157074523984,28.335157074523984,1678.2194013897258,0.38119895946882953,1.0713857847535455,1.1514804769540206,0.04773662897059694,1.020931691979058,0.11235150299035013,7.0,0.0,27.67905647595344,1.020931691979058,0.0,1.980313777923584,0.0
YFLOW_MAIN_PORT,4,21,0.0,0.0,0.037716607467108504,0.0,0.0,0.0,0.2292454529024939,2.884955700186772,1.5265130315409223,0.030316032514390065,30.316032514390066,516.3246161346058,0.41175792508782477,1.1166871354766597,0.37518987100338563,0.044918089057318866,0.2789487919071689,0.03161322994856164,3.0,0.0,5.606714833670868,0.2789487919071689,0.0,2.1206095218658447,0.0
HYBRID_LATE_DAMPED,4,21,0.0,0.0,0.030373909775455246,0.0,0.09489135112762437,0.0,0.2281576529239411,3.1472471726050206,1.5834292263471124,0.024884358036571033,24.884358036571037,1483.514333547649,0.20127073232106235,0.7238971237499499,0.37515865999739617,0.04497375898063183,0.2787472890340723,0.031460486992727965,3.0,0.0,5.621436183527309,0.2787472890340723,0.0,1.0985568761825562,0.0
HYBRID_LATE_ADAPTIVE,4,21,0.0,0.0,0.030373909775455246,0.0,0.09489135112762437,0.0,0.2281576529239411,3.1472471726050206,1.5834292263471124,0.024884358036571033,24.884358036571037,1483.514333547649,0.20127073232106235,0.7238971237499499,0.3749903650023043,0.044950889016035944,0.2786084350082092,0.0315751499729231,3.0,0.0,5.621436183527285,0.2786084350082092,0.011049139953684062,1.0985568761825562,0.0
ADAPTIVE_ALLTIME_L05,4,21,0.0,0.0,0.035987846468255105,0.0,0.07462338771820054,0.0,0.2347526080780167,3.0996834538062745,1.5600983763550904,0.02381968876495466,23.819688764954662,1456.7329134940244,0.2326304803022578,0.7825907453699501,1.2432157910079695,0.04867234395351261,1.1088906289660372,0.11866390402428806,7.0,0.0,19.81619053955387,1.1088906289660372,0.026189442025497556,1.249203085899353,0.0
PLAIN_FM,4,22,1.0,0.0,-0.004657204579988569,0.0,0.19029707875251756,0.36295175552368164,0.1853644082608466,3.5530212612992536,1.6650424038851064,0.03924590970657103,39.24590970657104,7920.957372293259,0.13043616859279555,0.43295272448322236,0.0697345359949395,0.04331737803295255,0.0,0.0,0.0,0.0,0.0,0.0,0.0,0.0,0.0
POV_L05_ALWAYS,4,22,0.0,0.0,0.02610754359135317,0.0,0.04907355871200547,0.0,0.15997873073496024,2.774597292057781,1.579230027507424,0.024631019214613317,24.631019214613318,2294.250237774971,0.46861896167140166,1.2416057342837559,1.705641611944884,0.047722678049467504,1.5756518109119497,0.17170911916764453,7.0,0.0,28.756553334373564,1.5756518109119497,0.0,2.5813541412353516,0.0
YFLOW_MAIN_PORT,4,22,0.0,0.0,0.03479633397414891,0.0,0.0,0.0,0.22432212201557872,2.9147872083555306,1.5569309835771676,0.031789619018023615,31.789619018023615,527.8307730436096,0.3810942908167347,1.0394317755234543,0.5592124800314195,0.045420149981509894,0.4618541449890472,0.05014096986269578,3.0,0.0,5.569297565802786,0.4618541449890472,0.0,2.108936309814453,0.0
HYBRID_LATE_DAMPED,4,22,0.0,0.0,0.0074600808281335,0.0,0.08787648048400865,0.0,0.19166934628844123,3.209724844021306,1.6670623707609495,0.029400088721725913,29.40008872172591,1984.492569716025,0.17991643090118709,0.6881664468239406,0.5578754979651421,0.04514750506496057,0.46112870797514915,0.049594935902860016,3.0,0.0,5.765727833151118,0.46112870797514915,0.0,1.1367584466934204,0.0
HYBRID_LATE_ADAPTIVE,4,22,0.0,0.0,0.0074600808281335,0.0,0.08787648048400865,0.0,0.19166934628844123,3.209724844021306,1.6670623707609495,0.029400088721725913,29.40008872172591,1984.492569716025,0.17991643090118709,0.6881664468239406,0.5576591319986619,0.04510032199323177,0.4611535790027119,0.0496600559563376,3.0,0.0,5.765727833056818,0.4611535790027119,0.011012630071491003,1.1367584466934204,0.0
ADAPTIVE_ALLTIME_L05,4,22,0.0,0.0,0.030488074441503213,0.0,0.03651366796493516,0.0,0.22958183590966139,3.1017656740314705,1.560581787736062,0.023479705536671162,23.479705536671162,1723.9319292658886,0.22803323161626077,0.7745797677889685,1.9807557110325433,0.048401157022453845,1.8470596148981713,0.19886898581171408,7.0,0.0,23.18461567826102,1.8470596148981713,0.026032570167444646,1.384164571762085,0.0
PLAIN_FM,4,23,1.0,0.0,-0.0012591750883454295,0.0,0.15158073272705064,2.0246636867523193,0.24091427506090873,3.4635154287016494,1.6130359125051326,0.03446426494310312,34.464264943103124,5639.142235950246,0.08048237002764722,0.5168434642458452,0.06986630900064483,0.04345475882291794,0.0,0.0,0.0,0.0,0.0,0.0,0.0,0.0,0.0
POV_L05_ALWAYS,4,23,0.0,0.0,0.013200835458707358,0.0,0.0027568754196165557,0.0,0.17946334272667389,2.8604502201738766,1.5989581081788218,0.03225513436429972,32.255134364299714,2703.9161096421576,0.43805241615249235,1.1971220105665967,1.3317543260054663,0.04743556003086269,1.2023310289951041,0.12708655901951715,7.0,0.0,25.089343445479923,1.2023310289951041,0.0,2.154924154281616,0.0
YFLOW_MAIN_PORT,4,23,0.0,0.0,0.03336128838910454,0.0,0.0,0.0,0.26161376919186846,2.784800702358365,1.517945692719671,0.025437967185787065,25.437967185787063,475.14214666349864,0.4584547739210727,1.1798065478661153,0.3769454160355963,0.045005461026448756,0.28057037497637793,0.031580578011926264,3.0,0.0,6.051206939883365,0.28057037497637793,0.0,2.1740353107452393,0.0
HYBRID_LATE_DAMPED,4,23,0.0,0.0,0.03032827444690507,0.0,0.04317150678634629,0.0,0.23907592283568593,3.0977440500184548,1.5767667150232045,0.026735003000743995,26.735003000743998,1770.466316046837,0.2321434601997588,0.8008363479026321,0.3755784810055047,0.04516245209379122,0.2789849260589108,0.03148125798907131,3.0,0.0,6.206675844700187,0.2789849260589108,0.0,1.07486093044281,0.0
HYBRID_LATE_ADAPTIVE,4,23,0.0,0.0,0.03032827444690507,0.0,0.04317150678634629,0.0,0.23907592283568593,3.0977440500184548,1.5767667150232045,0.026735003000743995,26.735003000743998,1770.466316046837,0.2321434601997588,0.8008363479026321,0.3752705739461817,0.045087533071637154,0.2789343939512037,0.0315012380015105,3.0,0.0,6.206675844700179,0.2789343939512037,0.010968807968311012,1.07486093044281,0.0
ADAPTIVE_ALLTIME_L05,4,23,0.0,0.0,0.03150534353344543,0.0,0.03044144477844224,0.0,0.25205862261318035,3.0357600473847985,1.5616204283382544,0.027227110126622156,27.227110126622154,2065.2271947954937,0.268313945167892,0.8757360842572717,1.2432664769585244,0.04830703395418823,1.1099817010690458,0.12094462302047759,7.0,0.0,19.982637342222787,1.1099817010690458,0.025972488103434443,1.2451112270355225,0.0
PLAIN_FM,4,24,1.0,0.0,-0.020867092643654203,0.0,0.26334868040084825,0.0,0.20234671021777462,3.472009161977143,1.6523326195685395,0.03247744134026827,32.47744134026828,5167.1814678700985,0.10807899108646814,0.4249811318284191,0.06988650001585484,0.043498621962498873,0.0,0.0,0.0,0.0,0.0,0.0,0.0,0.0,0.0
POV_L05_ALWAYS,4,24,0.0,0.0,0.006970712244612487,0.0,0.08772031631469712,0.0,0.14234617342831485,2.967459035503222,1.644967518931526,0.02925277069278094,29.252770692780942,1716.9382776669934,0.38514852995799936,1.084152052385491,1.1484051650040783,0.04738218802958727,1.018848063016776,0.11172644793987274,7.0,0.0,24.53065976545262,1.018848063016776,0.0,1.8711549043655396,0.0
YFLOW_MAIN_PORT,4,24,0.0,0.0,0.040932188356933824,0.0,0.0,0.0,0.20166654327844977,2.887049646750018,1.5641605298107426,0.03220158619413786,32.20158619413787,576.9998447672626,0.3899701964527376,1.0810523907411973,0.4649857259937562,0.0449253479600884,0.36868498800322413,0.039501060906331986,3.0,0.0,5.032696032803342,0.36868498800322413,0.0,1.894587516784668,0.0
HYBRID_LATE_DAMPED,4,24,0.0,0.0,0.021142600447770457,0.0,0.10857717361450181,0.0,0.2043174021781504,3.1251570478750734,1.5987462617856356,0.024587237680482044,24.587237680482044,1312.4006207203556,0.21696657522181056,0.7354173800775505,0.46744738903362304,0.045279007114004344,0.36999618099071085,0.03986132994759828,3.0,0.0,5.259995377699658,0.36999618099071085,0.0,1.0417540073394775,0.0
HYBRID_LATE_ADAPTIVE,4,24,0.0,0.0,0.021142600447770457,0.0,0.10857717361450181,0.0,0.2043174021781504,3.1251570478750734,1.5987462617856356,0.024587237680482044,24.587237680482044,1312.4006207203556,0.21696657522181056,0.7354173800775505,0.4660414030076936,0.045085999998264015,0.3695031580282375,0.039564230071846396,3.0,0.0,5.2599953777024915,0.3695031580282375,0.011002957995515317,1.0417540073394775,0.0
ADAPTIVE_ALLTIME_L05,4,24,0.0,0.0,0.01814565538902886,0.0,0.08778766956329331,0.0,0.21608884092909536,3.0561486993694267,1.5811331765542949,0.0234757553155598,23.475755315559805,1439.0278372022142,0.25124082677604503,0.8095096351624003,1.423016540997196,0.04831868194742128,1.289808965928387,0.13695483224000782,7.0,0.0,19.82938196199223,1.289808965928387,0.025911847013048828,1.201140284538269,0.0
PLAIN_FM,4,25,1.0,0.0,-0.010693770250714524,0.0,0.2304932590961455,0.40416836738586426,0.19859614633760556,3.536252681775852,1.6724888135464067,0.030479219466104296,30.479219466104293,4732.622331040564,0.11091674148204345,0.4354921140726216,0.06985808903118595,0.04341229988494888,0.0,0.0,0.0,0.0,0.0,0.0,0.0,0.0,0.0
POV_L05_ALWAYS,4,25,0.0,0.0,0.022510342784918758,0.0,0.06390498247146592,0.0,0.13922023844993842,3.0217277029100162,1.6406241787135565,0.029719809943382303,29.7198099433823,1724.3098735037047,0.36453040163784445,1.0233302993528761,1.1524456480401568,0.04744927096180618,1.0228725070483051,0.11245230579515919,7.0,0.0,22.576808647351182,1.0228725070483051,0.0,1.9020249843597412,0.0
YFLOW_MAIN_PORT,4,25,0.0,0.0,0.03796848328386651,0.0,0.0,0.0,0.21969082681734625,2.8936469069622555,1.577542760767317,0.032039200073001074,32.039200073001076,536.8787587367522,0.40014336455769295,1.1243614150497305,0.3780410750187002,0.04558584600454196,0.28062721696915105,0.03174751304322854,3.0,0.0,5.527099704836052,0.28062721696915105,0.0,2.1015422344207764,0.0
HYBRID_LATE_DAMPED,4,25,0.0,0.0,0.018961654887702364,0.0,0.0903649744033812,0.0,0.206815787242705,3.168578437148054,1.620859130925814,0.02511037990922349,25.11037990922349,1341.2373679219882,0.2021315818860096,0.7132578567370842,0.3770850310102105,0.04517050599679351,0.28027566004311666,0.031772393907886,3.0,0.0,5.626665551327448,0.28027566004311666,0.0,1.1322110891342163,0.0
HYBRID_LATE_ADAPTIVE,4,25,0.0,0.0,0.018961654887702364,0.0,0.0903649744033812,0.0,0.206815787242705,3.168578437148054,1.620859130925814,0.02511037990922349,25.11037990922349,1341.2373679219882,0.2021315818860096,0.7132578567370842,0.37545577896526083,0.045220964995678514,0.2787291300483048,0.03159457998117432,3.0,0.0,5.626665551310902,0.2787291300483048,0.010986589011736214,1.1322110891342163,0.0
ADAPTIVE_ALLTIME_L05,4,25,0.0,0.0,0.01611430081338612,0.0,0.08023039665222154,0.0,0.2019633949879551,3.1362715845009346,1.6300871792908402,0.026177776029061683,26.177776029061683,1431.2051880736033,0.2190116158493147,0.7569442634400513,1.341631500981748,0.04848399996990338,1.2078572540776804,0.13140025798929855,7.0,0.0,18.01015886615195,1.2078572540776804,0.026145482959691435,1.218857765197754,0.0
PLAIN_FM,4,26,1.0,0.0,-0.009538686791458556,0.0,0.16986848082542405,0.0,0.254853303258109,3.460109479645126,1.6065559812325636,0.031052324288950973,31.05232428895098,5070.009247925536,0.09025147648187236,0.469816208149799,0.06985452899243683,0.043333436944521964,0.0,0.0,0.0,0.0,0.0,0.0,0.0,0.0,0.0
POV_L05_ALWAYS,4,26,0.0,0.0,0.005466330977411171,0.0,0.03999010887145982,0.0,0.17028704103046974,2.9593616129479914,1.632749043955483,0.029848913013090443,29.848913013090442,2136.190384183413,0.3903298973293454,1.0885785806735804,1.2413708220119588,0.04785273101879284,1.1110722640296444,0.11701016296865419,7.0,0.0,27.517119921912848,1.1110722640296444,0.0,1.879542350769043,0.0
YFLOW_MAIN_PORT,4,26,0.0,0.0,0.04430351819994929,0.0,0.0,0.0,0.2045850139359966,2.9059957668148617,1.5846147750356872,0.03568992423568833,35.68992423568832,610.7559604232482,0.3832336943335348,1.077360454485586,0.37600064399885014,0.04505773104028776,0.27960913197603077,0.03155991097446531,3.0,0.0,5.350462069435158,0.27960913197603077,0.0,1.806213140487671,0.0
HYBRID_LATE_DAMPED,4,26,0.0,0.0,0.013914677258784883,0.0,0.06595687236785874,0.0,0.22971996888103127,3.142474466704198,1.6157010078841492,0.026354842141595225,26.354842141595228,1422.0148476506836,0.2192507669191175,0.7378735747223942,0.37545479997061193,0.04496633808594197,0.2790529080084525,0.031465396052226424,3.0,0.0,5.49049752765911,0.2790529080084525,0.0,0.9867334961891174,0.0
HYBRID_LATE_ADAPTIVE,4,26,0.0,0.0,0.013914677258784883,0.0,0.06595687236785874,0.0,0.22971996888103127,3.142474466704198,1.6157010078841492,0.026354842141595225,26.354842141595228,1422.0148476506836,0.2192507669191175,0.7378735747223942,0.3774558110162616,0.04511770192766562,0.2805420160293579,0.03146948805078864,3.0,0.0,5.490497527659059,0.2805420160293579,0.011240833962801844,0.9867334961891174,0.0
ADAPTIVE_ALLTIME_L05,4,26,0.0,0.0,0.028065020357111517,0.0,0.061628383064269876,0.0,0.2542359859276354,3.0432152842372373,1.5546395349464046,0.02204262442567608,22.04262442567608,1397.0081060646382,0.2639978929666912,0.8314347030368112,1.3343155079637654,0.04888223792659119,1.2001208980218507,0.12589972896967083,7.0,0.0,21.766359066263394,1.2001208980218507,0.02595799684058875,1.207205057144165,0.0
PLAIN_FM,4,27,1.0,0.0,-0.010807698514891745,0.0,0.2203609165191649,0.6045889854431152,0.2059828371228668,3.5044453940201166,1.6676680378506072,0.036667685334229955,36.66768533422995,6112.842600271345,0.12002476863283784,0.45804145828800497,0.07089851598720998,0.044511865999083966,0.0,0.0,0.0,0.0,0.0,0.0,0.0,0.0,0.0
POV_L05_ALWAYS,4,27,0.0,0.0,0.021176435727100207,0.0,0.046706062221526956,0.0,0.14545871046691122,2.9654343875352267,1.6312676274115436,0.030042764435951823,30.04276443595182,1777.2318844035524,0.37229910365546703,1.0763092566368355,1.3254735850496218,0.05032920598750934,1.1938893109327182,0.13440065301256254,7.0,0.0,24.534360178528583,1.1938893109327182,0.0,2.0197057723999023,0.0
YFLOW_MAIN_PORT,4,27,0.0,0.0,0.03751652368308697,0.0,1.625385284409475e-05,0.0,0.1782729355361919,2.9592002935062554,1.6748378757517028,0.04041564799798361,40.41564799798361,717.6554396299148,0.36907799204206787,1.0838848972422994,0.37019264698028564,0.045753419981338084,0.2741878649685532,0.031043346039950848,3.0,0.0,5.50556078445434,0.2741878649685532,0.0,2.01491117477417,0.0
HYBRID_LATE_DAMPED,4,27,0.0,0.0,0.019458866030081692,0.0,0.08662627305984483,0.0,0.2106995275539222,3.144352058945059,1.6290033011675211,0.02737849802352372,27.37849802352372,1520.8270999665738,0.19593180360260823,0.7454728113854444,0.3701518760062754,0.0455992249189876,0.27399509894894436,0.03145337599562481,3.0,0.0,5.974437635509439,0.27399509894894436,0.0,1.1640812158584595,0.0
HYBRID_LATE_ADAPTIVE,4,27,0.0,0.0,0.019458866030081692,0.0,0.08662627305984483,0.0,0.2106995275539222,3.144352058945059,1.6290033011675211,0.02737849802352372,27.37849802352372,1520.8270999665738,0.19593180360260823,0.7454728113854444,0.38127157802227885,0.046755714050959796,0.28268860204843804,0.032136063964571804,3.0,0.0,5.974437635509448,0.28268860204843804,0.011003569001331925,1.1640812158584595,0.0
ADAPTIVE_ALLTIME_L05,4,27,0.0,0.0,0.019818641081596103,0.0,0.07358865108489976,0.0,0.21139476220877798,3.1113588049017817,1.6243488548098928,0.02769566851298043,27.69566851298043,1558.3975040994862,0.21317688646529173,0.7876964409344033,1.6266165539855137,0.05227792606456205,1.488350410014391,0.1643533450551331,7.0,0.0,18.42005678945929,1.488350410014391,0.025849005091004074,1.2511909008026123,0.0
PLAIN_FM,4,28,1.0,0.0,-0.007166250041776442,0.0,0.15141860809326158,0.8612525463104248,0.2018190910956391,3.545308244137483,1.6363341153854072,0.03577702040317828,35.77702040317828,6417.397921015046,0.12502401681256287,0.45012176534554754,0.07083632395369932,0.044364075060002506,0.0,0.0,0.0,0.0,0.0,0.0,0.0,0.0,0.0
POV_L05_ALWAYS,4,28,0.0,0.0,0.02075472699480324,0.0,0.048432510757446146,0.0,0.14718932148077457,2.9689104671736963,1.6016477216122762,0.029533240888364953,29.533240888364954,2168.3284002307737,0.39376548202215755,1.0872394340834666,1.624557093018666,0.0491048339754343,1.4926734729669988,0.16102580807637423,7.0,0.0,24.26501378303911,1.4926734729669988,0.0,2.0157153606414795,0.0
YFLOW_MAIN_PORT,4,28,0.0,0.0,0.02102422064770984,0.0,0.002196591758727884,0.0,0.2502126906864097,2.8614544829589406,1.5053286142747433,0.027444920292192632,27.444920292192638,485.50732521748307,0.38149121733252567,1.0884706887986662,0.4705362890381366,0.04568410001229495,0.3730643420130946,0.04027040099026635,3.0,0.0,5.391602191439645,0.3730643420130946,0.0,2.0079867839813232,0.0
HYBRID_LATE_DAMPED,4,28,0.0,0.0,0.012157741548258175,0.0,0.0566198047637938,0.0,0.1935119598618492,3.193131299086439,1.634602077830626,0.02809186211576864,28.09186211576864,1681.3114112336161,0.1994987504206599,0.7187453278665588,0.46870774298440665,0.04574170598061755,0.3710852609947324,0.0391748029505834,3.0,0.0,5.736342287670336,0.3710852609947324,0.0,1.1072248220443726,0.0
HYBRID_LATE_ADAPTIVE,4,28,0.0,0.0,0.012157741548258175,0.0,0.0566198047637938,0.0,0.1935119598618492,3.193131299086439,1.634602077830626,0.02809186211576864,28.09186211576864,1681.3114112336161,0.1994987504206599,0.7187453278665588,0.46791777398902923,0.045435742009431124,0.37078790296800435,0.03925719496328384,3.0,0.0,5.736342287670813,0.37078790296800435,0.011130480968859047,1.1072248220443726,0.0
ADAPTIVE_ALLTIME_L05,4,28,0.0,0.0,0.015783569444661374,0.0,0.05275444355010972,0.0,0.19940627315070542,3.14959704595961,1.6113675798347182,0.027623249758758517,27.62324975875852,1730.249014676155,0.22273121509567562,0.766163846609016,1.5297128509846516,0.04899202997330576,1.3953737479168922,0.14934594399528578,7.0,0.0,18.88211967772987,1.3953737479168922,0.026069082145113498,1.2153801918029785,0.0
PLAIN_FM,4,29,1.0,0.0,-0.0073988287696328675,0.0,0.40083931055068955,1.552758812904358,0.2805520865656443,3.382386705642702,1.567841736248971,0.05250101607526049,52.50101607526049,12238.643431250988,0.10906914205324014,0.49898855953561394,0.0703178719850257,0.043742957001086324,0.0,0.0,0.0,0.0,0.0,0.0,0.0,0.0,0.0
POV_L05_ALWAYS,4,29,1.0,0.0,-0.0003436862072104113,0.0,0.1624097045898436,0.0,0.33938355000764303,2.5169414845099296,1.4539679684887918,0.03574898233565085,35.74898233565086,5924.097681157903,0.5502303098404403,1.4821195110481837,1.7987931790412404,0.048596432141494006,1.6676708769518882,0.17586785403545946,7.0,0.0,23.582976819517796,1.6676708769518882,0.0,2.481523036956787,0.0
YFLOW_MAIN_PORT,4,29,0.0,0.0,0.045694152383265824,0.0,0.0,0.0,0.2204678847216811,2.827938731816293,1.524142076197067,0.02991069148754191,29.91069148754191,549.5298429082176,0.413840686391954,1.1376507234578719,0.655758903012611,0.045595315168611705,0.5584407670539804,0.06051577295875177,3.0,0.0,4.471116426195434,0.5584407670539804,0.0,1.808003306388855,0.0
HYBRID_LATE_DAMPED,4,29,0.0,0.0,0.019234883996105026,0.0,0.18248961534500108,0.0,0.24167659322111676,3.0718115906706314,1.5694404231730346,0.03227875423095401,32.278754230954014,3439.8171265591104,0.23946910286576625,0.7829944053330755,0.6591860099579208,0.045649256906472147,0.5613894520211034,0.06095957197248936,3.0,0.0,4.848796693011776,0.5613894520211034,0.0,0.9465757012367249,0.0
HYBRID_LATE_ADAPTIVE,4,29,0.0,0.0,0.019234883996105026,0.0,0.18248961534500108,0.0,0.24167659322111676,3.0718115906706314,1.5694404231730346,0.03227875423095401,32.278754230954014,3439.8171265591104,0.23946910286576625,0.7829944053330755,0.6600260509876534,0.04578930896241218,0.5620801409822889,0.06105704698711634,3.0,0.0,4.8487966930113435,0.5620801409822889,0.011161703092511743,0.9465757012367249,0.0
ADAPTIVE_ALLTIME_L05,4,29,0.0,0.0,0.013280310929357067,0.0,0.17066733207702622,0.0,0.2574602156052114,3.023043789713808,1.5623471846805328,0.034024303824924565,34.024303824924566,3911.9509481007935,0.26225390629077566,0.8332948196737182,1.7181920090224594,0.049336840165778995,1.5826042830594815,0.16854515980230644,7.0,0.0,18.793049017517923,1.5826042830594815,0.0263114960398525,1.040522813796997,0.0
PLAIN_FM,4,30,1.0,0.0,-0.02053418137713127,0.0,0.2054835971832274,1.5272748470306396,0.26140600953259774,3.441091767884564,1.598866171198022,0.0380845092990276,38.084509299027594,6836.8930633082855,0.08646870156232528,0.45879354641511355,0.07035620202077553,0.04369361395947635,0.0,0.0,0.0,0.0,0.0,0.0,0.0,0.0,0.0
POV_L05_ALWAYS,4,30,0.0,0.0,0.008797289035959152,0.0,0.03975824680328355,0.0,0.19509447995848456,2.828740779137233,1.5684059242085777,0.027003269906288263,27.003269906288264,2049.257805432625,0.47296606863764534,1.2033140089588668,1.428774097992573,0.04776701092487201,1.2982849840191193,0.13764263701159507,7.0,0.0,27.33280454542738,1.2982849840191193,0.0,2.1598916053771973,0.0
YFLOW_MAIN_PORT,4,30,0.0,0.0,0.05210699213837505,0.0,0.0,0.0,0.21713033942772864,2.836187961641409,1.565091439071849,0.03138197275858298,31.38197275858299,509.7713820638387,0.4064079469674129,1.1238028972715561,0.3772262670099735,0.04531202692305669,0.2803503530449234,0.031581169983837754,3.0,0.0,5.513035741213784,0.2803503530449234,0.0,1.819568157196045,0.0
HYBRID_LATE_DAMPED,4,30,0.0,0.0,0.007944514481933104,0.0,0.08564845886230454,0.0,0.2282378937031429,3.121541774937764,1.6141990799387467,0.0300351401380079,30.0351401380079,2060.381344373252,0.22970833191672357,0.7419497076470546,0.3779292149702087,0.045439170906320214,0.2805206769844517,0.03155909001361579,3.0,0.0,5.493792780004615,0.2805206769844517,0.0,0.9509779214859009,0.0
HYBRID_LATE_ADAPTIVE,4,30,0.0,0.0,0.007944514481933104,0.0,0.08564845886230454,0.0,0.2282378937031429,3.121541774937764,1.6141990799387467,0.0300351401380079,30.0351401380079,2060.381344373252,0.22970833191672357,0.7419497076470546,0.37718668597517535,0.045311207009945065,0.2801695599919185,0.031524389050900936,3.0,0.0,5.493792780004663,0.2801695599919185,0.011051730019971728,0.9509779214859009,0.0
ADAPTIVE_ALLTIME_L05,4,30,0.0,0.0,0.010373001957061659,0.0,0.08226470317840562,0.0,0.23156835263992415,3.0889590347327474,1.6034131966757306,0.02985586880587554,29.855868805875545,2050.575081308181,0.2466339669139883,0.7796652643809805,1.2491365369642153,0.04849092790391296,1.1147726829512976,0.12007531302515417,7.0,0.0,19.372602064586708,1.1147726829512976,0.02630051813321188,1.027180552482605,0.0
PLAIN_FM,4,31,1.0,0.0,-0.027399160688772684,0.0,0.2979058143138884,0.03469705581665039,0.2177805590137626,3.541454402291851,1.6812994500738339,0.03299445290897521,32.99445290897521,5629.963159417018,0.09859968283117376,0.4849055785677919,0.07039023301331326,0.04365674388827756,0.0,0.0,0.0,0.0,0.0,0.0,0.0,0.0,0.0
POV_L05_ALWAYS,4,31,0.0,0.0,0.014154756434282711,0.0,0.0891740736007689,0.0,0.14674346917699588,2.9921658409719765,1.642733590181093,0.029285798618722103,29.2857986187221,1793.7895731541416,0.3860288871778353,1.0802226913068045,1.4315934010082856,0.047992214909754694,1.3006946259411052,0.1386164209106937,7.0,0.0,23.40522409181752,1.3006946259411052,0.0,1.9915803670883179,0.0
YFLOW_MAIN_PORT,4,31,0.0,0.0,0.05294215536972294,0.0,0.0,0.0,0.2183184868466095,2.887294701835854,1.5739046395128293,0.029900901848793838,29.900901848793836,492.7184335626478,0.40203795217606736,1.084985734051468,0.46773632103577256,0.04521482711425051,0.3708448470570147,0.03937005897751078,3.0,0.0,5.432329651539408,0.3708448470570147,0.0,2.0368521213531494,0.0
HYBRID_LATE_DAMPED,4,31,0.0,0.0,0.01053393779368035,0.0,0.1393057521820067,0.0,0.21702198352366656,3.1863741238879455,1.646385838859154,0.02698159920441858,26.981599204418583,1630.6465328386378,0.2019872797430835,0.7259348602635693,0.46836017700843513,0.04521298792678863,0.3713204680243507,0.03944334900006652,3.0,0.0,5.5154865932133195,0.3713204680243507,0.0,1.0578261613845825,0.0
HYBRID_LATE_ADAPTIVE,4,31,0.0,0.0,0.01053393779368035,0.0,0.1393057521820067,0.0,0.21702198352366656,3.1863741238879455,1.646385838859154,0.02698159920441858,26.981599204418583,1630.6465328386378,0.2019872797430835,0.7259348602635693,0.4679543370148167,0.04528696998022497,0.37076973501825705,0.039442360983230174,3.0,0.0,5.515486593212284,0.37076973501825705,0.01113637094385922,1.0578261613845825,0.0
ADAPTIVE_ALLTIME_L05,4,31,0.0,0.0,0.011605180664435902,0.0,0.12302504148483262,0.0,0.2236550159028634,3.1237764932144865,1.6305954958518238,0.026695576806131327,26.695576806131324,1728.2354525806895,0.23430315244124206,0.7941083672941441,1.3438538000336848,0.04853641102090478,1.209573658008594,0.1318690101034008,7.0,0.0,21.0133687407202,1.209573658008594,0.026141803828068078,1.2142876386642456,0.0
PLAIN_FM,5,0,0.0,0.0,0.12957097332088224,0.0,0.0,0.0,1.022117422700205,1.1164828773471513,0.6803267121456349,0.017545730807246862,17.545730807246862,4111.026188510803,0.0906913099653544,1.3879079496764932,0.07026017096359283,0.04371844610432163,0.0,0.0,0.0,0.0,0.0,0.0,0.0,0.0,0.0
POV_L05_ALWAYS,5,0,0.0,0.0,0.07918962833975124,0.0,0.0,0.0,0.7382992356889577,0.995553546562533,0.4724647435212515,0.011456469112696377,11.456469112696377,1681.3811326356508,0.43197475583000494,1.1181613816586335,1.0583975269692019,0.049438731104601175,0.9268171110306866,0.10187062295153737,7.0,0.0,29.123306032900135,0.9268171110306866,0.0,2.3214762210845947,0.0
YFLOW_MAIN_PORT,5,0,1.0,0.0,-0.035070036792053325,0.0,0.0,0.0,0.45546593109442934,1.292633111704076,0.9366504152754758,0.018109809809795208,18.109809809795205,529.1649961944255,0.269897280685007,0.780878869358933,0.37527210905682296,0.04620835091918707,0.2779815229587257,0.031414975062943995,3.0,0.0,4.894378601281278,0.2779815229587257,0.0,1.542375087738037,0.0
HYBRID_LATE_DAMPED,5,0,0.0,0.0,0.07748278294057592,0.0,0.0,0.0,0.7283708197281018,1.065504620064669,0.7295595985056622,0.009813171927072872,9.813171927072872,1173.3024498233212,0.16530430344202543,1.0270665556958298,0.3756896890117787,0.04623978992458433,0.27818860806291923,0.03147939796326682,3.0,0.0,5.059113744474422,0.27818860806291923,0.0,0.8433132171630859,0.0
HYBRID_LATE_ADAPTIVE,5,0,0.0,0.0,0.12957097332088224,0.0,0.0,0.0,1.022117422700205,1.1164828773471513,0.6803267121456349,0.017545730807246862,17.545730807246862,4111.026188510803,0.0906913099653544,1.3879079496764932,0.07064892997732386,0.04429465299472213,0.0,0.0,0.0,0.0,0.0,0.0,0.010783632984384894,0.0,0.0
ADAPTIVE_ALLTIME_L05,5,0,0.0,0.0,0.1272725087157509,0.0,0.0,0.0,1.012132614509891,1.100841536611684,0.6731725967660654,0.01739300486696127,17.39300486696127,4056.6563415247,0.08711711848369118,1.369490004796297,0.7529489689623006,0.047853552910964936,0.6451189760118723,0.06979233806487173,4.0,0.0,12.400038966609136,0.6451189760118723,0.02556999900843948,0.06213613599538803,0.0
PLAIN_FM,5,1,0.0,0.0,0.12050742472120246,0.0,0.0,0.9047162532806396,1.0450651345343036,1.156846975839974,0.7004637719845057,0.04215204332185518,42.15204332185519,12247.108248056727,0.10941835242591517,1.405498145135396,0.06916877202456817,0.0428643740597181,0.0,0.0,0.0,0.0,0.0,0.0,0.0,0.0,0.0
POV_L05_ALWAYS,5,1,0.0,0.0,0.08188445545186382,0.0,0.0,0.0,0.7348320833404871,0.8554228214075867,0.5031205021881513,0.015402128023001005,15.402128023001007,3663.011764210288,0.38050374256162467,1.115992893856878,1.2394423160003498,0.04869666404556483,1.1089193199877627,0.12226180708967149,7.0,0.0,25.35190873869542,1.1089193199877627,0.0,2.054943561553955,0.0
YFLOW_MAIN_PORT,5,1,1.0,0.0,-0.04802524719889885,0.0,0.0,0.0,0.4524524153357784,1.2425608190943753,0.9222433411149104,0.016177159516062356,16.177159516062357,461.3998383157847,0.2889231558506357,0.77867378907935,0.37421375303529203,0.04518218705197796,0.27787936298409477,0.03140924597391859,3.0,0.0,5.360510787792839,0.27787936298409477,0.0,1.6322141885757446,0.0
HYBRID_LATE_DAMPED,5,1,0.0,0.0,0.07133837226749007,0.0,0.0,0.0,0.742287889635974,1.0457170668243445,0.7236367136786066,0.015700747344859822,15.70074734485982,3344.862564165773,0.17929349156581748,1.0291631939429582,0.3752138569834642,0.045199898071587086,0.27859988901764154,0.03180711611639708,3.0,0.0,5.359685871470511,0.27859988901764154,0.0,0.8733160495758057,0.0
HYBRID_LATE_ADAPTIVE,5,1,0.0,0.0,0.07133837226749007,0.0,0.0,0.0,0.742287889635974,1.0457170668243445,0.7236367136786066,0.015700747344859822,15.70074734485982,3344.862564165773,0.17929349156581748,1.0291631939429582,0.37565515900496393,0.04552730399882421,0.278705911943689,0.031735804048366845,3.0,0.0,5.359685871470511,0.278705911943689,0.010993509029503912,0.8733160495758057,0.0
ADAPTIVE_ALLTIME_L05,5,1,0.0,0.0,0.1100665745057933,0.0,0.0,0.0,1.0069901994231625,1.113779675978738,0.6647222334128612,0.04374344412472908,43.74344412472908,12966.969198565705,0.1036749459369466,1.3418858931230393,1.143744572007563,0.04895143205067143,1.018123509013094,0.1131404250045307,6.0,0.0,16.962436027984253,1.018123509013094,0.02583132602740079,0.2274494767189026,0.0
PLAIN_FM,5,2,0.0,0.0,0.12885557788941335,0.0,0.0,0.0,1.0336687510767517,1.0716581411983679,0.6536235858108681,0.01694439445479734,16.94439445479734,3996.3871920305046,0.08620262255488792,1.3893002013188587,0.06899585900828242,0.042701002093963325,0.0,0.0,0.0,0.0,0.0,0.0,0.0,0.0,0.0
POV_L05_ALWAYS,5,2,0.0,0.0,0.08217037528724502,0.0,0.0,0.0,0.7441486908044084,0.9618383887367996,0.45331668676949793,0.0112561890478875,11.256189047887501,1790.606947222528,0.44004483514027837,1.1278224138273167,0.9668835899792612,0.04808372590923682,0.8367282520630397,0.09451773494947702,7.0,0.0,29.519205597976075,0.8367282520630397,0.0,2.27992582321167,0.0
YFLOW_MAIN_PORT,5,2,1.0,0.0,-0.037786181205086186,0.0,0.0,0.0,0.449138979662892,1.2283543724156294,0.9114898372892104,0.015695965782664037,15.695965782664036,432.7750827955959,0.27345562072106094,0.7734597910580887,0.3751682969741523,0.045325638027861714,0.2783117520157248,0.0314593959483318,3.0,0.0,5.027749949373341,0.2783117520157248,0.0,1.5660433769226074,0.0
HYBRID_LATE_DAMPED,5,2,0.0,0.0,0.07446250117205153,0.0,0.0,0.0,0.7299320785781567,1.0169035269757356,0.7091016656402734,0.008249014402000654,8.249014402000654,993.9486010771325,0.16932438618144863,1.0188696445706351,0.37766101001761854,0.045396103116218,0.28055059898179024,0.03174855501856655,3.0,0.0,5.2100284302594515,0.28055059898179024,0.0,0.859923779964447,0.0
HYBRID_LATE_ADAPTIVE,5,2,0.0,0.0,0.12885557788941335,0.0,0.0,0.0,1.0336687510767517,1.0716581411983679,0.6536235858108681,0.01694439445479734,16.94439445479734,3996.3871920305046,0.08620262255488792,1.3893002013188587,0.07011000602506101,0.04361141397384927,0.0,0.0,0.0,0.0,0.0,0.0,0.010844034957699478,0.0,0.0
ADAPTIVE_ALLTIME_L05,5,2,0.0,0.0,0.12768552253832574,0.0,0.0,0.0,1.024020888836385,1.0505614283264015,0.6426712934370473,0.016520833834360538,16.520833834360538,3854.1907504129995,0.085727529933144,1.371121734505385,0.6605621189810336,0.0459926959592849,0.55466391594382,0.060339707997627556,4.0,0.0,17.264124991995732,0.55466391594382,0.02566536091035232,0.1001296415925026,0.0
PLAIN_FM,5,3,0.0,0.0,0.11956509617451458,0.0,0.0,0.0,1.0067554564581673,1.0817916043803142,0.6568110565760475,0.016109130698293228,16.109130698293228,3548.538871274864,0.09432017604012172,1.3439951106261947,0.06910244101891294,0.04269800311885774,0.0,0.0,0.0,0.0,0.0,0.0,0.0,0.0,0.0
POV_L05_ALWAYS,5,3,0.0,0.0,0.07796013031528243,0.0,0.0,0.0,0.7261147854794777,0.7639579046282255,0.4770910185341723,0.011171653745566168,11.171653745566168,2351.6033769756646,0.3577289744046572,1.0013440772233815,1.2533317900379188,0.04912447795504704,1.121091602020897,0.1258980919374153,7.0,0.0,30.694306155688505,1.121091602020897,0.0,1.8856475353240967,0.0
YFLOW_MAIN_PORT,5,3,1.0,0.0,-0.023191213930957702,0.0,0.0,0.0,0.4663993910650938,1.142387336775875,0.8723594258121775,0.012115732918277625,12.115732918277624,346.2916631009075,0.27455967874681364,0.7804011252034802,0.37979920400539413,0.04676170495804399,0.28142660204321146,0.032047711953055114,3.0,0.0,4.902103000896414,0.28142660204321146,0.0,1.5007990598678589,0.0
HYBRID_LATE_DAMPED,5,3,0.0,0.0,0.07491434813346953,0.0,0.0,0.0,0.7248726940395324,1.0284984817701055,0.7101120290110581,0.00889591532652112,8.89591532652112,1090.82548363606,0.17161524556694024,1.0071981901620788,0.38178296497790143,0.04677246406208724,0.2829081289237365,0.03356837097089738,3.0,0.0,5.066491466714069,0.2829081289237365,0.0,0.8142496347427368,0.0
HYBRID_LATE_ADAPTIVE,5,3,0.0,0.0,0.11728750315216793,0.0,0.0,0.0,0.9984453140203086,1.0727035009326193,0.6485760971810848,0.016458574876903498,16.458574876903498,3670.9901978166936,0.09373540257732614,1.3306895115932589,0.174909983004909,0.045418040885124356,0.09416399599285796,0.010900377004873008,1.0,0.0,1.993262359647576,0.09416399599285796,0.011029560002498329,0.041789062321186066,0.0
ADAPTIVE_ALLTIME_L05,5,3,0.0,0.0,0.10792121828267484,0.0,0.0,0.0,0.9617009694604639,1.045363187736354,0.6343872207708643,0.022323349867000353,22.323349867000356,5279.025517033009,0.10239315588980846,1.2706770957521736,1.2483326740330085,0.049029731017071754,1.1223504699883051,0.12606754497392103,6.0,0.0,18.825416849478437,1.1223504699883051,0.02590278792195022,0.22018155455589294,0.0
PLAIN_FM,5,4,0.0,0.0,0.12002174603988203,0.0,0.0,0.0,1.0186488474379949,1.1156055301634478,0.6657330090138256,0.024067912260905544,24.067912260905548,5853.926269629373,0.09426867265377828,1.3693979545731974,0.0699128620326519,0.0433276979601942,0.0,0.0,0.0,0.0,0.0,0.0,0.0,0.0,0.0
POV_L05_ALWAYS,5,4,0.0,0.0,0.07947219234774294,0.0,0.0,0.0,0.737553969221308,0.9411073914235164,0.4553129352200156,0.013217861986901225,13.217861986901225,2708.1717196497434,0.4224807470692832,1.1089518472937325,1.2576312809833325,0.048533201101236045,1.1262316700303927,0.12385748798260465,7.0,0.0,30.662826618474686,1.1262316700303927,0.0,2.225649833679199,0.0
YFLOW_MAIN_PORT,5,4,1.0,0.0,-0.031215600510460934,0.0,0.0,0.0,0.4567355115906603,1.2760603657852982,0.9272744398879781,0.017665944713159187,17.66594471315919,519.06773184765,0.27728541407954005,0.7755877162013177,0.3802283760160208,0.04572978802025318,0.28255509096197784,0.03210578393191099,3.0,0.0,4.971079403278822,0.28255509096197784,0.0,1.515097737312317,0.0
HYBRID_LATE_DAMPED,5,4,0.0,0.0,0.07239602077017271,0.0,0.0,0.0,0.7262635933523819,1.0534803595489448,0.7124994735666725,0.011085497075452366,11.085497075452366,1676.179667299316,0.17591530475056572,1.0141521319832094,0.38293153495760635,0.04591861390508711,0.2843931670067832,0.032161973940674216,3.0,0.0,5.219352572104375,0.2843931670067832,0.0,0.8347862958908081,0.0
HYBRID_LATE_ADAPTIVE,5,4,0.0,0.0,0.11057267147531868,0.0,0.0,0.0,0.9846233282092651,1.0955981221589937,0.652246871309432,0.025120978600670085,25.120978600670085,6171.594305055096,0.09387533188744906,1.319965770146689,0.28047404799144715,0.04620447108754888,0.1901228579808958,0.02167882997309789,2.0,0.0,3.7786514313638397,0.1901228579808958,0.011258204991463572,0.13213670253753662,0.0
ADAPTIVE_ALLTIME_L05,5,4,0.0,0.0,0.10859654056362694,0.0,0.0,0.0,0.9778097606051492,1.0748535954303993,0.6430297235399502,0.025959330934906433,25.959330934906433,6478.685183842979,0.09633155754441904,1.3000167403159602,1.0676448859740049,0.04854395106667653,0.9413167259772308,0.10655014897929505,6.0,0.0,18.79591118747433,0.9413167259772308,0.026237173995468765,0.21337726712226868,0.0
PLAIN_FM,5,5,0.0,0.0,0.12506265262684443,0.0,0.0,0.0,1.024111589195384,1.1134464589320625,0.6794110244132979,0.028927031792266078,28.92703179226608,7491.359719395606,0.0806604657728384,1.3826478225538388,0.07073886296711862,0.043701458896975964,0.0,0.0,0.0,0.0,0.0,0.0,0.0,0.0,0.0
POV_L05_ALWAYS,5,5,0.0,0.0,0.07660540709082111,0.0,0.0,0.0,0.7426290453049981,0.9332906399559668,0.47680111410664144,0.016187887416165836,16.187887416165836,3307.850651130817,0.4117473581213092,1.1065230006061775,1.2637151760281995,0.04863116191700101,1.1313636031118222,0.12547201104462147,7.0,0.0,27.93464617365312,1.1313636031118222,0.0,2.165919780731201,0.0
YFLOW_MAIN_PORT,5,5,1.0,0.0,-0.0414289963327852,0.0,0.0,0.0,0.4491381316356298,1.2300261482704713,0.9341351358519445,0.0162485503059749,16.2485503059749,463.26248462281313,0.273013903830266,0.8024592145579716,0.38032160798320547,0.04575634904904291,0.28241067798808217,0.03188208903884515,3.0,0.0,5.201109440433879,0.28241067798808217,0.0,1.5733412504196167,0.0
HYBRID_LATE_DAMPED,5,5,0.0,0.0,0.07601927907637412,0.0,0.0,0.0,0.7316300548779927,0.9915766810510055,0.7110226564192655,0.010999690822113273,10.999690822113273,1909.7468087624138,0.1629321526969984,1.0289590235843329,0.37989237799774855,0.04561335704056546,0.28228110499912873,0.03192339895758778,3.0,0.0,5.344570383228389,0.28228110499912873,0.0,0.8557747006416321,0.0
HYBRID_LATE_ADAPTIVE,5,5,0.0,0.0,0.07601927907637412,0.0,0.0,0.0,0.7316300548779927,0.9915766810510055,0.7110226564192655,0.010999690822113273,10.999690822113273,1909.7468087624138,0.1629321526969984,1.0289590235843329,0.38195189996622503,0.04553979489719495,0.2840780389960855,0.03213046496966854,3.0,0.0,5.344570383228389,0.2840780389960855,0.011252646043431014,0.8557747006416321,0.0
ADAPTIVE_ALLTIME_L05,5,5,0.0,0.0,0.0746567378872412,0.0,0.0,0.0,0.7266791841206239,1.0086163962285855,0.7224256566673308,0.012804753960001136,12.804753960001136,2184.717190985275,0.1674353372544478,1.0231976036334873,1.2685902410303243,0.04933295102091506,1.1326342531247064,0.12447970494395122,7.0,0.0,17.17029040224653,1.1326342531247064,0.026448808959685266,0.8851541876792908,0.0
PLAIN_FM,5,6,0.0,0.0,0.13137678208655726,0.0,0.0,0.5483579635620117,1.0551989008686762,1.0897883294912807,0.6756903938331393,0.026591382312920686,26.591382312920686,7245.565441021285,0.10036865705570959,1.3879844989543602,0.07169624604284763,0.044485007936600596,0.0,0.0,0.0,0.0,0.0,0.0,0.0,0.0,0.0
POV_L05_ALWAYS,5,6,0.0,0.0,0.0849837405100948,0.0,0.0,0.0,0.7451515808941199,0.9179309797422314,0.4621683841318797,0.012151421442598842,12.151421442598842,2189.4089592279674,0.40789323337030126,1.1003330258257966,1.169791186985094,0.04878357605775818,1.03752086404711,0.1134691639454104,7.0,0.0,26.7735125859199,1.03752086404711,0.0,2.193427562713623,0.0
YFLOW_MAIN_PORT,5,6,1.0,0.0,-0.04761415761303088,0.0,0.0,0.0,0.43761487208392963,1.2926519625315098,0.9359559263459419,0.018656304386743594,18.656304386743596,544.12872453935,0.28706789352294493,0.7487718982089765,0.3765248029958457,0.04547995200846344,0.27928844798589125,0.031606580945663154,3.0,0.0,5.322757177431587,0.27928844798589125,0.0,1.6747726202011108,0.0
HYBRID_LATE_DAMPED,5,6,0.0,0.0,0.07438143461643618,0.0,0.0,0.0,0.7350167396397762,1.0209249673681777,0.7076809836463478,0.010192541232905583,10.192541232905583,1622.7275287755028,0.1743602816673086,0.9991961015485207,0.3756415600073524,0.045077222923282534,0.2789050890132785,0.03164578299038112,3.0,0.0,5.477488491891101,0.2789050890132785,0.0,0.911760687828064,0.0
HYBRID_LATE_ADAPTIVE,5,6,0.0,0.0,0.12151445180649237,0.0,0.0,0.0,1.0197328830364152,1.0553325427606879,0.6493511964576522,0.023364189541969616,23.364189541969616,6176.96555313625,0.0954960360138369,1.3370268077546048,0.274123948009219,0.04515130608342588,0.185742887086235,0.021179366041906178,2.0,0.0,3.896037601095092,0.185742887086235,0.010991517978254706,0.13666370511054993,0.0
ADAPTIVE_ALLTIME_L05,5,6,0.0,0.0,0.11855851037088641,0.0,0.0,0.0,1.0085213839433507,1.0368128841666095,0.635598356283954,0.023704730942502472,23.704730942502472,6231.267308902843,0.0972908771384738,1.3191127012098667,0.9588098609820008,0.04756694502430037,0.834609512006864,0.09284735302207991,6.0,0.0,16.363298707344303,0.834609512006864,0.025869166071061045,0.21488164365291595,0.0
PLAIN_FM,5,7,0.0,0.0,0.12067860612920084,0.0,0.0,1.5700232982635498,1.011406730825788,1.131606928041124,0.6934784162688625,0.03888610385704361,38.88610385704361,10488.130298858157,0.09802681047335225,1.3800213287044023,0.06907502101967111,0.04267412197077647,0.0,0.0,0.0,0.0,0.0,0.0,0.0,0.0,0.0
POV_L05_ALWAYS,5,7,0.0,0.0,0.07525133199858414,0.0,0.0,0.0,0.730759047055277,0.9598488932253529,0.5272322576059751,0.02134679168038489,21.346791680384893,5035.746732067326,0.4054813748426156,1.1076685500452172,1.4288898250088096,0.04773736902279779,1.2987932779360563,0.143494916963391,7.0,0.0,27.628717535969265,1.2987932779360563,0.0,2.1467244625091553,0.0
YFLOW_MAIN_PORT,5,7,1.0,0.0,-0.01809885987234877,0.0,0.0,0.0,0.47946557202715034,1.058114785210481,0.8235313190485106,0.009893177965039749,9.893177965039749,412.12900970946686,0.28838986855336757,0.7953694739909811,0.4641692340373993,0.04527358600171283,0.36741954198805615,0.038018283899873495,3.0,0.0,4.588906548278205,0.36741954198805615,0.0,1.5512608289718628,0.0
HYBRID_LATE_DAMPED,5,7,0.0,0.0,0.07562915823012775,0.0,0.0,0.0,0.7314533063637122,1.0558585309479471,0.7505406302831519,0.014012352527023708,14.012352527023708,2657.5999532965075,0.168136961565393,1.0378523664531878,0.4638658170006238,0.04514933313475922,0.3672028770670295,0.037978433014359325,3.0,0.0,4.690728688068911,0.3672028770670295,0.0,0.7996169924736023,0.0
HYBRID_LATE_ADAPTIVE,5,7,0.0,0.0,0.07562915823012775,0.0,0.0,0.0,0.7314533063637122,1.0558585309479471,0.7505406302831519,0.014012352527023708,14.012352527023708,2657.5999532965075,0.168136961565393,1.0378523664531878,0.4636008000234142,0.045092492015101016,0.36703801300609484,0.03788020909996703,3.0,0.0,4.690728688068911,0.36703801300609484,0.011060340038966388,0.7996169924736023,0.0
ADAPTIVE_ALLTIME_L05,5,7,0.0,0.0,0.0747192378121333,0.0,0.0,0.0,0.7273268189160205,1.0551210319710558,0.7483244823949836,0.01628049971178336,16.28049971178336,3181.2029053781334,0.17140791937850863,1.0306644191630785,1.4299654240021482,0.04851226997561753,1.2964052679599263,0.141551019041799,7.0,0.0,19.954881723703426,1.2964052679599263,0.025980259000789374,0.8352182507514954,0.0
PLAIN_FM,5,8,0.0,0.0,0.13226127258045572,0.0,0.0,0.0,1.0563640269119563,1.143354611595043,0.6981493207231017,0.02422673226453398,24.22673226453398,5708.10011694931,0.13175506948199328,1.3931919810340503,0.0699332719668746,0.04347137099830434,0.0,0.0,0.0,0.0,0.0,0.0,0.0,0.0,0.0
POV_L05_ALWAYS,5,8,0.0,0.0,0.10151627145038974,0.0,0.0,0.0,0.7417492586267553,0.8266673295463254,0.4862980751332456,0.013091478939906809,13.091478939906807,2894.6748222990814,0.40559605165247037,1.0494137167455282,1.2401006320142187,0.047456823114771396,1.1105809579603374,0.1218241200549528,7.0,0.0,27.73884467496359,1.1105809579603374,0.0,2.0576670169830322,0.0
YFLOW_MAIN_PORT,5,8,1.0,0.0,-0.045386758600241356,0.0,0.0,0.0,0.44915835827470396,1.227216804203959,0.9308656933356517,0.015300434098428309,15.30043409842831,443.85444844542576,0.29613961631242813,0.7607401732370521,0.37483144097495824,0.04499713098630309,0.2785366789903492,0.03164016199298203,3.0,0.0,5.26125941803778,0.2785366789903492,0.0,1.6649391651153564,0.0
HYBRID_LATE_DAMPED,5,8,0.0,0.0,0.07439766318558841,0.0,0.0,0.0,0.7414879017913003,1.0530913924592804,0.7460976064783666,0.011174043363600283,11.174043363600283,1809.0240334979412,0.19077102378752747,1.0097428234850039,0.3752901019761339,0.04511522193206474,0.27857794001465663,0.031663161935284734,3.0,0.0,5.4067274944345,0.27857794001465663,0.0,0.9020451903343201,0.0
HYBRID_LATE_ADAPTIVE,5,8,0.0,0.0,0.12952740165356086,0.0,0.0,0.0,1.0469917266226751,1.1328366372930763,0.693130018337692,0.02438578080914411,24.38578080914411,5822.712682446962,0.1289444971010561,1.3786693497411517,0.17214295297162607,0.044358643994200975,0.09288160502910614,0.010522467026021332,1.0,0.0,2.0523199263120837,0.09288160502910614,0.010950456955470145,0.04258684813976288,0.0
ADAPTIVE_ALLTIME_L05,5,8,0.0,0.0,0.0738455289092135,0.0,0.0,0.0,0.7383167267416726,1.0586807839473331,0.7420709398672286,0.012350721809760934,12.350721809760934,2047.4266907741346,0.1947360711166231,1.0081490176785282,1.2442419969593175,0.04793639504350722,1.111040932009928,0.12102035887073725,7.0,0.0,18.256086284236606,1.111040932009928,0.026013657043222338,0.9350000619888306,0.0
PLAIN_FM,5,9,0.0,0.0,0.14043157986084392,0.0,0.0,0.0,1.0438763916096945,1.0387363170264607,0.6427461930393862,0.01164575953047553,11.64575953047553,2297.5316525174703,0.07764887988688458,1.3991922719483345,0.07024333102162927,0.043595666997134686,0.0,0.0,0.0,0.0,0.0,0.0,0.0,0.0,0.0
POV_L05_ALWAYS,5,9,0.0,0.0,0.08661901372975217,0.0,0.0,0.0,0.7439235567557532,0.923066274376746,0.44334557728836305,0.012380057344177242,12.380057344177244,2043.2566293971277,0.4282128535177238,1.143233535648053,1.1485859840177,0.04753599502146244,1.0188510058796965,0.11138864501845092,7.0,0.0,30.884047687974576,1.0188510058796965,0.0,2.1839656829833984,0.0
YFLOW_MAIN_PORT,5,9,1.0,0.0,-0.04689255317478212,0.0,0.0,0.0,0.43094851184517496,1.2446326831612076,0.9264327658881135,0.017536159329479717,17.536159329479716,509.72629971422487,0.27766737652142015,0.8012680564723221,0.3756201710202731,0.045206175942439586,0.27881113602779806,0.030803900968749076,3.0,0.0,5.294695787524629,0.27881113602779806,0.0,1.6422338485717773,0.0
HYBRID_LATE_DAMPED,5,9,0.0,0.0,0.07853910558504795,0.0,0.0,0.0,0.7254570161606385,0.9905786899179617,0.7022371696036271,0.008322750296383852,8.322750296383852,818.8166753279269,0.16646678115056032,1.0271816748347697,0.37509854801464826,0.045272108050994575,0.2780214889207855,0.03133459505625069,3.0,0.0,5.490445444428174,0.2780214889207855,0.0,0.904291033744812,0.0
HYBRID_LATE_ADAPTIVE,5,9,0.0,0.0,0.14043157986084392,0.0,0.0,0.0,1.0438763916096945,1.0387363170264607,0.6427461930393862,0.01164575953047553,11.64575953047553,2297.5316525174703,0.07764887988688458,1.3991922719483345,0.07008139695972204,0.04363544500665739,0.0,0.0,0.0,0.0,0.0,0.0,0.010831505118403584,0.0,0.0
ADAPTIVE_ALLTIME_L05,5,9,0.0,0.0,0.13565091913481062,0.0,0.0,0.0,1.025174113889373,1.0179732675479012,0.6296234579593696,0.01265838137092512,12.65838137092512,2555.7037136172407,0.08103785993567202,1.3720749046164922,0.7639607260352932,0.046882648894097656,0.6483429439831525,0.07081939501222223,5.0,0.0,13.050233359195058,0.6483429439831525,0.025875227118376642,0.09732053428888321,0.0
PLAIN_FM,5,10,0.0,0.0,0.12736707763224725,0.0,0.0,0.0,1.0138863933437379,1.0904809662410313,0.6780003033806468,0.01772321143752187,17.72321143752187,4429.1205757503785,0.08942539588070322,1.3821667818093752,0.06916880398057401,0.04273131297668442,0.0,0.0,0.0,0.0,0.0,0.0,0.0,0.0,0.0
POV_L05_ALWAYS,5,10,0.0,0.0,0.07563238783295054,0.0,0.0,0.0,0.7361623801174637,1.0017601286155253,0.47692729584027,0.011552097058542987,11.552097058542987,2001.3744129476543,0.4355105601699008,1.1024298603309528,0.9641908010235056,0.04737054096767679,0.8346009260858409,0.09305532998405397,7.0,0.0,27.11509214376958,0.8346009260858409,0.0,2.2737252712249756,0.0
YFLOW_MAIN_PORT,5,10,1.0,0.0,-0.03138609922331191,0.0,0.0,0.0,0.4536830618877811,1.2394287859021982,0.9315616556794262,0.015651360524308988,15.651360524308988,447.3603703081086,0.270280838621694,0.7842361340081104,0.37410345301032066,0.04507032304536551,0.27754220500355586,0.031130169052630663,3.0,0.0,4.937641166156779,0.27754220500355586,0.0,1.537057876586914,0.0
HYBRID_LATE_DAMPED,5,10,0.0,0.0,0.07941218848940185,0.0,0.0,0.0,0.7227823004207561,1.048594312963982,0.7385857681813603,0.009143756948580384,9.143756948580384,1191.5001504220204,0.1672960310334966,1.0243673330204646,0.3762759380042553,0.045282177976332605,0.279161776881665,0.03118764003738761,3.0,0.0,5.1100770657112555,0.279161776881665,0.0,0.8395805358886719,0.0
HYBRID_LATE_ADAPTIVE,5,10,0.0,0.0,0.12736707763224725,0.0,0.0,0.0,1.0138863933437379,1.0904809662410313,0.6780003033806468,0.01772321143752187,17.72321143752187,4429.1205757503785,0.08942539588070322,1.3821667818093752,0.07011360803153366,0.04352337104501203,0.0,0.0,0.0,0.0,0.0,0.0,0.010873776045627892,0.0,0.0
ADAPTIVE_ALLTIME_L05,5,10,0.0,0.0,0.12546886767142837,0.0,0.0,0.0,1.0039818467191028,1.071480966118828,0.6679348416073504,0.01715160215623257,17.15160215623257,4258.494650876976,0.08672366933254488,1.3641055748996458,0.6624740830156952,0.04598503594752401,0.5564788159681484,0.06208370393142104,4.0,0.0,12.317173273358298,0.5564788159681484,0.025700841040816158,0.07094185054302216,0.0
PLAIN_FM,5,11,0.0,0.0,0.12414633673894798,0.0,0.0,0.0,1.0389437348363448,1.095945147372332,0.6704444468464524,0.024090072216807812,24.090072216807812,6634.55075813637,0.08778220732537623,1.3868349925024481,0.06914694199804217,0.04274360294220969,0.0,0.0,0.0,0.0,0.0,0.0,0.0,0.0,0.0
POV_L05_ALWAYS,5,11,0.0,0.0,0.08089341907254688,0.0,0.0,0.0,0.7408832061661024,0.7270502482685833,0.4730734501409888,0.011203477730680866,11.203477730680866,2822.464356490251,0.38405291665897345,1.0083833212180198,1.1510441179852933,0.04778204200556502,1.0210200440487824,0.11353297886671498,7.0,0.0,30.249980234279597,1.0210200440487824,0.0,1.9798649549484253,0.0
YFLOW_MAIN_PORT,5,11,1.0,0.0,-0.03513664677799022,0.0,0.0,0.0,0.4604634208153352,1.009379292844803,0.7967013745599939,0.007753193127142621,7.75319312714262,254.0823854819907,0.28869544414358145,0.778149627866432,0.3749359340290539,0.04516557604074478,0.27824887400493026,0.03146314702462405,3.0,0.0,5.222738357241877,0.27824887400493026,0.0,1.6198700666427612,0.0
HYBRID_LATE_DAMPED,5,11,0.0,0.0,0.0728178385493618,0.0,0.0,0.0,0.7346296361809512,1.0148068136124726,0.7277814319208469,0.010642268973993119,10.642268973993119,1922.6135099242647,0.16754583826219122,1.0205119017784152,0.37468127894680947,0.045155255997087806,0.27795123599935323,0.031539760006126016,3.0,0.0,5.320717978626556,0.27795123599935323,0.0,0.8762454986572266,0.0
HYBRID_LATE_ADAPTIVE,5,11,0.0,0.0,0.11488599354093482,0.0,0.0,0.0,1.004798123257452,1.0694285223089206,0.6500237836466229,0.025880474301965606,25.880474301965606,7378.640748816244,0.08822214344599655,1.3366409437481632,0.2738118710112758,0.04524982604198158,0.1852563259890303,0.021010291995480657,2.0,0.0,3.809124702979806,0.1852563259890303,0.010995407938025892,0.1377970576286316,0.0
ADAPTIVE_ALLTIME_L05,5,11,0.0,0.0,0.11571307002826559,0.0,0.0,0.0,1.0014391499164834,1.0613055066025154,0.6422207397131897,0.027392253354901364,27.392253354901364,7859.115791295766,0.09365687592770892,1.3313237590405542,1.3211051599937491,0.047725298907607794,1.1965228610788472,0.12750033108750358,6.0,0.0,17.515368660501217,1.1965228610788472,0.025946989888325334,0.1933080554008484,0.0
PLAIN_FM,5,12,0.0,0.0,0.13352759275806877,0.0,0.0,0.0,1.0492554882105656,1.0856201191749169,0.6522166787634698,0.01853771639613022,18.53771639613022,4399.668772795361,0.09687233426015826,1.4030506430047995,0.06942971999524161,0.04290509590646252,0.0,0.0,0.0,0.0,0.0,0.0,0.0,0.0,0.0
POV_L05_ALWAYS,5,12,0.0,0.0,0.0837379655948628,0.0,0.0,0.0,0.7476459789985587,0.9726254168506678,0.47113135519552546,0.011412714367408316,11.412714367408316,2055.6457102200775,0.43803112627114604,1.142709905223046,1.056536343996413,0.04757775698089972,0.9267378241056576,0.1038422038545832,7.0,0.0,28.70342618093603,0.9267378241056576,0.0,2.3058629035949707,0.0
YFLOW_MAIN_PORT,5,12,1.0,0.0,-0.04668152354539766,0.0,0.0,0.0,0.43638219394489725,1.2379426663012827,0.9246449027446415,0.01540885475486281,15.40885475486281,423.38685203143217,0.28562808631220643,0.7670893340790894,0.3747962710331194,0.04520252702059224,0.27807264897273853,0.0315093279350549,3.0,0.0,5.255967710548527,0.27807264897273853,0.0,1.6499773263931274,0.0
HYBRID_LATE_DAMPED,5,12,0.0,0.0,0.07556586127884873,0.0,0.0,0.0,0.7313458077598214,1.0462849294725647,0.7253964829630807,0.009968875345601091,9.968875345601091,1320.9631824442347,0.17698907445961878,1.0211437572539714,0.37439526204252616,0.0450122399488464,0.2778498639818281,0.031242292083334178,3.0,0.0,5.42357149959175,0.2778498639818281,0.0,0.9016305804252625,0.0
HYBRID_LATE_ADAPTIVE,5,12,0.0,0.0,0.1310248052347232,0.0,0.0,0.0,1.0403654629918562,1.0762025307119774,0.6475318364354665,0.018370121944334628,18.370121944334628,4410.997765050873,0.09364310352496007,1.389524196123931,0.1721032329951413,0.04440850601531565,0.09269135998329148,0.010462975013069808,1.0,0.0,2.059507435854495,0.09269135998329148,0.01094199693761766,0.04034767299890518,0.0
ADAPTIVE_ALLTIME_L05,5,12,0.0,0.0,0.1295640505466792,0.0,0.0,0.0,1.0357745194351375,1.054646517695527,0.6349781319629423,0.018225452184741364,18.225452184741364,4441.1166493949495,0.09281510299437289,1.3749557754278041,0.9533330380218104,0.04692341003101319,0.837513561011292,0.09346962993731722,5.0,0.0,18.31365254264484,0.837513561011292,0.026052350061945617,0.12449819594621658,0.0
PLAIN_FM,5,13,0.0,0.0,0.12745007840998718,0.0,0.0,0.0,1.043334084162802,1.0769816991570154,0.6626184654248416,0.023291995851923986,23.291995851923986,6670.6103797084625,0.08746526114362514,1.3967351125599872,0.0694205790059641,0.04289846809115261,0.0,0.0,0.0,0.0,0.0,0.0,0.0,0.0,0.0
POV_L05_ALWAYS,5,13,0.0,0.0,0.08608123062353912,0.0,0.0,0.0,0.7262019513909027,0.7096003495558457,0.4869130744462205,0.012856619135926728,12.85661913592673,3595.5598039492997,0.3905874237984195,1.0496196718019917,1.0641798879951239,0.048023680050391704,0.9332509100204334,0.104398257099092,7.0,0.0,27.872556881173313,0.9332509100204334,0.0,1.9493093490600586,0.0
YFLOW_MAIN_PORT,5,13,1.0,0.0,-0.04023305646654164,0.0,0.0,0.0,0.4482333668607432,1.2715857806797073,0.9288955577043805,0.01792685709522658,17.92685709522658,526.3536080423305,0.27757714772321446,0.8016527257829699,0.37504715798422694,0.045047091029118747,0.2786240130662918,0.03130501403938979,3.0,0.0,5.2015361341512225,0.2786240130662918,0.0,1.6003663539886475,0.0
HYBRID_LATE_DAMPED,5,13,0.0,0.0,0.07253244424358415,0.0,0.0,0.0,0.7337702795374786,1.024985502175891,0.7118110042455232,0.010993487426265602,10.993487426265602,1887.3757716850296,0.17077755516049678,1.0293877466548418,0.3753649659920484,0.045179424982052296,0.2787098669796251,0.03131928405491635,3.0,0.0,5.386081919565561,0.2787098669796251,0.0,0.8791452646255493,0.0
HYBRID_LATE_ADAPTIVE,5,13,0.0,0.0,0.1250523867647763,0.0,0.0,0.0,1.0344591004195332,1.066812790935188,0.6567023902887527,0.02316710303511016,23.16710303511016,6624.700423328544,0.08550387113193085,1.382846606970352,0.17237061000196263,0.04441533610224724,0.09284334303811193,0.010481535049621016,1.0,0.0,2.0726934800510963,0.09284334303811193,0.010995588963851333,0.04484099522233009,0.0
ADAPTIVE_ALLTIME_L05,5,13,0.0,0.0,0.07295939666644927,0.0,0.0,0.0,0.7301011584707251,0.9966131796355796,0.6978198200531145,0.011028688503988526,11.028688503988526,2075.1655828012968,0.17418347487997948,1.0171931737232378,1.0589990980224684,0.04748447291785851,0.9265432399115525,0.10363348701503128,7.0,0.0,21.84602986848284,0.9265432399115525,0.02594580705044791,0.911396324634552,0.0
PLAIN_FM,5,14,0.0,0.0,0.1329804731903166,0.0,0.0,0.0,1.0442958947746432,1.06789544059692,0.6469307142423485,0.021968065970684236,21.968065970684236,5876.6174102621535,0.08220868336700622,1.3971959296716019,0.07020004995865747,0.04353035398526117,0.0,0.0,0.0,0.0,0.0,0.0,0.0,0.0,0.0
POV_L05_ALWAYS,5,14,0.0,0.0,0.0843547128968079,0.0,0.0,0.0,0.742562564260886,0.9204918859105539,0.4480765298938494,0.012491633660098644,12.491633660098644,2594.542820131496,0.43515975437273513,1.132077001748377,0.8724648890201934,0.047686169971711934,0.74260352604324,0.08358750882325694,7.0,0.0,28.162597755046775,0.74260352604324,0.0,2.273907423019409,0.0
YFLOW_MAIN_PORT,5,14,1.0,0.0,-0.046580561330332684,0.0,0.0,0.0,0.43563566339389304,1.2683643046364295,0.9331531645077522,0.017633718817012492,17.63371881701249,506.715390049374,0.27954026665266335,0.7822264075844826,0.37530187400989234,0.04518569604260847,0.2786050530266948,0.03142738592578098,3.0,0.0,5.216700936727294,0.2786050530266948,0.0,1.6253023147583008,0.0
HYBRID_LATE_DAMPED,5,14,0.0,0.0,0.0752834519255621,0.0,0.0,0.0,0.730302337102622,1.0196987324522884,0.7123562260132608,0.010328640860008065,10.328640860008065,1588.210334659301,0.16867504111971915,1.0225679707293869,0.37782508897362277,0.045286737964488566,0.27952717599691823,0.03143586602527648,3.0,0.0,5.381999022603273,0.27952717599691823,0.0,0.8858616352081299,0.0
HYBRID_LATE_ADAPTIVE,5,14,0.0,0.0,0.13053775962132444,0.0,0.0,0.0,1.0351365738521086,1.058476585875002,0.6415652516976669,0.021787809356662358,21.78780935666236,5854.8153995293005,0.08003030264796523,1.3838619328894897,0.1721760649816133,0.044325453985948116,0.09287960501387715,0.010540226998273283,1.0,0.0,2.0472438887731323,0.09287960501387715,0.010972758987918496,0.04033621400594711,0.0
ADAPTIVE_ALLTIME_L05,5,14,0.0,0.0,0.12865530431080094,0.0,0.0,0.0,1.025443702069712,1.0398976817663694,0.6306854029714499,0.02219458449689249,22.19458449689249,6028.3977164584885,0.08035343577823602,1.3669366818314506,0.6711894070031121,0.04661243100417778,0.5564864790067077,0.06243366393027827,5.0,0.0,15.17062619479896,0.5564864790067077,0.02570699097122997,0.117390476167202,0.0
PLAIN_FM,5,15,0.0,0.0,0.12475338578692405,0.0,0.0,0.0,1.0097927349631268,1.0957450424609099,0.6997088622556523,0.025226998378444776,25.226998378444776,6771.982145466992,0.08598495340997601,1.351080360867846,0.06924321502447128,0.042824005999136716,0.0,0.0,0.0,0.0,0.0,0.0,0.0,0.0,0.0
POV_L05_ALWAYS,5,15,0.0,0.0,0.08601208128701904,0.0,0.0,0.0,0.7091582295832498,0.6735065031485179,0.4292520894554253,0.017059505180259116,17.05950518025912,5033.4617832572085,0.39038027726440294,1.063014041868933,1.3329425639822148,0.047684138000477105,1.2029806189821102,0.13060675997985527,7.0,0.0,30.52807741271547,1.2029806189821102,0.0,1.9383090734481812,0.0
YFLOW_MAIN_PORT,5,15,1.0,0.0,-0.03499002400633848,0.0,0.0,0.0,0.4463201399324828,1.1728497413055854,0.8855276542323179,0.013804918202475591,13.80491820247559,399.1294255586309,0.277494585065563,0.7895531193366104,0.46922209596959874,0.04530079703545198,0.37224819796392694,0.042199390998575836,3.0,0.0,5.204952003346745,0.37224819796392694,0.0,1.5812956094741821,0.0
HYBRID_LATE_DAMPED,5,15,0.0,0.0,0.07669036414365804,0.0,0.0,0.0,0.7212915577866742,1.0164783831969233,0.7248529688873829,0.011150521034097416,11.150521034097416,2082.0139677655725,0.16394618503666344,1.0109771291073555,0.37536334700416774,0.0451584150432609,0.2785742119885981,0.03160986100556329,3.0,0.0,5.467457082770503,0.2785742119885981,0.0,0.8454949855804443,0.0
HYBRID_LATE_ADAPTIVE,5,15,0.0,0.0,0.115266854588992,0.0,0.0,0.0,0.9776125157206478,1.0777891962505513,0.6823257689227951,0.030135446516579734,30.135446516579737,8354.127135703848,0.08761293002134823,1.3027880415755397,0.27408912900136784,0.04516738699749112,0.1856448570615612,0.02112916496116668,2.0,0.0,4.020236699070761,0.1856448570615612,0.01104050106368959,0.13957341015338898,0.0
ADAPTIVE_ALLTIME_L05,5,15,0.0,0.0,0.07720715418718285,0.0,0.0,0.0,0.7238905277874034,0.9218171100023255,0.6573469017829011,0.010752155251525508,10.752155251525508,2464.3635860093664,0.1771214587059955,1.0163069238549876,1.4330126820132136,0.04773094900883734,1.3002166249789298,0.14479964110068977,7.0,0.0,22.554423524256254,1.3002166249789298,0.025997620017733425,0.9193863868713379,0.0
PLAIN_FM,5,16,0.0,0.0,0.13919052849147426,0.0,0.0,0.0,1.0682793121791567,1.0822743568308646,0.6552415359076245,0.020892055243454166,20.892055243454166,5368.343948950649,0.09767876874563142,1.4101907662987312,0.07009904697770253,0.04353623301722109,0.0,0.0,0.0,0.0,0.0,0.0,0.0,0.0,0.0
POV_L05_ALWAYS,5,16,0.0,0.0,0.08508046330116137,0.0,0.0,0.0,0.7500924931690182,0.9387162628329218,0.4464170577496258,0.012969071448904357,12.969071448904357,2581.277196222698,0.42358049046631285,1.1273129719527357,1.059128454013262,0.04746699513634667,0.929189540038351,0.10232121398439631,7.0,0.0,29.025016348508483,0.929189540038351,0.0,2.2360990047454834,0.0
YFLOW_MAIN_PORT,5,16,1.0,0.0,-0.061793066015960005,0.0,0.0,0.0,0.41799099715510174,1.3042242752415376,0.9359932199518829,0.019053521102213866,19.053521102213868,543.5076076653389,0.29494908594834274,0.7630415332205236,0.3758176189730875,0.04511750495294109,0.27910806593718007,0.03145785804372281,3.0,0.0,5.421668764524544,0.27910806593718007,0.0,1.7424378395080566,0.0
HYBRID_LATE_DAMPED,5,16,0.0,0.0,0.07745584883109347,0.0,0.0,0.0,0.7394365506931946,1.0150402943319072,0.6946318664834383,0.01001932940559147,10.01932940559147,1350.3327312142767,0.17328793255887492,1.0167247406423021,0.375038949016016,0.04507084097713232,0.2783402570639737,0.03133510396583006,3.0,0.0,5.53370408916873,0.2783402570639737,0.0,0.9266190528869629,0.0
HYBRID_LATE_ADAPTIVE,5,16,0.0,0.0,0.1365218699259042,0.0,0.0,0.0,1.0573514835802138,1.0699835305157839,0.6469931434049742,0.02035761809350234,20.35761809350234,5209.505785919345,0.09340086821826182,1.392934909781133,0.17241094104247168,0.04447506699943915,0.0929471569834277,0.010511585976928473,1.0,0.0,2.1131081466531656,0.0929471569834277,0.011011769995093346,0.04424522817134857,0.0
ADAPTIVE_ALLTIME_L05,5,16,0.0,0.0,0.1339213325115322,0.0,0.0,0.0,1.0447546436468889,1.0466931645557063,0.6316108043800414,0.019316013767242346,19.316013767242346,4871.455631259191,0.08655524860728885,1.3733918197315709,0.944936437997967,0.04683542810380459,0.8296981370076537,0.0896716249990277,5.0,0.0,16.45325249156082,0.8296981370076537,0.025817363988608122,0.1344122439622879,0.0
PLAIN_FM,5,17,0.0,0.0,0.12144912194861254,0.0,0.0,0.0,1.0258935880358655,1.11435410123244,0.669572049098134,0.02916878576394044,29.16878576394044,8014.121242484506,0.08853324717557644,1.3873034648345668,0.06898039899533615,0.04258347995346412,0.0,0.0,0.0,0.0,0.0,0.0,0.0,0.0,0.0
POV_L05_ALWAYS,5,17,0.0,0.0,0.07701884097448025,0.0,0.0,0.0,0.7428370049202282,0.9436552271282515,0.45619371917564955,0.012521438508246163,12.521438508246163,2477.1110516270232,0.41312111234780535,1.1099459490488623,1.1499965980183333,0.04763260704930872,1.0200924040400423,0.1126561860437505,7.0,0.0,27.195724196331483,1.0200924040400423,0.0,2.2696311473846436,0.0
YFLOW_MAIN_PORT,5,17,1.0,0.0,-0.036918677813792294,0.0,0.0,0.0,0.4482623515794685,1.2848189153967537,0.9361847377208857,0.01778340054807044,17.783400548070443,509.69579614800887,0.27438461730344965,0.7899530442857216,0.37559807300567627,0.04507581301731989,0.27879184001358226,0.03154138004174456,3.0,0.0,5.034704403524101,0.27879184001358226,0.0,1.5651216506958008,0.0
HYBRID_LATE_DAMPED,5,17,0.0,0.0,0.07326134999802511,0.0,0.0,0.0,0.7272346766200902,1.055526992157585,0.7163665352760779,0.01194188544371344,11.94188544371344,2072.2118963467874,0.16789987179786528,1.0280414179992758,0.3777861589915119,0.04521777597256005,0.2805916439392604,0.03172680496936664,3.0,0.0,5.194094841509778,0.2805916439392604,0.0,0.8523116707801819,0.0
HYBRID_LATE_ADAPTIVE,5,17,0.0,0.0,0.11236979443801601,0.0,0.0,0.0,0.990905441119726,1.086917744255924,0.6565722167534331,0.028794126288931743,28.794126288931746,7880.692035561144,0.08412849996724903,1.3370693097140482,0.27580933296121657,0.04547878302400932,0.18661958200391382,0.021077233948744833,2.0,0.0,3.7134096079661063,0.18661958200391382,0.01114102196879685,0.12857624888420105,0.0
ADAPTIVE_ALLTIME_L05,5,17,0.0,0.0,0.11758272878247045,0.0,0.0,0.0,1.0087400461938556,1.0789691610094594,0.6510761824377551,0.02727143782626129,27.27143782626129,7405.229989321782,0.08166079372386978,1.3581722508524683,0.9514799059834331,0.046823267883155495,0.8358868340728804,0.09290093695744872,5.0,0.0,16.060595965066575,0.8358868340728804,0.02596867788815871,0.1286846101284027,0.0
PLAIN_FM,5,18,0.0,0.0,0.13636715478625072,0.0,0.0,0.0,1.0539572210563113,1.056125524813487,0.628518225381057,0.022638772103336535,22.638772103336535,6113.155845956975,0.08842161031262774,1.3979164465335794,0.06917332403827459,0.04273346404079348,0.0,0.0,0.0,0.0,0.0,0.0,0.0,0.0,0.0
POV_L05_ALWAYS,5,18,0.0,0.0,0.0843228796735151,0.0,0.0,0.0,0.7428663359975041,0.9225102445423601,0.43967068115631897,0.01162553619065232,11.62553619065232,2265.843306325532,0.41479659789188017,1.1279774336999446,1.1516546010388993,0.047466152056586,1.0218875209684484,0.11350693803979084,7.0,0.0,24.98465465263478,1.0218875209684484,0.0,2.2914085388183594,0.0
YFLOW_MAIN_PORT,5,18,1.0,0.0,-0.052495645278775455,0.0,0.0,0.0,0.4261246032201297,1.3008145416943337,0.9488863055111854,0.019133641948436975,19.133641948436974,553.3440099058151,0.2852560641261773,0.7705634158674497,0.3752075240481645,0.04519824584713206,0.278318895958364,0.031319894012995064,3.0,0.0,5.293767452643051,0.278318895958364,0.0,1.6860119104385376,0.0
HYBRID_LATE_DAMPED,5,18,0.0,0.0,0.07656261399550135,0.0,0.0,0.0,0.7292978885774603,1.0138915410483025,0.7015605198076004,0.010250056180577616,10.250056180577616,1558.0624452145032,0.1681418179118543,1.0132597354091337,0.37462579901330173,0.04500911000650376,0.2779809080529958,0.031357486033812165,3.0,0.0,5.45639913444235,0.2779809080529958,0.0,0.9171379804611206,0.0
HYBRID_LATE_ADAPTIVE,5,18,0.0,0.0,0.12601688616229398,0.0,0.0,0.0,1.0164102390048804,1.0285710914026196,0.6109715487231083,0.022089546922003045,22.08954692200305,5935.84291202971,0.08207499112803941,1.3428794467083283,0.27416266198270023,0.045085160876624286,0.18574217899003997,0.021005591959692538,2.0,0.0,3.866207322863403,0.18574217899003997,0.0110512490500696,0.137177973985672,0.0
ADAPTIVE_ALLTIME_L05,5,18,0.0,0.0,0.12405044151580996,0.0,0.0,0.0,1.0061034808795373,1.0139409502529344,0.6022536756706084,0.022963887980479214,22.963887980479214,6243.840167186222,0.08317554217236123,1.3253297675706548,1.0502363900304772,0.047651327098719776,0.9256705419975333,0.10334568412508816,6.0,0.0,14.980505870856469,0.9256705419975333,0.02599642804125324,0.20029500126838684,0.0
PLAIN_FM,5,19,0.0,0.0,0.12251054287680746,0.0,0.0,2.880878448486328,1.0094391631113901,1.1707519209984756,0.721173996794609,0.031732495297875474,31.732495297875474,7475.569602123413,0.08293118119337789,1.3612820874607252,0.0692960669985041,0.04286495904671028,0.0,0.0,0.0,0.0,0.0,0.0,0.0,0.0,0.0
POV_L05_ALWAYS,5,19,0.0,0.0,0.07619436247946237,0.0,0.0,0.0,0.735715713113065,0.7951869048951955,0.44361588409196656,0.012569412870184316,12.569412870184316,2725.0603050148034,0.4135761193869488,1.0234840774511422,1.2412570149754174,0.04751689697150141,1.1112776599475183,0.12150067102629691,7.0,0.0,26.640386892704186,1.1112776599475183,0.0,2.0812292098999023,0.0
YFLOW_MAIN_PORT,5,19,1.0,0.0,-0.030259656860428585,0.0,0.0,0.0,0.45644754360315004,1.1688757452201444,0.8836918231232359,0.013953720469075892,13.953720469075893,402.6481496845036,0.2731033859505033,0.7751717990030659,0.37496915797237307,0.045076724025420845,0.2782875369885005,0.03152776008937508,3.0,0.0,5.437889544800701,0.2782875369885005,0.0,1.5412474870681763,0.0
HYBRID_LATE_DAMPED,5,19,0.0,0.0,0.07582632971444686,0.0,0.0,0.0,0.7216711584586268,1.0440730962618632,0.728975653178904,0.012413304750879428,12.413304750879428,2046.8958720078813,0.16594084306511797,1.0109117339263012,0.37546330102486536,0.045011051930487156,0.278886160987895,0.031429487047716975,3.0,0.0,5.530397455458376,0.278886160987895,0.0,0.8398922681808472,0.0
HYBRID_LATE_ADAPTIVE,5,19,0.0,0.0,0.07582632971444686,0.0,0.0,0.0,0.7216711584586268,1.0440730962618632,0.728975653178904,0.012413304750879428,12.413304750879428,2046.8958720078813,0.16594084306511797,1.0109117339263012,0.37521310400916263,0.045393390057142824,0.27817719301674515,0.031257361988537014,3.0,0.0,5.530397455458376,0.27817719301674515,0.011048991058487445,0.8398922681808472,0.0
ADAPTIVE_ALLTIME_L05,5,19,0.0,0.0,0.07476279510667772,0.0,0.0,0.0,0.7191567276169706,1.0418035925988371,0.7291397251513199,0.012682951794887432,12.682951794887432,2070.628280389841,0.1686591087665021,1.004769222164282,1.3418602070305496,0.048251654021441936,1.2081945560057648,0.1316299198078923,7.0,0.0,17.86112540513551,1.2081945560057648,0.026113744010217488,0.8595494031906128,0.0
PLAIN_FM,5,20,0.0,0.0,0.13939879314092704,0.0,0.0,0.0,1.0475136207145448,1.0711812642381275,0.6512319213395242,0.02100427428134566,21.00427428134566,5435.092937882669,0.08701237895180589,1.3945714126813378,0.07006629696115851,0.04356336494674906,0.0,0.0,0.0,0.0,0.0,0.0,0.0,0.0,0.0
POV_L05_ALWAYS,5,20,0.0,0.0,0.08356295049787099,0.0,0.0,0.0,0.7455497689863284,0.9364523855903607,0.43324547813377196,0.01354301948884773,13.543019488847728,2825.3044612710055,0.43159629116978016,1.133825426472918,1.0594226749963127,0.04752360499696806,0.9295508499490097,0.10389038210269064,7.0,0.0,27.266670124860994,0.9295508499490097,0.0,2.2173209190368652,0.0
YFLOW_MAIN_PORT,5,20,1.0,0.0,-0.041366020391787287,0.0,0.0,0.0,0.43886695084294863,1.0801353782729592,0.842638164250174,0.01074101167648267,10.741011676482671,356.7928602755733,0.2934897154340558,0.801280090857057,0.37472429196350276,0.045096094894688576,0.2782012950628996,0.03063947701593861,3.0,0.0,5.29255976570837,0.2782012950628996,0.0,1.6590725183486938,0.0
HYBRID_LATE_DAMPED,5,20,0.0,0.0,0.07752171582241954,0.0,0.0,0.0,0.7285707796859963,0.9957642829809528,0.6818010005951063,0.009767973044624512,9.767973044624512,1494.3509456839088,0.1727473194856902,1.0205991408508817,0.3755564840394072,0.04514534503687173,0.2787269279942848,0.031162359984591603,3.0,0.0,5.470117700399199,0.2787269279942848,0.0,0.9079349040985107,0.0
HYBRID_LATE_ADAPTIVE,5,20,0.0,0.0,0.13939879314092704,0.0,0.0,0.0,1.0475136207145448,1.0711812642381275,0.6512319213395242,0.02100427428134566,21.00427428134566,5435.092937882669,0.08701237895180589,1.3945714126813378,0.07022266101557761,0.043593564128968865,0.0,0.0,0.0,0.0,0.0,0.0,0.010916315950453281,0.0,0.0
ADAPTIVE_ALLTIME_L05,5,20,0.0,0.0,0.134518222264024,0.0,0.0,0.0,1.027130455003419,1.0460464699288234,0.6331845098902991,0.021689695319880187,21.689695319880187,5703.97042402142,0.08750484199482494,1.3636702067719522,0.8622975070029497,0.04702618211740628,0.7465570631320588,0.08320476085646078,5.0,0.0,16.262281899351958,0.7465570631320588,0.02601760800462216,0.12166955322027206,0.0
PLAIN_FM,5,21,0.0,0.0,0.13197784931088635,0.0,0.0,0.0,1.0328898758395564,1.078201447187949,0.6804303572561561,0.02253477280537819,22.534772805378193,5904.706637601098,0.08578386336882078,1.3748251849651896,0.06987473199842498,0.04313788202125579,0.0,0.0,0.0,0.0,0.0,0.0,0.0,0.0,0.0
POV_L05_ALWAYS,5,21,0.0,0.0,0.08113089781454358,0.0,0.0,0.0,0.7427988405944587,0.8174715019572985,0.469128037401777,0.012205245964961087,12.205245964961087,2653.6086205681822,0.37507380857168326,1.0314588230797728,1.0628797439858317,0.04778297001030296,0.9324247040203772,0.10347496310714632,7.0,0.0,24.92102337769081,0.9324247040203772,0.0,2.011732339859009,0.0
YFLOW_MAIN_PORT,5,21,1.0,0.0,-0.04156010515681187,0.0,0.0,0.0,0.4461667982474314,1.2784579633556772,0.9489810146030421,0.018350706218657087,18.350706218657088,530.9270785341769,0.2696626311639705,0.7977693323368228,0.4721969439997338,0.04601730592548847,0.37423910095822066,0.040314001962542534,3.0,0.0,4.875008092409856,0.37423910095822066,0.0,1.5930519104003906,0.0
HYBRID_LATE_DAMPED,5,21,0.0,0.0,0.07702738620636188,0.0,0.0,0.0,0.7293487594789007,1.0274114695599124,0.7300309309016266,0.010783652219995332,10.783652219995332,1654.6854161844312,0.16072249190066093,1.0161502160317466,0.37788588204421103,0.046060438093263656,0.28000803105533123,0.03177201602375135,3.0,0.0,5.29281211596126,0.28000803105533123,0.0,0.8725081086158752,0.0
HYBRID_LATE_ADAPTIVE,5,21,0.0,0.0,0.1294700447684205,0.0,0.0,0.0,1.0239183641684018,1.0684321966555137,0.6736234087151174,0.0226864486863958,22.686448686395803,5936.370154036296,0.08402041987200227,1.360768630983092,0.1737467059865594,0.045230987132526934,0.09349757101153955,0.01067833200795576,1.0,0.0,2.019326232084129,0.09349757101153955,0.010948697978165,0.041650742292404175,0.0
ADAPTIVE_ALLTIME_L05,5,21,0.0,0.0,0.12743491051525319,0.0,0.0,0.0,1.0164327338250372,1.0500856249428394,0.6613315361126232,0.024152665782544602,24.152665782544602,6370.6281341215035,0.0866713323209791,1.3402517670541945,0.9551431019790471,0.04822920402511954,0.8382436260581017,0.09227223909692839,5.0,0.0,16.36302507564115,0.8382436260581017,0.02585154486587271,0.11973617225885391,0.0
PLAIN_FM,5,22,0.0,0.0,0.1400190696399378,0.0,0.0,0.0,1.0615292575118238,1.0906050307423536,0.6758551876602804,0.024327636343722148,24.327636343722148,6815.4698987258125,0.09371391364075793,1.413688024438203,0.06971625797450542,0.04317123407963663,0.0,0.0,0.0,0.0,0.0,0.0,0.0,0.0,0.0
POV_L05_ALWAYS,5,22,0.0,0.0,0.08744181664974121,0.0,0.0,0.0,0.7438256787967711,0.9417827080482709,0.46879117917597174,0.015776700261195487,15.776700261195487,3775.892249914303,0.424699091984173,1.1358260410658607,1.4392323089996353,0.04935855109943077,1.3070690969470888,0.14640655188122764,7.0,0.0,29.104552288745978,1.3070690969470888,0.0,2.228351354598999,0.0
YFLOW_MAIN_PORT,5,22,1.0,0.0,-0.05002197095806572,0.0,0.0,0.0,0.4322534917141547,1.268561808192989,0.9411572407396631,0.017587386901378343,17.587386901378345,493.268542934816,0.2846031125324779,0.7755261585981341,0.3817952129757032,0.0485801319591701,0.280860603088513,0.03177486598724499,3.0,0.0,5.525265375928816,0.280860603088513,0.0,1.701509714126587,0.0
HYBRID_LATE_DAMPED,5,22,0.0,0.0,0.07762772620999037,0.0,0.0,0.0,0.7348857023106237,1.0208113287411518,0.725165450922712,0.011034835852831826,11.034835852831826,2042.6852646115103,0.17225010987271908,1.0209512813949055,0.3786104909959249,0.04618561203824356,0.2808764240471646,0.031718244892545044,3.0,0.0,5.614431555318562,0.2808764240471646,0.0,0.9300922155380249,0.0
HYBRID_LATE_ADAPTIVE,5,22,0.0,0.0,0.12914994301865132,0.0,0.0,0.0,1.024575058111056,1.0656398516154821,0.6570956679006078,0.026227024849328373,26.227024849328377,7732.384564276716,0.08640403313275422,1.3586302726808168,0.2783657789696008,0.04636582697276026,0.1883544570300728,0.02143047406570986,2.0,0.0,4.005998350474702,0.1883544570300728,0.011177273991052061,0.1458793431520462,0.0
ADAPTIVE_ALLTIME_L05,5,22,0.0,0.0,0.12925363556332764,0.0,0.0,0.0,1.021898589620353,1.0474432757025376,0.6477067384958427,0.028663982160320955,28.663982160320955,8710.764836760009,0.09322762511398991,1.3448309169669195,1.5325341759598814,0.05056100303772837,1.4044293270562775,0.1566807110211812,6.0,0.0,20.22329521498545,1.4044293270562775,0.0259544980362989,0.22330570220947266,0.0
PLAIN_FM,5,23,0.0,0.0,0.12377824964561984,0.0,0.0,0.0,1.0049267080194686,1.103162203808835,0.6716654219162134,0.02230940672996784,22.30940672996784,5587.77356856437,0.08370329340441163,1.3755725737107396,0.06993680400773883,0.04340167995542288,0.0,0.0,0.0,0.0,0.0,0.0,0.0,0.0,0.0
POV_L05_ALWAYS,5,23,0.0,0.0,0.07580975896371961,0.0,0.0,0.0,0.7381304138407555,0.9581514723415767,0.4574699142840006,0.013157820517531116,13.157820517531116,2205.980938602936,0.4159144592228947,1.1002362041962848,1.1599565779906698,0.048544099961873144,1.0286396280280314,0.11536921397782862,7.0,0.0,29.94203249160667,1.0286396280280314,0.0,2.187105417251587,0.0
YFLOW_MAIN_PORT,5,23,1.0,0.0,-0.0271078076153409,0.0,0.0,0.0,0.4619142989517661,1.208115544489008,0.8882346753579037,0.01458006796497037,14.580067964970368,414.20690554577897,0.2678732682819201,0.8041900633752939,0.3775058939936571,0.0455567350727506,0.2802756590535864,0.03168118401663378,3.0,0.0,4.805277068354998,0.2802756590535864,0.0,1.480305790901184,0.0
HYBRID_LATE_DAMPED,5,23,0.0,0.0,0.0783869873008323,0.0,0.0,0.0,0.7252912839669398,0.9998520152040409,0.6734081921368209,0.009149442696555043,9.149442696555043,1435.536532126247,0.16726990826946947,1.0381418546231882,0.37793322501238436,0.045697877008933574,0.28057114500552416,0.03177000500727445,3.0,0.0,4.959256149851463,0.28057114500552416,0.0,0.8057203888893127,0.0
HYBRID_LATE_ADAPTIVE,5,23,0.0,0.0,0.11400954958287599,0.0,0.0,0.0,0.9718986619172338,1.0864341714621104,0.6600162291430949,0.024824992995363893,24.824992995363893,6155.279899234677,0.08681969551211363,1.3284035145444937,0.2767888900125399,0.04561870690668002,0.18772432004334405,0.021252159029245377,2.0,0.0,3.5767830609244395,0.18772432004334405,0.011039500997867435,0.12467494606971741,0.0
ADAPTIVE_ALLTIME_L05,5,23,0.0,0.0,0.11165382634421375,0.0,0.0,0.0,0.9629119831489055,1.0717809261524114,0.6509460014444298,0.027053516491325702,27.053516491325702,6707.077135973894,0.09110277940973269,1.3117193839197652,1.064987990015652,0.04921910696430132,0.9366954860161059,0.10503888508537784,6.0,0.0,16.790309092210173,0.9366954860161059,0.026214796060230583,0.19413860142230988,0.0
PLAIN_FM,5,24,0.0,0.0,0.13310987595684623,0.0,0.0,0.0,1.055341158864158,1.0778147675346461,0.6521379763837094,0.025936653270338006,25.93665327033801,7167.983244135634,0.10165621185771176,1.3991550062901605,0.06988893303787336,0.043298008968122303,0.0,0.0,0.0,0.0,0.0,0.0,0.0,0.0,0.0
POV_L05_ALWAYS,5,24,0.0,0.0,0.09617032546567142,0.0,0.0,0.0,0.7340784311859414,0.8157703911617833,0.4317753596235039,0.012975375448847082,12.975375448847082,3359.7379925991427,0.42673489856263036,1.1190237235975202,1.2532321950420737,0.04930118907941505,1.1204490560339764,0.1213503970648162,7.0,0.0,26.13845322985135,1.1204490560339764,0.0,2.1223244667053223,0.0
YFLOW_MAIN_PORT,5,24,1.0,0.0,-0.04461722734164973,0.0,0.0,0.0,0.43636677282898717,1.276685558287139,0.9251120395346208,0.018416995392754987,18.416995392754988,531.6853862649185,0.2876903955241409,0.7921064073775601,0.3779996359953657,0.0456020170240663,0.2807919110637158,0.031957910978235304,3.0,0.0,5.319497077489197,0.2807919110637158,0.0,1.6625359058380127,0.0
HYBRID_LATE_DAMPED,5,24,0.0,0.0,0.07435285156734753,0.0,0.0,0.0,0.7318446348916794,1.019853359969656,0.703896258116226,0.01150148527894057,11.50148527894057,2064.1185281228045,0.17770599722211067,1.0230044766328885,0.37839281698688865,0.0458827720140107,0.2807796409470029,0.03197177097899839,3.0,0.0,5.491408156110072,0.2807796409470029,0.0,0.9080858826637268,0.0
HYBRID_LATE_ADAPTIVE,5,24,0.0,0.0,0.12313719421558011,0.0,0.0,0.0,1.0187673366763725,1.0558662231914708,0.6384309507909608,0.02725491122003998,27.254911220039983,7634.053813216201,0.09937495960413595,1.3478316185104895,0.276234386023134,0.045623476908076555,0.18710059602744877,0.0213323810021393,2.0,0.0,3.9175776887305913,0.18710059602744877,0.01103523897472769,0.13769645988941193,0.0
ADAPTIVE_ALLTIME_L05,5,24,0.0,0.0,0.12071392176436652,0.0,0.0,0.0,1.0089069461375846,1.0474463853303224,0.6239368749338848,0.031715594596720464,31.715594596720468,9023.332519268657,0.10661437937781654,1.331163664395068,0.9690209559630603,0.04844818799756467,0.8431049049831927,0.09235650394111872,6.0,0.0,17.806942118254124,0.8431049049831927,0.026064841949846596,0.22348955273628235,0.0
PLAIN_FM,5,25,0.0,0.0,0.1366305743120511,0.0,0.0,0.0,1.0666923179307208,1.0785557315163727,0.6771233309508278,0.019511125782474714,19.511125782474714,4827.811503395728,0.09682769714145502,1.4160182935535317,0.06986928201513365,0.043295388924889266,0.0,0.0,0.0,0.0,0.0,0.0,0.0,0.0,0.0
POV_L05_ALWAYS,5,25,0.0,0.0,0.08839591051281906,0.0,0.0,0.0,0.7512962458368225,0.9358789927717858,0.4851525865104474,0.013721256998880493,13.721256998880495,2707.8477102497886,0.4193821546586577,1.1405764620084766,0.9740176940103993,0.05068618501536548,0.8406065708259121,0.09273515304084867,7.0,0.0,27.493750759656805,0.8406065708259121,0.0,2.224752426147461,0.0
YFLOW_MAIN_PORT,5,25,1.0,0.0,-0.05182396758354882,0.0,0.0,0.0,0.4356423211693859,1.295379037678948,0.9608023680941109,0.01904367707784206,19.043677077842062,557.7783502048864,0.28334024121777,0.7690865247225166,0.38051601097686216,0.046618713007774204,0.282017191988416,0.031999490049201995,3.0,0.0,5.385433432355447,0.282017191988416,0.0,1.700792908668518,0.0
HYBRID_LATE_DAMPED,5,25,0.0,0.0,0.07605612796393704,0.0,0.0,0.0,0.7392994043234101,1.0203844512149236,0.7309736752550845,0.010062555850203658,10.062555850203658,1354.6161558701365,0.1692645062026868,1.0216399940575296,0.37564223702065647,0.046382479020394385,0.2777825640514493,0.031054786988534033,3.0,0.0,5.542505695161855,0.2777825640514493,0.0,0.9264587759971619,0.0
HYBRID_LATE_ADAPTIVE,5,25,0.0,0.0,0.13379501160698185,0.0,0.0,0.0,1.0556560799190966,1.067906143692935,0.6716726806703331,0.019185105602185892,19.185105602185896,4749.260241728592,0.09404362852757275,1.399869227687782,0.1742098579998128,0.045375620073173195,0.09368113696109504,0.010811123996973038,1.0,0.0,2.1138732816376167,0.09368113696109504,0.011033870046958327,0.04201202467083931,0.0
ADAPTIVE_ALLTIME_L05,5,25,0.0,0.0,0.13110098071200066,0.0,0.0,0.0,1.0437336188514585,1.0502306736985854,0.664518456698582,0.019089847974459673,19.089847974459673,4794.028396775386,0.09276576876083144,1.3845285029082122,0.7713066840078682,0.047541186038870364,0.6548837599693798,0.0738698641071096,5.0,0.0,16.584994734578874,0.6548837599693798,0.025866365991532803,0.12399056553840637,0.0
PLAIN_FM,5,26,0.0,0.0,0.12586131850243307,0.0,0.0,0.0,1.0340093124365326,1.1019297922122353,0.6600821664658026,0.020905200271795543,20.905200271795543,5395.998838712225,0.10520206764046715,1.385989899925772,0.07182116195326671,0.04470744403079152,0.0,0.0,0.0,0.0,0.0,0.0,0.0,0.0,0.0
POV_L05_ALWAYS,5,26,0.0,0.0,0.07981899013882965,0.0,0.0,0.0,0.7383385170283104,0.9738146734161448,0.45255060085161675,0.014890091283869422,14.890091283869422,3136.952377313506,0.4391272402501989,1.1264330234936768,0.974203988967929,0.05009680293733254,0.8414622518466786,0.09461660799570382,7.0,0.0,30.240738358020465,0.8414622518466786,0.0,2.2731728553771973,0.0
YFLOW_MAIN_PORT,5,26,1.0,0.0,-0.03884063899917946,0.0,0.0,0.0,0.44705296761543284,1.2868608051329482,0.9278918808704555,0.01795229721539232,17.95229721539232,517.2585609320879,0.2826073302728263,0.7735335122974566,0.3784898199955933,0.046529138984624296,0.2803610819973983,0.031761577003635466,3.0,0.0,5.091560669642895,0.2803610819973983,0.0,1.5774811506271362,0.0
HYBRID_LATE_DAMPED,5,26,0.0,0.0,0.07341265431737137,0.0,0.0,0.0,0.7294940314454036,1.056770535229236,0.7125499955241881,0.010126943034001856,10.126943034001856,1454.907687583895,0.17959764211926202,1.0163441862914677,0.37954480695771053,0.04640030796872452,0.28130360500654206,0.03161760192597285,3.0,0.0,5.280415999807277,0.28130360500654206,0.0,0.8653107285499573,0.0
HYBRID_LATE_ADAPTIVE,5,26,0.0,0.0,0.1161651497278623,0.0,0.0,0.0,0.9978362461264222,1.0775683275968124,0.6469621271408765,0.021477560553212705,21.477560553212705,5497.713741822707,0.09999509793967393,1.3335200240919651,0.27757054002722725,0.04651621001539752,0.18746384303085506,0.02138671197462827,2.0,0.0,3.7842546405542707,0.18746384303085506,0.011113589978776872,0.13323402404785156,0.0
ADAPTIVE_ALLTIME_L05,5,26,0.0,0.0,0.11382025046004998,0.0,0.0,0.0,0.9866969729493517,1.0616963276189564,0.6396305758747922,0.02376739324989252,23.76739324989252,6191.468480575146,0.0990103092256193,1.3138238491422531,0.8738103529904038,0.04847713914932683,0.748012982076034,0.08332810393767431,6.0,0.0,18.15110493027086,0.748012982076034,0.026024371036328375,0.20982509851455688,0.0
PLAIN_FM,5,27,0.0,0.0,0.12973567537672648,0.0,0.0,0.0,1.0395049501269957,1.1005174794937993,0.6750289835877111,0.019849540596180937,19.849540596180937,4914.663905404027,0.09354213237417795,1.3980223523352204,0.06957698398036882,0.042996520933229476,0.0,0.0,0.0,0.0,0.0,0.0,0.0,0.0,0.0
POV_L05_ALWAYS,5,27,0.0,0.0,0.0833322973919785,0.0,0.0,0.0,0.7471529354073101,0.9444339303415987,0.45921363915595004,0.013090324232891026,13.090324232891028,2631.4805317656064,0.4298562260964961,1.1348065493009998,1.0622740439721383,0.04841901897452772,0.9312320800963789,0.10202605690574273,7.0,0.0,27.47368939211775,0.9312320800963789,0.0,2.238964796066284,0.0
YFLOW_MAIN_PORT,5,27,1.0,0.0,-0.032000497499464875,0.0,0.0,0.0,0.45412762863249967,1.2734316922845241,0.9266235408054668,0.01827817823552086,18.27817823552086,541.7802197131283,0.27616694704411826,0.801560122698642,0.37718568701529875,0.04550057608867064,0.2797880980069749,0.03098587691783905,3.0,0.0,5.0901720705929545,0.2797880980069749,0.0,1.59209406375885,0.0
HYBRID_LATE_DAMPED,5,27,0.0,0.0,0.07459095985544542,0.0,0.0,0.0,0.7328700079469979,1.040576846966511,0.7156494946106312,0.009533959208748222,9.533959208748222,1294.362572430696,0.17112921963847316,1.0316980861003544,0.3772846100036986,0.045511244039516896,0.2800206030369736,0.03145317704183981,3.0,0.0,5.28090202165613,0.2800206030369736,0.0,0.8757243752479553,0.0
HYBRID_LATE_ADAPTIVE,5,27,0.0,0.0,0.12709867326524796,0.0,0.0,0.0,1.0295956695967117,1.0906058108365149,0.6695218012467052,0.019449706548347656,19.449706548347656,4835.290369317935,0.09180996073588361,1.383271184322821,0.17351584101561457,0.04469999490538612,0.09360604401445016,0.010602469032164663,1.0,0.0,1.9994555437104122,0.09360604401445016,0.01104182901326567,0.038856390863657,0.0
ADAPTIVE_ALLTIME_L05,5,27,0.0,0.0,0.12465927641520119,0.0,0.0,0.0,1.0167988844673377,1.0703133818198765,0.6583384438379495,0.019375671654940696,19.3756716549407,4900.353515534751,0.09335853549907075,1.3621308579901614,0.7678954970324412,0.04729048995068297,0.6518224339233711,0.07329932897118852,5.0,0.0,15.006302239646422,0.6518224339233711,0.025961909093894064,0.11627866327762604,0.0
PLAIN_FM,5,28,0.0,0.0,0.129680420567426,0.0,0.0,0.0,1.052421392209803,1.070607976477776,0.6628559860432801,0.03073604198352875,30.736041983528754,8824.575271971733,0.10183946817390555,1.3886670687792417,0.06953764398349449,0.04299550910945982,0.0,0.0,0.0,0.0,0.0,0.0,0.0,0.0,0.0
POV_L05_ALWAYS,5,28,0.0,0.0,0.08824401911590113,0.0,0.0,0.0,0.7533986326887351,0.9024486185175238,0.46304547900476145,0.016932693375722785,16.932693375722785,4288.54843293216,0.4204641985733318,1.133337058435404,1.2473550190334208,0.048175093019381166,1.1164236579788849,0.12044933490687981,7.0,0.0,29.21344542349344,1.1164236579788849,0.0,2.095315933227539,0.0
YFLOW_MAIN_PORT,5,28,1.0,0.0,-0.0404951558875674,0.0,0.0,0.0,0.44224439831788115,1.1667550343340667,0.8956159096337135,0.01400353915467889,14.00353915467889,414.17342436036455,0.2981463080077058,0.7746635733777713,0.3769916919991374,0.045499674044549465,0.2799460409441963,0.031581061019096524,3.0,0.0,5.296508552773553,0.2799460409441963,0.0,1.6494487524032593,0.0
HYBRID_LATE_DAMPED,5,28,0.0,0.0,0.0736161757024402,0.0,0.0,0.0,0.7361148762190701,0.9619928518731835,0.686989468093228,0.011590567304625488,11.590567304625488,2378.611496481575,0.1871307056635468,1.0152607825826747,0.3771848069736734,0.045659076946321875,0.27971327397972345,0.03170174395199865,3.0,0.0,5.448676228145539,0.27971327397972345,0.0,0.8984799981117249,0.0
HYBRID_LATE_ADAPTIVE,5,28,0.0,0.0,0.11992142094417543,0.0,0.0,0.0,1.0196463762827337,1.04919390391596,0.6471940637685314,0.03312336859615517,33.12336859615517,9620.952575493911,0.10408000611695488,1.3415984877217453,0.27575346402591094,0.0454866539221257,0.18691151100210845,0.021135696035344154,2.0,0.0,3.8937915920946025,0.18691151100210845,0.011054742033593357,0.13560794293880463,0.0
ADAPTIVE_ALLTIME_L05,5,28,0.0,0.0,0.11834964533928119,0.0,0.0,0.0,1.0139078745996364,1.0379157956630565,0.6328667913829545,0.039154502129540525,39.154502129540525,11713.49553325376,0.1148017887585879,1.3293605326457216,1.1559644220396876,0.0486246349173598,1.0293888711021282,0.11501954699633643,6.0,0.0,18.234444315061257,1.0293888711021282,0.026281896920409054,0.2322532683610916,0.0
PLAIN_FM,5,29,0.0,0.0,0.11950760551752534,0.0,0.0,1.3947796821594238,1.0233471255000852,1.187284871767115,0.72881656094256,0.05464236486441987,54.642364864419875,16405.9892496363,0.10999435863755125,1.366117595292436,0.07131772802677006,0.04407585703302175,0.0,0.0,0.0,0.0,0.0,0.0,0.0,0.0,0.0
POV_L05_ALWAYS,5,29,0.0,0.0,0.0689490105153872,0.0,0.0,0.0,0.5682358481805986,1.26250138033817,0.6596821442843186,0.02507020014546768,25.07020014546768,5919.85591990003,0.6649765035852806,1.5398198403221128,1.454203906992916,0.049058595031965524,1.3209853290463798,0.1470827828743495,7.0,0.0,31.007065872159878,1.3209853290463798,0.0,3.420607328414917,0.0
YFLOW_MAIN_PORT,5,29,1.0,0.0,-0.03172696066357222,0.0,0.0,0.0,0.45808959709877695,1.201754307449589,0.9129337169857541,0.013534124951562546,13.534124951562546,351.44291652551976,0.2798751730248149,0.7677937856688429,0.564267773006577,0.04576994990929961,0.46655720396665856,0.052047560981009156,3.0,0.0,4.786986904270076,0.46655720396665856,0.0,1.5501298904418945,0.0
HYBRID_LATE_DAMPED,5,29,0.0,0.0,0.07565459297597435,0.0,0.0,0.0,0.7997723191408205,1.0264763605871425,0.688671910681613,0.017266340370952094,17.266340370952094,3921.1867038671853,0.1673205321179197,1.0485378846364812,0.6585367450024933,0.0456881090067327,0.5608112270128913,0.062458574946504086,3.0,0.0,4.633801034446583,0.5608112270128913,0.0,0.7799395322799683,0.0
HYBRID_LATE_ADAPTIVE,5,29,0.0,0.0,0.07565459297597435,0.0,0.0,0.0,0.7997723191408205,1.0264763605871425,0.688671910681613,0.017266340370952094,17.266340370952094,3921.1867038671853,0.1673205321179197,1.0485378846364812,0.6572300019906834,0.045718608947936445,0.5595006550429389,0.06238025409402326,3.0,0.0,4.633801034446583,0.5595006550429389,0.011141882976517081,0.7799395322799683,0.0
ADAPTIVE_ALLTIME_L05,5,29,0.0,0.0,0.07144578240000651,0.0,0.0,0.0,0.7278199169207409,1.0269064627522295,0.7039267845153291,0.01707586166036812,17.07586166036812,4104.597134239985,0.18072850415138797,1.0007628303985279,1.3505121290218085,0.049269178067333996,1.2150924649904482,0.1351626890245825,7.0,0.0,20.834831080091867,1.2150924649904482,0.0262895580381155,0.8902553915977478,0.0
PLAIN_FM,5,30,0.0,0.0,0.12383448345619164,0.0,0.0,0.0,1.019522418793495,1.0766578620645655,0.6826888120876918,0.02150550997921652,21.505509979216523,5351.55344651903,0.09410739871252224,1.3625216393447568,0.07041175599442795,0.04374825005652383,0.0,0.0,0.0,0.0,0.0,0.0,0.0,0.0,0.0
POV_L05_ALWAYS,5,30,0.0,0.0,0.08127803065636605,0.0,0.0,0.0,0.7143448973663317,0.7097555930178643,0.4841351165090957,0.009734407707350456,9.734407707350456,2276.900775081714,0.31533086951816264,1.102124623923234,1.3426460099872202,0.048314034880604595,1.2113188180373982,0.13201163680059835,7.0,0.0,26.731665789820994,1.2113188180373982,0.0,1.6745671033859253,0.0
YFLOW_MAIN_PORT,5,30,1.0,0.0,-0.031707113342940116,0.0,0.0,0.0,0.4568853573991543,1.2444364059284312,0.926073438631165,0.016116720700568243,16.116720700568244,467.6871793686088,0.2722725784212985,0.7798800581033198,0.37807476200396195,0.04550845397170633,0.280627736938186,0.03153720800764859,3.0,0.0,5.014336904232432,0.280627736938186,0.0,1.5508477687835693,0.0
HYBRID_LATE_DAMPED,5,30,0.0,0.0,0.0738006690736733,0.0,0.0,0.0,0.7273772167235982,1.0407830014152502,0.7171441230966462,0.010278258386058114,10.278258386058114,1391.4229493644514,0.16872620364956603,1.0086631729145565,0.3781716640223749,0.045386729878373444,0.280842203006614,0.031394376943353564,3.0,0.0,5.183916710455712,0.280842203006614,0.0,0.8449484705924988,0.0
HYBRID_LATE_ADAPTIVE,5,30,0.0,0.0,0.11433012497666759,0.0,0.0,0.0,0.9863699486824041,1.0526568467763442,0.6679405717422852,0.021891982923676778,21.89198292367678,5186.580065746505,0.09010367217549171,1.3132909778284163,0.2761831759708002,0.04543403204297647,0.18709167500492185,0.02104404295096174,2.0,0.0,3.720757837291574,0.18709167500492185,0.011128792015369982,0.13047091662883759,0.0
ADAPTIVE_ALLTIME_L05,5,30,0.0,0.0,0.11238230055998524,0.0,0.0,0.0,0.9747366027464606,1.0346851170185383,0.6580520217710618,0.024040767336918734,24.040767336918734,5642.766562472712,0.09202255397848648,1.29042468923166,1.063096597965341,0.04800313792657107,0.9373817489249632,0.10432533797575161,6.0,0.0,19.278028221580083,0.9373817489249632,0.026265765947755426,0.2133476287126541,0.0
PLAIN_FM,5,31,0.0,0.0,0.12854701785550504,0.0,0.0,0.15999794006347656,1.0401513736625456,1.1103737966329716,0.7086791088663321,0.02831766059352514,28.317660593525144,7607.384799651572,0.10940522568194976,1.3874594186765838,0.06977145001292229,0.04312144499272108,0.0,0.0,0.0,0.0,0.0,0.0,0.0,0.0,0.0
POV_L05_ALWAYS,5,31,0.0,0.0,0.08580981187184347,0.0,0.0,0.0,0.745618511699751,0.951620032615545,0.4831371756879384,0.01542760717618652,15.42760717618652,3365.2816652863567,0.42006902770499427,1.1198723834749704,1.2536384529666975,0.04821031400933862,1.1220973659073934,0.12464993400499225,7.0,0.0,28.843444643032594,1.1220973659073934,0.0,2.2919554710388184,0.0
YFLOW_MAIN_PORT,5,31,1.0,0.0,-0.041591806176657545,0.0,0.0,0.0,0.4503644387607784,1.2740320031946988,0.9562780814617924,0.017145654289385432,17.14565428938543,483.83820661744744,0.2802273493342657,0.7367221720860355,0.3780551700037904,0.0453979610465467,0.28078335302416235,0.03151358000468463,3.0,0.0,5.161597290703776,0.28078335302416235,0.0,1.6197729110717773,0.0
HYBRID_LATE_DAMPED,5,31,0.0,0.0,0.07560815848024108,0.0,0.0,0.0,0.7352008530575748,1.0551638801934249,0.7535571454491587,0.01214077852900286,12.14077852900286,2103.305761434027,0.17446761343594663,1.002974856023871,0.3795557690318674,0.04552355594933033,0.281618864974007,0.03185891907196492,3.0,0.0,5.332971820187604,0.281618864974007,0.0,0.8865147829055786,0.0
HYBRID_LATE_ADAPTIVE,5,31,0.0,0.0,0.07560815848024108,0.0,0.0,0.0,0.7352008530575748,1.0551638801934249,0.7535571454491587,0.01214077852900286,12.14077852900286,2103.305761434027,0.17446761343594663,1.002974856023871,0.37756905902642757,0.04554135404760018,0.2800437459954992,0.031600791960954666,3.0,0.0,5.332971820187604,0.2800437459954992,0.011140861955936998,0.8865147829055786,0.0
ADAPTIVE_ALLTIME_L05,5,31,0.0,0.0,0.07549148503807018,0.0,0.0,0.0,0.7321332445353171,1.0417501098937239,0.7470085149157207,0.012346714864872377,12.346714864872377,2180.802219088496,0.17577413556371957,0.9966247422751506,1.2511537810205482,0.04847291897749528,1.1168584350380115,0.12224102014442906,7.0,0.0,18.53066346256813,1.1168584350380115,0.02627940592356026,0.9149025082588196,0.0
