method,task_id,seed,collision,success,min_clearance,joint_limit_violation,velocity_violation,acceleration_violation,terminal_goal_error,joint_path_length,ee_path_length,smoothness,acceleration_cost,jerk_cost,reference_distance,terminal_joint_error,planning_latency_sec,fm_latency_sec,projection_latency_sec,projection_solver_latency_sec,projection_calls,failed_projection_solves,projection_correction_sum,trajectory_distortion_vs_plain,projection_failure_rate
PLAIN_FM,0,0,0.0,0.0,0.0712830943149155,0.0,0.2648227032661436,3.9021146297454834,0.4667795981086212,3.2125233831537368,0.8903069096375384,0.0547209868745947,54.7209868745947,12386.080328951231,0.138122018751144,1.43700027116363,0.0880332630476914,0.0433215329539962,0.0,0.0,0.0,0.0,0.0,0.0,0.0
GOAL_AWARE_FINAL_PROJECTION,0,0,0.0,0.0,0.0410570727008214,0.0,0.0,0.0,0.4655523086938126,2.5614427478670003,0.8182396501559387,0.0306716653597152,30.67166535971528,526.3127669160817,0.4529915198436172,2.128913457189414,0.1742280469625257,0.0424193619401194,0.0940353479818441,0.0105509239947423,1.0,0.0,2.392152455426575,2.392152547836304,0.0
NORMALIZED_POV_L1,0,0,0.0,0.0,0.2032614330448433,0.0,0.0,0.0,0.6961401951062752,2.571096576808608,0.6809870100453265,0.0458628928865358,45.86289288653589,927.7734042193232,0.998231172776592,3.17434577238629,1.523823550029192,0.0494000209728255,1.3865055019850845,0.1526116568129509,7.0,0.0,24.164447601525488,5.481190204620361,0.0
DAMPED_POV_L05,0,0,0.0,0.0,0.0434660739158818,0.0,0.0077457841873167,0.0,0.4488678787312162,2.72357705673799,0.8064615866400666,0.0254435883329011,25.44358833290117,3289.660777229476,0.2328239240979204,1.7687742602043532,1.4159563439898193,0.0490352229680866,1.2863737819716334,0.1403936812421307,7.0,0.0,23.05817796181365,1.3138694763183594,0.0
DAMPED_POV_L025,0,0,0.0,0.0,0.0477302885177503,0.0,0.0185878690719603,1.545943021774292,0.4496929611062177,2.9182876186463718,0.8351507410072827,0.0383314676669387,38.33146766693872,7797.169835677137,0.1363085995912888,1.5886716042621898,1.3270168289891444,0.0493149009998887,1.1968656229437329,0.1307184699689969,7.0,0.0,23.03810567711186,0.7383241653442383,0.0
PLAIN_FM,0,1,0.0,0.0,0.0542539540896924,0.0,0.2275168464660644,0.0,0.448154549978916,3.1815735877522284,0.8986559665992776,0.0476757359566516,47.675735956651614,10510.871320750486,0.1331795841682959,1.3733572617495895,0.0697924200212583,0.0436064599780365,0.0,0.0,0.0,0.0,0.0,0.0,0.0
GOAL_AWARE_FINAL_PROJECTION,0,1,0.0,0.0,0.0482879171329593,1.1642945185741382e-07,0.0041544006347655,0.0,0.4362447985775984,2.623557092453491,0.8104777192909864,0.052008082143026,52.00808214302607,1186.8445655294602,0.6425782424284696,2.1263789216691023,0.2633035279577598,0.0426953160203993,0.1831555489916354,0.0191364560159854,1.0,0.0,3.1629518281052595,3.162951946258545,0.0
NORMALIZED_POV_L1,0,1,0.0,0.0,0.0281389801799057,0.0,0.0,0.0,0.4150810933067442,2.176289931351568,0.7830097955789123,0.0198655901298763,19.86559012987632,373.15780542330754,0.5176835352154792,1.92630263233844,1.6891114980098791,0.0487601329805329,1.5597790039610118,0.1661144039826467,7.0,0.0,24.547765160621765,2.541831493377685,0.0
DAMPED_POV_L05,0,1,0.0,0.0,0.0414762742407879,0.0,0.0712954566955565,0.0,0.463383245814334,2.5058999646546,0.7869690972108667,0.0349618182706135,34.96181827061351,4523.842061670535,0.4560989174184283,2.034028286788254,1.6838502530008554,0.0483269729302264,1.5549060979974456,0.1631816630251705,7.0,0.0,26.222094180483666,2.377143621444702,0.0
DAMPED_POV_L025,0,1,0.0,0.0,0.0291324326887409,0.0,0.1553976104736327,0.4918289184570312,0.4475727519227435,2.814069439142877,0.8236791448280328,0.0389426823701243,38.94268237012433,7674.706965317779,0.2321145785095105,1.6194325228170865,1.686068530951161,0.0481122569763101,1.5574437050381675,0.1655164430849254,7.0,0.0,25.03785419103552,1.0843427181243896,0.0
PLAIN_FM,0,2,0.0,0.0,0.068460926633557,0.0,0.2413833257198332,0.0,0.4507020561450803,3.2000971500175366,0.8754920496473305,0.0381100669690493,38.11006696904939,7002.454474949251,0.1521907542364697,1.4189390159689457,0.0699082229984924,0.0436279609566554,0.0,0.0,0.0,0.0,0.0,0.0,0.0
GOAL_AWARE_FINAL_PROJECTION,0,2,0.0,0.0,0.0665940587248951,0.0,0.0,0.0,0.4686228892879898,2.715933796882378,0.8594911144367816,0.0372962508171584,37.2962508171584,665.6204620453218,0.494308022135435,2.000000473027739,0.1724060200504027,0.042647325026337,0.0924691669642925,0.0104195399908348,1.0,0.0,2.444248886059159,2.444248914718628,0.0
NORMALIZED_POV_L1,0,2,0.0,0.0,0.0316532786996967,1.1642945185741382e-07,0.0041544006347655,0.0,0.4639560052219474,2.562850619461637,0.7277288847302391,0.0469902999912084,46.99029999120841,1000.7627535242316,0.6925454929110302,2.507495523234852,1.8642077710246667,0.0482045490061864,1.7352845969144255,0.1837191809318028,7.0,0.0,19.21272829409753,3.6314096450805664,0.0
DAMPED_POV_L05,0,2,0.0,0.0,0.0364038818464211,0.0,0.0,0.0,0.4209330310494158,2.6245354962357537,0.8034059895028276,0.0224305972341852,22.43059723418528,2601.350240965705,0.2708319781914298,1.747974235558358,1.6985005550086498,0.0510165339219383,1.566372009983752,0.1677158090169541,7.0,0.0,18.364378007544357,1.453846096992493,0.0
DAMPED_POV_L025,0,2,0.0,0.0,0.0517516924105353,0.0,0.0659906433105468,0.0,0.4301603459331698,2.948904097640197,0.8422835186136575,0.028773784162817,28.77378416281704,4324.242031536252,0.1659415787585501,1.5617311339671496,1.6952979629859328,0.0508070869254879,1.5633180290460589,0.1679376540705561,7.0,0.0,18.408183074676742,0.7354280352592468,0.0
PLAIN_FM,0,3,0.0,0.0,0.072064539179895,0.0,0.2089800056457518,2.84456729888916,0.4592135299169637,3.2012565841264995,0.9058163467177828,0.0411367061671423,41.13670616714238,7680.173216384212,0.1284955871734625,1.4480022872149885,0.0702488210517913,0.0440956259844824,0.0,0.0,0.0,0.0,0.0,0.0,0.0
GOAL_AWARE_FINAL_PROJECTION,0,3,0.0,0.0,0.0746671952579351,0.0,0.0,0.0,0.4585320216351335,2.8510474492898283,0.8862858216561127,0.0449527866692065,44.9527866692066,876.0342649186238,0.5035116861750495,1.9365955226226617,0.172967284976039,0.0430250551435165,0.0927170740324072,0.0105737250414676,1.0,0.0,2.507826718254823,2.507826805114746,0.0
NORMALIZED_POV_L1,0,3,0.0,0.0,0.0755298871907858,1.1642945185741382e-07,0.0041544006347655,0.0,0.5269657838507954,2.4984411689267034,0.7785629766742806,0.0474556454781658,47.45564547816584,1088.161805583887,0.818432305752653,2.8037781756700766,1.2393981409841217,0.0503196350182406,1.108483226969838,0.1224717770819552,7.0,0.0,22.758912700422016,4.343558311462402,0.0
DAMPED_POV_L05,0,3,0.0,0.0,0.0403321232023854,0.0,0.0049610551834105,0.0,0.437878843854277,2.7495447342682287,0.8356454749710753,0.0242120860315792,24.212086031579204,2471.0082215965376,0.2646479532459175,1.8039764615258749,1.243065276008565,0.0498658920405432,1.1122666419832967,0.1251737471320666,7.0,0.0,20.053943942842377,1.4238523244857788,0.0
DAMPED_POV_L025,0,3,0.0,0.0,0.0490041791855402,0.0,0.0292384740352629,0.7008862495422363,0.443074802702874,2.922307303256253,0.8576403922589432,0.0296034306226302,29.603430622630267,4805.567590757676,0.1512847076215933,1.6040655262835677,1.324151599954348,0.0491309030330739,1.1942662020446733,0.1294517560745589,7.0,0.0,21.78282806791216,0.781503438949585,0.0
PLAIN_FM,0,4,0.0,0.0,0.0734425361253496,0.0,0.3159497794151304,1.2879979610443115,0.4554710032326637,3.227788364615522,0.8601428529939373,0.046612116572275,46.61211657227504,10484.056012830555,0.1587911886495809,1.4085414392819284,0.0700561869889497,0.0437952139182016,0.0,0.0,0.0,0.0,0.0,0.0,0.0
GOAL_AWARE_FINAL_PROJECTION,0,4,0.0,0.0,0.0544375657986123,0.0,0.0,0.0,0.4678813976855128,2.486309172873717,0.8166132548002888,0.0277868500339241,27.78685003392412,479.1216258287545,0.4942263137209801,2.146724911976771,0.1735599410021677,0.0428362120292149,0.0932615689816884,0.0107658489723689,1.0,0.0,2.5957348241227454,2.5957348346710205,0.0
NORMALIZED_POV_L1,0,4,0.0,0.0,0.0122881708954647,0.0,0.0,0.0,0.432625144863793,2.4124172205411902,0.7805720482944267,0.028571423725295,28.571423725295087,520.2366552048865,0.7592106800442093,1.8815908624935729,2.056035251007416,0.0495627360651269,1.9255223159561865,0.2049489051569253,7.0,0.0,22.23466093623758,3.866730928421021,0.0
DAMPED_POV_L05,0,4,0.0,0.0,0.0091980502217975,0.0,0.0,0.0,0.3775147701885797,2.7034108246942523,0.8003282543448537,0.0329735885653537,32.9735885653537,4148.389310385209,0.3437985521702295,1.5079015405572471,1.6043802379863337,0.0494926150422543,1.4735418239142746,0.1594001139746979,7.0,0.0,27.4179079316346,1.7403687238693235,0.0
DAMPED_POV_L025,0,4,0.0,0.0,0.0478258918176016,0.0,0.0837650265932081,0.0,0.432712330630658,2.970539522462309,0.8370076404026388,0.0330561533375751,33.05615333757519,6385.141744709124,0.1710368041548285,1.5084432901664362,1.4184250250109471,0.0485273880185559,1.2890258990228176,0.1413809079676866,7.0,0.0,23.47711900250498,0.7878167033195496,0.0
PLAIN_FM,0,5,0.0,0.0,0.0687189471132518,0.0,0.4044778760910033,0.9894442558288574,0.4539639789263001,3.2318001489384773,0.9142575046786916,0.0454370154391514,45.43701543915146,8801.735405676902,0.1358455085866821,1.385202283025336,0.0711144840461202,0.0442910479614511,0.0,0.0,0.0,0.0,0.0,0.0,0.0
GOAL_AWARE_FINAL_PROJECTION,0,5,0.0,0.0,0.036433450883955,1.1642945185741382e-07,0.0041544006347655,0.0,0.3042764408936459,2.592489226923916,0.9242584131612798,0.0465060890745355,46.50608907453551,1043.7173870297968,0.6060314274612589,1.8090501075302077,0.2635218140203506,0.0431448870222084,0.1828253809944726,0.0187238559592515,1.0,0.0,3.078366678848492,3.078366756439209,0.0
NORMALIZED_POV_L1,0,5,0.0,0.0,0.0172835739737356,0.0,0.0063856061935423,0.0,0.5198616161263971,1.941764487897819,0.6430579758840798,0.0230339047556994,23.03390475569944,438.72689007291575,0.6683244047792182,2.265489482250164,1.5131579840090126,0.048327172989957,1.383690087124705,0.150022966961842,7.0,0.0,19.3332354953066,3.606522560119629,0.0
DAMPED_POV_L05,0,5,0.0,0.0,0.0349986368619105,0.0,0.0,0.0,0.4384137125113422,2.572614698568555,0.7813225082498195,0.021918196683043,21.918196683043067,3088.429434523476,0.25325670085059,1.7556400146767748,1.2371472159866244,0.0483583740424364,1.1078884140588343,0.1213875499088317,7.0,0.0,19.43914722685637,1.4036567211151123,0.0
DAMPED_POV_L025,0,5,0.0,0.0,0.0382918727817558,0.0,0.0309860275268554,0.0,0.426121418790424,2.8802079952287243,0.8540347482058449,0.0343369018258514,34.33690182585147,5836.675941736092,0.2186165881616265,1.5460696264238498,1.331995605956763,0.0497999250655993,1.2010461630416105,0.1314450000063516,7.0,0.0,21.384523428211203,1.0819886922836304,0.0
PLAIN_FM,0,6,0.0,0.0,0.0648493935556597,0.0,0.2835099514961241,2.738626003265381,0.4416746390159348,3.2023848000459663,0.910502013088369,0.0445476884191867,44.54768841918678,8511.49543714107,0.1429217246108025,1.4344313955465378,0.0696599369985051,0.0434017960797064,0.0,0.0,0.0,0.0,0.0,0.0,0.0
GOAL_AWARE_FINAL_PROJECTION,0,6,0.0,0.0,0.0432707837163177,0.0,0.0,0.0,0.4266417670415273,2.294839983261643,0.8102752694941565,0.0220501226311439,22.05012263114392,406.1919047696483,0.4889762571176985,2.387835773529844,0.1732119920197874,0.0428367920685559,0.0928694190224632,0.0107110279495827,1.0,0.0,2.542702993340793,2.5427029132843018,0.0
NORMALIZED_POV_L1,0,6,0.0,0.0,0.0759575283291066,0.0,0.0,0.0,0.4674510179927362,1.6083980282836348,0.6920977999647633,0.0124509772387622,12.450977238762206,283.7152051061054,0.8228197065549014,2.959047742746821,1.788010624004528,0.0494066009414382,1.657493460108526,0.1802951939753256,7.0,0.0,22.46378127133627,4.272663593292236,0.0
DAMPED_POV_L05,0,6,0.0,0.0,0.045257430811731,0.0,0.0,0.1063299179077148,0.437434572019222,2.513378193984408,0.7935014715751527,0.0302712295776688,30.271229577668837,5405.010096099468,0.3261661150652336,1.8416959353391564,1.5995327070122585,0.0493802009732462,1.4693665709346533,0.1583151030354201,7.0,0.0,22.518010115595903,1.66233229637146,0.0
DAMPED_POV_L025,0,6,0.0,0.0,0.0452449348058821,0.0,0.0645034131050108,0.676800012588501,0.4220065430932748,2.9039195922315297,0.8627826631203563,0.0350640085068626,35.06400850686264,6078.5691937318425,0.1783579068453032,1.5965698259724588,1.6907908039866015,0.0501089299214072,1.5602585199521857,0.1679892941028811,7.0,0.0,20.147798194122,0.7657826542854309,0.0
PLAIN_FM,0,7,0.0,0.0,0.0677425563668195,0.0,0.2860649045944212,0.2149057388305664,0.4510840570144335,3.2081582566018483,0.9275421565363856,0.0408255470289983,40.82554702899832,7358.138151546002,0.1244129919980571,1.3904349254506188,0.0701749299769289,0.0440249220118857,0.0,0.0,0.0,0.0,0.0,0.0,0.0
GOAL_AWARE_FINAL_PROJECTION,0,7,0.0,0.0,0.0472189497871432,0.0,0.0,0.0,0.4556224056640428,2.250650909215079,0.7556837961703224,0.0182344835009825,18.234483500982584,317.6728284204511,0.4453239104409752,2.191572110204773,0.1732203220017254,0.042949914059136,0.0929635610082186,0.0105410139658488,1.0,0.0,2.3299836056031067,2.3299834728240967,0.0
NORMALIZED_POV_L1,0,7,0.0,0.0,0.2198485453505643,0.0,0.0,0.0,0.7563887185123063,2.5044782849325755,0.7223387926426577,0.0457872228358552,45.78722283585524,987.9258807527826,0.9483619559079994,2.806064542760865,1.5956112860003486,0.0491555769694969,1.4660004829638638,0.156657641986385,7.0,0.0,28.13595008077144,4.9900336265563965,0.0
DAMPED_POV_L05,0,7,0.0,0.0,0.0303839401769802,0.0,0.0121247337341308,0.2614256739616394,0.4647403123539879,2.501483996428191,0.783389143991732,0.0313684802557497,31.36848025574973,5054.572570214988,0.2953937622170109,1.905812765536801,1.5062357489950955,0.0485225680167786,1.3769699850236066,0.1487343580229208,7.0,0.0,24.770668061529403,1.6621183156967163,0.0
DAMPED_POV_L025,0,7,0.0,0.0,0.0442893513136208,0.0,0.0634383153557776,0.5867031216621399,0.449836522992888,2.8578363185245315,0.8485509362203141,0.0338579337445744,33.85793374457444,5629.549512543752,0.1439356157780188,1.5928210562174454,1.510193461959716,0.0485015680897049,1.380535930104088,0.1484850718989037,7.0,0.0,24.66648885296184,0.7876803874969482,0.0
PLAIN_FM,0,8,0.0,0.0,0.0649346860775147,0.0,0.3396685537338255,1.3835203647613523,0.4525520510612393,3.183833300789873,0.8632210541042896,0.0420479191192729,42.04791911927297,8486.41914696826,0.1520710983073511,1.4250701717156975,0.0705134390154853,0.0439633511123247,0.0,0.0,0.0,0.0,0.0,0.0,0.0
GOAL_AWARE_FINAL_PROJECTION,0,8,0.0,0.0,0.0433190776119854,1.1642945185741382e-07,0.0041544006347655,0.0,0.3308988852967834,2.655174902684147,0.8998526654381523,0.0490220714585865,49.02207145858651,1042.3379635553176,0.5492742844461409,1.8036444407258088,0.2632832490489818,0.0428565429756417,0.1829584160004742,0.0191046260297298,1.0,0.0,2.734421889796173,2.734421968460083,0.0
NORMALIZED_POV_L1,0,8,0.0,0.0,0.0393823088407473,0.0,0.0,0.0,0.4708782465950379,2.123240522274416,0.6822421208234996,0.0224317717922932,22.43177179229328,387.0647030101537,0.7492459796953697,2.869673921878992,1.5167633330565875,0.0481359870173037,1.3875298100174405,0.1511451298720203,7.0,0.0,22.991913699434413,4.001453876495361,0.0
DAMPED_POV_L05,0,8,0.0,0.0,0.0306433467124342,0.0,0.0676818307876585,0.0,0.4369885736484257,2.706344290525837,0.7946335935566743,0.0295350535375837,29.53505353758379,4177.0758482124975,0.2683127608773221,1.7742878403108509,1.4198445699876174,0.0482441229978576,1.2906759179895744,0.1398521479568444,7.0,0.0,21.445053378159947,1.3719384670257568,0.0
DAMPED_POV_L025,0,8,0.0,0.0,0.0481543418404633,0.0,0.0829446990430353,0.5108681321144104,0.4381144482909179,2.945684641122732,0.8305070293762129,0.0328488577845275,32.84885778452753,5826.3583571819945,0.1718724774024794,1.581446496067912,1.418153416016139,0.0481814030208624,1.2888155991095118,0.1406619411427527,7.0,0.0,20.295204567277185,0.7108085751533508,0.0
PLAIN_FM,0,9,0.0,0.0,0.0736417894849225,0.0,0.265439536833763,2.315170764923096,0.4376558674190118,3.256729275238188,0.8856193737404882,0.0466218326191682,46.62183261916827,9462.503938171189,0.1917142882997193,1.3980998517975012,0.0699459449970163,0.0436146518914029,0.0,0.0,0.0,0.0,0.0,0.0,0.0
GOAL_AWARE_FINAL_PROJECTION,0,9,0.0,0.0,0.0575023214133444,0.0,0.0,0.0,0.4456852016826996,2.4338824416036235,0.8519666291582999,0.0272052564548189,27.20525645481897,484.6607061310904,0.4857158886758162,2.2020636374110816,0.1733142760349437,0.0428853540215641,0.0930831850273534,0.010590634017717,1.0,0.0,2.605084983536486,2.6050851345062256,0.0
NORMALIZED_POV_L1,0,9,0.0,0.0,0.0546317598344709,0.0,0.0,0.0,0.4150982551811876,2.3020941433548887,0.846475806576481,0.0284699555349736,28.469955534973668,560.8394642685255,0.5867783885078597,2.1510428828129613,1.4158709270413965,0.0480749680427834,1.2870851770276204,0.1404898250475525,7.0,0.0,26.8646894099334,3.1935460567474365,0.0
DAMPED_POV_L05,0,9,0.0,0.0,0.0483818959198148,0.0,0.0,0.0936579704284668,0.4207539134593666,2.557878520256144,0.8108207634414345,0.0245427450954334,24.542745095433418,2627.6847589131457,0.3318943848276263,1.8991091718901107,1.4147496389923615,0.0478467499488033,1.2861654940061271,0.1398356162244454,7.0,0.0,27.605235602071712,1.9179649353027344,0.0
DAMPED_POV_L025,0,9,0.0,0.0,0.0472251883287444,0.0,0.0400146957874296,0.2209198474884033,0.4336221132766845,2.874288217544977,0.8276013695502092,0.0301030453555631,30.10304535556319,5024.745673361286,0.1668219659508443,1.5781863515157717,1.603292869986035,0.0482111200108192,1.4726919530075977,0.1595072001218795,7.0,0.0,26.53173902276565,0.8901798129081726,0.0
PLAIN_FM,0,10,0.0,0.0,0.0536868693565337,0.0,0.2979771908760069,1.0349345207214355,0.4259373115424244,3.2093802357701517,0.9072455304795978,0.0384266906155792,38.42669061557925,7829.268188754758,0.1629465430104967,1.329647257530166,0.0698805029969662,0.0438672679592855,0.0,0.0,0.0,0.0,0.0,0.0,0.0
GOAL_AWARE_FINAL_PROJECTION,0,10,0.0,0.0,0.0481368847722024,0.0,0.0,0.0,0.4423355590115047,2.598574589783287,0.850993011032253,0.0346910195909425,34.69101959094257,635.3860023898277,0.5066935583251314,2.140631746256459,0.1721565060433931,0.0425096109975129,0.0925193700240925,0.0106439859955571,1.0,0.0,2.6301356364595896,2.630135536193848,0.0
NORMALIZED_POV_L1,0,10,0.0,0.0,0.0422828924151491,0.0,0.0001986440658567,0.0,0.553478090683441,2.584877817243683,0.7534920354692272,0.0392400313209322,39.240031320932296,712.489491635232,0.7004663662452935,1.7305096266237894,1.5108813940314576,0.0493582809576764,1.381247551005799,0.1512287330115214,7.0,0.0,27.209534626697696,3.50101637840271,0.0
DAMPED_POV_L05,0,10,0.0,0.0,0.0309187801073193,0.0,0.0,0.0,0.4329561527236314,2.7056748099006027,0.8090745823114214,0.0253120173187039,25.31201731870392,2854.7209277996867,0.2905589277344483,1.7273730677750376,1.5129158970084973,0.0490236020414158,1.3829685260425322,0.1482759389909915,7.0,0.0,26.626089125342222,1.5905556678771973,0.0
DAMPED_POV_L025,0,10,0.0,0.0,0.0350650862297323,0.0,0.0327413645029066,0.0,0.4228652559540664,2.919877276948403,0.8519493453027184,0.0268190292176707,26.819029217670767,4453.88345686124,0.1612320503409441,1.4927974157683142,1.5118377199978568,0.0486884820857085,1.3824447640799915,0.1504436130053363,7.0,0.0,20.661625597425225,0.7084692716598511,0.0
PLAIN_FM,0,11,0.0,0.0,0.0635166833982658,0.0,0.3258349117279051,0.6984424591064453,0.4530471164019548,3.150738757660404,0.904358574415116,0.0506530345160515,50.65303451605152,11360.561937820376,0.1157982841495831,1.4353376534200826,0.0698649020050652,0.0436260808492079,0.0,0.0,0.0,0.0,0.0,0.0,0.0
GOAL_AWARE_FINAL_PROJECTION,0,11,0.0,0.0,0.0474623481908078,0.0,0.0,0.0,0.4466795526202241,2.1993234521103195,0.798312342953501,0.0180164105351253,18.016410535125345,320.7522750674763,0.5251025051499046,2.336306814612894,0.1729808179661631,0.0427700389991514,0.0928105679922737,0.0105077429907396,1.0,0.0,2.581210551320452,2.5812106132507324,0.0
NORMALIZED_POV_L1,0,11,0.0,0.0,0.1262238327079237,0.0,0.0,0.0,0.6822709899680367,2.59887696149302,0.5934196113863688,0.0348145752675219,34.81457526752197,504.81291631774286,0.7333710444159512,1.9470885119904189,1.876056229986716,0.0481420399155467,1.747446010936983,0.1895973562495783,7.0,0.0,21.638495457865226,3.629494190216065,0.0
DAMPED_POV_L05,0,11,0.0,0.0,0.0363069960535227,0.0,0.0,0.0,0.4535801948005672,2.596297573561247,0.8133888413065937,0.0304732663688777,30.473266368877788,4430.164110988082,0.3036197628284837,1.9391651915963573,1.5988419580389746,0.0479845961090177,1.4704177259700373,0.1578800840070471,7.0,0.0,21.31344918167787,1.5111265182495115,0.0
DAMPED_POV_L025,0,11,0.0,0.0,0.0448507173541561,0.0,0.0435429927349089,0.4576754570007324,0.4505033117099676,2.820629645062736,0.8524111359951208,0.0426559969850819,42.65599698508194,8557.628811696906,0.1992579575965123,1.6880562041918696,1.50913533201674,0.0485743790050037,1.3796263518743217,0.1492051001405343,7.0,0.0,23.08465900779664,0.9223803877830504,0.0
PLAIN_FM,0,12,0.0,0.0,0.0649206149616427,0.0,0.264938187265396,0.1370382308959961,0.4369772954690768,3.212618717005563,0.8868910347527698,0.0332738857489205,33.27388574892051,6167.221060212552,0.1665832809746406,1.3945204352146594,0.0698474119999446,0.0436179910320788,0.0,0.0,0.0,0.0,0.0,0.0,0.0
GOAL_AWARE_FINAL_PROJECTION,0,12,0.0,0.0,0.0484190892032996,0.0,0.0,0.0,0.4526881499587437,2.541279077111728,0.8426721236860465,0.030100828602264,30.100828602264077,531.0725797615017,0.4517122017351449,2.0806372029662845,0.1730891609913669,0.0428525200113654,0.0929164909757673,0.0105640239780768,1.0,0.0,2.3750547038756737,2.3750545978546143,0.0
NORMALIZED_POV_L1,0,12,0.0,0.0,0.0397730541234597,0.0,0.0,0.0,0.4264353545502802,2.1773054853843825,0.7815082368118293,0.0201712653550767,20.17126535507674,351.3326350065293,0.5624876358636138,2.1043493658813177,1.5047078580246307,0.0479962660465389,1.3762272438034415,0.1491329220007173,7.0,0.0,21.82049867028624,3.034658670425415,0.0
DAMPED_POV_L05,0,12,0.0,0.0,0.0353778811078451,0.0,0.0,0.0,0.4324061531154157,2.5222008811251664,0.7805891532751859,0.0211381990243588,21.13819902435882,2987.6606097779645,0.2784095227433083,1.820345390583908,1.7849510990199633,0.0485718009877018,1.6553292840253562,0.178718856186606,7.0,0.0,25.89767871543492,1.6087054014205933,0.0
DAMPED_POV_L025,0,12,0.0,0.0,0.0452961020646275,0.0,0.0891818222045897,0.0,0.4283183236126126,2.875186224850851,0.8343949416146661,0.0292038791773728,29.203879177372883,5281.522656035742,0.1582834362122039,1.5693444400276952,1.600057591975201,0.0486031819600611,1.4703995799645782,0.1582042200025171,7.0,0.0,28.04264918466192,0.8393948078155518,0.0
PLAIN_FM,0,13,0.0,0.0,0.0711329468011447,0.0,0.2159177825927734,1.4807653427124023,0.444095637404534,3.197275383910834,0.9065499056103868,0.0414099364457193,41.40993644571933,8083.301731806448,0.1415566904012088,1.4305117283615716,0.0697198190027847,0.0434727660613134,0.0,0.0,0.0,0.0,0.0,0.0,0.0
GOAL_AWARE_FINAL_PROJECTION,0,13,0.0,0.0,0.0507965027185193,0.0,0.0,0.0,0.458882116373775,2.468109027454425,0.8267455183585053,0.0285145166876097,28.51451668760976,507.9047513083093,0.4812990100715055,2.129821589050024,0.1730560889700427,0.0428161700256168,0.0928874500095844,0.0105199730023741,1.0,0.0,2.4761973025043447,2.4761972427368164,0.0
NORMALIZED_POV_L1,0,13,0.0,0.0,0.3320374443687506,0.0,0.0,0.0,0.9502647195891172,2.2977904312379,0.5550202070351768,0.0365789441212758,36.57894412127583,719.993634769267,1.1801691031397532,3.448316199753217,2.1476128299837,0.0482705120230093,2.018238991033286,0.2152090328745544,7.0,0.0,25.92701578811502,6.357273101806641,0.0
DAMPED_POV_L05,0,13,0.0,0.0,0.0524431753433779,0.0,0.0,0.0,0.4529972305239622,2.3571149087990726,0.7580701229436488,0.0220982755811137,22.098275581113725,3622.164103160444,0.3317974258347478,1.9846703047343424,2.0596249580266885,0.0482110319426283,1.9299501450150276,0.2083579640602693,7.0,0.0,22.815545045077048,1.82577919960022,0.0
DAMPED_POV_L025,0,13,0.0,0.0,0.0472742467342433,0.0,0.0571512744903563,0.0,0.4358051927015071,2.8625089737738296,0.8374578546333511,0.0292650378965511,29.265037896551192,5087.159364494116,0.1619042399232817,1.5736859814150286,2.0602251240052283,0.0513790838886052,1.92777350806864,0.21175467496505,7.0,0.0,22.381933933729886,0.7792038917541504,0.0
PLAIN_FM,0,14,0.0,0.0,0.0716337987047947,0.0,0.3035117801666258,0.907893180847168,0.4472090826272341,3.200276295355647,0.8849364252379804,0.0401510251671849,40.15102516718491,8266.04802365811,0.1498702557650685,1.437476800145645,0.070238051994238,0.0440426740096882,0.0,0.0,0.0,0.0,0.0,0.0,0.0
GOAL_AWARE_FINAL_PROJECTION,0,14,0.0,0.0,0.0503496093610795,0.0,0.0,0.0,0.4557406674460312,2.219253611381901,0.7883141176870234,0.0188858750551262,18.88587505512626,343.14826163360794,0.4624803245785496,2.281593848772138,0.1730522799771279,0.0429756350931711,0.0929139910149388,0.0107261579832993,1.0,0.0,2.4489479720780407,2.4489479064941406,0.0
NORMALIZED_POV_L1,0,14,0.0,0.0,0.0624088025014137,0.0,0.0,0.0,0.432993275340438,2.581451330209584,0.894622195992711,0.0383094673204065,38.309467320406576,746.6694760475067,0.7214083213409772,2.068695997427778,1.322574965946842,0.0494632321060635,1.1928109600557946,0.1305781578994356,7.0,0.0,21.99221317476512,3.663106203079224,0.0
DAMPED_POV_L05,0,14,0.0,0.0,0.0466467569767874,0.0,0.0126041587829588,0.0,0.4177018726355813,2.613914488454566,0.8227642951210925,0.0221285787151239,22.12857871512392,2333.4592131651566,0.289244283338666,1.804928099089795,1.328192182991188,0.049668010964524,1.1967668629949912,0.1321094361483119,7.0,0.0,19.66890203741981,1.5293831825256348,0.0
DAMPED_POV_L025,0,14,0.0,0.0,0.0534841057353257,0.0,0.0367026146888731,0.0,0.4234753163569032,2.877645255623971,0.841600515617037,0.0296592667135168,29.65926671351682,5072.105032717078,0.1715930774897338,1.581713919860958,1.5074771349900402,0.0490534720593132,1.3775551629369147,0.1477418048889376,7.0,0.0,22.108861262467872,0.7977609634399414,0.0
PLAIN_FM,0,15,0.0,0.0,0.0709937135641478,0.0,0.2824102458000181,1.04286789894104,0.4439910407422455,3.2457227593510094,0.9062841053160228,0.0455029877633994,45.50298776339943,9608.523598733693,0.161204562512827,1.410640902582587,0.0695592949632555,0.0434020249522291,0.0,0.0,0.0,0.0,0.0,0.0,0.0
GOAL_AWARE_FINAL_PROJECTION,0,15,0.0,0.0,0.0469489638733196,0.0,0.0,0.0,0.4601312823171599,2.588290153052312,0.8602460009441317,0.033158629201023,33.158629201023096,574.2314040991431,0.5165755016414568,2.16264998257097,0.1723903130041435,0.0424837440368719,0.0927352160215377,0.0106214259867556,1.0,0.0,2.686603439588624,2.686603546142578,0.0
NORMALIZED_POV_L1,0,15,0.0,0.0,0.0086580685051376,1.1642945185741382e-07,0.00415320854187,0.0,0.5031889978655125,2.496546909369471,0.670728858889771,0.0469244113745292,46.92441137452929,1033.7923745457724,0.832866682002327,3.087482259481063,1.5937749040313065,0.0483786661643534,1.4648072980344296,0.1589472849736921,7.0,0.0,23.92192141848961,4.669101238250732,0.0
DAMPED_POV_L05,0,15,0.0,0.0,0.054562340543938,0.0,0.0740885303497314,0.0928592681884765,0.5206321128852747,2.449885940709147,0.7429859322076947,0.0333730066162213,33.37300661622134,4624.826650453429,0.5165460946969441,2.2656605729419903,1.5007955720066093,0.0483476949157193,1.3720737629337236,0.1488613008987158,7.0,0.0,28.61738038758677,2.98340392112732,0.0
DAMPED_POV_L025,0,15,0.0,0.0,0.0506065390758746,0.0,0.0875246093749999,0.478215217590332,0.4550467347847018,2.798342731958764,0.8185838263950194,0.0297318307366621,29.731830736662157,5640.437572071229,0.1639905127525209,1.6964344483640783,1.4116110089817084,0.0483224450726993,1.282744205032941,0.1383899290231056,7.0,0.0,25.784942803659497,0.9605122208595276,0.0
PLAIN_FM,0,16,0.0,0.0,0.0686771563230425,0.0,0.177156489753723,0.4166197776794433,0.4287456098575332,3.2641271188331777,0.8945195399907299,0.0383639123179504,38.36391231795045,7052.389954790783,0.1840399560452055,1.3936387677487476,0.0695291740121319,0.043422368064057,0.0,0.0,0.0,0.0,0.0,0.0,0.0
GOAL_AWARE_FINAL_PROJECTION,0,16,0.0,0.0,0.0386510730201299,1.1642945185741382e-07,0.0058914836883543,0.0,0.399579105188151,2.5531022588633467,0.8321250129988562,0.0491739332154517,49.17393321545171,1123.6460958505388,0.5969128344658609,2.175039722768236,0.2657812169636599,0.0424044719547964,0.1860585270333103,0.0208997430163435,1.0,0.0,3.1412820146214138,3.141282081604004,0.0
NORMALIZED_POV_L1,0,16,0.0,0.0,0.1084022240870937,0.0,0.0,0.0,0.5264013830224202,1.934476662970896,0.6642770032949238,0.0143451042633109,14.345104263310924,270.9270525924623,0.6768529505100951,2.3979238111517525,1.608939669968095,0.0507586559979245,1.4769877640646882,0.1651304051629267,7.0,0.0,22.866158355215152,3.6588616371154794,0.0
DAMPED_POV_L05,0,16,0.0,0.0,0.0410450625912512,0.0,0.0228680786132811,0.0,0.4286437595901841,2.611148235279784,0.7911945166840457,0.022011692970391,22.01169297039104,3147.7592022473177,0.268874261655514,1.751975101946896,1.4207366869668476,0.0504411869915202,1.289351348998025,0.1436772880260832,7.0,0.0,21.73754660673784,1.5377992391586304,0.0
DAMPED_POV_L025,0,16,0.0,0.0,0.0542541383709395,0.0,0.0564803298950193,0.0,0.4037522560736929,3.000798116476757,0.8699713238297844,0.0309571244583427,30.957124458342754,4851.746723749328,0.187366075337195,1.522330771226099,1.6818013819865882,0.0491839550086297,1.5522517809295096,0.1653023989056237,7.0,0.0,21.14298472554893,0.802988588809967,0.0
PLAIN_FM,0,17,0.0,0.0,0.0634497915242367,0.0,0.2648343261718748,0.858147144317627,0.4411747125904128,3.154291262656695,0.8632335143475767,0.0371753290936606,37.175329093660615,7476.271730054496,0.1467647873267565,1.407868335723604,0.0696920379996299,0.0435667280107736,0.0,0.0,0.0,0.0,0.0,0.0,0.0
GOAL_AWARE_FINAL_PROJECTION,0,17,0.0,0.0,0.0724041989732087,0.0,0.0027644203186034,0.0,0.4476681243228563,2.8701807944964104,0.9175022146153836,0.0492829108407259,49.282910840726,1014.9090079640806,0.5564769286071586,1.852274646846925,0.1723385420045815,0.0425656140432693,0.0926081330399029,0.0105786040076054,1.0,0.0,2.710995206613769,2.7109951972961426,0.0
NORMALIZED_POV_L1,0,17,0.0,0.0,0.1472945934191546,0.0,0.0,0.0,0.55814552836766,2.9722409533348286,0.7887483824971531,0.0468838195437487,46.88381954374877,777.9829242735569,0.7526933224378314,1.6761076553491938,1.6849827049882151,0.0487021541339345,1.555033685057424,0.1640801260946318,7.0,0.0,22.454259293417053,3.701030731201172,0.0
DAMPED_POV_L05,0,17,0.0,0.0,0.0470982314306398,0.0,0.007730679321289,0.0,0.4308089308156567,2.5508009260407603,0.7991550646142509,0.0222584513962418,22.25845139624183,2485.5169858088943,0.3226111279567368,1.8179684411282968,1.679609945975244,0.0485108289867639,1.5503402110771276,0.1634106219280511,7.0,0.0,23.908063203623595,1.671793818473816,0.0
DAMPED_POV_L025,0,17,0.0,0.0,0.0505431786936355,0.0,0.0533555563926695,0.0,0.4287103087764595,2.866909536844936,0.8296551169165295,0.0300370111812048,30.037011181204832,4947.340879235451,0.1747895816524678,1.5728501542966196,1.7026504050008953,0.0496581278857775,1.5713880669791251,0.1684189910884015,7.0,0.0,23.098933904953405,0.8350065350532532,0.0
PLAIN_FM,0,18,0.0,0.0,0.0714016026439271,0.0,0.1916749891281126,0.4534673690795898,0.4380958195014154,3.2051829777165004,0.9026434279742912,0.0446097971964687,44.60979719646874,9799.647661475186,0.1539218478755994,1.4470098229610553,0.0699416950228624,0.0437058839015662,0.0,0.0,0.0,0.0,0.0,0.0,0.0
GOAL_AWARE_FINAL_PROJECTION,0,18,0.0,0.0,0.0619859462355985,0.0,0.0,0.0,0.4555421151399687,2.6174834003332466,0.8456859376887201,0.0331566365248953,33.15663652489538,570.2495702237287,0.4921733644087832,2.0896711607894973,0.1731382730067707,0.0428579620202071,0.0929909939877688,0.0105383429909124,1.0,0.0,2.5268611107734618,2.5268611907958984,0.0
NORMALIZED_POV_L1,0,18,0.0,0.0,0.1970336427668303,0.0,0.0,0.0,0.7021786028625974,2.336541362558471,0.5014107280945294,0.0374895944877593,37.48959448775934,752.1096376101877,0.8037140675236576,2.87006130826908,1.6932426710263826,0.0488413179991766,1.5633844220428728,0.1666823450359515,7.0,0.0,25.70392602031498,4.465237140655518,0.0
DAMPED_POV_L05,0,18,0.0,0.0,0.0516794034906396,0.0,0.0,0.0,0.4190132164468146,2.6841856122265866,0.8329553593356047,0.0280391549852506,28.03915498525067,3855.8981804346154,0.2973813492993414,1.776519652435555,1.5923361440072767,0.0499090049997903,1.462147653044667,0.1580442320555448,7.0,0.0,24.576348975010852,1.5939784049987793,0.0
DAMPED_POV_L025,0,18,0.0,0.0,0.0530835610732429,0.0,0.030470949077606,0.0,0.430547848369199,2.9038773888359373,0.8537355253567647,0.0317613818663308,31.76138186633082,6038.818073174901,0.1576784463994838,1.6171693864009489,1.67492034699535,0.0486949241021648,1.5460703320568427,0.1639242940000258,7.0,0.0,24.62895778477476,0.7767372727394104,0.0
PLAIN_FM,0,19,0.0,0.0,0.0700066279524779,0.0,0.2313326415061949,3.397620916366577,0.4482918004367699,3.221545166729297,0.8791630803811673,0.0570070330813978,57.00703308139785,10407.71970151035,0.1742058048419272,1.375863987219009,0.0697049199952744,0.0436356399441137,0.0,0.0,0.0,0.0,0.0,0.0,0.0
GOAL_AWARE_FINAL_PROJECTION,0,19,0.0,0.0,0.0485808230430006,0.0,0.0,0.0,0.4655935165682611,2.37990888159028,0.8267647322167865,0.0241256510702734,24.12565107027345,419.3970935140401,0.5315623998373001,2.2561749754304925,0.1721218770253472,0.0426239279913716,0.0923143759719096,0.0104537710431031,1.0,0.0,2.812431562829067,2.812431573867798,0.0
NORMALIZED_POV_L1,0,19,0.0,0.0,0.0187266441197193,0.0,0.0,0.0,0.6036261387972984,1.5631505841720692,0.6427231802272847,0.0089011981314746,8.901198131474608,279.62366733031985,0.8091738833015868,2.418028727587235,1.6020412569632754,0.0501386999967508,1.4711740499478765,0.1615880708559416,7.0,0.0,27.54510753933368,4.190595626831055,0.0
DAMPED_POV_L05,0,19,0.0,0.0,0.0438903314643475,0.0,0.0,0.0780832767486572,0.429632898429422,2.5860736182516684,0.8158077642360685,0.0254784970768399,25.478497076839915,2752.550080684091,0.3054549063256888,1.825110064514337,1.68887969100615,0.0490506549831479,1.5592814980773255,0.1674233740195632,7.0,0.0,23.087759682981467,1.6745994091033936,0.0
DAMPED_POV_L025,0,19,0.0,0.0,0.0440567649634319,0.0,0.0122101720809935,1.625807285308838,0.4495101716797156,2.870264271875935,0.812587348506041,0.0396346411512402,39.63464115124024,6047.888044507238,0.2153573304556189,1.660476335683394,1.8684647229965776,0.0486362720257602,1.7389977219863797,0.1853098309948109,7.0,0.0,24.723604572730142,1.0828267335891724,0.0
PLAIN_FM,0,20,0.0,0.0,0.0716298491611169,0.0,0.3706325706481932,1.793081760406494,0.4516773532939315,3.237142543377985,0.8636389039188347,0.0483485468133831,48.3485468133832,9949.956706800578,0.1684820301649357,1.4290505795930837,0.0697557200328446,0.0437148949713446,0.0,0.0,0.0,0.0,0.0,0.0,0.0
GOAL_AWARE_FINAL_PROJECTION,0,20,0.0,0.0,0.0373147943878608,0.0,0.0041496322631835,0.0,0.4432237816136871,2.517778036599944,0.751137524120085,0.0461150831921491,46.11508319214917,1031.6657713593522,0.6520339423440542,2.4778851933689285,0.2625304530374706,0.0425169930094853,0.1827308930223807,0.0192834990448318,1.0,0.0,3.4795223069789314,3.479522228240967,0.0
NORMALIZED_POV_L1,0,20,0.0,0.0,0.0711314966257435,1.1642945185741382e-07,0.0042461917877196,0.0,0.5722088623566197,2.511704784008501,0.7450895412669886,0.0471874961165048,47.18749611650486,1096.17950984271,0.9139099581419172,3.0102057366419888,1.5051101419958286,0.0508228970575146,1.373563339991961,0.1478444290696643,7.0,0.0,25.988358511659516,4.910791873931885,0.0
DAMPED_POV_L05,0,20,0.0,0.0,0.0460234996915608,0.0,0.0,0.0,0.4257787252655129,2.822178657333886,0.8359015274153564,0.0266382485060344,26.63824850603447,2725.1496428284613,0.2778465816023733,1.7347573063117785,1.3308463100111112,0.0505139120505191,1.1997136460850015,0.1337885850807652,7.0,0.0,19.801627954828035,1.4303243160247805,0.0
DAMPED_POV_L025,0,20,0.0,0.0,0.0520897034077414,0.0,0.0234864768028257,0.0152003765106201,0.4401914896869666,2.9378440392798755,0.8225265930443714,0.0313527044156811,31.35270441568114,5610.636239385191,0.1632031920865564,1.5808994114376764,1.5999081840272993,0.0516096600913442,1.4674817569903098,0.1606328670168295,7.0,0.0,19.083803385702392,0.7405571937561035,0.0
PLAIN_FM,0,21,0.0,0.0,0.0700232301367665,0.0,0.2783443149566649,1.4070522785186768,0.4612155775809781,3.1598174185436934,0.8903952189388016,0.0506171261128595,50.61712611285952,10981.834129985187,0.1257971872405174,1.4787239989661003,0.0700316469883546,0.0439686119789257,0.0,0.0,0.0,0.0,0.0,0.0,0.0
GOAL_AWARE_FINAL_PROJECTION,0,21,0.0,0.0,0.0469404362500686,1.1642945185741382e-07,0.0041544006347655,0.0,0.3372921631520587,2.406071563245612,0.90446988620614,0.0451229960245619,45.122996024561935,1069.2872323035506,0.5587500831364712,2.175928362193822,0.2639073799946345,0.0428520730347372,0.1826473199762404,0.0187789869960397,1.0,0.0,2.932997727142674,2.932997703552246,0.0
NORMALIZED_POV_L1,0,21,0.0,0.0,0.0303169461023327,1.1642945185741382e-07,0.0041544006347655,0.0,0.6015373478833279,2.414774754254316,0.629368881892306,0.0434582080516268,43.45820805162681,963.984935079054,0.9316451725631196,3.063393119764401,1.780584733991418,0.0501667039934545,1.6495373821235262,0.1782905478612519,7.0,0.0,23.547883914396877,5.076665878295898,0.0
DAMPED_POV_L05,0,21,0.0,0.0,0.0357516002099457,0.0,0.0062544759750364,0.0,0.4390232887366153,2.5544488973035597,0.7900499967208493,0.0251226047221277,25.122604722127743,2992.4929783728503,0.2625657352260614,1.88609474304738,1.5099190690089015,0.0496213780133985,1.3793686821009032,0.1507908360799774,7.0,0.0,20.312747687563743,1.4142693281173706,0.0
DAMPED_POV_L025,0,21,0.0,0.0,0.0490776631470357,0.0,0.0606866296768187,0.7440400123596191,0.4501762412164879,2.870574718510277,0.841120676035662,0.0378354696303485,37.83546963034853,6756.296368566601,0.1482282420085131,1.644609488999598,1.5067751979804598,0.0499828189495019,1.375811059086118,0.1497605790500529,7.0,0.0,21.915074576205864,0.7732802629470825,0.0
PLAIN_FM,0,22,0.0,0.0,0.0620223838223921,0.0,0.2624182518959044,0.0570547580718994,0.4192722348332768,3.2206597010548537,0.9196491761391966,0.0373060874696905,37.306087469690524,7206.480917255369,0.1822811172615739,1.3845257173657743,0.0700872089946642,0.0440451619797386,0.0,0.0,0.0,0.0,0.0,0.0,0.0
GOAL_AWARE_FINAL_PROJECTION,0,22,0.0,0.0,0.049103359533113,0.0,0.0,0.0,0.4310994335354051,2.341804134602657,0.8259789348676561,0.0215121301841576,21.512130184157627,351.11067894839647,0.4655794136205716,2.203037460900052,0.1719684939598664,0.0427429599803872,0.0923119559884071,0.010645636008121,1.0,0.0,2.519296907858105,2.519296884536743,0.0
NORMALIZED_POV_L1,0,22,0.0,0.0,0.0416347194186564,1.1642945185741382e-07,0.0041544006347655,0.0,0.3686857123213747,2.644441782925315,0.782835412728237,0.0449530784024491,44.95307840244913,937.7952772677512,0.4868738058220072,1.8333089975279904,1.6771085900254548,0.0496199470944702,1.5475430850638077,0.1652474198490381,7.0,0.0,18.90288143950974,2.460700511932373,0.0
DAMPED_POV_L05,0,22,0.0,0.0,0.037837651715718,0.0,0.0,0.0,0.4331412926399198,2.4782263473928525,0.7963415105686791,0.0230788727538837,23.07887275388376,3140.711223517661,0.3122925405474446,1.955667422516795,1.5922108379891142,0.0491255038650706,1.462829031108413,0.1586131190997548,7.0,0.0,24.39420313344596,1.830422520637512,0.0
DAMPED_POV_L025,0,22,0.0,0.0,0.0465791755457311,0.0,0.0501417682647704,0.0,0.4192372151067261,2.88551042467678,0.8641522990042064,0.0307450280614607,30.745028061460733,4990.675300744396,0.1785684601844802,1.6144628515670274,1.6852868429850787,0.0485946409171447,1.556155861064326,0.1676011619274504,7.0,0.0,23.29099991281851,0.8988772630691528,0.0
PLAIN_FM,0,23,0.0,0.0,0.0653979298658727,0.0,0.2382348593711851,1.789076328277588,0.4477747456337355,3.201307484341164,0.8565091048535909,0.0438349813292383,43.83498132923836,7755.2719384777265,0.1643286032962937,1.3736118019431665,0.0694450020091608,0.0434094169177114,0.0,0.0,0.0,0.0,0.0,0.0,0.0
GOAL_AWARE_FINAL_PROJECTION,0,23,0.0,0.0,0.0652606389678008,0.0,0.0037904199600218,0.0,0.4588430755962036,2.8652730551799395,0.9180364916766036,0.0484515239014918,48.45152390149189,988.8149806396,0.5525344673210612,1.9431937978739344,0.1722624620306305,0.0426072159898467,0.0925082510220818,0.0105715440004132,1.0,0.0,2.7352639181377403,2.7352640628814697,0.0
NORMALIZED_POV_L1,0,23,0.0,0.0,0.0649224565529669,0.0,0.0,0.0,0.4564455193011578,2.27938563303897,0.7550006973254589,0.0193177673296532,19.317767329653293,325.30695556978185,0.4649961254810901,2.164239488246525,1.4156265649944544,0.0491263249423354,1.2859804990002883,0.1416804589680396,7.0,0.0,19.34253455626427,2.521317720413208,0.0
DAMPED_POV_L05,0,23,0.0,0.0,0.0384202830254453,0.0,0.0085889862060546,0.4936885833740234,0.4308863727283699,2.529559164416108,0.7892809414828205,0.0290551788966334,29.05517889663345,3358.8429429496364,0.3628811548943494,1.939793219888601,1.8772156069753687,0.0501310510444454,1.7461055129533634,0.1909188569989055,7.0,0.0,26.744476187925287,2.015532732009888,0.0
DAMPED_POV_L025,0,23,0.0,0.0,0.0453191820304362,0.0,0.0524464738011358,0.1562666893005371,0.4273798721622483,2.9497434811593126,0.8334058993293336,0.0317074390591658,31.70743905916584,4309.079942169121,0.1675709624001624,1.504843089806439,1.7015199870220383,0.0491383660119026,1.571283223980572,0.1746782460832037,7.0,0.0,18.198715527830053,0.7711454033851624,0.0
PLAIN_FM,0,24,0.0,0.0,0.076790390036136,0.0,0.2968080457687376,2.1831345558166504,0.449019852072857,3.224582439786497,0.9126718312741036,0.0373991438051137,37.39914380511377,6578.273212991891,0.1463108882259264,1.4792702777248483,0.0701109799556434,0.044013459875714,0.0,0.0,0.0,0.0,0.0,0.0,0.0
GOAL_AWARE_FINAL_PROJECTION,0,24,0.0,0.0,0.0153455916493549,0.0,0.0,0.0,0.4267888244703074,1.9957159575616683,0.7630451974130514,0.0120449802214469,12.04498022144692,256.71150676068555,0.5745031727642129,2.575594729078235,0.1729429389815777,0.0430430049309507,0.0927273969864472,0.0104992719716392,1.0,0.0,3.0270340089288923,3.027034044265747,0.0
NORMALIZED_POV_L1,0,24,0.0,0.0,0.0595539016007251,0.0,0.0,0.0,0.4747530515338676,2.164315933796402,0.764696930417233,0.0189229356674016,18.922935667401628,354.8797493455449,0.5107065759352925,2.327786669328244,1.1478476949851029,0.0493550890241749,1.018320445145946,0.1138773679267615,7.0,0.0,19.80400685920072,2.686817407608032,0.0
DAMPED_POV_L05,0,24,0.0,0.0,0.050300009893346,0.0,0.0,0.0,0.4468747561541775,2.538660126565039,0.8018701765281779,0.0192742554954672,19.274255495467276,2362.6334672786024,0.2842634142055731,1.9181401584155329,1.4161622510291636,0.0496591379633173,1.2860983440186828,0.1380386130767874,7.0,0.0,22.437866248186424,1.558155179023743,0.0
DAMPED_POV_L025,0,24,0.0,0.0,0.0567572119114874,0.0,3.622140884385061e-05,0.1797389984130859,0.4474838434663217,2.879303794544612,0.8459783791095774,0.0256811729201677,25.68117292016777,4011.7695942506807,0.1603233698349,1.6816356404639687,1.412750423012767,0.0502956460113637,1.2822309049661271,0.1377977592637762,7.0,0.0,22.69193015746952,0.7906489968299866,0.0
PLAIN_FM,0,25,0.0,0.0,0.0654341357507253,0.0,0.2619041618347166,0.0,0.4433050632094416,3.183373414893834,0.8871900233669746,0.0389911316535821,38.99113165358212,7286.640056815118,0.1417570626101787,1.4332985864323222,0.0701098699937574,0.0440143510932102,0.0,0.0,0.0,0.0,0.0,0.0,0.0
GOAL_AWARE_FINAL_PROJECTION,0,25,0.0,0.0,0.0470228743665442,0.0,0.0,0.0,0.4478639431183023,2.407913342408171,0.8349247007653757,0.0255581743145929,25.558174314592964,475.2208174969367,0.5071047560574826,2.345408241369485,0.1739108940237201,0.0431627390789799,0.0936308109667152,0.0110184260411188,1.0,0.0,2.637570217483656,2.637570142745972,0.0
NORMALIZED_POV_L1,0,25,0.0,0.0,0.0766137004036318,0.0,0.0035978969573973,0.0,0.4018467383252934,2.84753884220102,0.8905331476094788,0.0483176784091124,48.31767840911243,1001.3328128498692,0.491661079854645,1.8669199316589973,1.4243052729871124,0.049398680916056,1.2941193450824358,0.1409982719924301,7.0,0.0,20.21217457382188,2.3914198875427246,0.0
DAMPED_POV_L05,0,25,0.0,0.0,0.0429163138828976,0.0,0.0,0.0,0.4258940158439158,2.6587695723527123,0.8248252942795511,0.0248576865420799,24.85768654207998,2322.714826130068,0.2915407242111924,1.8380298186074997,1.505786788999103,0.0485695310635492,1.376775276963599,0.1480265420977957,7.0,0.0,25.394719688944868,1.5343936681747437,0.0
DAMPED_POV_L025,0,25,0.0,0.0,0.0465767840181964,0.0,0.0454607721805571,0.0,0.4260912258511543,2.848130449794258,0.8453858716074868,0.0290632606420511,29.063260642051198,4343.239472637311,0.1807314575426957,1.646671389050654,1.5999607050325722,0.0489143710583448,1.4701675351243466,0.159032387076877,7.0,0.0,25.399946040240795,0.8690636157989502,0.0
PLAIN_FM,0,26,0.0,0.0,0.0719346073676654,0.0,0.20882920589447,1.6542387008666992,0.4549346461672903,3.222042573956864,0.8865938581859556,0.0423192709404807,42.31927094048071,8290.096362581957,0.1581972812187166,1.4031129998102796,0.0700330979889258,0.0437557260156609,0.0,0.0,0.0,0.0,0.0,0.0,0.0
GOAL_AWARE_FINAL_PROJECTION,0,26,0.0,0.0,0.058774089044264,0.0,0.0,0.0,0.4605715338858885,2.5953015491098843,0.8405387513983903,0.0325178110291392,32.517811029139295,597.947463901419,0.4583969919534714,2.080385368491494,0.1731126339873299,0.0428461119299754,0.0928991519613191,0.0105961249792017,1.0,0.0,2.38832210509252,2.388322114944458,0.0
NORMALIZED_POV_L1,0,26,0.0,0.0,0.0258392771621293,0.0,0.0,0.0,0.4542662630858917,2.0188860185811017,0.798770627893911,0.0192750291357948,19.27502913579482,361.5691508392915,0.746785048974532,2.3307598827537834,1.7152774879941717,0.0491064839879982,1.582822848984506,0.17093516694149,7.0,0.0,23.377402729253973,3.969428062438965,0.0
DAMPED_POV_L05,0,26,0.0,0.0,0.048897133778878,0.0,0.0272321269989013,0.0,0.4057001047817054,2.9255175301301657,0.8636417860497497,0.034951767911715,34.95176791171504,3790.418821540609,0.2974159619387573,1.5258818486388883,1.6204090059618466,0.0490041220909915,1.4886729959398508,0.158162075036671,7.0,0.0,20.15180862770871,1.410831093788147,0.0
DAMPED_POV_L025,0,26,0.0,0.0,0.0520213556574916,0.0,0.0951432180047033,0.0786077976226806,0.4307834466256729,3.0208717117428643,0.8603295050114047,0.0335970075288825,33.59700752888259,5551.366370736589,0.1703675088291132,1.510961859761407,1.4339251549681649,0.0488135869964025,1.3033011830411851,0.1409047589404508,7.0,0.0,21.76902567057416,0.7201579213142395,0.0
PLAIN_FM,0,27,0.0,0.0,0.061196930106564,0.0,0.254404705429077,2.051372528076172,0.4610424253749273,3.146880234559488,0.8523308843458421,0.0430757004933995,43.0757004933996,7988.67422581332,0.1316671564392975,1.4572267897937152,0.0704591390094719,0.0441366681479848,0.0,0.0,0.0,0.0,0.0,0.0,0.0
GOAL_AWARE_FINAL_PROJECTION,0,27,0.0,0.0,0.0672123954807814,0.0,0.0,0.0,0.4737978710768251,2.7635233932886654,0.8569014756033537,0.0390346272658129,39.03462726581295,682.2561336190553,0.5101548977329382,2.0336069290382834,0.1751199860009364,0.0432443010504357,0.0941898059681989,0.0107154980069026,1.0,0.0,2.551557432475084,2.551557302474976,0.0
NORMALIZED_POV_L1,0,27,0.0,0.0,0.050709665662621,0.0,0.0,0.0,0.47072838282632,2.08202780837624,0.760707114911124,0.0200824167490094,20.082416749009457,404.5521372861849,0.6987343555558607,2.4093694547081395,1.4420845179702155,0.0491579380468465,1.3099444760591723,0.1423112460761331,7.0,0.0,20.199611671750056,3.5744216442108154,0.0
DAMPED_POV_L05,0,27,0.0,0.0,0.0503451064603693,0.0,0.0,0.0,0.4529636638396218,2.3899506881454418,0.7460672184841968,0.0217114854519387,21.7114854519387,3278.4726725723,0.3503269995954181,1.8943874902254607,1.6999376319581645,0.0487808639882132,1.5694252220564522,0.167383684834931,7.0,0.0,26.197229136215185,1.8053770065307615,0.0
DAMPED_POV_L025,0,27,0.0,0.0,0.0475452147721143,0.0,0.0315031525135038,0.5125772953033447,0.4340840540006437,2.91061926490854,0.8318183911360055,0.0330784586510315,33.07845865103154,4814.373617720813,0.1740970672891991,1.5614700140694993,1.6130994979757816,0.0495350770070217,1.481993333029095,0.1576241229195147,7.0,0.0,24.12907909510548,0.7811525464057922,0.0
PLAIN_FM,0,28,0.0,0.0,0.0673236966731432,0.0,0.2679212507247923,0.0,0.4354224763138797,3.210482596403049,0.8930969492311631,0.0435172590627924,43.51725906279244,9078.06188738232,0.1713546419155714,1.405113073553493,0.0699305059970356,0.0438239790382795,0.0,0.0,0.0,0.0,0.0,0.0,0.0
GOAL_AWARE_FINAL_PROJECTION,0,28,0.0,0.0,0.049316849460726,0.0,0.0,0.0,0.446375372627107,2.5369774747345017,0.87244132116626,0.0313177862280217,31.317786228021767,567.1204675708822,0.5238391740321082,2.129122302119665,0.1727257640450261,0.0428908230387605,0.0926262050052173,0.0105635549989528,1.0,0.0,2.6094182730120568,2.6094183921813965,0.0
NORMALIZED_POV_L1,0,28,0.0,0.0,0.020378611694483,0.0,0.0026011035919188,0.0,0.4432957317121825,2.0079633487107262,0.7976101206293779,0.0159174088458673,15.917408845867342,347.44344725727854,0.680922459786921,2.223757278352312,1.6882821309845897,0.0491016740561462,1.558471991098486,0.1688492437824607,7.0,0.0,22.284270365212837,3.437552690505981,0.0
DAMPED_POV_L05,0,28,0.0,0.0,0.0413330415454246,0.0,0.0267648265838622,0.0,0.3917860248481239,2.7102591951093733,0.8432651248023054,0.0248571600568371,24.85716005683711,2715.372520438747,0.3087580453311824,1.6459603348222072,1.6906474930001425,0.0488855889998376,1.5609077931148931,0.1702526891021989,7.0,0.0,20.160231888120485,1.45513117313385,0.0
DAMPED_POV_L025,0,28,0.0,0.0,0.0504685558688695,0.0,0.0564574764251708,0.0,0.4197144156397806,2.901991250250849,0.8500229798617236,0.0312680653721391,31.26806537213911,5656.241729112099,0.1914847818453087,1.57992198028807,1.688354864018038,0.0486411729943938,1.5592493430012837,0.1703180228359997,7.0,0.0,19.20157642252117,0.7914593815803528,0.0
PLAIN_FM,0,29,0.0,0.0,0.0693076427794716,0.0,0.2657376345634459,2.3582708835601807,0.4660139057944018,3.1888883558390027,0.8624794802495463,0.0521894706825127,52.18947068251278,11951.653291448938,0.1514968191484495,1.4440740313746527,0.0696136680198833,0.0435339008690789,0.0,0.0,0.0,0.0,0.0,0.0,0.0
GOAL_AWARE_FINAL_PROJECTION,0,29,0.0,0.0,0.0480503691934389,1.1642945185741382e-07,0.0041544006347655,0.0,0.3422357262120336,2.605662675189858,0.8328707456044917,0.0464062972831605,46.40629728316057,992.0761869027738,0.4654978782978089,2.0414287556820683,0.2638679509982466,0.0427055099862627,0.1837595109827816,0.0190934350248426,1.0,0.0,2.2720418642312223,2.2720417976379395,0.0
NORMALIZED_POV_L1,0,29,0.0,0.0,0.1187714345772812,0.0,0.0,0.0,0.5221456203287129,2.275551831450244,0.7464539356562526,0.0264387097257068,26.438709725706836,445.361215393536,0.6268450018415271,2.086896565932867,2.1448872970067896,0.0485198078677058,2.015222610149067,0.2147368989535607,7.0,0.0,22.37005170058289,3.173025131225586,0.0
DAMPED_POV_L05,0,29,0.0,0.0,0.0474694091554337,0.0,0.0538503692626952,1.0755372047424316,0.4424893853433782,2.71577467550929,0.7704460297109538,0.0404764112872876,40.47641128728763,6440.56127085097,0.4254415651765774,1.6342174484444028,1.7811077130027115,0.0485450709820725,1.6511569089489058,0.1748734838329255,7.0,0.0,26.08602793122572,2.1119914054870605,0.0
DAMPED_POV_L025,0,29,0.0,0.0,0.0409793254000499,0.0,0.0979506538391112,1.808263063430786,0.4379946646381534,2.917049817058585,0.8080756753046788,0.0421675986570018,42.16759865700181,8137.325223424629,0.191659881894906,1.5507464542748242,1.786803841998335,0.0485583710251376,1.6563481550547294,0.1758908759220503,7.0,0.0,23.77646739701365,0.7665579915046692,0.0
PLAIN_FM,0,30,0.0,0.0,0.0749443415330134,0.0,0.2333967503547667,1.1172783374786377,0.4627508028600341,3.2260413847837763,0.8835641729931072,0.0364598832352939,36.45988323529392,6076.363164243802,0.1440851181321155,1.4477485159543046,0.0696297980030067,0.0434663780615665,0.0,0.0,0.0,0.0,0.0,0.0,0.0
GOAL_AWARE_FINAL_PROJECTION,0,30,0.0,0.0,0.0401773124644116,0.0,0.0,0.0,0.4559222295803828,2.4469508267565283,0.8096452824988941,0.0258348691428169,25.83486914281698,473.4848116968532,0.4324694930651975,2.1499755341748137,0.1725050189998,0.0427674989914521,0.0924688410013914,0.0104642520309425,1.0,0.0,2.282097564960986,2.282097578048706,0.0
NORMALIZED_POV_L1,0,30,0.0,0.0,0.1582723363784984,0.0,0.0,0.0,0.7525650463612956,2.050393401743296,0.5897391497084286,0.0185750556149226,18.575055614922675,338.6341375250624,0.6349099996421079,2.3393977461526805,1.695421090000309,0.0483017349615693,1.5656374010723084,0.1717079508816823,7.0,0.0,25.587725906197868,3.4750447273254395,0.0
DAMPED_POV_L05,0,30,0.0,0.0,0.0413663498062233,0.0,0.0,0.0,0.4498619675752538,2.596441128843173,0.7931640295225509,0.0220127082608595,22.01270826085952,2102.5126327023067,0.2712628632436481,1.9593543322870333,1.6070847879745995,0.0483507768949493,1.4776530459639616,0.1613711800891906,7.0,0.0,23.827863073274205,1.5403380393981934,0.0
DAMPED_POV_L025,0,30,0.0,0.0,0.0541574262353384,0.0,0.0233675655364988,0.0,0.4580132133726941,2.864463523774604,0.81751157314936,0.0264997776219579,26.49977762195799,3811.631440635221,0.1455999970385272,1.6778622383786763,1.690331158984918,0.0481271289172582,1.5611906749545597,0.1683345109340734,7.0,0.0,23.016571849081,0.821347177028656,0.0
PLAIN_FM,0,31,0.0,0.0,0.055256236021864,0.0,0.2850718912124632,0.0918519496917724,0.4455985080199772,3.164932395871164,0.8899415178849265,0.0275668789829124,27.56687898291243,4583.492992645776,0.1345937113843086,1.399058871817501,0.0696047469973564,0.0434957689722068,0.0,0.0,0.0,0.0,0.0,0.0,0.0
GOAL_AWARE_FINAL_PROJECTION,0,31,0.0,0.0,0.0611859426261671,0.0,0.0,0.0,0.4510292971505223,2.414936339792896,0.804181918684572,0.0236173000599912,23.617300059991297,449.36485586023474,0.4614379370311903,2.1860213098012524,0.1731400950229726,0.0430243180016987,0.0927233169786632,0.0104945519706234,1.0,0.0,2.317928837190536,2.3179287910461426,0.0
NORMALIZED_POV_L1,0,31,0.0,0.0,0.0459804369524301,0.0,0.0,0.0,0.3930825642766014,2.4203029832919944,0.847139875233329,0.0281943350087075,28.19433500870755,538.7636351901759,0.5013155206854257,2.065211560660792,1.5040241230162792,0.0483608160284347,1.3747918879962526,0.1477264949353411,7.0,0.0,19.400453933760406,2.5200388431549072,0.0
DAMPED_POV_L05,0,31,0.0,0.0,0.0271681563003134,0.0,0.0,0.0,0.4326975466505753,2.616766231151153,0.8120602096964987,0.0190692827199076,19.0692827199076,1640.444911425476,0.308058071135473,1.863606868568884,1.504572487028781,0.0481532221310772,1.3757554729818366,0.1491199809242971,7.0,0.0,22.754406528964303,1.5635154247283936,0.0
DAMPED_POV_L025,0,31,0.0,0.0,0.0332101151826547,0.0,0.1192821678161619,0.0,0.42035516446322,2.9036608543905107,0.8527253739209723,0.0220703134812902,22.070313481290267,2849.932894958401,0.164206373172033,1.524634929381784,1.5987740029813722,0.0482035310124047,1.4694544860394672,0.156437964993529,7.0,0.0,22.71293879253837,0.6935091018676758,0.0
PLAIN_FM,1,0,0.0,0.0,0.0232639574472312,0.0,0.0,0.431097000837326,0.476624662658464,2.208689700016952,1.1200858245447742,0.0457724424220683,45.7724424220684,10133.282320276972,0.111956956771977,1.7538306089924391,0.0700393189908936,0.043660105089657,0.0,0.0,0.0,0.0,0.0,0.0,0.0
GOAL_AWARE_FINAL_PROJECTION,1,0,0.0,0.0,0.0160111231007601,0.0,0.0,0.0,0.2781624411730028,1.341147971911392,0.781376658705436,0.0154415359221253,15.441535922125382,444.4324745948691,0.6202623380086023,2.135460316177621,0.1732808490050956,0.0427802299382165,0.0931144880014471,0.0104971620021387,1.0,0.0,2.5670969257765432,2.567096948623657,0.0
NORMALIZED_POV_L1,1,0,0.0,0.0,0.0208418760919215,0.0,0.0090803321838377,0.0,0.2758129640978841,1.2396619498411294,0.7710478418241743,0.0118622884002466,11.862288400246612,338.6845212876466,0.7311342488312552,2.632781697835347,1.3308230959810317,0.0479287839843891,1.202209406066686,0.1316751990234479,7.0,0.0,21.382851021603845,3.1686229705810547,0.0
DAMPED_POV_L05,1,0,0.0,0.0,0.0322549851175146,0.0,0.0,0.0,0.2909957833029356,1.6631247206751838,0.9588800049833937,0.0175265713611496,17.526571361149657,2000.1961765204303,0.3625375400792393,1.8897591135759173,1.3442546559963375,0.0498005940462462,1.213016787020024,0.1337356138392351,7.0,0.0,25.17793259478953,1.3821542263031006,0.0
DAMPED_POV_L025,1,0,0.0,0.0,0.0279353253864403,0.0,0.0,0.0,0.3705803143537051,1.9113285774347188,1.026260616507454,0.0271693356286195,27.16933562861956,4864.981277438029,0.2269094492720828,1.7869598346303806,1.4302633590414189,0.0488591601606458,1.2999496549600735,0.138807836046908,7.0,0.0,23.7581859671128,0.7507437467575073,0.0
PLAIN_FM,1,1,0.0,0.0,0.0292267517574451,0.0,0.0,0.340576171875,0.4959278232346338,2.1396053404908915,1.0738480903454093,0.0447030605903927,44.70306059039279,9513.875025195006,0.1263138758616001,1.8148175337889332,0.071181018021889,0.0444745329441502,0.0,0.0,0.0,0.0,0.0,0.0,0.0
GOAL_AWARE_FINAL_PROJECTION,1,1,0.0,0.0,0.0243773416502481,0.0,0.0,0.0,0.3031671099532625,1.2553997479976295,0.7506468105718144,0.0118041099711012,11.804109971101262,367.7774156732205,0.6267558589540234,2.570131420828942,0.1743994189891964,0.0431683220085687,0.0934898170526139,0.0104432909865863,1.0,0.0,2.4565984969833963,2.4565985202789307,0.0
NORMALIZED_POV_L1,1,1,0.0,0.0,0.0073192488527885,0.0,0.0,0.0,0.3071826383035519,1.0889505978979612,0.613967305081947,0.0037893035533587,3.789303553358714,145.88832716553313,0.7274222705508928,2.9016536091419205,1.52502674999414,0.0508577109430916,1.39238946698606,0.1519329861039295,7.0,0.0,21.47651810288291,3.104619264602661,0.0
DAMPED_POV_L05,1,1,0.0,0.0,0.0320259936738527,0.0,0.0,0.0,0.3418853044336423,1.3132946617352383,0.8180906842322043,0.0137193647605294,13.719364760529428,2480.08105100595,0.4333690914344231,2.3795238070330225,1.4310283300001174,0.0496586000081151,1.3003817470744252,0.1408349470002576,7.0,0.0,23.16312330584845,1.6814768314361572,0.0
DAMPED_POV_L025,1,1,0.0,0.0,0.032842100659314,0.0,0.0,0.0,0.387137391223812,1.8246872496621245,0.9719357544738908,0.0270677934365038,27.06779343650384,4897.920179725928,0.2552644339399404,1.9117321275124013,1.5322670789901167,0.0506277851527556,1.3996484050294384,0.1482950289500877,7.0,0.0,18.35557940179673,0.7066610455513,0.0
PLAIN_FM,1,2,0.0,0.0,0.0264557565011625,0.0,0.0,0.0595760345458984,0.4793752044418321,2.226107579916338,1.1022791121549371,0.0401852570943137,40.1852570943138,7890.860343613406,0.102323470845122,1.7751870256176974,0.071157777972985,0.0444814140792004,0.0,0.0,0.0,0.0,0.0,0.0,0.0
GOAL_AWARE_FINAL_PROJECTION,1,2,0.0,0.0,0.0286974345331887,0.0,0.0,0.0,0.305446950374661,1.2365757714215009,0.6835943784575217,0.0120200167231052,12.020016723105265,407.3146609426815,0.6422792641458974,2.508828256472399,0.1750196850043721,0.0433643359574489,0.0938316070241853,0.0107201689970679,1.0,0.0,2.6880217558740327,2.688021659851074,0.0
NORMALIZED_POV_L1,1,2,0.0,0.0,0.015208451259595,0.0,0.0033326562881468,0.0,0.2094253862558965,1.4389987233954848,0.919675638522003,0.019864140999827,19.86414099982703,510.7449806932785,0.638708801895586,2.1191828744510537,1.2504025510279462,0.0492821470834314,1.119300457125064,0.1246091339853592,7.0,0.0,21.835455039901525,2.6019089221954346,0.0
DAMPED_POV_L05,1,2,0.0,0.0,0.0333219161833782,0.0,0.0,0.0,0.290871005338043,1.714050356461438,0.9570238854275256,0.0179081248397987,17.908124839798756,1541.414577917255,0.364985960923604,1.8537366955530363,1.344146434974391,0.0491689970949664,1.213288437051233,0.1370060881017707,7.0,0.0,20.137165656824223,1.358166217803955,0.0
DAMPED_POV_L025,1,2,0.0,0.0,0.0302118225641894,0.0,0.0,0.0,0.3706025819604027,1.9119392231304293,1.007091743102504,0.025067599366612,25.06759936661207,3838.572550687313,0.2194886477446764,1.82648640204906,1.428882315987721,0.0510317750740796,1.2970426509273238,0.1400051838136278,7.0,0.0,21.504460794725407,0.6923019289970398,0.0
PLAIN_FM,1,3,0.0,0.0,0.0268345613677227,0.0,0.0,0.841413140296936,0.4495727942402497,2.2087819723976843,1.10537090273446,0.0453211222079992,45.32112220799921,10097.702442013182,0.1152251896274185,1.7465013863692178,0.0705142609658651,0.0441806690068915,0.0,0.0,0.0,0.0,0.0,0.0,0.0
GOAL_AWARE_FINAL_PROJECTION,1,3,0.0,0.0,0.026497895696827,0.0,0.0,0.0,0.3319482296248501,1.2659615772230488,0.6287883142133758,0.0104568635371782,10.45686353717823,325.53985783394523,0.7500407631010244,2.7241594305785366,0.1743473469978198,0.0432128920219838,0.0936770330299623,0.0105991159798577,1.0,0.0,3.234394878967827,3.234394788742065,0.0
NORMALIZED_POV_L1,1,3,0.0,0.0,0.0119663843979673,0.0,0.0,0.0,0.2417301732115656,0.9306858223608844,0.6825897798411789,0.0031416481115602,3.141648111560258,134.9284234677839,0.6101735254831065,2.596476891611739,1.0627174280234613,0.049572738003917,0.9325418969383464,0.1033607940771617,7.0,0.0,17.753860440188316,2.5682625770568848,0.0
DAMPED_POV_L05,1,3,0.0,0.0,0.0333870005966754,0.0,0.0,0.0,0.3236088617084879,1.4366311082383514,0.8581774497443109,0.0146009955380528,14.600995538052832,2278.0190996512406,0.4343417768663123,2.190323010011042,1.0650890989927575,0.0495328658143989,0.9343976650270632,0.1028125179582275,7.0,0.0,17.364664795485247,1.7136812210083008,0.0
DAMPED_POV_L025,1,3,0.0,0.0,0.0301285878802857,0.0,0.0,0.0,0.3532187169545349,1.886481459324229,1.0105292837921247,0.0269299125308175,26.92991253081756,4870.897942792641,0.2416537865658391,1.831755519854465,1.0620690109790305,0.0491324659669771,0.9316083728917874,0.1022805349784903,7.0,0.0,17.75475826153123,0.7126564383506775,0.0
PLAIN_FM,1,4,0.0,0.0,0.0260516345301548,0.0,0.0,0.5685862898826599,0.4546546761152336,2.206880576482378,1.1175605637776578,0.0370068479919138,37.0068479919138,6615.22641706326,0.1228646072990146,1.7868849240157116,0.0703452369780279,0.0439586730208247,0.0,0.0,0.0,0.0,0.0,0.0,0.0
GOAL_AWARE_FINAL_PROJECTION,1,4,0.0,0.0,0.0202417175604198,0.0,0.0,0.0,0.2448398639212456,1.4355720821687477,0.8496933049825296,0.0173177304670035,17.317730467003578,477.6682361687711,0.6069476118654908,2.046945155263911,0.174062751000747,0.0430269780335947,0.0935566299594938,0.0106374860042706,1.0,0.0,2.367672699991791,2.367672681808472,0.0
NORMALIZED_POV_L1,1,4,0.0,0.0,0.0179617151420661,0.0,0.0,0.0,0.1698738776410926,1.4739356726286807,0.9464379602775508,0.0210484041319152,21.04840413191522,548.644839733492,0.5445056061909606,2.097175284150441,1.5206562200328335,0.0487673269235529,1.3905872320756316,0.1486670619342476,7.0,0.0,21.67165470658789,2.039735794067383,0.0
DAMPED_POV_L05,1,4,0.0,0.0,0.0335639949559445,0.0,0.0,0.0,0.2816531522933648,1.6653381865986765,0.9640367623946228,0.0167098760421895,16.709876042189542,1461.9769329571984,0.3717338709516531,1.936373139657332,1.2456724499934353,0.0490430529462173,1.1154266090597955,0.1206427928991615,7.0,0.0,18.60581575919943,1.299558162689209,0.0
DAMPED_POV_L025,1,4,0.0,0.0,0.0299914234282461,0.0,0.0,0.0,0.3594934736333198,1.9227032769001848,1.025664383528622,0.0235516933172835,23.551693317283576,3307.173630224058,0.2338131937802582,1.827021053282926,1.2452022179495543,0.0488294379319995,1.115375166060403,0.1219983290066011,7.0,0.0,15.092385814074364,0.6406118273735046,0.0
PLAIN_FM,1,5,0.0,0.0,0.0283119816785198,0.0,0.0,1.1642885208129885,0.4646499558538081,2.155282218033726,1.11072559583367,0.0464548335387211,46.45483353872115,10143.732270500785,0.119556379935325,1.816588513772786,0.0702059039613232,0.0438157579046674,0.0,0.0,0.0,0.0,0.0,0.0,0.0
GOAL_AWARE_FINAL_PROJECTION,1,5,0.0,0.0,0.0127158238013807,0.0,0.0,0.0,0.2710856917266843,1.3294419844885044,0.8122474473947431,0.015216807524407,15.216807524407017,439.34134854719525,0.6110473309007699,2.2173246721098927,0.1737540329922922,0.0428951740614138,0.0933400740032084,0.0106037060031667,1.0,0.0,2.397511541658823,2.397511482238769,0.0
NORMALIZED_POV_L1,1,5,0.0,0.0,0.0163006590619044,0.0,0.0,0.0,0.2472791174010707,1.2932046815247016,0.8417215432422919,0.0132068403987704,13.206840398770405,404.2202966227926,0.7144234085381926,2.7843506328999914,1.3380400690366514,0.0488763489993289,1.207828996994067,0.1308046240010298,7.0,0.0,23.248288243330038,2.981936454772949,0.0
DAMPED_POV_L05,1,5,0.0,0.0,0.034804033046914,0.0,0.0,0.0,0.3117951818670927,1.474225891783124,0.9100109669988352,0.0165687347389231,16.568734738923173,2197.47855236494,0.4237153240545825,2.277595049334475,1.5242329459870234,0.0487832070793956,1.3940089819952846,0.1485920190461911,7.0,0.0,26.958398931201312,1.606844425201416,0.0
DAMPED_POV_L025,1,5,0.0,0.0,0.0319248829757973,0.0,0.0,0.0,0.3764997583851787,1.8000210057439727,1.0003659695239708,0.0274204983903172,27.42049839031724,5042.913600043965,0.2442678849003819,1.967155936264768,1.4243996630539186,0.0486413821345195,1.2946000510128215,0.1357251339359209,7.0,0.0,23.142079265347625,0.7163429260253906,0.0
PLAIN_FM,1,6,0.0,0.0,0.0256041676932789,0.0,0.0,0.876004695892334,0.4851561533772831,2.1468621024949828,1.0795237967093545,0.0416057999659883,41.60579996598837,8818.212301574375,0.1119768495168985,1.7387161324484277,0.0702815449913032,0.0438518470618873,0.0,0.0,0.0,0.0,0.0,0.0,0.0
GOAL_AWARE_FINAL_PROJECTION,1,6,0.0,0.0,0.0188322013483886,0.0,0.0015868362426756,0.0,0.1891193775617344,1.5190371663691573,0.9943863870138344,0.0215719292256884,21.571929225688404,536.1351038146056,0.5955168001218962,2.620103302808232,0.2651383850025013,0.0429398860433138,0.1845211219624616,0.0187597380136139,1.0,0.0,2.486898232012686,2.486898183822632,0.0
NORMALIZED_POV_L1,1,6,0.0,0.0,0.0119193057071123,0.0,0.0,0.0,0.2774680488450163,1.2631542625832832,0.8178408294581282,0.0115250753346956,11.5250753346956,324.220874497172,0.753909669432711,2.836006386530057,1.2490955300163478,0.0504222279996611,1.1167417040560397,0.1206962639116682,7.0,0.0,19.21571833674638,3.237196207046509,0.0
DAMPED_POV_L05,1,6,0.0,0.0,0.0328879513779178,0.0,0.0,0.0,0.3773343333893327,1.3011718143205486,0.7888351690781426,0.0112746683424587,11.274668342458718,1976.6634541918515,0.4307603456915277,2.417961265499054,1.247925720002968,0.049529277079273,1.1172524989815429,0.1207193649606779,7.0,0.0,19.26429308330735,1.8649108409881592,0.0
DAMPED_POV_L025,1,6,0.0,0.0,0.0290086321550041,0.0,0.0,0.0,0.4087119626215962,1.6684714896396369,0.9516013957548806,0.0233733345615044,23.37333456150448,4700.47029499232,0.2581536163696999,2.039456586400934,1.1529470440000296,0.0504176199901849,1.0216697149444371,0.111206708010286,7.0,0.0,21.00509516790208,0.940571665763855,0.0
PLAIN_FM,1,7,0.0,0.0,0.0288845343374523,0.0,0.0,0.7495115324854851,0.4677762031772868,2.152781908499099,1.095481463570936,0.0562838141317674,56.2838141317674,12427.19212717758,0.12189560666906,1.78818154850702,0.0704684299998916,0.0440816550981253,0.0,0.0,0.0,0.0,0.0,0.0,0.0
GOAL_AWARE_FINAL_PROJECTION,1,7,0.0,0.0,0.034045718730658,0.0,0.0,0.0,0.3456125493698637,1.2202211281090003,0.734074030937655,0.0111362991722785,11.13629917227854,363.5690484112608,0.6931494194488451,2.693225325552332,0.1742792359436862,0.0430509580182842,0.0936827629921026,0.0106751179555431,1.0,0.0,2.8528497069342222,2.8528497219085693,0.0
NORMALIZED_POV_L1,1,7,0.0,0.0,0.0111243898971454,0.0,0.0,0.0,0.1405940878974602,1.600169819311558,1.0107038792431284,0.0258430939437359,25.84309394373596,710.6671842214141,0.7122741263231673,3.0741955631733724,1.7102381080039777,0.0495032949838787,1.579026211053133,0.1685294350609183,7.0,0.0,29.44562068336069,3.1293320655822754,0.0
DAMPED_POV_L05,1,7,0.0,0.0,0.0353329536946285,0.0,0.0,0.0,0.2929274335091169,1.5631863762011782,0.935607692643595,0.0214700962386729,21.47009623867291,3004.462512451544,0.3785920965537419,2.1073650980133896,1.7051510970341042,0.0493637629551813,1.5745242949924432,0.1694795938092284,7.0,0.0,23.23657715632624,1.3253369331359863,0.0
DAMPED_POV_L025,1,7,0.0,0.0,0.0323467979837576,0.0,0.0,0.0,0.380494084024591,1.777774755507208,0.982727172109398,0.0336411593802169,33.64115938021695,6277.789931622003,0.2437890692540234,2.0006565665217235,1.6120940300170332,0.0487548559904098,1.4824437040369958,0.1589438370428979,7.0,0.0,27.70662126030061,0.7434293627738953,0.0
PLAIN_FM,1,8,0.0,0.0,0.0217126850484498,0.0,0.0,0.7065367698669434,0.5174898734794546,2.2935875693044863,1.1261908959682143,0.0438634378432909,43.86343784329091,8634.710132871482,0.1130123832588634,1.7577975990078771,0.0702876950381323,0.043904390069656,0.0,0.0,0.0,0.0,0.0,0.0,0.0
GOAL_AWARE_FINAL_PROJECTION,1,8,0.0,0.0,0.0232127273085931,0.0,0.0,0.0,0.3458606756747412,1.1878562495275593,0.6581879265212678,0.0117103736302235,11.710373630223536,359.58827145226024,0.6569370855786403,2.3849475742571404,0.1739195979898795,0.0430676259566098,0.093230921018403,0.0104834920493885,1.0,0.0,2.8959957724684657,2.895995616912842,0.0
NORMALIZED_POV_L1,1,8,0.0,0.0,0.0203275891417437,0.0,0.0,0.0,0.0454157428472263,1.4816054975799346,1.0397808791824927,0.0219010797300795,21.901079730079505,550.5120682988932,0.4879021525644086,2.051991703870365,1.512247636972461,0.048619532957673,1.3825952900224363,0.1428360429126769,7.0,0.0,14.64979004488221,1.9321895837783811,0.0
DAMPED_POV_L05,1,8,0.0,0.0,0.0321772016533536,0.0,0.0,0.0,0.3345697865293259,1.552593181377178,0.902633230715312,0.0160004210772839,16.000421077283942,1999.9141641928288,0.375141765254429,2.0605883876126665,1.5100285510416145,0.0487617158796638,1.3802382899448276,0.1434528169338591,7.0,0.0,21.64666747252142,1.578001618385315,0.0
DAMPED_POV_L025,1,8,0.0,0.0,0.0274928045709563,0.0,0.0,0.0,0.4103316844304316,1.8818881695633645,1.009907205843213,0.0261399041318922,26.139904131892266,4491.7607930453405,0.225609089757955,1.885646255193556,1.3404131449642591,0.0487486048368737,1.2106449049897492,0.1288668671622872,7.0,0.0,20.949324052058,0.8613858819007874,0.0
PLAIN_FM,1,9,0.0,0.0,0.024650319515392,0.0,0.0,0.0,0.4675222526979545,2.137647475053577,1.0590582527037486,0.0391464449230859,39.1464449230859,8039.5213358707715,0.0980966124122456,1.8375387681116864,0.0712391409906558,0.0444525050697848,0.0,0.0,0.0,0.0,0.0,0.0,0.0
GOAL_AWARE_FINAL_PROJECTION,1,9,0.0,0.0,0.0109908989971573,0.0,0.0,0.0,0.2942474784141672,1.5900061731761197,0.8790427235349206,0.0232864310965634,23.28643109656348,630.8901304832303,0.6254962979865406,1.8944898397863028,0.1777582769864238,0.0438143580104224,0.0955670119728893,0.0108879230101592,1.0,0.0,2.605175544912112,2.605175495147705,0.0
NORMALIZED_POV_L1,1,9,0.0,0.0,0.0050472659948728,0.0,0.0,0.0,0.2188929416882126,1.556636803792911,0.975394684413106,0.0232435189222055,23.243518922205556,604.9868593261286,0.6680664777461252,2.1416267620781038,1.355892777966801,0.049569628026802,1.2239441890269518,0.1333300620317459,7.0,0.0,24.14672289228207,2.769661664962769,0.0
DAMPED_POV_L05,1,9,0.0,0.0,0.032313002041645,0.0,0.0,0.0,0.3109299737729999,1.609801553609209,0.9517639113947018,0.017122236399329,17.12223639932908,1707.622987923929,0.3803161269200332,2.0101376500387147,1.530731400009245,0.0490074129775166,1.4000963870203122,0.1491978839039802,7.0,0.0,27.90589135539539,1.4617966413497925,0.0
DAMPED_POV_L025,1,9,0.0,0.0,0.0280031813258656,0.0,0.0,0.0,0.380798145758203,1.88189222746238,1.0056822909314018,0.0252259467182063,25.225946718206384,4040.599142190331,0.2369565143604871,1.8159717317564303,1.245524110971019,0.0485518121276982,1.1158683118992485,0.121990118001122,7.0,0.0,22.14456600064375,0.843187153339386,0.0
PLAIN_FM,1,10,0.0,0.0,0.0278752200852186,0.0,0.0,0.6482911109924316,0.4640792153398366,2.190802550117072,1.097249945133866,0.0432825678914031,43.28256789140311,9101.850284645972,0.1005252641678358,1.7946258032660698,0.070259645988699,0.0438859380665235,0.0,0.0,0.0,0.0,0.0,0.0,0.0
GOAL_AWARE_FINAL_PROJECTION,1,10,0.0,0.0,0.0321656168005483,0.0,0.0,0.0,0.3232344076838582,1.1715339252854446,0.6486542140966859,0.0100746157743127,10.07461577431279,356.7841069288313,0.6863315704152532,2.699191636057316,0.1743378880200907,0.0431752809672616,0.0936249220394529,0.0105442439671605,1.0,0.0,2.930979104801703,2.9309792518615723,0.0
NORMALIZED_POV_L1,1,10,0.0,0.0,0.0300628604348391,0.0,0.0,0.0,0.2577526870106361,1.3264836652465557,0.927868143038682,0.0187116579732302,18.71165797323027,536.4797455521319,0.6677662617423876,2.713870432121209,1.2465908490121365,0.0488547789864242,1.1165480130002834,0.121947915002238,7.0,0.0,21.995025176053023,2.7861006259918213,0.0
DAMPED_POV_L05,1,10,0.0,0.0,0.0349054328439512,0.0,0.0,0.0,0.2918749905810594,1.5850076603620458,0.9362339260919778,0.0167865153883615,16.78651538836151,1950.093551108356,0.3816954316265374,2.01838981695145,1.1534239600296132,0.0487753050401806,1.0235990960500203,0.113315274764318,7.0,0.0,20.274446353591024,1.440724492073059,0.0
DAMPED_POV_L025,1,10,0.0,0.0,0.031615307441317,0.0,0.0,0.0,0.3623103963958914,1.8835722696597408,1.007950908946892,0.0259991450389588,25.999145038958844,4397.681627224647,0.2339054026277636,1.8449970958330435,1.1498159769689664,0.0486866659484803,1.0201723970239982,0.1109261600649915,7.0,0.0,19.92741068662736,0.7571596503257751,0.0
PLAIN_FM,1,11,0.0,0.0,0.0219059776170445,0.0,0.0,1.03543221950531,0.463619861094567,2.1540544985847565,1.1236730509377155,0.0435275760269943,43.52757602699434,9719.101264196566,0.1161622539409105,1.7679536060793428,0.0702236240031197,0.043835929071065,0.0,0.0,0.0,0.0,0.0,0.0,0.0
GOAL_AWARE_FINAL_PROJECTION,1,11,0.0,0.0,0.0272184846544332,0.0,0.0,0.0,0.3012600101615143,1.1888223887251754,0.7674842594416562,0.0096313866073325,9.631386607332535,322.84711603018934,0.6374408948082921,2.7136864607310014,0.1734908359940163,0.0430961980600841,0.0929838049924001,0.0104391410131938,1.0,0.0,2.6323634066325328,2.6323633193969727,0.0
NORMALIZED_POV_L1,1,11,0.0,0.0,0.0242611752195788,0.0,0.0,0.0,0.178595771341235,1.279174911444624,0.852683301906123,0.013500392924465,13.500392924465032,359.5235171939492,0.6122025635511723,2.3242249224390186,1.3362829399993643,0.048878570087254,1.205792751046829,0.1288621798157692,7.0,0.0,14.200190390859513,2.344279289245605,0.0
DAMPED_POV_L05,1,11,0.0,0.0,0.0310885253696163,0.0,0.0,0.0,0.3124885823611437,1.4989426712134148,0.9292710829051132,0.0149256543714535,14.925654371453543,2122.6770408515395,0.3768213430771882,2.125234461740287,1.243789658008609,0.0485452110879123,1.1141151700285263,0.1168668850441463,7.0,0.0,14.625867160361034,1.328702449798584,0.0
DAMPED_POV_L025,1,11,0.0,0.0,0.0263635532347417,0.0,0.0,0.0,0.3828276226165614,1.7791508059064784,1.008758476364398,0.0248858519354954,24.88585193549542,4898.616871057282,0.2344775087638075,1.9517829426970752,1.2390799960121512,0.0484822881408035,1.109872208966408,0.1188232569256797,7.0,0.0,14.895786100022876,0.6667317748069763,0.0
PLAIN_FM,1,12,0.0,0.0,0.0206854313037952,0.0,0.0,1.1146903783082962,0.4766785589164261,2.207701558874557,1.1074004350613735,0.0435728035687545,43.57280356875454,8898.506902140649,0.0916220651637737,1.774030194350184,0.0701082710293121,0.0437782669905573,0.0,0.0,0.0,0.0,0.0,0.0,0.0
GOAL_AWARE_FINAL_PROJECTION,1,12,0.0,0.0,0.0374370071546624,0.0,0.0,0.0,0.3165898944167413,1.1438480749254156,0.6299073612410422,0.0084328215224349,8.432821522434963,361.0837595560135,0.5925953149231926,2.5029933209379776,0.1737253830069676,0.0430540691013447,0.0931669200072065,0.0105932650039903,1.0,0.0,2.460272240844433,2.460272312164306,0.0
NORMALIZED_POV_L1,1,12,0.0,0.0,0.0227890572071865,0.0,0.0,0.0,0.2040792900412402,1.2510575400391093,0.8605080244287047,0.0148850840274423,14.885084027442376,451.887852680688,0.6431086805843211,2.513230440971701,1.3331997909699569,0.0485760809970088,1.203005357994698,0.1258205180638469,7.0,0.0,22.297471532712084,2.650806665420532,0.0
DAMPED_POV_L05,1,12,0.0,0.0,0.030408613504478,0.0,0.0,0.0,0.2957375027996169,1.6375027171307386,0.9482440873986546,0.0178090814906397,17.809081490639755,1911.1687866339096,0.3581511646278296,1.9674167721889253,1.3285588010330684,0.0481948009692132,1.199229090008885,0.1257259278791025,7.0,0.0,22.14758573555628,1.3351274728775024,0.0
DAMPED_POV_L025,1,12,0.0,0.0,0.0256331798273677,0.0,0.0,0.0,0.3750638104246047,1.876163244628179,1.0039484325469397,0.0261919773850414,26.19197738504148,4343.480093598779,0.2252007350838937,1.86998275899388,1.3313023729715496,0.0483463160344399,1.2017053259769457,0.1262712721363641,7.0,0.0,23.398592919971296,0.7368461489677429,0.0
PLAIN_FM,1,13,0.0,0.0,0.0275728069058809,0.0,0.0,1.6930294036865234,0.4693927854290308,2.187748816510927,1.117107506525283,0.0539393678997915,53.93936789979159,12865.554004954593,0.1025803908632274,1.8101989649913253,0.0704430599580518,0.0439553820178844,0.0,0.0,0.0,0.0,0.0,0.0,0.0
GOAL_AWARE_FINAL_PROJECTION,1,13,0.0,0.0,0.032502577597668,0.0,0.0,0.0,0.3413761722512605,1.0325331422681812,0.5771790782948112,0.0049413970872977,4.941397087297794,189.2629862075168,0.7031175691857852,2.876792116879623,0.1744105410180054,0.0453745519625954,0.0914808759698644,0.0106285359943285,1.0,0.0,3.0069263034979,3.0069262981414795,0.0
NORMALIZED_POV_L1,1,13,0.0,0.0,0.0320320054503842,0.0,0.0,0.0,0.241575352561972,1.2051632416745672,0.7179368556515267,0.0070424617224891,7.042461722489124,241.18832356754277,0.6206204631953746,2.6329779266379667,1.6125868399976753,0.0524505240609869,1.4788092639064416,0.1635931489872746,7.0,0.0,18.12545720323852,2.4903621673583984,0.0
DAMPED_POV_L05,1,13,0.0,0.0,0.0343855680600461,0.0,0.0,0.0,0.3287628509899284,1.5010425606103606,0.8799426755376908,0.0150824042863131,15.082404286313135,2284.234201098845,0.3717500398979491,2.2091896420941404,1.51818908698624,0.0507702399045228,1.386795133992564,0.1514233410707675,7.0,0.0,18.38498025589715,1.374167799949646,0.0
DAMPED_POV_L025,1,13,0.0,0.0,0.0308532357750915,0.0,0.0,0.0,0.3556771739422201,1.8645946141094671,1.0436746188063732,0.0304823522587275,30.48235225872753,6035.465786329119,0.2317887259161593,1.990251497883071,1.6137665809947066,0.0497127610142342,1.4829274319345132,0.1603626771247945,7.0,0.0,18.173018937745084,0.6790325045585632,0.0
PLAIN_FM,1,14,0.0,0.0,0.0239512047209243,0.0,0.0,0.5195346474647522,0.457930354782623,2.16764597281898,1.1038831827132924,0.0427699905732708,42.76999057327086,9194.656797320358,0.1076949043550505,1.7625791515843094,0.0716351399896666,0.044705192965921,0.0,0.0,0.0,0.0,0.0,0.0,0.0
GOAL_AWARE_FINAL_PROJECTION,1,14,0.0,0.0,0.0143150416195597,0.0,0.0,0.0,0.1847422221569353,1.5323279903760705,1.0014314787641985,0.0224452832712845,22.445283271284588,547.3785067788228,0.5191645326625611,2.1774082195797058,0.2655602080048993,0.043474760139361,0.184141453995835,0.0182950250455178,1.0,0.0,1.9726532316287395,1.9726532697677608,0.0
NORMALIZED_POV_L1,1,14,0.0,0.0,0.0178471502788154,0.0,0.0086785968780516,0.0,0.1900469589405493,1.4148434718040246,0.9515206174443464,0.0198916047452932,19.89160474529328,506.1057051469753,0.6112161115648495,2.180572196717387,1.2390446469653398,0.0484911409439519,1.1095926359994337,0.1198839129065163,7.0,0.0,19.94558137581123,2.3937618732452397,0.0
DAMPED_POV_L05,1,14,0.0,0.0,0.0323255398924237,0.0,0.0,0.0,0.3030645735878727,1.4741542902077232,0.8977124300207656,0.0144940906801269,14.494090680126972,1760.7337641267536,0.4491195293617219,2.1193284828264654,1.2405256860074587,0.0493798141833394,1.110119947057683,0.1216258599306456,7.0,0.0,19.47373568961588,1.7382463216781616,0.0
DAMPED_POV_L025,1,14,0.0,0.0,0.0283345774810592,0.0,0.0,0.0,0.3569854411741819,1.875733836911841,1.0195338594327972,0.0253046322520052,25.304632252005245,4231.482648818657,0.2423290556187587,1.7994416430837152,1.2381559850182384,0.0492465788847766,1.1080717949662358,0.1218017858336679,7.0,0.0,19.33812692853244,0.7228918075561523,0.0
PLAIN_FM,1,15,0.0,0.0,0.0275220405921284,0.0,0.0,0.3492516279220581,0.4509178203241537,2.192263571435428,1.1056028067604415,0.0509365420022255,50.9365420022256,11541.584259025072,0.0860834087196137,1.786834624231069,0.069793633010704,0.0436391950352117,0.0,0.0,0.0,0.0,0.0,0.0,0.0
GOAL_AWARE_FINAL_PROJECTION,1,15,0.0,0.0,0.010522451776965,0.0,0.0098170455932615,0.0,0.2704775539886937,1.6615558386674607,0.954157928808289,0.0265182133281707,26.518213328170795,673.2165844487618,0.5587752612660793,2.276701039519159,0.2636039979988709,0.0426895790733397,0.1835754680214449,0.0187528069945983,1.0,0.0,2.2294923187931297,2.2294921875,0.0
NORMALIZED_POV_L1,1,15,0.0,0.0,0.0146075702777311,0.0,0.0,0.0,0.1118350827756727,1.4424116726959373,0.9833427097882697,0.0202016378392564,20.20163783925649,539.3771901341161,0.5215200404585151,2.3664835052314968,1.611215137003455,0.0507773089921101,1.4793790399562567,0.1592458170489408,7.0,0.0,20.328073367410045,2.06181001663208,0.0
DAMPED_POV_L05,1,15,0.0,0.0,0.0343477882930345,0.0,0.0,0.0,0.309875705081978,1.4898867980205257,0.929330689288444,0.0175088559949987,17.508855994998736,2581.618524712881,0.406193940731085,2.219663267671797,1.4238156990031712,0.0490453040692955,1.2942419740720652,0.1399570461944677,7.0,0.0,20.05682786793793,1.6285364627838137,0.0
DAMPED_POV_L025,1,15,0.0,0.0,0.0310634676516074,0.0,0.0,0.0,0.3720417209005878,1.7975450885373088,1.0083324529944735,0.0301274317670077,30.12743176700772,5969.599955141003,0.2520958489541959,1.964366974846318,1.4271951469709163,0.049272158939857,1.2964928399887867,0.1426867190166376,7.0,0.0,22.858481265402343,0.9255000948905944,0.0
PLAIN_FM,1,16,0.0,0.0,0.0271562201449104,0.0,0.0,2.0816755294799805,0.5152760550087521,2.1653320360053288,1.0733832415358868,0.0467579620847282,46.757962084728206,10489.313955165271,0.0873458561053941,1.813661427241688,0.0702173840254545,0.0438119671307504,0.0,0.0,0.0,0.0,0.0,0.0,0.0
GOAL_AWARE_FINAL_PROJECTION,1,16,0.0,0.0,0.0118392462796075,0.0,0.0,0.0,0.2971693013605976,1.5574991462838146,0.8402429552959796,0.0199704886121532,19.970488612153225,516.1286975887691,0.6534540363260526,1.9066919066870216,0.1735864600050263,0.0428792150341905,0.0932674329960718,0.0106953480280935,1.0,0.0,2.7158770734873903,2.715877056121826,0.0
NORMALIZED_POV_L1,1,16,0.0,0.0,0.020593517347945,0.0,0.0063414987564085,0.0,0.2113075947636206,1.462217353114017,0.9310152039075108,0.0217857222780715,21.78572227807152,563.7405264713458,0.5907248675337178,2.104292922356485,1.4313534050015733,0.0490910950466059,1.3008684458909556,0.1395467949914746,7.0,0.0,19.42365720516594,2.432223081588745,0.0
DAMPED_POV_L05,1,16,0.0,0.0,0.0341194011902485,0.0,0.0,0.0,0.359975826943418,1.64442150348322,0.9140858206095636,0.0197445409581737,19.7445409581738,2420.645342745642,0.3658493667128399,1.8941462590773863,1.3387142390129156,0.0490273519535549,1.2082141379942186,0.1287633529282175,7.0,0.0,23.144373563913177,1.4295947551727295,0.0
DAMPED_POV_L025,1,16,0.0,0.0,0.0309229751159152,0.0,0.0,0.3515791893005371,0.3999706747001205,1.9243670904577168,1.0041715458793052,0.0271831686382493,27.183168638249352,4692.298167705644,0.2201486925819354,1.785415363940282,1.5117860460304655,0.0486500230035744,1.382349160965532,0.1441855091252364,7.0,0.0,19.58328809704095,0.751200258731842,0.0
PLAIN_FM,1,17,0.0,0.0,0.0263617577416027,0.0,0.0,1.6835567355155945,0.4382922447588144,2.2021292273019304,1.107949846330789,0.051993674089405,51.99367408940503,11917.52273192368,0.1208404542988902,1.7482245755371126,0.07031687698327,0.0439678939292207,0.0,0.0,0.0,0.0,0.0,0.0,0.0
GOAL_AWARE_FINAL_PROJECTION,1,17,0.0,0.0,0.0311288904099907,0.0,0.0,0.0,0.3253007926733534,1.2244013472250652,0.7178526332473432,0.0099399596361777,9.939959636177775,299.3173492969348,0.7527298380847027,2.9092505975288425,0.1764002129784785,0.0433982170652598,0.0948752950062044,0.0107801400008611,1.0,0.0,3.210249477454089,3.210249662399292,0.0
NORMALIZED_POV_L1,1,17,0.0,0.0,0.0239037474688219,0.0,0.0,0.0,0.3412946710263869,1.2190440443641914,0.6577243268058769,0.006912070860114,6.912070860114028,241.38905136856795,0.8342319362148038,3.0833826173450376,1.337081357021816,0.0488646800513379,1.2070504589937627,0.1311008280026726,7.0,0.0,21.19955939840807,3.630722999572754,0.0
DAMPED_POV_L05,1,17,0.0,0.0,0.0338423022881226,0.0,0.0,0.0,0.3334805641450082,1.394538499286224,0.8518765484971456,0.0152345545136867,15.234554513686716,2629.860632357373,0.4415733725132733,2.265768843816968,1.2444199699675664,0.0488382799667306,1.1142806879943237,0.1236873629968613,7.0,0.0,22.004755297855123,1.6917774677276611,0.0
DAMPED_POV_L025,1,17,0.0,0.0,0.0300470984427135,0.0,0.0,0.0,0.3656610915381544,1.7483573461173718,0.9903507385178442,0.029012249712963,29.01224971296301,5979.310517662151,0.2833639410252334,2.02663590289441,1.3377103349776007,0.0486308839754201,1.2076067259185947,0.1312466999515891,7.0,0.0,21.41275002769241,0.9297417998313904,0.0
PLAIN_FM,1,18,0.0,0.0,0.0249808033363292,0.0,0.0,1.2352930195629597,0.4645200645544488,2.1691610259476715,1.08737448585871,0.0598547959257803,59.85479592578031,15674.804958179338,0.1039761647418258,1.732391353034695,0.0702940769842825,0.0439438130124472,0.0,0.0,0.0,0.0,0.0,0.0,0.0
GOAL_AWARE_FINAL_PROJECTION,1,18,0.0,0.0,0.0264282576876421,0.0,0.0,0.0,0.3380914296887046,1.03357778979406,0.5751997372566643,0.0048593097989666,4.859309798966649,194.2705662647093,0.6922692448135555,2.861392425966249,0.1734671770245768,0.0429395859828218,0.0930088559980504,0.0104430810315534,1.0,0.0,3.0449718602560205,3.0449719429016118,0.0
NORMALIZED_POV_L1,1,18,0.0,0.0,0.0245982009579464,0.0,0.0,0.0,0.2737736448714242,1.2617409255481784,0.6779679663875949,0.0072604989802931,7.260498980293129,240.883066801878,0.7898813167984142,2.7691408227513588,1.3307985750143416,0.0484144789515994,1.2011048150598072,0.13006434898125,7.0,0.0,22.555281105934668,3.392914056777954,0.0
DAMPED_POV_L05,1,18,0.0,0.0,0.0331382724475232,0.0,0.0,0.0,0.3162112040682319,1.4458766459574786,0.8613688797783181,0.0157605396468234,15.760539646823446,2444.059082359584,0.4224148950009391,2.21011838095232,1.3359364790376276,0.0486338939517736,1.206053852045443,0.132015399984084,7.0,0.0,22.8407854824659,1.690058946609497,0.0
DAMPED_POV_L025,1,18,0.0,0.0,0.0287808185770222,0.0,0.0,0.0,0.3877801508708068,1.6889881024969264,0.9387954766341444,0.0297113111964985,29.71131119649856,7055.813358597379,0.2466867499821681,2.0154046513617216,1.5092318009701555,0.0486641229363158,1.3794348799274303,0.1445583570166491,7.0,0.0,23.59982024124134,0.8870880007743835,0.0
PLAIN_FM,1,19,0.0,0.0,0.0336894049052325,0.0,0.0,1.337738037109375,0.4358257826107487,2.197242920512959,1.0899039095089404,0.0478757774659283,47.87577746592837,9062.261723915026,0.1256448736154667,1.763017756407039,0.070262755965814,0.043851978960447,0.0,0.0,0.0,0.0,0.0,0.0,0.0
GOAL_AWARE_FINAL_PROJECTION,1,19,0.0,0.0,0.011655289957227,0.0,0.0,0.0,0.3349797810794547,1.2602656624416273,0.7331637944553697,0.0128473275039056,12.847327503905603,392.0521826358936,0.7114374753863544,2.5055591231388963,0.1737188629922457,0.0431479530525393,0.0928764730342663,0.010498883028049,1.0,0.0,2.929084239677513,2.929084300994873,0.0
NORMALIZED_POV_L1,1,19,0.0,0.0,0.0259824519813026,0.0,0.0,0.0,0.272715086699247,1.0382475492620844,0.7441098247389618,0.0057463546158862,5.74635461588624,213.68123916447604,0.6411637202190249,2.700541680600866,1.424723545962479,0.0487307360162958,1.2945634358911775,0.1366320371744223,7.0,0.0,19.527044414107213,2.619537115097046,0.0
DAMPED_POV_L05,1,19,0.0,0.0,0.0376304397875915,0.0,0.0,0.0,0.3071622870188646,1.461565575637897,0.8837290808777912,0.0159781854749136,15.9781854749137,1909.4409560506344,0.4604558332466463,2.313530106942699,1.237679946993012,0.0483040160615928,1.1086628150078468,0.1196661289432086,7.0,0.0,21.05754959756313,1.8020211458206177,0.0
DAMPED_POV_L025,1,19,0.0,0.0,0.0354617782055795,0.0,0.0,0.0,0.3469296895490046,1.8499288033424504,1.0036193199078096,0.0285026540117649,28.502654011764932,4497.232060188555,0.2686351929703749,1.881508576255548,1.3290017590043135,0.0483770060818642,1.1997644540388137,0.1268375750514678,7.0,0.0,20.59965068685807,0.780140221118927,0.0
PLAIN_FM,1,20,0.0,0.0,0.0251742554492166,0.0,0.0,1.5487585961818695,0.473402877732095,2.139722523520211,1.0474608203261797,0.0430217086677467,43.02170866774676,9634.078161211324,0.1036607076117773,1.7887781281407251,0.0703919589868746,0.0439733730745501,0.0,0.0,0.0,0.0,0.0,0.0,0.0
GOAL_AWARE_FINAL_PROJECTION,1,20,0.0,0.0,0.0255671522933888,0.0,0.0,0.0,0.338745525361687,1.1078814523831244,0.6450999927565222,0.0081747126687368,8.174712668736817,298.94823649962984,0.6790398220603584,2.624742088709269,0.1740743130212649,0.0430581180844455,0.093357705976814,0.0104872130323201,1.0,0.0,2.8742403288193343,2.8742401599884038,0.0
NORMALIZED_POV_L1,1,20,0.0,0.0,0.0200104277513336,0.0,0.0,0.0,0.2825150004713331,1.273034169871926,0.7628365995339008,0.0121363321702361,12.13633217023613,403.3310788596367,0.7356106369503046,2.731868859686941,1.332010187965352,0.0482913539162837,1.2027221189346164,0.1308280000230297,7.0,0.0,17.585447208476094,3.118717193603516,0.0
DAMPED_POV_L05,1,20,0.0,0.0,0.0328937008176593,0.0,0.0,0.0,0.3146453890612468,1.4977583785431232,0.8852240488592267,0.0150298894737357,15.029889473735736,2083.512253940345,0.4040795146822372,2.1080602034114664,1.4215383439441212,0.0484007389750331,1.2923655590275305,0.1376994489110075,7.0,0.0,19.57418050798394,1.5535110235214231,0.0
DAMPED_POV_L025,1,20,0.0,0.0,0.028980135339427,0.0,0.0,0.3032025694847107,0.3751407484344732,1.8126336275833363,0.9666349147832508,0.0256550473425757,25.65504734257573,4865.694814435662,0.2474187359816921,1.8738900859094565,1.3361423959722742,0.0485997429932467,1.2065372379729524,0.1309315530816093,7.0,0.0,18.54526755214988,0.8219106197357178,0.0
PLAIN_FM,1,21,0.0,0.0,0.0257256621691001,0.0,0.0,0.6092910468578339,0.474717250058616,2.174961817319433,1.095351056109919,0.0422052778208277,42.20527782082778,9100.055364443982,0.0988673328269742,1.743295795137572,0.0703991490299813,0.0439825349603779,0.0,0.0,0.0,0.0,0.0,0.0,0.0
GOAL_AWARE_FINAL_PROJECTION,1,21,0.0,0.0,0.0242664316406393,0.0,0.0,0.0,0.3501368820587883,1.1512634787057296,0.6831680868736849,0.0086992275692416,8.699227569241685,306.99616363323304,0.6650403103950521,2.628784797049139,0.1733264939975924,0.043105450051371,0.092735988961067,0.0103945899754762,1.0,0.0,2.8515388294095687,2.85153865814209,0.0
NORMALIZED_POV_L1,1,21,0.0,0.0,0.0183016110895103,0.0,0.0,0.0,0.2950185932436279,1.242780121490696,0.7695002322604136,0.0100661477996428,10.066147799642875,296.96491312369847,0.7516043746060156,2.694539526367912,1.0555351650109517,0.0483957500546239,0.9263618208933622,0.1006981880054809,7.0,0.0,17.2849981390158,3.23871111869812,0.0
DAMPED_POV_L05,1,21,0.0,0.0,0.0331124455485816,0.0,0.0,0.0,0.2871772887231059,1.6770175130898328,0.969038169554964,0.0193099303202566,19.30993032025663,2266.893315011509,0.3803899817524813,1.861132513252084,1.05612005101284,0.0483854649937711,0.9270783289684914,0.1028318009921349,7.0,0.0,17.107579106930718,1.4412496089935305,0.0
DAMPED_POV_L025,1,21,0.0,0.0,0.0296129810255792,0.0,0.0,0.0,0.3899557305972124,1.7641753822246105,0.9746133108577352,0.0246385308246486,24.63853082464862,4619.91420472918,0.252844677214511,1.961388256699808,1.0526002599508502,0.048352578014601,0.923681192100048,0.1000023580272682,7.0,0.0,17.070407235422167,0.9290477633476256,0.0
PLAIN_FM,1,22,0.0,0.0,0.0268434781255459,0.0,0.0,1.637328863143921,0.4883305764815697,2.201149774280679,1.088993003233648,0.0470520908567636,47.05209085676363,9363.767593466058,0.0888509900348543,1.7822159247956313,0.0716521819704212,0.0447737430222332,0.0,0.0,0.0,0.0,0.0,0.0,0.0
GOAL_AWARE_FINAL_PROJECTION,1,22,0.0,0.0,0.0119481518533969,0.0,0.0,0.0,0.2876179621414016,1.583690821133764,0.8512714511911743,0.02085221052464,20.85221052464004,542.0071759958844,0.6612016824622491,1.853838268578355,0.1759004900231957,0.0439292399096302,0.0941190549638122,0.0105918850167654,1.0,0.0,2.773834147872266,2.773834228515625,0.0
NORMALIZED_POV_L1,1,22,0.0,0.0,0.0357800297162134,0.0,0.0073064979553221,0.0,0.1936647501339462,1.5150223682310036,0.9482098786529192,0.0216345071054844,21.634507105484428,552.4537449314693,0.6046005753739281,2.0370732090428016,1.335689136001747,0.0487434380338527,1.2056910060346129,0.1301832150202244,7.0,0.0,15.926532900376092,2.4926908016204834,0.0
DAMPED_POV_L05,1,22,0.0,0.0,0.0341387808205141,0.0,0.0,0.0,0.2908981796202077,1.7451127387159342,0.9896677057403406,0.022046699905366,22.046699905366008,2575.7460833470523,0.3631285121719568,1.824270564746505,1.0570140249910764,0.0482857749448157,0.9278820711188018,0.1031554209184832,7.0,0.0,17.50248828828518,1.4247374534606934,0.0
DAMPED_POV_L025,1,22,0.0,0.0,0.0306777735977976,0.0,0.0,0.0,0.3854363409423573,1.897202293078168,1.011313387830205,0.0300964095645593,30.09640956455933,5217.05217167589,0.2192760738332873,1.8353167986553829,1.237401143007446,0.0483842600369825,1.108066143002361,0.117507824092172,7.0,0.0,16.548859311865584,0.7572961449623108,0.0
PLAIN_FM,1,23,0.0,0.0,0.0337176013224845,0.0,0.0,0.6524515151977539,0.4496358595394562,2.192116583534929,1.086337016626649,0.0445327176898683,44.53271768986839,9342.861610783337,0.1146161743611762,1.771722101555958,0.0703995099756866,0.0440643338370136,0.0,0.0,0.0,0.0,0.0,0.0,0.0
GOAL_AWARE_FINAL_PROJECTION,1,23,1.0,0.0,-0.0013900815724193,0.0,0.0,0.0,0.1683245043005179,1.5699616286887523,1.0436133179598588,0.0273228661141395,27.32286611413956,734.4546980528149,0.5066650421201572,2.339215976199213,0.2645352340186946,0.0431792539893649,0.183801945997402,0.0185609730542637,1.0,0.0,1.9090049370713824,1.9090049266815183,0.0
NORMALIZED_POV_L1,1,23,0.0,0.0,0.0335514110163021,0.0,0.0,0.0,0.0672488410028711,1.420107635502721,1.0387121372314372,0.0208507777985396,20.85077779853961,577.4827802713211,0.5961120677111535,2.4328411688181237,1.3324224120005963,0.0487644080421887,1.2024792350130156,0.1293444700422696,7.0,0.0,19.366564908175903,2.2579667568206787,0.0
DAMPED_POV_L05,1,23,0.0,0.0,0.037671043383898,0.0,0.0,0.0,0.2804502725154086,1.6404011604927249,0.9349757313222335,0.0179261033292685,17.92610332926858,2008.6064667687697,0.3649032103342285,1.969035301333292,1.2401597749558275,0.0486058031092397,1.1104962569661438,0.1192249479936435,7.0,0.0,16.433845926451227,1.25827956199646,0.0
DAMPED_POV_L025,1,23,0.0,0.0,0.0357554791679089,0.0,0.0,0.0,0.3659818961527588,1.7999053553235755,0.9670792122579116,0.0262285899102003,26.22858991020038,4781.204876585864,0.2675705054008908,1.978812917409503,1.3404602610389702,0.0488168299780227,1.2099006489152089,0.1305714150657877,7.0,0.0,21.221669667938137,0.9167826771736144,0.0
PLAIN_FM,1,24,0.0,0.0,0.0210671725369316,0.0,0.0,0.5594921112060547,0.4728590848340923,2.2248240274325357,1.1143655083493162,0.0434999969069354,43.49999690693543,8408.815201108655,0.0980590021640727,1.7795991456470437,0.0705222219694405,0.0441469059442169,0.0,0.0,0.0,0.0,0.0,0.0,0.0
GOAL_AWARE_FINAL_PROJECTION,1,24,0.0,0.0,0.0266873260608527,0.0,0.0,0.0,0.3741423830010439,1.2022898318869193,0.6206652617004862,0.0102290994752607,10.22909947526074,320.8490654751372,0.7775809979475776,2.794916889122658,0.1738549480214715,0.043329716019798,0.0929826059727929,0.0103634489933028,1.0,0.0,3.3999704223500764,3.399970531463623,0.0
NORMALIZED_POV_L1,1,24,0.0,0.0,0.0133673242618994,0.0,0.0,0.0,0.0471912867034224,1.529320247184401,1.0555478191682133,0.0260997105563418,26.09971055634186,692.3210863342133,0.5418227741090815,2.316681981417565,1.3296113090473227,0.048739805992227,1.199914458033163,0.125666678068228,7.0,0.0,19.845581657288136,2.124032974243164,0.0
DAMPED_POV_L05,1,24,0.0,0.0,0.0308617338685063,0.0,0.0,0.0,0.3167574481772326,1.4429428550106436,0.8890686401722186,0.0139670708105676,13.967070810567694,1703.4718523166955,0.3930443713600914,2.1761898581701,1.2408826440223493,0.0496366479783318,1.110182838048786,0.1176648957771249,7.0,0.0,19.257883294641875,1.513705134391785,0.0
DAMPED_POV_L025,1,24,0.0,0.0,0.0259783072776056,0.0,0.0,0.0,0.3764350739012796,1.851408296859344,1.0131279045130046,0.0258194734057449,25.819473405744947,4075.361874339184,0.2404418340092559,1.8927551442958983,1.250582356005907,0.0501533030183054,1.1189843479078263,0.1214396959985606,7.0,0.0,17.540916571137153,0.8100998401641846,0.0
PLAIN_FM,1,25,0.0,0.0,0.0192133680704475,0.0,0.0,0.8879226446151733,0.5170006561536735,2.2009472159535526,1.0864953920905065,0.0457214685997354,45.72146859973546,9807.471463024776,0.0809050167893976,1.7935300838345398,0.0708799620042555,0.0446877019712701,0.0,0.0,0.0,0.0,0.0,0.0,0.0
GOAL_AWARE_FINAL_PROJECTION,1,25,0.0,0.0,0.0155994610890774,0.0,0.0,0.0,0.3568280568409085,1.3768013990492431,0.7271847361057577,0.0134865619340702,13.486561934070274,341.59766824268803,0.6580103448700416,2.1307912931746174,0.1741486649843864,0.0434599980362691,0.0933202250162139,0.010598424996715,1.0,0.0,2.753614602109409,2.753614664077759,0.0
NORMALIZED_POV_L1,1,25,0.0,0.0,0.0301477200824774,0.0,0.0,0.0,0.3179129321302135,1.2459127531377114,0.6176336186577731,0.0069395438265891,6.939543826589123,222.02448633228403,0.8121832722342852,3.1231362987626503,1.0697491890168749,0.0501326220110058,0.9381846609758212,0.1023076491546817,7.0,0.0,20.961077038572043,3.6876513957977295,0.0
DAMPED_POV_L05,1,25,0.0,0.0,0.0303351390966714,0.0,0.0,0.0,0.3702005991182822,1.5296041230980133,0.8949753379720102,0.0163259168939773,16.325916893977332,2018.861769923408,0.3939663121804913,2.0612417749939014,1.154376066988334,0.0490982849732972,1.024381217022892,0.108455945039168,7.0,0.0,21.320414957006115,1.5850398540496826,0.0
DAMPED_POV_L025,1,25,0.0,0.0,0.024650650225634,0.0,0.0,0.0,0.4162205407906192,1.8839877747831448,0.998623844703964,0.0278506128198082,27.850612819808216,4897.578327868563,0.2162770165405289,1.838034523470516,1.240844594023656,0.0487959799356758,1.111288786982186,0.1174615060444921,7.0,0.0,20.24187777416934,0.7462867498397827,0.0
PLAIN_FM,1,26,0.0,0.0,0.0300458353847617,0.0,0.0,1.6082477569580078,0.4760023694648741,2.204524409116786,1.0974611746755858,0.0443354406456501,44.33544064565013,9221.395116203366,0.1138690822296238,1.7865160932312574,0.0704995719715952,0.0441730889724567,0.0,0.0,0.0,0.0,0.0,0.0,0.0
GOAL_AWARE_FINAL_PROJECTION,1,26,0.0,0.0,0.0249503084278307,0.0,0.0,0.0,0.3080276924883872,1.122806481148232,0.6582615022088562,0.00736473423951,7.364734239510007,239.6295477194776,0.6641186327473977,2.688443500936457,0.1742355679743923,0.0433798270532861,0.093328995979391,0.0106213359977118,1.0,0.0,2.8177719160200403,2.8177719116210938,0.0
NORMALIZED_POV_L1,1,26,0.0,0.0,0.020814553649376,0.0,0.0,0.0,0.044490834329013,1.4891390610600967,1.0386622487979742,0.0229246841267374,22.92468412673743,587.243763658174,0.5221429961649192,2.273279525205718,1.713584389013704,0.0494797670980915,1.5826597959385251,0.1678553028032183,7.0,0.0,20.45615303298897,1.9537149667739868,0.0
DAMPED_POV_L05,1,26,0.0,0.0,0.0353484700581432,0.0,0.0,0.0,0.3010022903784616,1.6346769344392305,0.9327080886038294,0.0168840612271674,16.884061227167457,1755.5998439622524,0.3502568988602696,1.998048723614024,1.6322731969994493,0.049379333097022,1.501170610950794,0.1616089788149111,7.0,0.0,18.74870702188441,1.270310401916504,0.0
DAMPED_POV_L025,1,26,0.0,0.0,0.0334163992986112,0.0,0.0,0.0398826599121093,0.3789381302280257,1.8551431034156884,0.9926270589470289,0.0252019949102066,25.20199491020664,4128.220029232748,0.2378103000232434,1.91243201161818,1.5323379099718295,0.0493170808767899,1.4014903701026924,0.153202480985783,7.0,0.0,21.339891312075608,0.7602113485336304,0.0
PLAIN_FM,1,27,0.0,0.0,0.0184828663771035,0.0,0.0,1.6641762852668762,0.4693086044968646,2.1938823598850448,1.1002259438394455,0.0468096757360215,46.8096757360215,10411.700958266025,0.1141916698966816,1.7510120128611526,0.0709096019854769,0.0443875730852596,0.0,0.0,0.0,0.0,0.0,0.0,0.0
GOAL_AWARE_FINAL_PROJECTION,1,27,0.0,0.0,0.0232125895235632,0.0,0.0,0.0,0.332156274277847,1.1671269248895728,0.6597722866190989,0.0094276476445518,9.42764764455184,282.8170101945915,0.7106854957651745,2.693607127030402,0.1756406140048056,0.0436625648871995,0.0942562489653937,0.0106249660020694,1.0,0.0,3.0640592696593703,3.064059257507324,0.0
NORMALIZED_POV_L1,1,27,0.0,0.0,0.0214074406486274,0.0,0.0,0.0,0.2814422934012186,1.177355735356572,0.7413705068072755,0.00900582645707,9.005826457070043,318.9307613143733,0.7719126599170554,2.8978740729909203,1.3431871050270274,0.0489662819891236,1.2129678711062295,0.1311830698978155,7.0,0.0,19.01308448215662,3.3742146492004395,0.0
DAMPED_POV_L05,1,27,0.0,0.0,0.0296062874935699,0.0,0.0,0.0,0.3139655259202807,1.4028486494882892,0.8574274884535023,0.0133485678580729,13.348567858072924,1973.924463290189,0.4291104762763813,2.296486816634374,1.3481434850255027,0.0493134710122831,1.21714144886937,0.1306307640043087,7.0,0.0,18.971734691140256,1.7591973543167114,0.0
DAMPED_POV_L025,1,27,0.0,0.0,0.0239924271953271,0.0,0.0,0.5837199091911316,0.3651004585377003,1.8952849441206867,1.008950580276763,0.0273327227260956,27.33272272609566,5044.02472479355,0.2404303776357788,1.794984697346517,1.3402846800163388,0.0490647070109844,1.2096771990181878,0.129652728093788,7.0,0.0,18.58781954952184,0.7209559082984924,0.0
PLAIN_FM,1,28,0.0,0.0,0.0219329948489101,0.0,0.0,0.3497344255447387,0.4702202180396678,2.1491392479405538,1.0836799769642642,0.0412141219186797,41.21412191867977,8773.898963769198,0.1145890167127196,1.823377815390226,0.0717342740390449,0.0449290389660745,0.0,0.0,0.0,0.0,0.0,0.0,0.0
GOAL_AWARE_FINAL_PROJECTION,1,28,0.0,0.0,0.009726275638383,0.0,0.0,0.0,0.2413004748096486,1.487555739166082,0.8914027947700325,0.0201723590991687,20.172359099168705,549.8146942718662,0.6120587368758155,2.000188144930951,0.1750119979842566,0.0436780950403772,0.0936621540458872,0.0105582440155558,1.0,0.0,2.364084734973785,2.3640847206115723,0.0
NORMALIZED_POV_L1,1,28,0.0,0.0,0.0268865823090468,0.0,0.0,0.0,0.2554293959356222,1.2665309038915842,0.6957838057657986,0.0068654529640976,6.865452964097685,209.1494571938135,0.7339095772590605,2.9031337577638787,1.0613784430315718,0.0492588700144551,0.9311972199939192,0.1022481099935248,7.0,0.0,19.741974253047232,3.090944766998291,0.0
DAMPED_POV_L05,1,28,0.0,0.0,0.0314845481998845,0.0,0.0,0.0,0.2274220440609024,1.7021220996697397,1.0268027686236303,0.0215683518540574,21.56835185405748,2284.083350841515,0.362854422066893,2.0221060659188623,1.24055094900541,0.0487413249793462,1.1107213948853314,0.118722375947982,7.0,0.0,18.70562294969899,1.2328579425811768,0.0
DAMPED_POV_L025,1,28,0.0,0.0,0.026690828098807,0.0,0.0,0.0,0.3811915595857609,1.7566764231976546,0.9770143913414304,0.024377436711766,24.377436711766062,4396.239642976929,0.2721168684390997,2.02603286325495,1.3335132549982518,0.0489948529284447,1.2032984889228828,0.1283610169193707,7.0,0.0,22.610953052938424,0.8635807037353516,0.0
PLAIN_FM,1,29,0.0,0.0,0.027048427446923,0.0,0.0,1.3145756721496582,0.4641688106142072,2.23902506747112,1.139028735361056,0.0691123741257755,69.1123741257755,17884.515392862504,0.1086071444638058,1.776553206082437,0.0706832769792527,0.0442894300213083,0.0,0.0,0.0,0.0,0.0,0.0,0.0
GOAL_AWARE_FINAL_PROJECTION,1,29,0.0,0.0,0.0260225322251178,0.0,0.0,0.0,0.350887536892806,1.7265266768403813,0.7618918135054771,0.0210784029473306,21.078402947330616,493.9222957801651,0.6022862411803176,1.7121335900785208,0.2665674170129932,0.0432709449669346,0.1856245839735493,0.0205896960105747,1.0,0.0,2.3776338049272066,2.377633810043335,0.0
NORMALIZED_POV_L1,1,29,1.0,0.0,-0.0266197566853127,0.0,0.0,0.0,0.5949316473646781,1.7543568880346738,0.3300708526275123,0.0190767954596908,19.07679545969084,292.34923313458256,1.050238258828787,3.820924793487456,1.7001965449890122,0.0491378679289482,1.569450356939342,0.1663652511197142,7.0,0.0,29.075372662664936,5.441234588623047,0.0
DAMPED_POV_L05,1,29,0.0,0.0,0.0279461964683725,0.0,0.0,0.5897951126098633,0.3579947772221503,1.653000665690224,1.0154173541910718,0.0301269198227599,30.126919822759945,5808.276250517363,0.4357303993661171,2.477682111126293,1.614383705018554,0.049047815031372,1.483546266099438,0.1569784601451829,7.0,0.0,23.31197800461404,1.8035863637924197,0.0
DAMPED_POV_L025,1,29,0.0,0.0,0.030873990032701,0.0,0.0,1.9160759449005127,0.4483637625035215,1.9219933821024529,0.933818522004859,0.0532450216682727,53.24502166827272,14510.623410708868,0.2222403096516818,1.7278953841095102,1.712890335009433,0.0490322150290012,1.5822418699972332,0.1706935558468103,7.0,0.0,28.22186568704363,0.9026277661323548,0.0
PLAIN_FM,1,30,0.0,0.0,0.025583165720861,0.0,0.0,0.893862247467041,0.4628605688839572,2.1546714850510678,1.103839782372257,0.0497591344794888,49.7591344794889,11580.398922183784,0.1211776351157945,1.7586941960324909,0.0707474390510469,0.0443251919350586,0.0,0.0,0.0,0.0,0.0,0.0,0.0
GOAL_AWARE_FINAL_PROJECTION,1,30,1.0,0.0,-0.0003534403959558,0.0,0.0,0.0,0.3381166185290403,1.083751574049342,0.5590029000745619,0.0059672061361419,5.967206136141989,220.23062827720707,0.7725664339288827,2.85657598444303,0.1751757729798555,0.0436201179982163,0.0937683269730769,0.0106328869587741,1.0,0.0,3.4188925686529696,3.4188926219940186,0.0
NORMALIZED_POV_L1,1,30,0.0,0.0,0.0173144464660509,0.0,0.0,0.0,0.0681227456076161,1.563023773035608,1.0211122617412125,0.0260920791350361,26.092079135036155,681.7365643273982,0.5678958505429621,2.473825110318097,1.6127593740238808,0.049111287924461,1.4822106119827367,0.1550269200233742,7.0,0.0,22.37525459824481,2.2275681495666504,0.0
DAMPED_POV_L05,1,30,0.0,0.0,0.0333798655169052,0.0,0.0,0.0,0.3339117212444258,1.3664672424762143,0.8649702613927297,0.0151808722947721,15.180872294772165,2604.9957645307704,0.4635221844430404,2.3330960623621,1.6164650110295042,0.0490224638488143,1.4858900970430111,0.1586771530564874,7.0,0.0,29.778625826791828,1.8971989154815676,0.0
DAMPED_POV_L025,1,30,0.0,0.0,0.0297152455581552,0.0,0.0,0.0,0.3727611107687306,1.7803704231619264,1.0013327408545878,0.0288949485447103,28.894948544710303,5886.247435358449,0.2500223192162352,1.9046104274314477,1.524792167998385,0.0487353669595904,1.3945734330336563,0.1497986330650746,7.0,0.0,26.95386439447416,0.7854973077774048,0.0
PLAIN_FM,1,31,0.0,0.0,0.0162174853333591,0.0,0.0,0.0901472568511962,0.5021679172131399,2.224438073340549,1.122578382751641,0.0429701286747111,42.97012867471118,8883.556242357345,0.1015568607034211,1.7391010778359035,0.0704994120169431,0.0441309570451267,0.0,0.0,0.0,0.0,0.0,0.0,0.0
GOAL_AWARE_FINAL_PROJECTION,1,31,0.0,0.0,0.0114669295446546,0.0,0.0,0.0,0.2872406898150145,1.4373254545406182,0.7452823397796232,0.0178048163525135,17.80481635251352,495.2673549498243,0.6614208483891518,1.99275507215706,0.1745393769815564,0.0433559160446748,0.0935938229667954,0.0105045639793388,1.0,0.0,2.719847353057172,2.7198474407196045,0.0
NORMALIZED_POV_L1,1,31,0.0,0.0,0.0232382074129533,0.0,0.0,0.0,0.2588420131551645,1.129800162721584,0.695061212998616,0.0068038542715855,6.803854271585585,253.00835315027476,0.6979408873891559,2.796195939564486,1.155948783038184,0.0490706350537948,1.0253459078958258,0.1122525288956239,7.0,0.0,17.523895519282064,3.06689453125,0.0
DAMPED_POV_L05,1,31,0.0,0.0,0.0302659730981214,0.0,0.0,0.0,0.3220073717676402,1.6073515302409522,0.8996243342847412,0.0166467520697781,16.64675206977817,1924.2719783979069,0.3749694544238736,1.9525805347239429,1.1562598719610833,0.0488686701282858,1.0258756310213355,0.1121221440262161,7.0,0.0,17.515649712193447,1.4462828636169434,0.0
DAMPED_POV_L025,1,31,0.0,0.0,0.0266984878242704,0.0,0.0,0.0,0.3869542612327447,1.9448251796335303,1.0353533846563494,0.0278225393349246,27.822539334924627,4744.39259598085,0.2280233663646548,1.740485875781921,1.06458087899955,0.0489966540480963,0.9338847399922088,0.1015307789784856,7.0,0.0,19.142420749672677,0.7329423427581787,0.0
PLAIN_FM,2,0,0.0,0.0,0.0706350026493518,0.0,0.2490069087982176,1.642019748687744,0.3866743401786643,2.741716419869809,1.088106238633426,0.0438455071812796,43.84550718127966,10936.150125620014,0.0760042441615018,1.4058240343605954,0.0704745519906282,0.044112444971688,0.0,0.0,0.0,0.0,0.0,0.0,0.0
GOAL_AWARE_FINAL_PROJECTION,2,0,1.0,0.0,-0.0183764399267138,0.0,0.0,0.0,0.4663263263538333,2.158727332949414,1.2620702715022492,0.0225718718848417,22.57187188484178,385.0062008089239,0.707267877557856,2.631998005868172,0.1737791570485569,0.0434204798657447,0.0927151889773085,0.010507213009987,1.0,0.0,3.5898879024462174,3.589887857437134,0.0
NORMALIZED_POV_L1,2,0,0.0,0.0,0.0570965699219886,0.0,0.0,0.0,0.4435378758750387,2.1464608011551487,1.0055813300680625,0.0234730434263603,23.473043426360363,434.17651355248665,0.5737639102712636,2.278947358920683,1.421777252049651,0.048813157947734,1.2916413398925215,0.1434038067818619,7.0,0.0,20.06977535150665,2.8273510932922363,0.0
DAMPED_POV_L05,2,0,0.0,0.0,0.0550259141176383,0.0,0.0,0.0,0.3428394183741209,2.055736756764435,1.0540020004597792,0.0193163901423591,19.3163901423592,3526.515381921058,0.3883231654331378,2.061983596482717,1.4271942230407149,0.0489044590503908,1.2968761380179783,0.1441499959910288,7.0,0.0,22.71474200073336,1.9652022123336792,0.0
DAMPED_POV_L025,2,0,0.0,0.0,0.0734145432147829,0.0,0.0,0.0,0.3504557980097762,2.475254001375104,1.070976878903242,0.0308822684364015,30.88226843640153,6537.947324491402,0.200542693812818,1.6779188453380307,1.4195458350004628,0.0486889238818548,1.2893805409548804,0.1414270999957807,7.0,0.0,23.981734183653824,1.0248494148254397,0.0
PLAIN_FM,2,1,0.0,0.0,0.0786742091813657,0.0,0.2930609997749327,0.824434757232666,0.4082772611323893,2.7891983185732547,1.0986763179926644,0.0520248025519345,52.02480255193453,13903.682651939622,0.0757373882996467,1.398930345084276,0.0705507940147072,0.0440858139772899,0.0,0.0,0.0,0.0,0.0,0.0,0.0
GOAL_AWARE_FINAL_PROJECTION,2,1,0.0,0.0,0.0023930862287291,0.0,0.0,0.0,0.3501237258625689,1.822720007294587,1.1661645061314334,0.0127278280358709,12.727828035870914,296.4522919572943,0.6010259625263794,2.532917708653505,0.1739266199874691,0.0433141979738138,0.0929394550039433,0.0105960550135932,1.0,0.0,3.136072243871523,3.136072397232056,0.0
NORMALIZED_POV_L1,2,1,0.0,0.0,0.0197951880239089,0.0,0.0,0.0,0.2937647775511001,1.6987122519597213,1.044446997660824,0.0106680781223369,10.668078122336944,254.1574586716777,0.6038210790630738,2.5451964333289085,1.6035611479892395,0.0489501219708472,1.4730932990205474,0.1625606531160883,7.0,0.0,19.672153524042336,3.128873586654663,0.0
DAMPED_POV_L05,2,1,0.0,0.0,0.0468395127759972,0.0,0.0,0.0,0.3521346250255718,2.122303357890144,1.0510909999717415,0.0195217101108495,19.52171011084958,4049.1436430413423,0.3110609203438375,1.953180136023284,1.6939361679833382,0.0491857489105314,1.563157666940242,0.1709192309645004,7.0,0.0,19.59302234994408,1.7058411836624146,0.0
DAMPED_POV_L025,2,1,0.0,0.0,0.0710089286844634,0.0,0.0319941457748411,0.0,0.3721467140401783,2.4441166035471107,1.0867001875558162,0.0304357247624377,30.43572476243772,7081.107051433604,0.1529071607551223,1.660509449327299,1.5081070679589177,0.0487870489014312,1.3779388240072876,0.1499367370852269,7.0,0.0,23.74525951256462,0.9025527834892272,0.0
PLAIN_FM,2,2,0.0,0.0,0.073461331642429,0.0,0.2107228454589842,1.051117181777954,0.3830290054511082,2.732502265075924,1.0918351900714096,0.0439044570854608,43.90445708546087,11270.671165589352,0.0909312256508095,1.4084843845343251,0.0705263930140063,0.0441490460652858,0.0,0.0,0.0,0.0,0.0,0.0,0.0
GOAL_AWARE_FINAL_PROJECTION,2,2,0.0,0.0,0.0145144091062494,0.0,0.0,0.0,0.3388432536638157,1.6367985153478233,1.1278262987442331,0.0091826427884136,9.18264278841363,237.9344366762126,0.692966606443272,2.7698418607486737,0.1733863860135898,0.0432208729325793,0.0926962589728646,0.0105263839941471,1.0,0.0,3.593282493717401,3.593282461166382,0.0
NORMALIZED_POV_L1,2,2,1.0,0.0,-0.011363654010605,0.0,0.0,0.0,0.3965646576304637,1.809255314421341,0.9124420857952305,0.0183074411281447,18.307441128144752,359.91107142478995,0.5194036596519327,2.4495714599386096,1.5118125540320762,0.0489374320604838,1.3814539369777776,0.1511551390285603,7.0,0.0,23.10417200094941,2.700584650039673,0.0
DAMPED_POV_L05,2,2,0.0,0.0,0.0486485517813746,0.0,0.0,0.0,0.3427813534895964,2.158670055307283,1.092500645076668,0.0207182901593938,20.71829015939386,3363.7861115500377,0.3396030878536319,1.977689803193476,1.5020818310440518,0.0489325911039486,1.371517717896495,0.1448710047989152,7.0,0.0,23.37557330874331,1.8102126121521,0.0
DAMPED_POV_L025,2,2,0.0,0.0,0.0601550792631787,0.0,0.0,0.0,0.3594472082348722,2.292594472947428,1.0725108963018215,0.0273721602066681,27.372160206668163,6644.866866318345,0.2063521442474739,1.7789296212506676,1.2405017240089364,0.0489911340409889,1.109754896024242,0.1201280220411717,7.0,0.0,23.676727308717016,1.121514081954956,0.0
PLAIN_FM,2,3,0.0,0.0,0.0729750039323545,0.0,0.0903932866096495,1.4463138580322266,0.3975103184951606,2.74281771153341,1.084484567743404,0.0479655742067238,47.96557420672387,13040.93696348554,0.071301089828562,1.4218841850763118,0.0713375640334561,0.0446477289660833,0.0,0.0,0.0,0.0,0.0,0.0,0.0
GOAL_AWARE_FINAL_PROJECTION,2,3,0.0,0.0,0.02363528597938,0.0,0.0,0.0,0.3475681227027855,1.6832176989747183,1.1367742303970865,0.0110761933031113,11.07619330311138,248.17461837933763,0.7110251680759841,2.720087984524714,0.1736695439903997,0.043513542972505,0.0925352949998341,0.0104745829594321,1.0,0.0,3.604160345320391,3.60416030883789,0.0
NORMALIZED_POV_L1,2,3,0.0,0.0,0.0432034254908763,0.0,0.0,0.0,0.3743591218232233,1.8407922822923104,0.968829200673801,0.0136010357532505,13.601035753250557,237.9722822272612,0.6428447280346301,2.581730902240441,1.5995244659716263,0.0489297311287373,1.4691312549402935,0.1595138959819451,7.0,0.0,22.974769600690784,3.188398122787476,0.0
DAMPED_POV_L05,2,3,0.0,0.0,0.0476776018389641,0.0,0.0,0.0,0.3497589800612862,2.048099278764383,1.0455370803150716,0.0216671751092907,21.66717510929078,5007.043298160246,0.3300245155014122,2.012186737326624,1.417630587995518,0.0490281138336285,1.2873870519106276,0.1409783840063028,7.0,0.0,23.66313144455755,1.7021276950836182,0.0
DAMPED_POV_L025,2,3,0.0,0.0,0.0641983769538142,0.0,0.0,0.11246919631958,0.3668160352463277,2.347749765541992,1.0665511588684642,0.0318467461043134,31.846746104313457,8177.782955083406,0.2019053632604046,1.7248933356395246,1.6887053049867973,0.0489910339820198,1.5580047570401805,0.1677903709351085,7.0,0.0,24.745065435696027,1.033381700515747,0.0
PLAIN_FM,2,4,0.0,0.0,0.0753589246552983,0.0,0.3100220974922179,1.82869553565979,0.3765252792696506,2.77450673323758,1.072789104716427,0.0645893803165519,64.58938031655195,18705.999689074182,0.0942887960674883,1.3853208631081062,0.0705732450005598,0.0441423070733435,0.0,0.0,0.0,0.0,0.0,0.0,0.0
GOAL_AWARE_FINAL_PROJECTION,2,4,0.0,0.0,0.0064794586601917,0.0,0.0,0.0,0.3410103703887677,1.7371107458705433,1.1252350828442887,0.0118889625847131,11.88896258471317,240.6091706188107,0.6199038914906003,2.5602544058939767,0.1733108650078065,0.0433525969856418,0.0923508099513128,0.0105221630074083,1.0,0.0,3.233684751924374,3.233684778213501,0.0
NORMALIZED_POV_L1,2,4,1.0,0.0,-0.0161759047679181,0.0,0.0,0.0,0.4888990994677011,1.793922805375184,1.1422832933750189,0.0180508307854347,18.05083078543479,327.425462986497,0.6272471946762261,2.5877962975326683,1.689648739004042,0.0489560010610148,1.559102836006787,0.1690726230153814,7.0,0.0,25.707536908289686,3.2593414783477783,0.0
DAMPED_POV_L05,2,4,0.0,0.0,0.0542392397693589,0.0,0.0,0.0,0.3349403054855736,2.0155699682642707,1.048307780137304,0.0189527817419166,18.952781741916613,3974.795795735852,0.3653479730366629,2.0643109350006013,1.5076866999734193,0.0492183900205418,1.3768091670353897,0.1484661081340164,7.0,0.0,24.329036776741397,1.9967106580734253,0.0
DAMPED_POV_L025,2,4,0.0,0.0,0.069631584566307,0.0,0.0539876636505125,0.1735252141952514,0.3598689491847923,2.366557098386903,1.061449563029398,0.0444783623372194,44.47836233721949,12470.459836097283,0.1744108625306223,1.7058122719187117,1.6948579250019975,0.0492475210339762,1.5636607060441747,0.1682026328635402,7.0,0.0,26.99724594138927,1.0107418298721311,0.0
PLAIN_FM,2,5,0.0,0.0,0.0727954775918684,0.0,0.4445596155166624,1.3078880310058594,0.3993872415493868,2.783114070961412,1.0856798920562498,0.0594419315059804,59.44193150598043,15792.521524302572,0.0823120559000131,1.3902099895889866,0.0706212749937549,0.0442398691084235,0.0,0.0,0.0,0.0,0.0,0.0,0.0
GOAL_AWARE_FINAL_PROJECTION,2,5,1.0,0.0,-0.0150178767954565,0.0,0.0,0.0,0.4035289357640872,1.927233132810754,1.1923650697411077,0.0156456983898358,15.645698389835871,263.4639042437214,0.6143314966727131,2.543403685179271,0.1735754719702527,0.0433568689622916,0.0925820659613236,0.0104342409758828,1.0,0.0,3.2072946366518416,3.207294464111328,0.0
NORMALIZED_POV_L1,2,5,0.0,0.0,0.0131770981201126,1.1642945185741382e-07,0.0107421096801756,0.0,0.1803284008373739,1.8859990240158573,1.0692240789563197,0.0225216699253987,22.52166992539872,469.3404688046466,0.8366322098017557,3.027970574889341,1.5101055839913895,0.0490339749958366,1.3792912450735455,0.1480878290021792,7.0,0.0,23.95729696545997,4.446356773376465,0.0
DAMPED_POV_L05,2,5,0.0,0.0,0.0571880403909964,0.0,0.0,0.0,0.3521685456323981,2.1331906083937096,1.0496382202718648,0.0247707269618455,24.77072696184557,5376.25256127079,0.3180478272979692,1.9547935255011195,1.5112235919805244,0.0489281929912976,1.3805993249407038,0.1511719861882738,7.0,0.0,23.39995233735061,1.7071912288665771,0.0
DAMPED_POV_L025,2,5,0.0,0.0,0.0671316249538208,0.0,0.1269640144348143,0.1780343055725097,0.3692761632924012,2.4101364581614155,1.0673632588902675,0.0357729169141369,35.77291691413698,8885.933527656785,0.1680000957217559,1.6824997327804838,1.5085614830022678,0.0490437950356863,1.378126964031253,0.1495361981214955,7.0,0.0,25.95526881384282,0.9588969945907592,0.0
PLAIN_FM,2,6,0.0,0.0,0.0792714395646791,0.0,0.1419539865493773,0.7699441909790039,0.4034807353421325,2.7202636889596232,1.1235466859146912,0.0449200798394714,44.92007983947144,11933.42792986858,0.0699907427476311,1.4477037330260478,0.0706699070287868,0.0441845490131527,0.0,0.0,0.0,0.0,0.0,0.0,0.0
GOAL_AWARE_FINAL_PROJECTION,2,6,1.0,0.0,-0.0101783928395686,0.0,0.0,0.0,0.391005678182838,1.829155237944604,1.2198750877703035,0.0147350617779409,14.735061777940928,281.8965915611926,0.6960942802829664,2.726411257450382,0.1739707629894837,0.0435698321089148,0.0927234099945053,0.0105348430224694,1.0,0.0,3.5367569374298515,3.536756992340088,0.0
NORMALIZED_POV_L1,2,6,0.0,0.0,0.0836735736041975,0.0,0.0,0.0,0.3421919026852353,1.2833565509257208,0.9799619418843868,0.0082086782557464,8.208678255746449,199.28173746892597,0.9156412882508967,3.4374917537024547,1.7853611489990726,0.0489700730540789,1.6547731239697896,0.1799007928930223,7.0,0.0,26.08382849612484,4.637679576873779,0.0
DAMPED_POV_L05,2,6,0.0,0.0,0.0532826822530916,0.0,0.0,0.0,0.3434386191642171,2.0672213584130703,1.084175037367959,0.0196607652266473,19.660765226647392,3607.533687935937,0.376374648294055,2.071416315326112,1.6903156799962744,0.0488237090758048,1.5600311739253812,0.1703744878177531,7.0,0.0,22.48254442848126,1.9058873653411863,0.0
DAMPED_POV_L025,2,6,0.0,0.0,0.070333639524741,0.0,0.0,0.083930492401123,0.3665036850705485,2.354366217808795,1.108979486934471,0.0309987684166049,30.99876841660498,7525.2865225185105,0.2014620529507188,1.7493329911903182,1.7796333910082467,0.0487638560007326,1.6493730940273963,0.1782465722062625,7.0,0.0,23.128800832894967,1.0184849500656128,0.0
PLAIN_FM,2,7,0.0,0.0,0.0769487592152858,0.0,0.3027050312995909,1.498253345489502,0.4114622280081535,2.7564157228454307,1.104120206700831,0.0546477012367145,54.64770123671456,13686.732804071233,0.0691522502412629,1.4185839984102544,0.0712947739521041,0.0445905299857258,0.0,0.0,0.0,0.0,0.0,0.0,0.0
GOAL_AWARE_FINAL_PROJECTION,2,7,1.0,0.0,-0.0127642064740469,0.0,0.0,0.0,0.460627459564067,2.347909700916732,1.248101472214219,0.0278518815294992,27.85188152949924,483.40463124416647,0.6450551649440871,2.4974049834328578,0.1749299669754691,0.0438760500401258,0.0932253639912232,0.0105806649662554,1.0,0.0,3.3725572406996704,3.3725574016571045,0.0
NORMALIZED_POV_L1,2,7,0.0,0.0,0.0472831368991602,0.0,0.0,0.0,0.3758607010473451,1.8688334168301888,0.9156747644947858,0.0183641825390066,18.364182539006624,321.83245395565046,0.6622993359352494,2.5728987646352524,1.512619671004359,0.0486844650586135,1.3822373009170406,0.1511908190441317,7.0,0.0,19.609529716066348,3.375976324081421,0.0
DAMPED_POV_L05,2,7,0.0,0.0,0.0626088685863714,0.0,0.0,0.0,0.3489643009016248,2.239669079007854,1.066927154133331,0.0244014390945184,24.40143909451842,3712.5515869298247,0.2904231356406624,1.9033185894957252,1.5129002979956567,0.0491612289915792,1.3818689130130224,0.1511110470164567,7.0,0.0,20.320078406267665,1.5576976537704468,0.0
DAMPED_POV_L025,2,7,0.0,0.0,0.0697954501567784,0.0,0.0041850027084349,0.4872393608093261,0.3725395208893177,2.418870062862576,1.0764990579527134,0.0352685543027975,35.26855430279753,8058.244537728707,0.1494093666680548,1.664543155780985,1.4231626160326414,0.0490965949138626,1.2923507960513234,0.1423056880012154,7.0,0.0,19.450446845228992,0.8293656706809998,0.0
PLAIN_FM,2,8,0.0,0.0,0.0649705572307588,0.0,0.2818013843536375,1.9134145975112915,0.4020109839316969,2.7170568881699158,1.0980149411401126,0.0467410632273086,46.74106322730864,11425.280750398835,0.1011410731256595,1.419182290254685,0.0706832680152729,0.0441852310323156,0.0,0.0,0.0,0.0,0.0,0.0,0.0
GOAL_AWARE_FINAL_PROJECTION,2,8,0.0,0.0,0.0148195737819392,0.0,0.0,0.0,0.3886875264235943,1.7512270929833356,1.1695732306722169,0.0126624819188316,12.66248191883168,268.6603566222523,0.7290347051782238,2.777740469203906,0.173959392006509,0.043463189038448,0.092821942991577,0.0105442939675413,1.0,0.0,3.779186832022619,3.779186964035034,0.0
NORMALIZED_POV_L1,2,8,0.0,0.0,0.0693572505690287,0.0,0.0,0.0,0.4250282812458589,1.6440168241272788,0.8906230844773831,0.014018357317326,14.018357317326036,222.23418003939344,0.7810800342373916,3.0546337684903726,1.597935549041722,0.0487559170578606,1.467928157944698,0.1577821309911087,7.0,0.0,24.5929403056428,4.078764915466309,0.0
DAMPED_POV_L05,2,8,0.0,0.0,0.0381343190827438,0.0,0.0,1.5258532762527466,0.3295036960321573,2.0738863992685745,1.0602710478491375,0.0277410660442747,27.741066044274703,5241.915295134204,0.3808968266397455,2.049285184777028,1.5038331340183504,0.0487109360401518,1.37380612292327,0.1474253929336555,7.0,0.0,25.04206584915754,1.9736278057098389,0.0
DAMPED_POV_L025,2,8,0.0,0.0,0.0629183871801807,0.0,0.0759483989715574,1.9681376218795776,0.3749307802971599,2.2878963502907905,1.07245777672816,0.0353513027511906,35.351302751190694,8211.714727266872,0.2165413006326749,1.7876467652448311,1.4152977330377323,0.048988614056725,1.2850006950902753,0.1394831099314615,7.0,0.0,25.0685160379967,1.1745961904525757,0.0
PLAIN_FM,2,9,0.0,0.0,0.07524606992358,0.0,0.2202244218826292,1.6836118698120115,0.3816124425704518,2.809105367825503,1.0970814034080028,0.0534001021846995,53.40010218469956,14056.74194064648,0.1274003124982793,1.3585854142535911,0.0704938020207919,0.0441196450847201,0.0,0.0,0.0,0.0,0.0,0.0,0.0
GOAL_AWARE_FINAL_PROJECTION,2,9,1.0,0.0,-0.0162914090297437,0.0,0.0,0.0,0.46818420983431,2.054357134990201,1.2910051042155892,0.018937183413775,18.93718341377504,331.8908846662083,0.7026961589401013,2.657723915792245,0.1763208640040829,0.0452334850560873,0.0929900070186704,0.0108499920461326,1.0,0.0,3.7234010110292473,3.723400831222534,0.0
NORMALIZED_POV_L1,2,9,0.0,0.0,0.0103685635723504,0.0,0.0,0.0,0.321180503674051,1.5592028028264338,1.0708577884463348,0.0058280431600019,5.828043160001961,157.98166117404477,0.8368072996999079,2.9293294591099506,1.5122153629781678,0.0517652059788815,1.379450471024029,0.1541745979338884,7.0,0.0,21.67360736928105,4.367894649505615,0.0
DAMPED_POV_L05,2,9,0.0,0.0,0.0636988086414337,0.0,0.0,0.0,0.3563928944399044,2.362046607311972,1.0980824736153412,0.0258067903168752,25.806790316875272,3442.286617450741,0.3606980401592975,1.9883436149286,1.690045996045228,0.0504718930460512,1.5586853290442375,0.1708165009622462,7.0,0.0,22.37544882573848,2.047964572906494,0.0
DAMPED_POV_L025,2,9,0.0,0.0,0.070730800821085,0.0,0.0,0.3004145622253418,0.3496203202216145,2.506314688039452,1.0964422277162935,0.0334069509610828,33.40695096108282,7409.202814500082,0.2061848260763226,1.6708065221263655,1.603286320983898,0.0492831720039248,1.4729704820783809,0.1606051549897529,7.0,0.0,24.26711966592728,1.16923987865448,0.0
PLAIN_FM,2,10,0.0,0.0,0.0747018781347359,0.0,0.2714662369728087,0.0,0.4010377241478837,2.7656862208347177,1.124686607368513,0.0502928062852765,50.29280628527655,13736.298937507408,0.1011916137462467,1.3629360061695972,0.0705234439810738,0.0442033099825494,0.0,0.0,0.0,0.0,0.0,0.0,0.0
GOAL_AWARE_FINAL_PROJECTION,2,10,1.0,0.0,-0.0194231381738654,0.0,0.0028754886627195,0.0,0.4693890445743806,2.1469012105216967,1.2714506824735627,0.0214246816354046,21.42468163540468,381.5627172079061,0.7453679975291811,2.701348890721492,0.1731625320389866,0.0433029639534652,0.0923359399894252,0.0105534640024416,1.0,0.0,3.860081361989241,3.860081434249878,0.0
NORMALIZED_POV_L1,2,10,0.0,0.0,0.0260136553568401,0.0,0.0,0.0,0.3289655539245014,1.653310802294546,0.9999797109668332,0.0105302831928604,10.530283192860423,241.3205165211707,0.6977460802279684,2.774126538327885,1.8699461740325205,0.049489458091557,1.7392885969602505,0.1872994978330098,7.0,0.0,22.55201351722765,3.674149513244629,0.0
DAMPED_POV_L05,2,10,0.0,0.0,0.0336976576305662,0.0,0.0,0.0,0.3733597440158711,2.340796483716839,1.1234599130134106,0.025402665143881,25.40266514388101,3822.533912390558,0.3939218771171975,2.000945682675533,1.6938964169821702,0.0497583950636908,1.5622989269904792,0.1669829920865595,7.0,0.0,21.30919357879478,2.1105856895446777,0.0
DAMPED_POV_L025,2,10,0.0,0.0,0.0603002122044371,0.0,0.0,0.0,0.3687541534840464,2.4166961356401124,1.099694712843844,0.0325668360355675,32.56683603556751,7947.954039721322,0.1852929377331847,1.6651219776465054,1.6181940290261991,0.0494876790908165,1.4869633979396897,0.1621941879857331,7.0,0.0,23.70627184184449,1.0324459075927734,0.0
PLAIN_FM,2,11,0.0,0.0,0.0788207616592327,0.0,0.1857374724388121,0.1755428314208984,0.4050858867935445,2.717019172369966,1.1170841125037028,0.0559294764983071,55.929476498307146,15632.882792240556,0.0682155299127811,1.4546372147864728,0.0713737949845381,0.0445702900760807,0.0,0.0,0.0,0.0,0.0,0.0,0.0
GOAL_AWARE_FINAL_PROJECTION,2,11,1.0,0.0,-0.0088621473973386,0.0,0.0,0.0,0.4083679708476038,1.784271757454437,1.1702113818304665,0.013156468590008,13.156468590008076,293.6221757746437,0.7126645323813515,2.7350532172681907,0.1751835939940065,0.0436944860848598,0.0935148510034196,0.0106029859744012,1.0,0.0,3.5246873040505324,3.5246872901916504,0.0
NORMALIZED_POV_L1,2,11,0.0,0.0,0.0467686017442464,0.0,0.0022257980346678,0.0,0.2937742111618243,1.88036159471774,0.9911088307258914,0.01964585235579,19.645852355790083,399.3048502581864,0.5130870079889241,2.410040372085805,1.621617139026057,0.0497318720445036,1.4901456999359652,0.1650554700754583,7.0,0.0,22.46316462474445,2.569997549057007,0.0
DAMPED_POV_L05,2,11,0.0,0.0,0.0541626065307553,0.0,0.0,0.0,0.3503139919298584,2.0128155823629177,1.069184623531766,0.0235616482318912,23.56164823189122,5342.704616889194,0.4114889639423817,2.116314231942896,1.7040952130337246,0.0492977419053204,1.5729261439992115,0.1720467850100249,7.0,0.0,24.57846031324624,1.9833920001983645,0.0
DAMPED_POV_L025,2,11,0.0,0.0,0.07249335193684,0.0,0.0,0.2550792694091797,0.3776954860983296,2.2807524354331528,1.0886568289983043,0.0392191683166348,39.21916831663481,10576.51661677766,0.2497736384575252,1.8176725892984136,1.6095182549906897,0.0494530050782486,1.4785415090154856,0.1640545150730759,7.0,0.0,27.580990610409817,1.171900987625122,0.0
PLAIN_FM,2,12,0.0,0.0,0.0762719065300104,0.0,0.1950584467887877,0.8129549026489258,0.3877052283910041,2.7756144802386946,1.1103564800418546,0.0436160132570602,43.616013257060246,12251.115157609693,0.0978263886126898,1.3816636452845397,0.070728519000113,0.0442928219563327,0.0,0.0,0.0,0.0,0.0,0.0,0.0
GOAL_AWARE_FINAL_PROJECTION,2,12,1.0,0.0,-0.0133639483586935,0.0,0.0,0.0,0.4006850925300035,1.9726972696155525,1.199672174918872,0.016875224446009,16.875224446009085,300.23104772887166,0.6380501313033612,2.5480428347723767,0.1749258270137943,0.043456699931994,0.0936775750014931,0.0107981500332243,1.0,0.0,3.3056734125568314,3.305673360824585,0.0
NORMALIZED_POV_L1,2,12,0.0,0.0,0.0352459233854095,1.1642945185741382e-07,0.0,0.0,0.2937661800872068,1.7833827921663032,1.1387475356720806,0.023137362460802,23.137362460802,490.27919036621626,0.8074260465595586,3.1090112046050646,1.788476768997498,0.049576340126805,1.656678600993473,0.1785801949445158,7.0,0.0,26.378996696928755,4.31801176071167,0.0
DAMPED_POV_L05,2,12,0.0,0.0,0.0405607832079378,0.0,0.0,0.0,0.3439749087463699,2.2028499682229814,1.1000752192667278,0.0207417252005113,20.74172520051132,3759.8233149184425,0.3492010161350308,1.973319734698708,1.6968686769832857,0.0493640520144254,1.566022134909872,0.1696870640153065,7.0,0.0,21.16443827181402,1.8748854398727417,0.0
DAMPED_POV_L025,2,12,0.0,0.0,0.0644536250085495,0.0,0.0,0.0,0.35539491395326,2.4616234879308974,1.0989377856423723,0.0284704806572544,28.47048065725444,6875.324674672667,0.1803376369846756,1.6606215933359605,1.5970768330153078,0.049269653041847,1.466463469027076,0.1600206408766098,7.0,0.0,23.2723419417135,0.9878725409507751,0.0
PLAIN_FM,2,13,0.0,0.0,0.0797716151426143,0.0,0.2620346960067747,0.5779904127120972,0.3953617833056586,2.749902410523554,1.0878890167532382,0.04290226395792,42.90226395792007,10823.04748100824,0.0795273070877859,1.423984251239212,0.0708860929589718,0.0443488520686514,0.0,0.0,0.0,0.0,0.0,0.0,0.0
GOAL_AWARE_FINAL_PROJECTION,2,13,1.0,0.0,-0.0125645221082038,0.0,0.0010158237457273,0.0,0.5457392786409175,2.4768761558660293,1.3343921287789249,0.0344275338442656,34.42753384426567,598.3902227729487,0.7555148930709688,2.721906059705665,0.1727668819949031,0.0430485100951045,0.092302480014041,0.0105170530150644,1.0,0.0,3.954318310025017,3.9543182849884033,0.0
NORMALIZED_POV_L1,2,13,0.0,0.0,0.0508027223590843,3.548480309589763e-07,0.0047786649703978,0.0,0.2418911975191962,2.173730709795752,1.152755607324392,0.0312726659772897,31.27266597728973,696.1432715669957,0.5136754144957293,2.31849605224064,1.5929912370047532,0.0486948270117864,1.4632078220020048,0.1583561969455331,7.0,0.0,18.866112727719152,2.7252888679504395,0.0
DAMPED_POV_L05,2,13,0.0,0.0,0.0529865517681898,0.0,0.0,0.0,0.3514906369574805,1.9472789641964536,1.067749231164392,0.0169781492729439,16.978149272943945,3047.5736027670173,0.3897604410028898,2.158432921084573,1.3254757220274769,0.0488593209884129,1.1949163569370285,0.1310805469402112,7.0,0.0,20.388114376705087,2.076322317123413,0.0
DAMPED_POV_L025,2,13,0.0,0.0,0.07140052474178,0.0,0.0095163401603697,0.0,0.3605119166924389,2.422864263770595,1.0796743018932742,0.0301225787029628,30.122578702962883,6592.211548281515,0.1854824537435371,1.7014756947225556,1.415061840962153,0.0485794019768945,1.2853228580206633,0.1429905080003664,7.0,0.0,25.02391019056251,0.9851285219192504,0.0
PLAIN_FM,2,14,0.0,0.0,0.0802984490581937,0.0,0.2787633356094359,0.2709519863128662,0.3830592972303481,2.7431285282304163,1.096802739931839,0.0382797083732644,38.27970837326444,9657.34915989217,0.0855699194665233,1.420542978787611,0.0702310359920375,0.0438574589206837,0.0,0.0,0.0,0.0,0.0,0.0,0.0
GOAL_AWARE_FINAL_PROJECTION,2,14,0.0,0.0,0.0169848911744094,0.0,0.0,0.0,0.370735515381749,1.838588858089007,1.141786205761618,0.0141480363506332,14.14803635063322,267.42175655378736,0.6157340858411547,2.56721066916187,0.173021309019532,0.0430700489669106,0.0924123330041766,0.0105376139981672,1.0,0.0,3.1283589366378832,3.128358840942383,0.0
NORMALIZED_POV_L1,2,14,0.0,0.0,0.0419015901135794,0.0,0.0,0.0,0.3659109178263573,1.9849189055016712,1.020278346161716,0.0194062095526188,19.406209552618847,296.75593354134827,0.3584488898332339,2.077567614070308,1.4206821179832332,0.0502899659331887,1.2888070078915916,0.1409467858611606,7.0,0.0,20.75227658889686,1.8049393892288208,0.0
DAMPED_POV_L05,2,14,0.0,0.0,0.0509375989544164,0.0,0.0,0.0,0.3372256010234169,2.081355067805795,1.0731525003044529,0.0178148453579007,17.81484535790079,2983.754690282248,0.36107114200347,2.0383975525787816,1.3234651099774055,0.0493338939268142,1.1928994759218767,0.1304038819507695,7.0,0.0,22.400163146755773,1.8638949394226076,0.0
DAMPED_POV_L025,2,14,0.0,0.0,0.0797253201402368,0.0,0.0,0.0,0.3498355046924492,2.498275160324668,1.0770609478749915,0.0275256828831996,27.52568288319962,5360.978735713113,0.1899553460603064,1.692771129355274,1.324250690988265,0.0493107650545425,1.1936070349765942,0.1300851330161094,7.0,0.0,21.40990229944132,1.0247145891189575,0.0
PLAIN_FM,2,15,0.0,0.0,0.0761278540351444,0.0,0.2923829969406126,1.0472458600997925,0.3830250223749306,2.769428041800891,1.103317695935822,0.0416788286043279,41.67882860432792,9921.520874736434,0.0896933140831272,1.3948213055342205,0.0705833259853534,0.0442489490960724,0.0,0.0,0.0,0.0,0.0,0.0,0.0
GOAL_AWARE_FINAL_PROJECTION,2,15,1.0,0.0,-0.0136135938683296,0.0,0.0,0.0,0.4405922497209432,2.015524722477127,1.2607755934529394,0.0194523318347439,19.45233183474393,405.9388978813416,0.651263838301948,2.651057341132792,0.1737845480092801,0.0433970770682208,0.0928140929900109,0.010565434989985,1.0,0.0,3.436757914753444,3.436758041381836,0.0
NORMALIZED_POV_L1,2,15,0.0,0.0,0.0263789862818386,0.0,0.0,0.0,0.377512799744334,1.7768967788051255,1.0464135325555763,0.0138611776529167,13.861177652916725,315.01881969937534,0.6844984520978585,2.718290468182243,1.5139048430137336,0.049387353064958,1.3829569499357603,0.1546324910013936,7.0,0.0,28.744566283604065,3.5289623737335205,0.0
DAMPED_POV_L05,2,15,0.0,0.0,0.0560218229289787,0.0,0.0,0.0,0.3386736731501538,2.077270223657303,1.085615954689496,0.0189914837216085,18.991483721608528,3059.717714382537,0.339251437739563,2.0215160389347524,1.419775774993468,0.0493270329316146,1.2887923099915497,0.1403064970509149,7.0,0.0,24.01865304966833,1.8164536952972408,0.0
DAMPED_POV_L025,2,15,0.0,0.0,0.0715771819829437,0.0,0.0432480987548826,0.4940134286880493,0.3603738995551231,2.3921975009684497,1.0822893766024024,0.0304904309107668,30.49043091076681,6748.965697987557,0.1758801306853281,1.6996646998611116,1.5094654580461793,0.0493435140233486,1.378446950984653,0.1527913519530557,7.0,0.0,27.387787200691367,0.9536005854606628,0.0
PLAIN_FM,2,16,0.0,0.0,0.076020002196363,0.0,0.1909892376899717,0.876508355140686,0.4005946837929383,2.7875133348305834,1.0903709258997794,0.0485609602883811,48.5609602883812,12627.882893819433,0.0982997246196905,1.397899479541792,0.0706747070071287,0.0443072200287133,0.0,0.0,0.0,0.0,0.0,0.0,0.0
GOAL_AWARE_FINAL_PROJECTION,2,16,1.0,0.0,-0.0165170815182983,0.0,0.0004185852050779,0.0,0.4857969794016503,2.155233793893207,1.285123165613964,0.022423730249649,22.42373024964905,406.2235161005568,0.7171702609557637,2.67759760941137,0.1738592000328935,0.0434239081223495,0.092779011989478,0.0107044280157424,1.0,0.0,3.75321646052688,3.753216505050659,0.0
NORMALIZED_POV_L1,2,16,0.0,0.0,0.0411753341643413,0.0,0.002867144012451,0.0,0.4179425686404623,1.9580214572370596,0.9409744251109016,0.0222169891195918,22.2169891195918,424.5830737907852,0.6755876508041683,2.759769996750787,1.6897044850047678,0.049236130900681,1.559293412952684,0.1700356209767051,7.0,0.0,26.29712034866153,3.625638246536255,0.0
DAMPED_POV_L05,2,16,0.0,0.0,0.0458531977230576,0.0,0.0,0.0,0.3497003264527966,2.164838501231923,1.081914287663836,0.0202427759236378,20.24277592363788,3521.4694784414746,0.3449590647737877,1.967227011787764,1.4189903960213996,0.049359914031811,1.2878285140614023,0.1393702150671742,7.0,0.0,25.29019596279999,1.8375910520553589,0.0
DAMPED_POV_L025,2,16,0.0,0.0,0.0682888652662162,0.0,0.0,0.0,0.3604433283348248,2.5211183910101367,1.084602723700897,0.0330948887308091,33.09488873080913,7310.132263113455,0.1842868162158997,1.6477214498289925,1.597963569976855,0.0488267099717631,1.467626371071674,0.1580084070446901,7.0,0.0,19.49834674444893,1.01771080493927,0.0
PLAIN_FM,2,17,0.0,0.0,0.0830738034381129,0.0,0.2311419066429136,0.2533864974975586,0.3805695825446101,2.734354457238412,1.1151111175743778,0.0413966653417928,41.39666534179288,10547.672902106562,0.0826112461078201,1.4212987591273054,0.0704199110041372,0.0440754469600506,0.0,0.0,0.0,0.0,0.0,0.0,0.0
GOAL_AWARE_FINAL_PROJECTION,2,17,1.0,0.0,-0.0089091432489033,0.0,0.0,0.0,0.4141455345846568,1.93291449520342,1.1907748124065465,0.0160650188927462,16.065018892746252,307.13823247516814,0.6741015436612838,2.647361121069012,0.1736591249937191,0.0432507848599925,0.0927767519606277,0.0105077929911203,1.0,0.0,3.4196255336417964,3.4196255207061768,0.0
NORMALIZED_POV_L1,2,17,0.0,0.0,0.0227104906155826,0.0,0.0,0.0,0.3415031766618412,2.0704296327987266,0.9905451579161972,0.0237766671375379,23.7766671375379,405.30473311601867,0.2913565913119256,2.0330760441584856,1.5095575209707022,0.0489077909151092,1.3790048771188594,0.1494083467987366,7.0,0.0,19.703108364957373,1.508326292037964,0.0
DAMPED_POV_L05,2,17,0.0,0.0,0.0509485022410942,0.0,0.0,0.0,0.3417245190052148,2.049161299575543,1.0854565691889138,0.0174632467560444,17.463246756044494,3020.004701323242,0.3726842704796121,2.0564607055098487,1.4177948060096242,0.0490988070960156,1.2873340039514003,0.1390320768696256,7.0,0.0,21.955089503330736,1.905501127243042,0.0
DAMPED_POV_L025,2,17,0.0,0.0,0.0702994335101389,0.0,0.0,0.0,0.3519055580068838,2.375859524386432,1.0975858811173491,0.0268141955494343,26.814195549434373,6123.113490625609,0.1779321977345271,1.7016287689093677,1.4168741219909862,0.0489872730686329,1.286360030877404,0.1389479140634648,7.0,0.0,20.347544079970497,0.9102359414100648,0.0
PLAIN_FM,2,18,0.0,0.0,0.074923544451741,0.0,0.1124115404129026,0.0,0.3899478845335234,2.754867774490261,1.1151129952507215,0.0405883371057531,40.58833710575316,10127.735397268478,0.0879291321149316,1.4351584751221766,0.0705410540103912,0.0441990890540182,0.0,0.0,0.0,0.0,0.0,0.0,0.0
GOAL_AWARE_FINAL_PROJECTION,2,18,1.0,0.0,-0.0175140705756341,0.0,0.0,0.0,0.4900653716158729,2.1256734267710105,1.2793260114613063,0.0225074847314452,22.50748473144526,423.14052615575184,0.7279534708385429,2.743459751279659,0.173408079019282,0.0433217259705998,0.092506875982508,0.010608326003421,1.0,0.0,3.7596030876002056,3.759603261947632,0.0
NORMALIZED_POV_L1,2,18,0.0,0.0,0.0486992154543966,0.0,0.0,0.0,0.3665896665335307,1.5650858066844466,0.9142662392602148,0.0108236430717489,10.82364307174899,282.921886814691,0.8072751076756964,2.9912867689417624,1.4261836140067317,0.0494161029346287,1.294798546936363,0.1437291768961586,7.0,0.0,26.62567570871698,4.069780826568604,0.0
DAMPED_POV_L05,2,18,0.0,0.0,0.0496032061390627,0.0,0.0,0.0,0.3440743470562876,1.9806034430247643,1.0944081929817266,0.0175533883640321,17.553388364032198,3346.039747655128,0.4285942731347939,2.1731284691042707,1.1500190930091776,0.0492376699694432,1.018756601959467,0.1143595240428112,7.0,0.0,22.58218624450665,2.181095838546753,0.0
DAMPED_POV_L025,2,18,0.0,0.0,0.0649514356106801,0.0,0.0,0.0,0.3515877135269195,2.4459591867651747,1.1078450697324915,0.0288760027743229,28.87600277432297,6114.599784306381,0.2035390262050762,1.717591088580427,1.234932791965548,0.0491485679522156,1.1041158990119584,0.1193713031825609,7.0,0.0,24.910169198842063,1.0411241054534912,0.0
PLAIN_FM,2,19,0.0,0.0,0.0803959772643649,0.0,0.2309204753875731,5.768306255340576,0.3784617410911161,2.795933428751267,1.137240253065967,0.0835141608958386,83.51416089583864,20171.969852072525,0.1080345923639197,1.3891938587140304,0.0708026310312561,0.0443226920324377,0.0,0.0,0.0,0.0,0.0,0.0,0.0
GOAL_AWARE_FINAL_PROJECTION,2,19,0.0,0.0,0.016000381494636,0.0,0.0,0.0,0.3640514037108845,1.7418714174175427,1.141730210713052,0.0119626624140423,11.962662414042311,245.68510962694745,0.627213321092002,2.6025380027309044,0.1733950289781205,0.043387328099925,0.0924438840011134,0.0104614620213396,1.0,0.0,3.24912518898588,3.2491252422332764,0.0
NORMALIZED_POV_L1,2,19,0.0,0.0,0.0506959572585612,0.0,0.0,0.0,0.3479933878993369,1.478356629490346,0.9452255437615088,0.0084612460300803,8.46124603008036,265.8311043413519,0.8178334373411615,2.987359483814936,1.6952816029661335,0.049183988943696,1.5642839369829744,0.1688041087472811,7.0,0.0,22.11688863215728,4.122765064239502,0.0
DAMPED_POV_L05,2,19,0.0,0.0,0.0477774668135253,0.0,0.0,0.971693992614746,0.3322015473548487,2.0766934945744744,1.0650074824609366,0.0264169722628009,26.41697226280096,5366.632369313471,0.3364276064798169,1.9813500633707135,1.4177312859683298,0.0490168560063466,1.2870978289865889,0.1405996750108897,7.0,0.0,21.3331775169749,1.7803221940994265,0.0
DAMPED_POV_L025,2,19,0.0,0.0,0.0682806834546936,0.0,0.0,3.493661880493164,0.3642344253326751,2.351671769192713,1.101953388553406,0.0475332991650951,47.53329916509519,11200.337603503904,0.1953703612643466,1.736004310561263,1.3297708579921164,0.0489191408851183,1.1990226279594935,0.1318968709092587,7.0,0.0,21.359497003510484,1.077535629272461,0.0
PLAIN_FM,2,20,0.0,0.0,0.0724308081967567,0.0,0.2328156050682066,1.379985809326172,0.3835029523335246,2.7955287267417743,1.0769843008006752,0.0558085122086561,55.808512208656126,14566.08786207287,0.0976371089322226,1.3882424662458233,0.07069289899664,0.0442449800902977,0.0,0.0,0.0,0.0,0.0,0.0,0.0
GOAL_AWARE_FINAL_PROJECTION,2,20,1.0,0.0,-0.0195347698308502,0.0,0.0,0.0,0.5096049866453719,2.2267328373916606,1.3306104480702063,0.025097668980635,25.097668980635035,444.9593122919815,0.7242791505004887,2.710522418389916,0.1736342060030438,0.043363956909161,0.0926659689866937,0.0106041750404983,1.0,0.0,3.842360806996511,3.842360734939575,0.0
NORMALIZED_POV_L1,2,20,0.0,0.0,0.0336478458316493,0.0,0.0,0.0,0.3521883685060937,1.729814401708583,1.0637254641860212,0.0125038350538133,12.50383505381336,226.4309759834049,0.5453352982447902,2.469205216364855,1.5073068249621429,0.0490122860646806,1.376714068930596,0.1498885181499645,7.0,0.0,22.790490692571485,2.8403048515319824,0.0
DAMPED_POV_L05,2,20,0.0,0.0,0.0462622946402001,0.0,0.0,0.0,0.3425304507548573,1.9636969150111128,1.038797358193213,0.0216155448664399,21.615544866439905,4853.507176338079,0.4410442633879742,2.181763800727213,1.5985001570079476,0.0489581350702792,1.4678313690819778,0.1589466960867867,7.0,0.0,24.08349936343521,2.32918381690979,0.0
DAMPED_POV_L025,2,20,0.0,0.0,0.0658445466644347,0.0,0.0,0.0,0.3567401847515381,2.380855460876755,1.0615196492643637,0.0329086749482966,32.90867494829661,7845.286151788649,0.1914821485458961,1.7121304464935168,1.506652119976934,0.0490388331236317,1.3759669611463323,0.1491916310042143,7.0,0.0,21.617686385752563,1.0485745668411257,0.0
PLAIN_FM,2,21,0.0,0.0,0.0701351337791169,0.0,0.2250661071777342,0.3630948066711426,0.4045462411639627,2.6984325493128023,1.0980092317764327,0.0467813193080143,46.78131930801433,12268.803982336252,0.0665976641204544,1.4680365326808131,0.0706222170265391,0.0441324259154498,0.0,0.0,0.0,0.0,0.0,0.0,0.0
GOAL_AWARE_FINAL_PROJECTION,2,21,1.0,0.0,-0.0033540617870553,0.0,0.0,0.0,0.4252001173865789,1.9699174291117936,1.199579405003002,0.0180635516779696,18.06355167796969,350.27074557776314,0.6650544495199158,2.62357599176768,0.1736574959941208,0.0433993179467506,0.092612779000774,0.01051017397549,1.0,0.0,3.34712711367074,3.3471271991729736,0.0
NORMALIZED_POV_L1,2,21,0.0,0.0,0.0300281180096417,1.1642945185741382e-07,0.003593724632263,0.0,0.3463871014975701,1.944918473784976,1.037307963507316,0.0224106325080235,22.410632508023557,487.5514010389992,0.5618558024624349,2.4414959358471133,1.6008990400005132,0.0489437348442152,1.4699864559806883,0.1604202029993757,7.0,0.0,23.77667182194575,2.753990411758423,0.0
DAMPED_POV_L05,2,21,0.0,0.0,0.0506181105705499,0.0,0.0,0.0,0.3574111600394615,1.9650166953875443,1.0291137326974882,0.0186775189112809,18.677518911280945,3671.3780548050695,0.3676370011874938,2.129033936402809,1.4203453049995003,0.0488319498836062,1.2898688020650295,0.1403486778726801,7.0,0.0,21.904770237406307,1.8027219772338867,0.0
DAMPED_POV_L025,2,21,0.0,0.0,0.0667191395343349,0.0,0.0,0.2740544080734253,0.3666429840583581,2.344827315764494,1.0713281239297716,0.035493436356161,35.49343635616104,8535.826994087514,0.1981425824837973,1.7550786498091318,1.240525108994916,0.0491221479605883,1.109513861942105,0.1239538619993254,7.0,0.0,25.790470016725607,0.950865924358368,0.0
PLAIN_FM,2,22,0.0,0.0,0.0737443878453706,0.0,0.2934835967063902,1.597176194190979,0.404133979747487,2.769388931417554,1.136277175316424,0.062659478819611,62.65947881961111,17583.84480118834,0.1140618015824286,1.397144676343582,0.0705972660216502,0.0441500079468824,0.0,0.0,0.0,0.0,0.0,0.0,0.0
GOAL_AWARE_FINAL_PROJECTION,2,22,1.0,0.0,-0.0329993882539595,0.0,0.0,0.0,0.5377783484220917,2.3140316832223387,1.3536361130218844,0.0262173636254514,26.217363625451465,443.42067856604217,0.8156767725292319,2.8318845193643702,0.1737848990014754,0.0433125560521148,0.092883026052732,0.0104744720156304,1.0,0.0,4.264542626858945,4.264542579650879,0.0
NORMALIZED_POV_L1,2,22,0.0,0.0,0.0558226757728363,0.0,0.0026418384552,0.0,0.3354547489212389,1.984193933892147,1.0941382349057964,0.0205045639662041,20.504563966204177,393.9538274603194,0.4105952946965257,2.112087995057795,1.786317072052043,0.0490644949604757,1.6554539609351195,0.1791000349912792,7.0,0.0,17.226496445541166,2.109163761138916,0.0
DAMPED_POV_L05,2,22,0.0,0.0,0.0500098935801989,0.0,0.0,0.0,0.3530028149277436,2.0444719363108392,1.0821521073269895,0.0235814109720697,23.581410972069783,5242.426301342462,0.3295236923733102,2.0241547113828258,1.6898534650099464,0.0489834839827381,1.5589445310179144,0.1670916840666905,7.0,0.0,18.81241797319981,1.8065675497055051,0.0
DAMPED_POV_L025,2,22,0.0,0.0,0.0611895903331235,0.0,0.047081273460388,0.6320458650588989,0.3800422208260319,2.308299391660894,1.09301251156455,0.0395155917965437,39.51559179654374,10725.38543473848,0.199510043539177,1.7505334643925294,1.695972834015265,0.0492460800451226,1.5647249109460972,0.1695650420151651,7.0,0.0,22.15805594784775,1.1336486339569092,0.0
PLAIN_FM,2,23,0.0,0.0,0.0771522174821575,0.0,0.2491651591300963,2.5935721397399902,0.3845598763541942,2.768806807714907,1.0874400490495422,0.0537103773417189,53.710377341719,12887.779623358736,0.0930072265702204,1.3781679157440352,0.0706568770110607,0.0442854408756829,0.0,0.0,0.0,0.0,0.0,0.0,0.0
GOAL_AWARE_FINAL_PROJECTION,2,23,1.0,0.0,-0.0100714656688203,0.0,0.0020034727096556,0.0,0.51171287626948,2.308541954469792,1.310885061974215,0.02761769461822,27.61769461822006,503.1912218337986,0.7459009227764103,2.704753136406332,0.1739985350286588,0.0434136989642865,0.0929489170084707,0.0106078659882768,1.0,0.0,3.870896969568715,3.870896816253662,0.0
NORMALIZED_POV_L1,2,23,0.0,0.0,0.0337938880615977,1.1642945185741382e-07,0.003857773208618,0.0,0.3932004692906911,2.163261523970444,0.9486357036614534,0.0267389158180209,26.7389158180209,524.6722005399996,0.2934851764829927,1.8465519801982888,1.5135412199888378,0.0489971749484539,1.3827217180514708,0.1521900789812207,7.0,0.0,19.882274238038068,1.3856215476989746,0.0
DAMPED_POV_L05,2,23,0.0,0.0,0.0538255685809056,0.0,0.0,0.0,0.3431759659734037,2.009686805262469,1.0699068355488652,0.0225292080081231,22.52920800812319,4125.505044309219,0.3710878857848539,2.0888969572259533,1.333400766015984,0.0491085590329021,1.202720918052364,0.1340438440674916,7.0,0.0,23.068601458093635,2.008720636367798,0.0
DAMPED_POV_L025,2,23,0.0,0.0,0.0740039928647243,0.0,0.0,1.243455410003662,0.3661846696390091,2.460693342726657,1.0653329786190702,0.0378165352149093,37.81653521490932,8359.773170159706,0.1391610310395538,1.604092103480515,1.4268832369707525,0.0491013168939389,1.295618823962286,0.1422036160365678,7.0,0.0,22.348963951749777,0.7031607627868652,0.0
PLAIN_FM,2,24,0.0,0.0,0.0779501622356274,0.0,0.3547437604904173,1.340014934539795,0.3789092076162667,2.7538173782129425,1.0964201016733892,0.0530810611232661,53.08106112326616,14827.009700238466,0.0884683849819072,1.4304442933437966,0.0709407350514084,0.0445344479521736,0.0,0.0,0.0,0.0,0.0,0.0,0.0
GOAL_AWARE_FINAL_PROJECTION,2,24,1.0,0.0,-0.0119111853121807,0.0,0.0,0.0,0.476371042280477,2.1928897579868294,1.2640951195813828,0.0241854385147783,24.185438514778397,465.9947701129319,0.6514797675150803,2.5594582024293104,0.1736805370310321,0.043442289927043,0.0926894400035962,0.0106221260502934,1.0,0.0,3.3934675893686617,3.393467664718628,0.0
NORMALIZED_POV_L1,2,24,1.0,0.0,-0.0270828115038071,1.1642945185741382e-07,0.0019194301605223,0.0,0.3372629797934318,2.0241874764137218,1.0066655573872516,0.0249098556636995,24.909855663699524,502.448114839904,0.6956768373878193,2.607231926834489,1.9720829160069115,0.0494615860516205,1.8407781909918413,0.2010361780994571,7.0,0.0,25.911714545996876,3.588003396987915,0.0
DAMPED_POV_L05,2,24,0.0,0.0,0.0544784925806968,0.0,0.0,0.0668209791183471,0.3294067081922623,2.1227718257290134,1.0804019371183484,0.0228760560327287,22.8760560327288,4856.155518949379,0.3441671806507427,1.9873042541794983,1.604652451002039,0.0502350770984776,1.4719521409715526,0.160531833069399,7.0,0.0,23.490890889983135,1.7546594142913818,0.0
DAMPED_POV_L025,2,24,0.0,0.0,0.0737903267140109,0.0,0.1010711606979368,0.404403805732727,0.3471041268236709,2.418520681515908,1.0845233236704128,0.0355107750403657,35.5107750403657,9125.14412753173,0.1881680181699976,1.7026158917908274,1.5075305360369384,0.0498155450331978,1.3764784169616178,0.1513096339185722,7.0,0.0,24.39119482728056,0.9590078592300416,0.0
PLAIN_FM,2,25,0.0,0.0,0.0755020599285261,0.0,0.284578364753723,0.9311389923095704,0.4057563339554267,2.723584530500579,1.1109527858287649,0.0418100983973412,41.81009839734121,10385.713081528009,0.0783817134407968,1.442371878142471,0.0700929529848508,0.0439437520108185,0.0,0.0,0.0,0.0,0.0,0.0,0.0
GOAL_AWARE_FINAL_PROJECTION,2,25,1.0,0.0,-0.0188176298911311,0.0,0.0017114099502562,0.0,0.4786766062103803,2.1806461661883976,1.2858454497427974,0.0231294752852022,23.12947528520226,398.8481860742965,0.721121343483617,2.682062731481155,0.1729927090345882,0.0430748090147972,0.0925059659639373,0.0105686149909161,1.0,0.0,3.71108324396149,3.711083173751831,0.0
NORMALIZED_POV_L1,2,25,0.0,0.0,0.261863565397171,0.0,0.0,0.0,0.7559164976503379,2.3910950847169383,0.6077671654178939,0.0303761591804097,30.3761591804097,507.1040436625652,1.0011518334612728,3.424422975469893,1.598041518998798,0.0490016340045258,1.4679883981589228,0.1612393480027094,7.0,0.0,25.764718536043286,5.146148681640625,0.0
DAMPED_POV_L05,2,25,0.0,0.0,0.0537889641901951,0.0,0.0,0.0,0.3228381594456234,2.09202566641816,1.0316111091268982,0.0213491289608258,21.34912896082586,3378.286198758685,0.3918943283091674,2.0694131834685,1.6785488440073095,0.0489960039849393,1.5484019999857992,0.1625485469703562,7.0,0.0,21.11434757583693,2.025502443313598,0.0
DAMPED_POV_L025,2,25,0.0,0.0,0.0615536172499397,0.0,0.0265337642669676,0.4914414882659912,0.3685125933283008,2.3476926287245354,1.084454904581696,0.029086430680164,29.086430680164035,6867.773134652547,0.1973964237572478,1.7375635474891822,1.4996755619649775,0.048757477896288,1.3699360889731906,0.1439272609422914,7.0,0.0,22.811240444945817,0.9518367648124696,0.0
PLAIN_FM,2,26,0.0,0.0,0.0718052727477468,0.0,0.2204804238319395,1.5477252006530762,0.3921886159032357,2.756548067448225,1.0914313088890073,0.0460350764075712,46.03507640757121,11530.340079833111,0.0870966128484421,1.4053780894200114,0.0702863080077804,0.0440369161078706,0.0,0.0,0.0,0.0,0.0,0.0,0.0
GOAL_AWARE_FINAL_PROJECTION,2,26,1.0,0.0,-0.014160917353015,0.0,0.0,0.0,0.4290631018833217,1.8988273855655464,1.1934039936480605,0.0145105655651196,14.510565565119649,287.78433457921085,0.6641324528282766,2.63088717375735,0.1732791769900359,0.043017397983931,0.0927278510062024,0.0105618740199133,1.0,0.0,3.490958934591005,3.4909589290618896,0.0
NORMALIZED_POV_L1,2,26,0.0,0.0,0.0529125805354336,1.1642945185741382e-07,0.0042314943313597,0.0,0.4030933790577856,2.0707911472369167,0.9143015010919826,0.0219541241047527,21.95412410475273,382.7087795944095,0.3481774326104817,2.075887269410036,1.417453824018594,0.0487669000285677,1.2875478569767438,0.1394380069104954,7.0,0.0,22.4673538403987,1.8503936529159544,0.0
DAMPED_POV_L05,2,26,0.0,0.0,0.0507869007367015,0.0,0.0,0.0,0.3336016057457926,2.101100311954745,1.0532921496356258,0.0192399827259135,19.239982725913546,3633.964698481872,0.3163889084051168,1.9702182613015808,1.322750781022478,0.0488270290079526,1.1926448480808176,0.129439924028702,7.0,0.0,20.99133381275384,1.720503568649292,0.0
DAMPED_POV_L025,2,26,0.0,0.0,0.0700093287573395,0.0,0.0,0.4479837417602539,0.3557750108727871,2.4325758991755326,1.083574871695554,0.0313581585350448,31.35815853504487,7065.579097202911,0.1702851666122448,1.6753121810833524,1.235003839014098,0.0488255889504216,1.1049569668830372,0.1217493260046467,7.0,0.0,24.37007898717416,0.9902164340019226,0.0
PLAIN_FM,2,27,0.0,0.0,0.0745884979435575,0.0,0.1856900867462156,1.5639376640319824,0.3905735362401349,2.731721054433581,1.105295255263302,0.0511359639638113,51.13596396381137,13375.964807015724,0.0789409660329655,1.431550949149827,0.0703491099993698,0.0440531080239452,0.0,0.0,0.0,0.0,0.0,0.0,0.0
GOAL_AWARE_FINAL_PROJECTION,2,27,1.0,0.0,-0.0062472992131967,0.0,0.0,0.0,0.3835567427971136,1.8325959489653507,1.176751975062019,0.0134790106970008,13.47901069700086,235.93794531748813,0.6604434692716641,2.62950620641985,0.1735246530151926,0.043244204018265,0.0927353519946336,0.0104507409851066,1.0,0.0,3.3016802480212943,3.301680326461792,0.0
NORMALIZED_POV_L1,2,27,0.0,0.0,0.0222413682016786,0.0,0.0,0.0,0.334512592329457,1.4981959133400935,0.8930475902541576,0.0134839862754121,13.48398627541214,227.9617900180053,0.6180072736138953,2.833820991991272,1.4205971969640814,0.051252772915177,1.287988047930412,0.1406290081213228,7.0,0.0,22.160189284116832,3.263808250427246,0.0
DAMPED_POV_L05,2,27,0.0,0.0,0.0462812646265088,0.0,0.0,0.0349831581115722,0.3434934347914472,1.9962002650023731,1.0770753332770349,0.0216341079248998,21.63410792489984,3834.830971674208,0.4262084192722801,2.16656602176449,1.3294154859613627,0.0513359030010178,1.1971132840262726,0.1338643560302443,7.0,0.0,20.428176892688867,2.130934953689575,0.0
DAMPED_POV_L025,2,27,0.0,0.0,0.0659217525339238,0.0,0.0,0.5161744356155396,0.3554094831824698,2.3602826768133363,1.086246284075661,0.0339726519016088,33.97265190160881,7670.36287766012,0.2057560240779571,1.741826626825428,1.2419730410329066,0.0528467259719036,1.1072644369560294,0.1242790119722485,7.0,0.0,21.324964335784014,1.0020925998687744,0.0
PLAIN_FM,2,28,0.0,0.0,0.0801247514271578,0.0,0.1946430024147032,0.4125666618347168,0.3961547512112146,2.786211928597446,1.095773467151584,0.0493457844414575,49.345784441457546,12317.148958788282,0.1067375350665661,1.401388575927097,0.0707038089749403,0.0445271169883199,0.0,0.0,0.0,0.0,0.0,0.0,0.0
GOAL_AWARE_FINAL_PROJECTION,2,28,1.0,0.0,-0.015812494674071,0.0,0.0,0.0,0.4794269006247998,2.077666025988661,1.2792217496269438,0.0208245716356589,20.824571635658984,402.9506090285295,0.7033814012065043,2.695246022999138,0.173491362016648,0.0433548469445668,0.092761622974649,0.0106380170327611,1.0,0.0,3.7506984642673,3.750698328018189,0.0
NORMALIZED_POV_L1,2,28,0.0,0.0,0.0338130251068565,1.1642945185741382e-07,0.0,0.0,0.2970502629163994,1.878544757260656,0.9757216756502708,0.0210351844417093,21.035184441709376,392.9438439293165,0.6856677105044533,2.7807079014882308,1.415189315972384,0.0512958649196662,1.2828851870144715,0.1394380959682166,7.0,0.0,22.82961844490541,3.761683225631714,0.0
DAMPED_POV_L05,2,28,0.0,0.0,0.056743122808125,0.0,0.0,0.0,0.3539397710709263,2.083849829542875,1.060586550623675,0.0203350545938478,20.33505459384788,3502.0884726254308,0.3505345847566742,2.06200911512828,1.3225745180388913,0.0501269550295546,1.1916449120617472,0.1306356360437348,7.0,0.0,23.78310145961984,1.9642016887664795,0.0
DAMPED_POV_L025,2,28,0.0,0.0,0.0684200745033972,0.0,0.0,0.0,0.3636899977345488,2.446658077679685,1.085395924525104,0.03060066991941,30.60066991941002,6581.674359391515,0.1699752050248534,1.681391030131152,1.330672089010477,0.0496345899882726,1.1993274829001166,0.1326107579516247,7.0,0.0,23.466005042555658,1.0029454231262207,0.0
PLAIN_FM,2,29,0.0,0.0,0.0744620111760411,0.0,0.1627077278137205,1.3470721244812012,0.3865408019675698,2.735607077134057,1.066581384300574,0.065637828619654,65.63782861965406,18347.009443456063,0.0826895491325494,1.4371101818826848,0.0703100290265865,0.0439940739888697,0.0,0.0,0.0,0.0,0.0,0.0,0.0
GOAL_AWARE_FINAL_PROJECTION,2,29,1.0,0.0,-0.0062954796830003,0.0,0.0,0.0,0.4091067460541372,1.846509339888993,1.172442960846837,0.0152877734641663,15.28777346416632,336.23377121045905,0.6621917283328391,2.601551063386096,0.1734142699860967,0.0432266240241006,0.0927519130054861,0.0105112739838659,1.0,0.0,3.3575899443254085,3.3575899600982666,0.0
NORMALIZED_POV_L1,2,29,0.0,0.0,0.0576648957973282,1.1642945185741382e-07,0.0,0.0,0.3282964633664664,1.749187186401692,0.9568080415936528,0.0178945246857172,17.894524685717226,328.1840328385965,0.8148779076357194,3.1126579217572075,1.513407411985099,0.0495145267923362,1.3819570829509755,0.1508364818873815,7.0,0.0,22.79652706511064,4.216871738433838,0.0
DAMPED_POV_L05,2,29,0.0,0.0,0.0646276781926021,0.0,0.0,0.0,0.3544225535078668,2.246455459872215,1.0735257528478306,0.0309832489054406,30.983248905440657,5851.689506297225,0.2324509640593315,1.8088600197128677,1.5107485929620452,0.0497060420457273,1.3796281110844577,0.1503900999668985,7.0,0.0,23.22543897979704,1.1188442707061768,0.0
DAMPED_POV_L025,2,29,0.0,0.0,0.0732536152653167,0.0,0.0,0.0,0.3586670442711622,2.3834766866331134,1.0562938048663024,0.0400676825056383,40.06768250563836,10275.522806060084,0.1827697543894468,1.7055493593756512,1.4180845930241048,0.0494363558827899,1.2873993120156229,0.1401649439940229,7.0,0.0,20.626935917315087,0.9593280553817748,0.0
PLAIN_FM,2,30,0.0,0.0,0.0758611481243717,0.0,0.2373726781845091,0.5748879909515381,0.3918561435598571,2.7338634420017813,1.077118611633034,0.0486382016384392,48.638201638439234,12586.807640898534,0.0707471569357954,1.441045824645159,0.0708052210393361,0.0444320840761065,0.0,0.0,0.0,0.0,0.0,0.0,0.0
GOAL_AWARE_FINAL_PROJECTION,2,30,1.0,0.0,-0.0158454955104379,0.0,0.0,0.0,0.3929887752254223,1.8904211657529324,1.2012734966476373,0.0162458987862343,16.24589878623439,326.5174726763576,0.6076742393100066,2.540345108642179,0.1736835069605149,0.0434729300322942,0.0925678570056334,0.0106382960220798,1.0,0.0,3.137334973590302,3.137335062026977,0.0
NORMALIZED_POV_L1,2,30,0.0,0.0,0.0351815221947773,0.0,0.0,0.0,0.394393413425546,1.5778193630666906,1.0768207088386672,0.0063663864645135,6.366386464513596,172.39960657073894,0.7859057352957499,2.871228606545536,1.422613311035093,0.0499045990291051,1.29126695508603,0.1421504880418069,7.0,0.0,21.139113925413863,3.9647085666656494,0.0
DAMPED_POV_L05,2,30,0.0,0.0,0.0468229334245585,0.0,0.0,0.0,0.3045296517950397,2.0652808385489685,1.0363049702659342,0.0238947086149847,23.89470861498477,3989.776903626364,0.3743519214665321,2.0935307909202323,1.3295694109983742,0.0495858508511446,1.1985205130185932,0.1301283941138535,7.0,0.0,23.982621026011813,1.9503390789031985,0.0
DAMPED_POV_L025,2,30,0.0,0.0,0.0669043940564697,0.0,0.0092364963531492,0.0,0.359871204730074,2.3469014632868936,1.0677592414372334,0.0310438062390455,31.04380623904557,7455.335528171054,0.1844419547662991,1.7193410767051012,1.3305241360212676,0.0491042250068858,1.1998178350622766,0.1324515260057523,7.0,0.0,21.852947257548568,0.9390241503715516,0.0
PLAIN_FM,2,31,0.0,0.0,0.0725492181488983,0.0,0.2467258390426634,1.408160924911499,0.4093543855815451,2.7095429406521925,1.127384449889025,0.0535427143843891,53.54271438438914,15055.927547627947,0.0685149627171952,1.4337899910469722,0.0719109710189513,0.0452042968827299,0.0,0.0,0.0,0.0,0.0,0.0,0.0
GOAL_AWARE_FINAL_PROJECTION,2,31,1.0,0.0,-0.015880536289422,0.0,0.0,0.0,0.4398695693096098,2.071393065346461,1.2334131078731938,0.019446445955717,19.446445955717092,354.25239451063464,0.7007146906304872,2.640422294961383,0.1737176380120217,0.0435435110121034,0.0926087989937514,0.0104073800030164,1.0,0.0,3.5292212246215384,3.529221296310425,0.0
NORMALIZED_POV_L1,2,31,0.0,0.0,0.0575400848060765,0.0,0.0,0.0,0.3545246946148467,1.3287289379668272,1.0012234957672783,0.0073884921757523,7.388492175752326,173.09622432328808,0.8352107719202667,3.1365246756773635,1.7931219690362925,0.0496306699933484,1.661038602993358,0.1803513711784035,7.0,0.0,21.279026595892734,4.137342929840088,0.0
DAMPED_POV_L05,2,31,0.0,0.0,0.0473300276674813,0.0,0.0,0.0,0.3503182449612219,1.9936442884255017,1.0820961106037343,0.0207837533540455,20.783753354045587,4717.788033637405,0.4152715964078891,2.101185223952398,1.4240999299800023,0.049270532967057,1.2932433780515566,0.1410626490833237,7.0,0.0,22.17258950153329,2.008676767349243,0.0
DAMPED_POV_L025,2,31,0.0,0.0,0.058669934650771,0.0,0.0,0.4844021797180176,0.3687897563740919,2.384633589385847,1.1079440635055324,0.0343174362384053,34.317436238405385,8844.553758215077,0.1995534007159428,1.7097313583009548,1.697604955988936,0.0490286239073611,1.5665502569754608,0.1678170821396634,7.0,0.0,22.10504702500394,0.978431224822998,0.0
PLAIN_FM,3,0,0.0,0.0,0.1001041435917283,0.0,0.1594936416625976,0.1974773406982422,0.913908608987602,2.331255434261303,0.8897540892355044,0.0385413530225842,38.54135302258422,8290.035833511,0.0828530126434692,1.4351735307648656,0.0707256699679419,0.044190461107064,0.0,0.0,0.0,0.0,0.0,0.0,0.0
GOAL_AWARE_FINAL_PROJECTION,3,0,1.0,0.0,-0.03843087954072,0.0,0.0,0.0,0.4030496732191453,1.4251537956882068,0.7776993391418601,0.0154937185768568,15.493718576856883,345.3474477959517,0.5665987828678567,1.8699007057815664,0.1737688300199806,0.0434968920890241,0.0925785680301487,0.0105893450090661,1.0,0.0,3.1001865613113684,3.100186586380005,0.0
NORMALIZED_POV_L1,3,0,1.0,0.0,-0.0642568927777625,0.0,0.0,0.0,0.503398635099737,1.2507706717190517,0.4453471699003785,0.0128468642778019,12.846864277801906,271.52191931687497,0.84475265648091,2.632284815689209,1.2381244139978662,0.0491326489136554,1.1070701939170249,0.1207488312502391,7.0,0.0,27.41215477200172,4.554654121398926,0.0
DAMPED_POV_L05,3,0,0.0,0.0,0.0690958518955377,0.0,0.0,0.0,0.6215624457772857,1.4290845932327398,0.6066173830920145,0.0140526504579696,14.052650457969662,2387.030938720968,0.445728722713498,1.836971541267014,1.1486014649854042,0.0489646319183521,1.01751560496632,0.1124628669349476,7.0,0.0,27.359961050601164,2.415432929992676,0.0
DAMPED_POV_L025,3,0,0.0,0.0,0.1124088546310109,0.0,0.0,0.0,0.7894432876417267,1.8415669676063744,0.7314662076975256,0.0233743522031995,23.3743522031995,4973.357529259291,0.2032761126230232,1.482556771081243,1.2396590649732389,0.0493683019885793,1.108284787973389,0.1201786960009485,7.0,0.0,26.04730675252817,1.0801631212234497,0.0
PLAIN_FM,3,1,0.0,0.0,0.1053937083958345,0.0,0.0485568807601928,0.0,0.9074296389313632,2.2996835142954124,0.878929025821997,0.039689584786422,39.689584786422046,8596.777101910737,0.0805513487961958,1.419391426320484,0.0716428229934535,0.0449600790161639,0.0,0.0,0.0,0.0,0.0,0.0,0.0
GOAL_AWARE_FINAL_PROJECTION,3,1,1.0,0.0,-0.0423787140459927,0.0,0.0,0.0,0.406698721273052,1.308020868716136,0.6941531805383819,0.0096074982738985,9.607498273898509,237.3404560364278,0.5904495225409192,1.8419654776617465,0.1759881469770334,0.0433835500152781,0.0946334609761834,0.0107144989888183,1.0,0.0,3.004843032043016,3.00484299659729,0.0
NORMALIZED_POV_L1,3,1,1.0,0.0,-0.0867991520622117,0.0,0.0,0.0,0.4634142967381364,1.1869253646091489,0.4403736982588572,0.0084258967996664,8.425896799666432,283.34829302849585,0.911899065920152,2.6719159834419712,1.3270939989597537,0.0493511829990893,1.1959833090077154,0.1292742709629237,7.0,0.0,27.57999011988616,4.665633201599121,0.0
DAMPED_POV_L05,3,1,0.0,0.0,0.0543557681498048,0.0,0.0,0.0,0.6322332284474013,1.4753928686635602,0.6176334428310687,0.0157632389361168,15.763238936116863,2890.219868077714,0.4437625684779447,1.8061028849727656,1.055163785989862,0.0499643898801878,0.9239927940070628,0.1039666350698098,7.0,0.0,24.878073677709907,2.263963222503662,0.0
DAMPED_POV_L025,3,1,0.0,0.0,0.1015715941741881,0.0,0.0,0.0,0.7926751152426781,1.844297488031742,0.7321615600003533,0.0247100632884107,24.710063288410744,5335.297292346742,0.2116994916960453,1.4699351456200118,1.3327946169883944,0.0510500780656002,1.200359532085713,0.132959766080603,7.0,0.0,24.447077079305917,1.025593876838684,0.0
PLAIN_FM,3,2,0.0,0.0,0.1038338753596057,0.0,0.18573279838562,0.1250636577606201,0.9028525020835896,2.300516820537894,0.8675831097606802,0.0395767565638198,39.57675656381987,9247.619982970613,0.0731575604655351,1.4110432807140518,0.0708864429616369,0.0445007979869842,0.0,0.0,0.0,0.0,0.0,0.0,0.0
GOAL_AWARE_FINAL_PROJECTION,3,2,1.0,0.0,-0.0493575289279122,0.0,0.0,0.0,0.3742302051006492,1.3375985447922685,0.7726505715618999,0.0130599274950267,13.059927495026711,279.95463391770056,0.6306432649682814,2.0514138667838253,0.1743916959967464,0.0433143670670688,0.0935826950008049,0.0105656850500963,1.0,0.0,3.287784139700948,3.2877840995788574,0.0
NORMALIZED_POV_L1,3,2,1.0,0.0,-0.0306101901006459,0.0,0.0,0.0,0.5433664097482709,1.2503910401084164,0.3815221754191794,0.0128484267433872,12.848426743387265,241.32346749921044,0.8783733588435858,2.7350289663894336,1.331709719961509,0.0511206990340724,1.1988808540045284,0.1304644930642098,7.0,0.0,33.530598237581216,4.610281944274902,0.0
DAMPED_POV_L05,3,2,0.0,0.0,0.0768403605185779,0.0,0.0,0.0,0.6460176299799073,1.3671797183306769,0.5285823090450155,0.0101532635154732,10.1532635154733,1625.011387637798,0.4832483225937446,1.844505867047847,1.245292102044914,0.0502316060010343,1.1136045159655623,0.1235432639368809,7.0,0.0,32.3678200749953,2.4561660289764404,0.0
DAMPED_POV_L025,3,2,0.0,0.0,0.1160152316080958,0.0,0.0,0.0,0.779492150378513,1.7731516347065883,0.7001535458323593,0.0213355720824832,21.335572082483267,4638.773958279341,0.2554721452303891,1.5743001580456484,1.238980898051523,0.0495912710321135,1.1080789029947482,0.121370708104223,7.0,0.0,30.611002921965127,1.2765856981277466,0.0
PLAIN_FM,3,3,0.0,0.0,0.0954623785003828,0.0,0.1406800315856933,0.1081955432891845,0.881358940358716,2.288508898856787,0.8527948533379283,0.0389656897246297,38.965689724629776,9738.08298172234,0.0887438176732554,1.3574346809952795,0.0707603709888644,0.0443536520469933,0.0,0.0,0.0,0.0,0.0,0.0,0.0
GOAL_AWARE_FINAL_PROJECTION,3,3,1.0,0.0,-0.0494593005472581,0.0,0.0,0.0,0.4087337393064476,1.3652827769410698,0.7353899071242516,0.0137909096982058,13.790909698205844,306.6990768067157,0.5800256950844596,1.8895916895468117,0.1735926049877889,0.0433777280268259,0.0925790180335752,0.01044802198885,1.0,0.0,3.075960587010923,3.075960636138916,0.0
NORMALIZED_POV_L1,3,3,1.0,0.0,-0.0427299952477872,1.1642945185741382e-07,0.0,0.0,0.482050362423872,1.313505288227439,0.4591477486198652,0.0137840571008318,13.78405710083186,271.37357762434533,0.8600834610621759,2.848159043496857,1.1449571520206518,0.049815296952147,1.0138018890284002,0.1103871530503965,7.0,0.0,27.004563707952588,4.646054267883301,0.0
DAMPED_POV_L05,3,3,0.0,0.0,0.0700024933324669,0.0,0.0,0.0,0.6233780166791429,1.4050616332490151,0.5824534882132347,0.0125834559578699,12.583455957869916,2378.165784875818,0.4484393628948313,1.806718783221466,1.3379949639784172,0.0498249969677999,1.2060001619393006,0.1306140081142075,7.0,0.0,27.333673987941975,2.372266292572021,0.0
DAMPED_POV_L025,3,3,0.0,0.0,0.1065327481370669,0.0,0.0,0.0,0.7637923594395407,1.7899320143338695,0.7011323022499046,0.0215956638130139,21.59566381301392,5312.266980245717,0.2170233928691149,1.4513016842927726,1.156471951981075,0.0493416539975442,1.024949172977358,0.1135820830822922,7.0,0.0,30.134517696650544,1.1013505458831787,0.0
PLAIN_FM,3,4,0.0,0.0,0.0977650122762111,0.0,0.2153801486968993,2.281166315078736,0.8821636338016628,2.328751479676833,0.9077685961472792,0.0377386128990315,37.73861289903157,7404.421611005386,0.0832316191464665,1.3953370886487253,0.0713006750447675,0.0446296400623396,0.0,0.0,0.0,0.0,0.0,0.0,0.0
GOAL_AWARE_FINAL_PROJECTION,3,4,1.0,0.0,-0.0237560543478062,0.0,0.0,0.0,0.3617162880100498,1.1338689446727093,0.6936657816643981,0.005286025227801,5.286025227801083,173.95332030973876,0.7660791343220875,2.1315180952796235,0.1756380990264006,0.0439798239385709,0.0935810640221461,0.0104933239636011,1.0,0.0,3.842623643606186,3.842623472213745,0.0
NORMALIZED_POV_L1,3,4,1.0,0.0,-0.00884594164809,1.6301018312958607e-07,0.0,0.0,0.5258044840789495,1.1244005855486978,0.6454669630511407,0.0101664522163353,10.166452216335388,242.32758464037823,0.7378446444514094,2.3582294778196404,1.4375392040237784,0.049778247019276,1.3050004249089395,0.1418371789623052,7.0,0.0,28.654352949660147,3.943668842315674,0.0
DAMPED_POV_L05,3,4,0.0,0.0,0.0621759666932391,0.0,0.0,0.0,0.6328557222467507,1.4254172679264137,0.5728399847238373,0.0140524329492706,14.05243294927061,2269.945825137754,0.4527575837705313,1.8497332622299243,1.2640652119880542,0.0497938270564191,1.1312421270413324,0.1247504450147971,7.0,0.0,30.281221132519804,2.399708747863769,0.0
DAMPED_POV_L025,3,4,0.0,0.0,0.107725991644598,0.0,0.0,0.4252266883850097,0.7678680601804824,1.7984758943327732,0.7199049647372227,0.0213173994062598,21.31739940625988,3980.472792899636,0.2543924215413548,1.543308524028953,1.259142273978796,0.0497707650065422,1.1269311839714646,0.1251443329383619,7.0,0.0,30.82656770265036,1.2638829946517944,0.0
PLAIN_FM,3,5,0.0,0.0,0.1076433223077714,0.0,0.1589303777694701,1.1915814876556396,0.9133602468504703,2.2738447564762816,0.8525739465189008,0.038287557986921,38.28755798692108,8345.277539017903,0.0764588540113709,1.4098733742764702,0.0712708839564584,0.0445601380197331,0.0,0.0,0.0,0.0,0.0,0.0,0.0
GOAL_AWARE_FINAL_PROJECTION,3,5,1.0,0.0,-0.045634186434482,0.0,0.0,0.0,0.3567994327415604,1.0417843098066557,0.6083711403960581,0.0036007931984727,3.6007931984727293,140.0765679488103,0.7286256980345636,2.0141937813218216,0.1746065209736116,0.0436576269567012,0.0930450200103223,0.0104622719809412,1.0,0.0,3.641549152138594,3.6415491104125977,0.0
NORMALIZED_POV_L1,3,5,1.0,0.0,-0.0830489018524196,0.0,0.0,0.0,0.3974816453994607,1.297336101272034,0.6410760760898639,0.0101797664684522,10.1797664684522,215.48754644529208,0.7745751825474294,2.4654438752893864,1.149242495012004,0.0494356059934943,1.0183720709756017,0.112899107101839,7.0,0.0,28.13440152858324,3.967494487762451,0.0
DAMPED_POV_L05,3,5,0.0,0.0,0.0768456269019849,0.0,0.0,0.0,0.6590898108020494,1.4973040841240848,0.5757726499680952,0.0139723064219428,13.972306421942804,2189.1851130259706,0.4338127134832413,1.7830688312618863,1.157504600007087,0.0496882139705121,1.0253684709896334,0.113001599907875,7.0,0.0,29.244744114306,2.19992995262146,0.0
DAMPED_POV_L025,3,5,0.0,0.0,0.1058739643371649,0.0,0.0,0.0,0.7993121526806103,1.8081367570785012,0.6747350319067329,0.0216730889864935,21.67308898649356,4546.465736510984,0.2196790707336675,1.4515229798697395,1.1434687649598343,0.0489626540220342,1.012927659030538,0.1105674977297894,7.0,0.0,29.04146841585849,1.0169349908828735,0.0
PLAIN_FM,3,6,0.0,0.0,0.1072051794523202,0.0,0.0950377748489379,0.0,0.9236036260438636,2.2686403987095005,0.8646146314083094,0.0361681647728251,36.16816477282514,8913.541232790069,0.0886692732832983,1.4120422263553252,0.071026196994353,0.0443582939915359,0.0,0.0,0.0,0.0,0.0,0.0,0.0
GOAL_AWARE_FINAL_PROJECTION,3,6,1.0,0.0,-0.054940203700203,0.0,0.0,0.0,0.3785141936169463,1.2662581680174818,0.7099769873111148,0.0092287045324077,9.22870453240776,203.33352648052028,0.601315751046442,1.867946380777064,0.1754411539877765,0.0438229198916815,0.0935126830008812,0.0104754630010575,1.0,0.0,3.134048908558932,3.1340489387512207,0.0
NORMALIZED_POV_L1,3,6,1.0,0.0,-0.0849587847381556,0.0,0.0,0.0,0.3904636867640316,1.339288904946184,0.5696753215726534,0.0147093261109434,14.709326110943444,278.77300725451806,0.8881734664428163,2.8258385676053,1.3227186870062724,0.0491291890502907,1.19198999699438,0.1295332410372793,7.0,0.0,26.682192534274694,4.768655776977539,0.0
DAMPED_POV_L05,3,6,0.0,0.0,0.0670007904841362,0.0,0.0,0.0,0.62746045760581,1.4167368446462905,0.5819194579900484,0.0118604790060397,11.860479006039704,2059.636500938034,0.4503176328211723,1.827383292170856,1.1423975069774317,0.0506887580268085,1.0098291189642623,0.1135388340335339,7.0,0.0,27.286572574464,2.3661484718322754,0.0
DAMPED_POV_L025,3,6,0.0,0.0,0.1083712218550294,0.0,0.0,0.0,0.7907004145704062,1.7870074075104974,0.7082234987089877,0.0199620629489523,19.96206294895231,4725.86894157514,0.2163354678584453,1.4767195575700376,1.2466945010237396,0.0523359100916422,1.1111757039325312,0.1263387349317781,7.0,0.0,24.64195853113955,1.0804870128631592,0.0
PLAIN_FM,3,7,0.0,0.0,0.0985913874224742,0.0,0.0717961357116698,1.3440680503845217,0.9059337484816672,2.2752610682437013,0.8348534867530691,0.0396509954319999,39.65099543199991,9304.642476370973,0.0826243047808035,1.4243977324306338,0.07128722401103,0.0450366920558735,0.0,0.0,0.0,0.0,0.0,0.0,0.0
GOAL_AWARE_FINAL_PROJECTION,3,7,1.0,0.0,-0.0891586077358464,0.0,0.0,0.0,0.3743676258583905,1.227578306985572,0.6634225146083084,0.0074879826343785,7.487982634378554,188.54117244391236,0.5683579101680283,1.8092150622784515,0.1740788680035621,0.0436549640726298,0.0929002969642169,0.0106723579810932,1.0,0.0,2.9098182175215324,2.909818172454834,0.0
NORMALIZED_POV_L1,3,7,1.0,0.0,-0.0221782590953749,0.0,0.0,0.0,0.554241688445376,1.289024119263119,0.4137859495002679,0.0136905242536045,13.690524253604508,281.0076783068993,0.8729416015483542,2.7044306898490067,1.5189598530414514,0.0517649960238486,1.3855646540760065,0.1498257970088161,7.0,0.0,29.574850676728328,4.613398551940918,0.0
DAMPED_POV_L05,3,7,0.0,0.0,0.0803596317027142,0.0,0.0,0.0,0.6486705960245628,1.3829233490428614,0.5438135069806885,0.0173083524640258,17.308352464025845,3894.715025937678,0.4381448990157198,1.726395792578453,1.326039724983275,0.0501210239599458,1.1949253740604036,0.1294329051743261,7.0,0.0,29.456868412369204,2.230400562286377,0.0
DAMPED_POV_L025,3,7,0.0,0.0,0.1103259100778843,0.0,0.0,0.0,0.7863855400729283,1.8032861663662596,0.6925474538223386,0.0274384616413394,27.438461641339455,6494.195857091789,0.2025745860574821,1.460674651986803,1.3231739799957722,0.0492867929860949,1.1928554320475089,0.1287827090127393,7.0,0.0,27.781353825254783,1.0155504941940308,0.0
PLAIN_FM,3,8,0.0,0.0,0.1165803475587152,0.0,0.1583629415512084,0.0,0.9351946490077432,2.302478456437022,0.9056876913936984,0.0371505482497289,37.15054824972897,8627.092602019306,0.109405318145969,1.4265476253573586,0.070238486980088,0.0439920540084131,0.0,0.0,0.0,0.0,0.0,0.0,0.0
GOAL_AWARE_FINAL_PROJECTION,3,8,1.0,0.0,-0.018476906984339,0.0,0.0,0.0,0.415023060058056,1.273189200558189,0.6947382244644456,0.0098891945785215,9.889194578521554,203.8064031138376,0.7110263574043778,2.105922445128104,0.1730442920234054,0.0429979979526251,0.0925751689937897,0.0104827519971877,1.0,0.0,3.592121196072754,3.592121124267578,0.0
NORMALIZED_POV_L1,3,8,1.0,0.0,-0.0779410335387755,0.0,0.0,0.0,0.4810478386914395,1.3190577521401914,0.4765386529811674,0.0136971939821464,13.697193982146416,267.28919359184647,0.8489726302821962,2.644890736783239,1.1417486410355195,0.0488888620166108,1.012238023977261,0.1131167840212583,7.0,0.0,24.47794518588096,4.452817916870117,0.0
DAMPED_POV_L05,3,8,0.0,0.0,0.0608958478228219,0.0,0.0,0.0,0.6550650090767082,1.4035982301314367,0.5873563028288762,0.012071762247146,12.071762247146012,1975.0763503243008,0.4619227547685181,1.8388436788157403,1.3310629070037976,0.0491356590064242,1.200392528960947,0.1328595080412924,7.0,0.0,25.394967767349687,2.385438203811645,0.0
DAMPED_POV_L025,3,8,0.0,0.0,0.1133261308864574,0.0,0.0,0.0,0.8055587720076446,1.7826000925067498,0.724136625939641,0.0204213877172074,20.421387717207477,4616.9851020975375,0.2641767421115919,1.506612526465444,1.2394999439711682,0.049054704955779,1.10920837597223,0.1225378480739891,7.0,0.0,23.45339521488708,1.1801389455795288,0.0
PLAIN_FM,3,9,0.0,0.0,0.1180222457590986,0.0,0.1348602340698241,1.460791826248169,0.9449422676072592,2.2676653525639137,0.8550794446974774,0.0353801399159945,35.38013991599453,7968.015644310112,0.086950087723398,1.4330156012183262,0.0703151989728212,0.0439636230003088,0.0,0.0,0.0,0.0,0.0,0.0,0.0
GOAL_AWARE_FINAL_PROJECTION,3,9,1.0,0.0,-0.078275265142573,0.0,0.0,0.0,0.3823057431518445,1.3521504330940155,0.7413961325192795,0.014360651669051,14.360651669051094,338.8398746917432,0.5932527973079562,1.9455890543349412,0.1733310790150426,0.0431083230068907,0.0926744810421951,0.0105340140289627,1.0,0.0,3.0976068817566187,3.097606897354126,0.0
NORMALIZED_POV_L1,3,9,1.0,0.0,-0.0754415385648312,0.0,0.0,0.0,0.4184563057228901,1.328063838036039,0.5062214415206563,0.010205199447629,10.2051994476291,251.58021792304197,0.8465386911220261,2.635974044329328,1.145336705027148,0.0487482780008576,1.0154530371073631,0.1129413179587572,7.0,0.0,26.800648661605862,4.294715404510498,0.0
DAMPED_POV_L05,3,9,0.0,0.0,0.0847927530003643,0.0,0.0,0.0,0.6617883134825391,1.4544272333099075,0.5541155844952181,0.0113337038601333,11.333703860133326,1650.27942782654,0.445121374928301,1.798112244972104,1.2337289049755782,0.0484653510502539,1.1043828799738549,0.1221473489422351,7.0,0.0,26.98190710526685,2.2255098819732666,0.0
DAMPED_POV_L025,3,9,0.0,0.0,0.1189069009528251,0.0,0.0,0.0,0.818617149606934,1.7831795594807405,0.6589703581046129,0.0183013175400539,18.30131754005393,3817.73338541258,0.2405684901186204,1.490759930890847,1.4226207690080628,0.0493209330015815,1.2921303148614245,0.1413923381478525,7.0,0.0,30.157227589106743,1.0493289232254028,0.0
PLAIN_FM,3,10,0.0,0.0,0.0937381633315691,0.0,0.0590496824264525,0.7102084159851074,0.9096805528968192,2.3433807547848926,0.9113681337683516,0.0416506792131285,41.6506792131286,9924.377687397402,0.0831470535106796,1.4240513342320584,0.0711142499931156,0.0447043720632791,0.0,0.0,0.0,0.0,0.0,0.0,0.0
GOAL_AWARE_FINAL_PROJECTION,3,10,1.0,0.0,-0.0691044002002435,0.0,0.0,0.0,0.3632977784012819,1.225519095055554,0.672671618480947,0.0077208510170416,7.720851017041674,181.228894825658,0.5780873727772506,1.767119215072727,0.1742136919638142,0.0435733549529686,0.0930574410012923,0.0107054990367032,1.0,0.0,3.037255633105626,3.0372557640075684,0.0
NORMALIZED_POV_L1,3,10,1.0,0.0,-0.0784197031805,0.0,0.0,0.0,0.4322307627323003,1.295119113000952,0.5480388555689579,0.0114614224158797,11.461422415879774,253.99315853755763,0.8189951794768654,2.583120624691555,1.2470037100138145,0.0508681520586833,1.113948700018227,0.1241140579804778,7.0,0.0,27.32659644366341,4.380048751831055,0.0
DAMPED_POV_L05,3,10,0.0,0.0,0.0798490194867058,0.0,0.0,0.0,0.6429179195553834,1.4673118058661865,0.5919898229327699,0.0151362583372236,15.136258337223651,2710.774695998719,0.4433393098618036,1.841525755284796,1.3403230879921466,0.0500355329713784,1.2086533840629272,0.13420405308716,7.0,0.0,32.14944805751744,2.4141201972961426,0.0
DAMPED_POV_L025,3,10,0.0,0.0,0.1102504240449502,0.0,0.0,0.0,0.7955841370453834,1.8474288987295888,0.7210934331956595,0.0255735245239625,25.57352452396256,5964.161856252926,0.2047826222559337,1.479735107166846,1.335937135037966,0.0496383531135506,1.2046618881286122,0.1312215250218287,7.0,0.0,31.7228816199307,1.099043369293213,0.0
PLAIN_FM,3,11,0.0,0.0,0.1055108968065951,0.0,0.0576835439682006,0.2728891372680664,0.9101096104472168,2.2725071459529564,0.8580999982626213,0.0450086154540134,45.008615454013466,12132.094268095208,0.1007183526410631,1.3961991736481614,0.0713886570301838,0.0446812629816122,0.0,0.0,0.0,0.0,0.0,0.0,0.0
GOAL_AWARE_FINAL_PROJECTION,3,11,1.0,0.0,-0.0768793224718553,0.0,0.0,0.0,0.3842133733104044,1.2555165320613408,0.6652782732483996,0.0081454618870546,8.145461887054672,186.5084389803151,0.5690577682150819,1.777603242437361,0.175237028975971,0.0436200029798783,0.0936543669668026,0.0108121510129421,1.0,0.0,2.939656835362915,2.939656972885132,0.0
NORMALIZED_POV_L1,3,11,1.0,0.0,-0.0036446780385994,1.6301018312958607e-07,0.0,0.0,0.6527819039241195,1.209360029306528,0.4358035485182137,0.0109598737322755,10.959873732275582,208.33715959049923,0.6202358031555939,1.8955059954960372,1.4276063700090162,0.0492480430402793,1.296447216940578,0.1421424369327724,7.0,0.0,25.33524137001075,3.34621810913086,0.0
DAMPED_POV_L05,3,11,0.0,0.0,0.0734007184077609,0.0,0.0,0.0,0.6354338819081418,1.4693758466112523,0.5899973183960091,0.0138679888413433,13.867988841343328,2523.353012598406,0.4363180220141169,1.796943116581807,1.2383551559760235,0.0489420439116656,1.1075941660092212,0.1199548030272126,7.0,0.0,25.284564432365443,2.248263120651245,0.0
DAMPED_POV_L025,3,11,0.0,0.0,0.1049834297747969,0.0,0.0,0.0,0.7897603257441075,1.8091761852613804,0.7017199172157587,0.0247460064756026,24.746006475602652,6164.403767854675,0.2065616288382909,1.450549726019852,1.2629946270026269,0.0500837420695461,1.1293108200188726,0.1243429851019755,7.0,0.0,24.173551751736778,1.0043375492095947,0.0
PLAIN_FM,3,12,0.0,0.0,0.1114027174882758,0.0,0.1129674480438232,0.2189230918884277,0.9305339127321892,2.27870924411857,0.8686581728812339,0.0342442199264692,34.244219926469206,7175.719287586179,0.0750584399313774,1.4364478131189815,0.0714403589954599,0.0446954629733227,0.0,0.0,0.0,0.0,0.0,0.0,0.0
GOAL_AWARE_FINAL_PROJECTION,3,12,1.0,0.0,-0.0479337045724027,0.0,0.0,0.0,0.383840753893007,1.3716954847263758,0.775473405813446,0.0143616187279533,14.361618727953385,324.05288638166496,0.603760868009465,1.9565852311991936,0.1739242949988693,0.0435997350141406,0.092626060009934,0.0104682829696685,1.0,0.0,3.204562312617888,3.204562187194824,0.0
NORMALIZED_POV_L1,3,12,1.0,0.0,-0.0817371377231399,0.0,0.0,0.0,0.4072396160631478,1.320975014544327,0.5602521968871722,0.0101933541517489,10.193354151748936,243.37242255123567,0.8617160237366375,2.659036242859775,1.149014562019147,0.0490858569392003,1.0181375380489044,0.1108476009103469,7.0,0.0,25.55804492360665,4.427970409393311,0.0
DAMPED_POV_L05,3,12,0.0,0.0,0.0723136620328774,0.0,0.0,0.0,0.6384293153213699,1.4391547064938337,0.593560419654599,0.0129177510332345,12.91775103323456,1961.520187348942,0.4484295422591058,1.8343496735389295,1.1493508219718933,0.0493966520298272,1.017698438081425,0.109498459030874,7.0,0.0,25.116510615922238,2.3280937671661377,0.0
DAMPED_POV_L025,3,12,0.0,0.0,0.1140344502666741,0.0,0.0,0.0,0.7969862893058284,1.7923734286179736,0.7194478887235147,0.0203125602821456,20.31256028214568,4094.679139098556,0.2229170380056924,1.507062233565181,1.147693828039337,0.0491413680720143,1.0166382800671272,0.1097758570103906,7.0,0.0,27.81520289024132,1.08618426322937,0.0
PLAIN_FM,3,13,0.0,0.0,0.1096396646382949,0.0,0.1141804025650023,0.745929479598999,0.9124557525586215,2.2675854117831538,0.8359904240896475,0.041007002102009,41.00700210200903,10466.58748000957,0.0737793667974983,1.4191645811112208,0.0708176529733464,0.0442866230150684,0.0,0.0,0.0,0.0,0.0,0.0,0.0
GOAL_AWARE_FINAL_PROJECTION,3,13,1.0,0.0,-0.0696586799515119,0.0,0.0,0.0,0.3741727792246455,1.3683463023246143,0.7777322976965519,0.0138026663696821,13.802666369682193,320.4728648308119,0.5753432406218206,1.9232781261950784,0.1742093420471064,0.0433882779325358,0.0929822589969262,0.0105302440351806,1.0,0.0,2.9892552029830024,2.98925518989563,0.0
NORMALIZED_POV_L1,3,13,0.0,0.0,0.0103933725150712,0.0,0.0,0.0,0.4938632598637609,1.513267259044295,0.794802281071867,0.018423393255917,18.42339325591702,419.99031638866313,0.6314387145268352,1.693162991938708,1.6107507949927822,0.0496445919852703,1.4793656800175086,0.1625649099005386,7.0,0.0,27.883605049406164,3.2884762287139893,0.0
DAMPED_POV_L05,3,13,0.0,0.0,0.0662786998754773,0.0,0.0,0.0,0.6366081543612169,1.455972402220029,0.570526585162722,0.0152466468383689,15.24664683836896,2957.462960690371,0.462835264469387,1.8657721317251903,1.5137588320067152,0.0491801109164953,1.3831476750783622,0.1538893320248462,7.0,0.0,27.002163161268623,2.3369860649108887,0.0
DAMPED_POV_L025,3,13,0.0,0.0,0.1066667281230958,0.0,0.0,0.0,0.7825558689400547,1.7930960422662332,0.6935597947674397,0.0241819296349516,24.181929634951697,5878.809618266168,0.2370089545170208,1.5275886058782215,1.9726320310146548,0.049919861019589,1.8405702750897035,0.1997733208118006,7.0,0.0,26.73190892771029,1.1129069328308103,0.0
PLAIN_FM,3,14,0.0,0.0,0.1060403045353673,0.0,0.1110893056869506,1.7453086376190186,0.9119593970485486,2.2863296596332114,0.8699926171787646,0.0392360109030063,39.23601090300633,8849.234378179459,0.0784037022065527,1.415726668852447,0.070673698966857,0.044384244014509,0.0,0.0,0.0,0.0,0.0,0.0,0.0
GOAL_AWARE_FINAL_PROJECTION,3,14,1.0,0.0,-0.0694644773685989,0.0,0.0,0.0,0.3546657083135239,1.1866754757375269,0.6704990187297062,0.0076894254401596,7.689425440159603,178.8893214834886,0.6168986674362043,1.953609595022996,0.1739832769962959,0.0434887520968914,0.0929513180162757,0.0106152460211887,1.0,0.0,3.1777406871016445,3.1777405738830566,0.0
NORMALIZED_POV_L1,3,14,1.0,0.0,-0.0841760798592396,0.0,0.0,0.0,0.4070244796584082,1.2942195067672142,0.570497378996772,0.0098167181790538,9.81671817905383,210.21535723662052,0.8479956951688628,2.6268810312456448,1.1480968999676406,0.049771333055105,1.0168429549667053,0.1107078081695362,7.0,0.0,25.84887623306187,4.350891590118408,0.0
DAMPED_POV_L05,3,14,0.0,0.0,0.0796240299012635,0.0,0.0,0.0,0.6395196527425316,1.4539210750066465,0.5640049725821575,0.0133661165139375,13.366116513937598,2191.11159022729,0.4489664198108322,1.8196464910873,1.063187489984557,0.0495377290644682,0.931541176047176,0.1041319299256429,7.0,0.0,29.05759302527929,2.301063060760498,0.0
DAMPED_POV_L025,3,14,0.0,0.0,0.1105347150978317,0.0,0.0,0.1089882850646972,0.7828357059414625,1.802737768294852,0.7094355211812489,0.0221642720374708,22.164272037470848,4751.619048253274,0.216982723113951,1.488137506687384,1.147583145997487,0.0491888510296121,1.0164982260321267,0.1106710389722138,7.0,0.0,26.82243336539312,1.057315468788147,0.0
PLAIN_FM,3,15,0.0,0.0,0.1021572673250034,0.0,0.0758277938842773,0.8844208717346191,0.9001318672385981,2.301916543902532,0.8784354121923331,0.0450488719644037,45.048871964403766,11084.87255635271,0.073222300582017,1.404435212742432,0.0707027100143022,0.0442544510005973,0.0,0.0,0.0,0.0,0.0,0.0,0.0
GOAL_AWARE_FINAL_PROJECTION,3,15,1.0,0.0,-0.0833934578928699,0.0,0.0,0.0,0.346645054659871,1.1425559183814096,0.6438920578303111,0.0068989293036416,6.8989293036416655,166.37638362517748,0.6438960531636735,2.001833232148512,0.1739534260123036,0.0434958219993859,0.0928651459980756,0.0105196430231444,1.0,0.0,3.294423644038472,3.294423818588257,0.0
NORMALIZED_POV_L1,3,15,0.0,0.0,0.092378229161568,0.0,0.0,0.0,0.6360332044795032,1.0888046145185344,0.2877528505338497,0.0070368656529744,7.036865652974456,155.8488527120261,0.9479413498711357,2.9293165021564502,1.6095742449979298,0.0495192090747877,1.4778882610844448,0.1621287239831872,7.0,0.0,27.190229016122775,4.844001770019531,0.0
DAMPED_POV_L05,3,15,0.0,0.0,0.0835733507659615,0.0,0.0,0.0,0.630395721276913,1.4425559533340533,0.5676655938023478,0.0150820618818094,15.082061881809494,3300.486312623008,0.4662152608947842,1.838174359213116,1.5130995459621772,0.0491824400378391,1.3815227031009272,0.1486024950863793,7.0,0.0,24.776745132357995,2.3457589149475098,0.0
DAMPED_POV_L025,3,15,0.0,0.0,0.1098184655403816,0.0,0.0,0.0,0.782916985326961,1.8088742885974176,0.6912349214429243,0.0275376533914029,27.537653391402905,6840.402421901537,0.2326714560635072,1.5087440315739546,1.4329128310200758,0.0493170129484497,1.301101463031955,0.1426103500998579,7.0,0.0,25.848812712438257,1.130810022354126,0.0
PLAIN_FM,3,16,0.0,0.0,0.1188379603877376,0.0,0.1983326242446899,1.7368149757385254,0.9508287732575146,2.2791504214843457,0.8672684136998519,0.0434075378940133,43.4075378940133,10512.601713099066,0.0734648664795991,1.4622626597061623,0.0710083080339245,0.0444524469785392,0.0,0.0,0.0,0.0,0.0,0.0,0.0
GOAL_AWARE_FINAL_PROJECTION,3,16,1.0,0.0,-0.0823720657115493,0.0,0.0,0.0,0.3924728840089972,1.1592950697672484,0.5752660535064744,0.0062303685180644,6.230368518064466,228.16313474613992,0.6351904142634685,1.881672071174135,0.1742150019854307,0.0434981511207297,0.0929505479871295,0.0105329439975321,1.0,0.0,3.2009485928264017,3.200948476791382,0.0
NORMALIZED_POV_L1,3,16,1.0,0.0,-0.0890811726405769,0.0,0.0,0.0,0.4566834427567517,1.27470412765833,0.5037378392246631,0.0125908977356266,12.590897735626603,273.0762929617825,0.8569306531142654,2.6671436752470616,1.0633843659888953,0.0492065100115723,0.9320590880233794,0.1044265680829994,7.0,0.0,28.019869841768696,4.440676689147949,0.0
DAMPED_POV_L05,3,16,0.0,0.0,0.0875865480565038,0.0,0.0,0.0,0.6812411509758155,1.369863057369877,0.512248595616283,0.0133948207410456,13.3948207410457,2463.7291734276982,0.4478720920694641,1.75116642483813,1.3418423020048067,0.0494413549895398,1.210331129084807,0.1348704778356477,7.0,0.0,31.76318566257383,2.233487367630005,0.0
DAMPED_POV_L025,3,16,0.0,0.0,0.1206246861167837,0.0,0.0,0.0,0.8243584866822125,1.770539851447254,0.6735809414529716,0.0230169942629583,23.01699426295833,5417.3989089632,0.2281084307296836,1.481290256294798,1.3345684020314366,0.0493450128706172,1.2033047059667297,0.1307408130378462,7.0,0.0,29.901297763276208,1.0393195152282717,0.0
PLAIN_FM,3,17,0.0,0.0,0.0937686379352346,0.0,0.0877016351699828,0.7152986526489258,0.8907089311977537,2.3504183419609648,0.9044231730475888,0.0389894058739801,38.98940587398015,8917.486050353695,0.1133673173763563,1.4080497158942362,0.0708432729588821,0.0443274630815722,0.0,0.0,0.0,0.0,0.0,0.0,0.0
GOAL_AWARE_FINAL_PROJECTION,3,17,1.0,0.0,-0.0804446720382033,0.0,0.0,0.0,0.3541703963337711,1.276564351768545,0.6934417751129986,0.0086979335559416,8.697933555941617,221.0025858779829,0.5663411032277064,1.7903727930570326,0.1740238570491783,0.0434597009443677,0.0928166949888691,0.010468952008523,1.0,0.0,2.972746476069099,2.9727466106414795,0.0
NORMALIZED_POV_L1,3,17,1.0,0.0,-0.0110231252167065,0.0,0.0,0.0,0.5103187339194055,0.8308122362680755,0.436038128752356,0.0046217135375599,4.621713537559913,236.2389474562576,0.8022969604014198,2.2189376296986696,1.3357979050488211,0.0493213239824399,1.2045270199305378,0.1338375940104015,7.0,0.0,28.760750632651764,4.289064884185791,0.0
DAMPED_POV_L05,3,17,0.0,0.0,0.0834231507858625,0.0,0.0,0.0,0.634437493585553,1.5099212280959444,0.6120134364499494,0.0145096808884677,14.509680888467711,2636.9746111959635,0.4093340915012474,1.755196604593247,1.4253065640223213,0.0491565380361862,1.294385557062924,0.1433311519795097,7.0,0.0,26.14202861928247,2.177042245864868,0.0
DAMPED_POV_L025,3,17,0.0,0.0,0.1029230674351753,0.0,0.0,0.0,0.7817373789275632,1.8693919664100247,0.7275535529346927,0.0222510709989416,22.25107099894164,4834.8387825870805,0.2100446635517898,1.470713437513749,1.4256437220028602,0.0491536989575251,1.2944238480413333,0.1433063120348379,7.0,0.0,26.50522802880221,1.050252079963684,0.0
PLAIN_FM,3,18,0.0,0.0,0.1105961593742633,0.0,0.1637839839935302,0.6184172630310059,0.931305517224047,2.273095175249484,0.8681331662431666,0.0510326959801328,51.03269598013283,14144.425165856368,0.0851647290938189,1.4335769597140502,0.070707080012653,0.0442522399825975,0.0,0.0,0.0,0.0,0.0,0.0,0.0
GOAL_AWARE_FINAL_PROJECTION,3,18,1.0,0.0,-0.0277858569285222,0.0,0.0,0.0,0.3562329821994147,1.0490884034247092,0.6635547864715525,0.0042100125616713,4.210012561671306,131.32362246572882,0.7247745168768459,2.0179077961432195,0.1754481049720198,0.0447768729645758,0.0926658409880474,0.0105056529864668,1.0,0.0,3.7110445986927383,3.7110445499420166,0.0
NORMALIZED_POV_L1,3,18,1.0,0.0,-0.0786300501165471,0.0,0.0,0.0,0.3879974829565728,1.343718841360562,0.5823373621706767,0.0139919330089455,13.991933008945525,276.0887571746196,0.8666971075638501,2.7632596243317025,1.2412297549890354,0.0516189430491067,1.107233208953403,0.1233478089561685,7.0,0.0,24.631503661704905,4.608234405517578,0.0
DAMPED_POV_L05,3,18,0.0,0.0,0.0858856730866943,0.0,0.0,0.0,0.653154183646591,1.3682758692473325,0.5227460503839586,0.0120304044758032,12.03040447580328,2528.583087406755,0.4377275642196899,1.7264773003908225,1.246647046005819,0.0500850530806928,1.1141569900210015,0.1264854819746688,7.0,0.0,26.220828195836845,2.204610109329224,0.0
DAMPED_POV_L025,3,18,0.0,0.0,0.117001619040623,0.0,0.0,0.0,0.802805637429939,1.7654798514540255,0.6858648339581315,0.0267146221414034,26.71462214140341,6941.835568994215,0.2368633582191195,1.52307399987428,1.3383920019841753,0.0513913350878283,1.2045648220228031,0.1349798119044862,7.0,0.0,28.350352044691085,1.1498502492904663,0.0
PLAIN_FM,3,19,0.0,0.0,0.0928639331100544,0.0,0.15216346244812,0.73883056640625,0.8838358721850941,2.319786224231514,0.9243478755626304,0.0395353240580163,39.5353240580163,9360.827602241015,0.0929258076056558,1.3860371684482646,0.0710134580149315,0.0445605290005914,0.0,0.0,0.0,0.0,0.0,0.0,0.0
GOAL_AWARE_FINAL_PROJECTION,3,19,1.0,0.0,-0.0712918782662035,0.0,0.0,0.0,0.3572055648711404,1.2322996983933945,0.6763868437937022,0.0076267831174181,7.626783117418157,184.03554029609023,0.5697187477894448,1.851987607880562,0.1743113549891859,0.0435772740165703,0.0930436410126276,0.010641956992913,1.0,0.0,2.9537648116358475,2.9537649154663086,0.0
NORMALIZED_POV_L1,3,19,0.0,0.0,0.0201089693646484,0.0,0.0,0.0,0.5881594500580485,0.8140776014480042,0.4078990314923125,0.0045472163692776,4.547216369277685,196.30426425152336,0.7233393167643105,1.932357386110658,1.6117087950115092,0.0511743929819203,1.4787634171079844,0.1624200991354882,7.0,0.0,27.136468313609072,3.652306079864502,0.0
DAMPED_POV_L05,3,19,0.0,0.0,0.0816868107947745,0.0,0.0,0.0,0.6379760990738212,1.477334841754837,0.61552390273964,0.0137578613830715,13.757861383071557,2440.960896564537,0.4494454630819297,1.8161854773481811,1.336294327978976,0.0508821539697237,1.2038049708935432,0.1344475471414625,7.0,0.0,27.935177355138016,2.320146322250366,0.0
DAMPED_POV_L025,3,19,0.0,0.0,0.1047516990020256,0.0,0.0,0.0,0.7763261655813687,1.8422065758898687,0.747541303768763,0.0237486458810067,23.74864588100678,5473.0637400873575,0.2006440720275724,1.4430011013105304,1.3340992309967987,0.0511295699980109,1.2012934769736603,0.1336673910263925,7.0,0.0,27.39315537947897,0.9978545904159546,0.0
PLAIN_FM,3,20,0.0,0.0,0.1143003243438133,0.0,0.1834046409606933,1.222754716873169,0.9326423973329556,2.24179204623663,0.8638288509974569,0.0377749979645305,37.77499796453054,8624.968306587833,0.0773576806560003,1.43209026034525,0.0708384630270302,0.0445132379536516,0.0,0.0,0.0,0.0,0.0,0.0,0.0
GOAL_AWARE_FINAL_PROJECTION,3,20,1.0,0.0,-0.0759292093191068,0.0,0.0,0.0,0.3814854045330464,1.111969282566026,0.5966051444175833,0.0064184417239241,6.41844172392414,185.86774787632265,0.6838584044595353,2.0245789328278767,0.1737594620208256,0.0435131699778139,0.0927626530174166,0.0105343530303798,1.0,0.0,3.4225576510970623,3.422557592391968,0.0
NORMALIZED_POV_L1,3,20,1.0,0.0,-0.049105308392198,0.0,0.0,0.0,0.451008055111786,0.8628863786568746,0.5287077958934039,0.0037346720242981,3.7346720242981135,206.07079360503985,0.6894447073581533,2.03270447971732,1.2357506119878965,0.0514361290261149,1.1019925419823269,0.1231988939689472,7.0,0.0,26.764151721745336,3.36779522895813,0.0
DAMPED_POV_L05,3,20,0.0,0.0,0.0852307165718674,0.0,0.0,0.0,0.6656922099782032,1.4020463121286983,0.5321786744384555,0.0126613561367596,12.661356136759672,2005.1960359640293,0.4502968076986872,1.8214514929786303,1.151818379003089,0.0511276109609752,1.0192400899832137,0.1141820111079141,7.0,0.0,25.480663337737376,2.2927286624908447,0.0
DAMPED_POV_L025,3,20,0.0,0.0,0.1183757568730649,0.0,0.0,0.0,0.8043416815886649,1.743601259999142,0.669664597417452,0.0204583481819344,20.458348181934483,4422.275692322141,0.241733796588572,1.495979782714549,1.2413145980099216,0.0506017659208737,1.108949565037619,0.1231263540685176,7.0,0.0,24.83604967163497,1.0884395837783811,0.0
PLAIN_FM,3,21,0.0,0.0,0.1148514581654726,0.0,0.1085131929397582,0.0,0.9364060141836514,2.268185619689916,0.8513399246933362,0.0354880566004551,35.488056600455174,8488.899356437994,0.0816322196536105,1.4177025580805331,0.0711456210119649,0.0448769360082224,0.0,0.0,0.0,0.0,0.0,0.0,0.0
GOAL_AWARE_FINAL_PROJECTION,3,21,1.0,0.0,-0.0447783027615749,0.0,0.0,0.0,0.4122379157521398,1.4192504426587411,0.745312655970246,0.0157007231218182,15.70072312181825,355.3774548644028,0.5761248864331676,1.8735667004678345,0.1739497559610754,0.0436070340801961,0.0927766239619813,0.0106525879818946,1.0,0.0,3.123333156384088,3.123333215713501,0.0
NORMALIZED_POV_L1,3,21,1.0,0.0,-0.0742783037485314,0.0,0.0,0.0,0.4274814705721336,1.0815958971095847,0.4876372359695219,0.0060365583134052,6.036558313405216,173.9510732660321,0.7961984515272171,2.452484637056294,1.2492294840049,0.051448380050715,1.1155629070126452,0.1229197800857946,7.0,0.0,28.20214850635227,4.098415374755859,0.0
DAMPED_POV_L05,3,21,0.0,0.0,0.0778323698279311,0.0,0.0,0.0,0.6561112955169249,1.4070837689206437,0.5442677924552249,0.0122855796203333,12.285579620333388,2305.5396328446777,0.4527420001170313,1.7980916527557238,1.2433756819809787,0.0505414740764535,1.1112005430622958,0.122139778046403,7.0,0.0,28.41943796645092,2.324290990829468,0.0
DAMPED_POV_L025,3,21,0.0,0.0,0.1133531617608662,0.0,0.0,0.0,0.8025772308076804,1.7846576153387708,0.6956311506502815,0.021359178621628,21.35917862162806,4958.006432355687,0.2165318410885054,1.485317832881739,1.2425901720416732,0.0503456689184531,1.1106555900769308,0.1243322348454967,7.0,0.0,26.184933667917253,1.0868072509765625,0.0
PLAIN_FM,3,22,0.0,0.0,0.1187441143733456,0.0,0.1069664524078368,0.0958156585693359,0.9548949355137404,2.2918228715182805,0.8793279903735264,0.0347960278110932,34.79602781109326,7618.657400610607,0.0780929935478172,1.4553148921188324,0.0707680120249278,0.0444648979464545,0.0,0.0,0.0,0.0,0.0,0.0,0.0
GOAL_AWARE_FINAL_PROJECTION,3,22,1.0,0.0,-0.0317307351492994,0.0,0.0,0.0,0.3911413368593643,1.3385962848314923,0.7536654584645184,0.0124615752865455,12.461575286545568,257.9065855568885,0.6300499676794018,1.954235928618836,0.1742191939847543,0.0434672520495951,0.0931517040007747,0.010631347016897,1.0,0.0,3.32511261958175,3.325112581253052,0.0
NORMALIZED_POV_L1,3,22,1.0,0.0,-0.0389688635265763,0.0,0.0,0.0,0.5403267584099365,1.040967334436828,0.328716259011892,0.0063004836854627,6.3004836854627655,169.74301123466876,0.9036659968116214,2.623388751836607,1.3351459999685176,0.0496211909921839,1.2038225330761634,0.1326330581796355,7.0,0.0,28.31506162487992,4.601552963256836,0.0
DAMPED_POV_L05,3,22,0.0,0.0,0.0729978128507278,0.0,0.0,0.0,0.6486353097780845,1.3704912965604643,0.5883599619733775,0.0122294811433825,12.229481143382516,2329.6115401194584,0.4624801261640551,1.8092906455450863,1.2416905090212822,0.0492859889636747,1.1105861279647795,0.1244330049376003,7.0,0.0,26.444372152368047,2.373204469680786,0.0
DAMPED_POV_L025,3,22,0.0,0.0,0.1175188544008328,0.0,0.0,0.0,0.8091563731586838,1.7968704054678344,0.7296536779187689,0.0211274504655678,21.12745046556785,4540.399497673863,0.234935518559956,1.554638577768851,1.2424197669606656,0.0494642170378938,1.1112122531048954,0.1237500000279396,7.0,0.0,27.755447643787416,1.1770172119140625,0.0
PLAIN_FM,3,23,0.0,0.0,0.0875490159131289,0.0,0.1341372297286986,0.0,0.8809282544880098,2.316490182783231,0.8835153046807538,0.0373545571476319,37.35455714763192,8950.653623785285,0.0773756008086998,1.3949162998779254,0.0707714220043271,0.0442968140123412,0.0,0.0,0.0,0.0,0.0,0.0,0.0
GOAL_AWARE_FINAL_PROJECTION,3,23,1.0,0.0,-0.0721505105283939,0.0,0.0,0.0,0.3597913761488484,1.343168755111657,0.7858087191691484,0.0125735533447626,12.573553344762622,286.34129644355966,0.5412393128030586,1.8321576393775487,0.1738604140118695,0.0434584899339824,0.0927517329691909,0.0104198009939864,1.0,0.0,2.889728246899669,2.889728307723999,0.0
NORMALIZED_POV_L1,3,23,1.0,0.0,-0.03967784440732,0.0,0.0,0.0,0.4775561161092864,1.2459325125971152,0.5416560862580997,0.0118556592397185,11.85565923971854,269.8211401328976,0.7270941792896268,2.346946684811668,1.426072745991405,0.0493213139707222,1.2948767628986388,0.1432149681495502,7.0,0.0,29.25999310175694,3.888413667678833,0.0
DAMPED_POV_L05,3,23,0.0,0.0,0.0727009128010324,0.0,0.0,0.0,0.6172170232176326,1.5635335434964135,0.6223560059551877,0.0154794576492394,15.479457649239414,2471.832610963176,0.4365607127579853,1.888597873839156,1.428315274999477,0.0493062400491908,1.296765803010203,0.1432395870797336,7.0,0.0,30.065820923196007,2.362822294235229,0.0
DAMPED_POV_L025,3,23,0.0,0.0,0.1062833436078012,0.0,0.0,0.0,0.7653835670174202,1.8608369273889176,0.7315938821522145,0.0228820675637964,22.882067563796404,5260.149156168925,0.1807592774239779,1.4302018973269233,1.339213527040556,0.0493655651225708,1.2075199310784228,0.1333681920077651,7.0,0.0,25.7277403974143,0.9546716213226318,0.0
PLAIN_FM,3,24,0.0,0.0,0.1170697764699052,0.0,0.096161322402954,0.7311415672302246,0.9122129885190736,2.2571646037466864,0.8531788927732653,0.0397481647053885,39.74816470538856,9545.500707521758,0.0821281594284933,1.4074096597049972,0.0710238979663699,0.0443292440031655,0.0,0.0,0.0,0.0,0.0,0.0,0.0
GOAL_AWARE_FINAL_PROJECTION,3,24,1.0,0.0,-0.045710602562501,0.0,0.0,0.0,0.3645867529195079,1.3995653340257044,0.7605557701329673,0.0160180697804976,16.01806978049769,358.2367584454182,0.6933049652510621,2.26010743928647,0.1765946149826049,0.0439565639244392,0.0944232370238751,0.010715338983573,1.0,0.0,3.634451176567465,3.634451150894165,0.0
NORMALIZED_POV_L1,3,24,1.0,0.0,-0.0544905456654802,0.0,0.0,0.0,0.4517873432018692,1.0154907849910482,0.4668074675647956,0.0053798925238117,5.379892523811769,157.66679033131226,0.8724950699576,2.577632766277113,1.148629138013348,0.0491950311115942,1.0170678759459406,0.109566640923731,7.0,0.0,27.95489085844841,4.392360687255859,0.0
DAMPED_POV_L05,3,24,0.0,0.0,0.0625339157328113,0.0,0.0,0.0,0.6433977760329636,1.3425949498727052,0.5587639088437542,0.0111977624504007,11.197762450400717,1924.935760862212,0.4912318183359474,1.8844010693146096,1.1482881199917756,0.0492631099768914,1.017140957992524,0.1102212360710837,7.0,0.0,30.45900900565167,2.424321413040161,0.0
DAMPED_POV_L025,3,24,0.0,0.0,0.1129370705670706,0.0,0.0,0.0,0.7819898411568909,1.7330791234709138,0.6777126795820593,0.0213838064868063,21.383806486806375,4831.209087771526,0.2637996861672467,1.5571773069435106,1.058957185014151,0.0488897829782217,0.9281201609992422,0.1037754699937067,7.0,0.0,25.846825404406765,1.2432674169540403,0.0
PLAIN_FM,3,25,0.0,0.0,0.120231897196365,0.0,0.1207363174438476,0.5369138717651367,0.9581014750374628,2.3026090358947178,0.8835442722853541,0.0417691879356192,41.76918793561924,10541.68158415678,0.0893232626405608,1.452452234888461,0.0707144800107926,0.0441927480278536,0.0,0.0,0.0,0.0,0.0,0.0,0.0
GOAL_AWARE_FINAL_PROJECTION,3,25,1.0,0.0,-0.0727341375748532,0.0,0.0,0.0,0.4017500575506203,1.2026457879973598,0.5954427058344791,0.0068279997818674,6.827999781867433,188.28150036505065,0.6265078264074152,1.7795071195562122,0.1738873340073041,0.0433854490402154,0.0928568759700283,0.0105885749799199,1.0,0.0,3.1752026133016646,3.1752026081085205,0.0
NORMALIZED_POV_L1,3,25,0.0,0.0,0.0906922323298562,0.0,0.0,0.0,0.6363285635356494,0.8935600758273623,0.343000370102326,0.0082080840258633,8.208084025863371,193.4138024815013,0.6764022136274164,2.188200271742873,1.425287876976654,0.0490650369320064,1.2944222209625875,0.1401510881260037,7.0,0.0,27.4238438610518,3.6534135341644287,0.0
DAMPED_POV_L05,3,25,0.0,0.0,0.0905833728656491,0.0,0.0,0.0,0.6783365245731398,1.320063088273015,0.5357911792016803,0.0112844417177271,11.284441717727134,2781.323857178464,0.4172864314563154,1.5376294988380157,1.0565468620043248,0.0491432470735162,0.9256124040693976,0.1009570360183715,7.0,0.0,22.93295092906957,2.0762393474578857,0.0
DAMPED_POV_L025,3,25,0.0,0.0,0.1423423296923651,0.0,0.0,0.0,0.8475152146192202,1.839281759353892,0.7817492521163593,0.0252229230368925,25.222923036892556,6237.631339977412,0.220312555132143,1.5293003349933392,1.328604340960737,0.0493645269307307,1.1973754479549823,0.1261123609729111,7.0,0.0,25.656062150958448,1.0651072263717651,0.0
PLAIN_FM,3,26,0.0,0.0,0.1037293481174853,0.0,0.1897882984161376,1.316131353378296,0.9008944259456731,2.297940483474094,0.8882025136705322,0.0399695107710664,39.96951077106648,9308.076628811168,0.0748434216511931,1.415932915336743,0.0705845360062085,0.04416069900617,0.0,0.0,0.0,0.0,0.0,0.0,0.0
GOAL_AWARE_FINAL_PROJECTION,3,26,1.0,0.0,-0.048532915775263,0.0,0.0,0.0,0.3897162917651898,1.2202699103690609,0.6915390848389937,0.0085786628745498,8.578662874549892,205.91420855486933,0.6641078103240871,1.99372570311244,0.1735884270165115,0.0431340698851272,0.0927883840049617,0.0105312640080228,1.0,0.0,3.32701481715591,3.327014923095703,0.0
NORMALIZED_POV_L1,3,26,1.0,0.0,-0.0810739291920161,0.0,0.0,0.0,0.4053601193955912,1.0774770061619443,0.5571369321719285,0.0070870549561252,7.087054956125272,179.55288999793595,0.8781913638070216,2.594612757051793,1.4311291800113397,0.051124061923474,1.2980098359985277,0.1459323168965056,7.0,0.0,25.43118224970769,4.473207950592041,0.0
DAMPED_POV_L05,3,26,0.0,0.0,0.0653447026143104,0.0,0.0,0.0,0.6303913007610387,1.4224887155836723,0.5861618134307188,0.0136372752430293,13.63727524302938,2526.209754269448,0.47212919118945,1.8367345086621016,1.3327952210092917,0.050002431962639,1.2014532629400492,0.1344687309465371,7.0,0.0,25.51951033471828,2.391963005065918,0.0
DAMPED_POV_L025,3,26,0.0,0.0,0.1061245312009029,0.0,0.0,0.0,0.7819898469940345,1.7964759170159226,0.696091438391097,0.0219608024945809,21.96080249458099,4968.5995210274405,0.2334837576716212,1.4558708063092989,1.3308043890283443,0.0491092279553413,1.200574383023195,0.1336932778940536,7.0,0.0,24.90002164286772,1.0896152257919312,0.0
PLAIN_FM,3,27,0.0,0.0,0.1047817236157156,0.0,0.1238482759475707,1.0880064964294434,0.9011231582539748,2.27650834407282,0.8796007427127059,0.0387046233409282,38.70462334092828,9152.079419979398,0.0821754823815735,1.3975215947394082,0.0703909620060585,0.0440106970490887,0.0,0.0,0.0,0.0,0.0,0.0,0.0
GOAL_AWARE_FINAL_PROJECTION,3,27,1.0,0.0,-0.0250409393965352,0.0,0.0,0.0,0.3817757856277474,1.390753802951867,0.7707724515602723,0.0157963371849145,15.796337184914576,346.8875433827456,0.6283553594651364,2.057923055432192,0.1733905419823713,0.0431552830850705,0.092698702996131,0.0106086860178038,1.0,0.0,3.4160576795735107,3.416057586669922,0.0
NORMALIZED_POV_L1,3,27,1.0,0.0,-0.0513457931725675,0.0,0.0,0.0,0.5123086214053786,1.0908848589554307,0.3750882994343249,0.0078062787020147,7.8062787020147795,186.3113506336944,0.9372414611693688,2.7403580381848847,1.246930637047626,0.0512239119270816,1.1117859699879773,0.1241174960741773,7.0,0.0,30.33897813978816,4.839019298553467,0.0
DAMPED_POV_L05,3,27,0.0,0.0,0.0667147672594689,0.0,0.0,0.0,0.6328878454755122,1.333917857785228,0.5647043510909244,0.0121308335671734,12.130833567173482,2383.6839481525376,0.4756650546558393,1.832542723797396,1.1497437579673715,0.0492894630297087,1.0186989359208385,0.1115191709832288,7.0,0.0,28.77511578216327,2.4503986835479736,0.0
DAMPED_POV_L025,3,27,0.0,0.0,0.1127194249601491,0.0,0.0,0.0135135650634765,0.766885067412453,1.747239774407526,0.7068690718254051,0.0227020997097655,22.702099709765555,5321.709882290281,0.2503718667199121,1.541884027254776,1.0588764040148817,0.0494087529368698,0.927451871917583,0.1035399408428929,7.0,0.0,26.83287766134547,1.285546898841858,0.0
PLAIN_FM,3,28,0.0,0.0,0.1156152359201669,0.0,0.1714002655029296,0.4018795490264892,0.9133382257322548,2.218650857286512,0.8516420020080709,0.0415495269338883,41.54952693388836,10704.854721647194,0.1002460977711077,1.3830327349786142,0.0706258079735562,0.0441889180801808,0.0,0.0,0.0,0.0,0.0,0.0,0.0
GOAL_AWARE_FINAL_PROJECTION,3,28,1.0,0.0,-0.0761730843761153,0.0,0.0,0.0,0.38576597427896,1.221509293834384,0.6674583974049717,0.0091711630177453,9.171163017745345,205.74270281086277,0.6370411250355132,1.9750530961943595,0.1735287449555471,0.0433907600236125,0.0924964569858275,0.010419470956549,1.0,0.0,3.155778840812083,3.155778646469116,0.0
NORMALIZED_POV_L1,3,28,1.0,0.0,-0.0743006954968987,0.0,0.0,0.0,0.4294725236788425,1.0521550444339502,0.4794075893758442,0.0058927061239941,5.892706123994174,195.33937855094047,0.876198077824496,2.6142004793740523,1.4356097069685347,0.0494771080557256,1.303742824937217,0.144947431050241,7.0,0.0,25.91112060438172,4.393518924713135,0.0
DAMPED_POV_L05,3,28,0.0,0.0,0.0750330902627799,0.0,0.0,0.0,0.6615474422731326,1.3738458214842282,0.5536965333657274,0.0135711876035555,13.57118760355558,2769.360100818563,0.4831011475621736,1.8778217094889416,1.3337515270104632,0.0491031861165538,1.202690685982816,0.1332343660760671,7.0,0.0,27.02680693944112,2.3483636379241943,0.0
DAMPED_POV_L025,3,28,0.0,0.0,0.1123786837001785,0.0,0.0,0.0,0.803760105214394,1.7306090802737837,0.6727825206057948,0.0245710995897479,24.571099589747902,6238.531040695872,0.2568472737267833,1.5256360439729946,1.4204218429513276,0.0490591470734216,1.289503996958956,0.1402156780823134,7.0,0.0,25.441315077869834,1.1273001432418823,0.0
PLAIN_FM,3,29,0.0,0.0,0.1053527124434707,0.0,0.1396297977447509,0.9386134147644044,0.8911663251548215,2.301073321352543,0.9084836482507912,0.0458595870240967,45.859587024096754,11059.255157733118,0.0854128528765464,1.4067948082485615,0.0706315779825672,0.0441698869690299,0.0,0.0,0.0,0.0,0.0,0.0,0.0
GOAL_AWARE_FINAL_PROJECTION,3,29,1.0,0.0,-0.0574035084114272,0.0,0.0,0.0,0.3777360263016224,1.206743598982501,0.6711298293510247,0.0074022878005699,7.402287800569951,178.14958192836627,0.6352171962984385,2.0196191150404177,0.1741517120390199,0.0435069031082093,0.0927425330155529,0.0104652320151217,1.0,0.0,3.2311421961884843,3.231142282485962,0.0
NORMALIZED_POV_L1,3,29,1.0,0.0,-0.0087938595947019,0.0,0.0,0.0,0.5354219929120797,1.0777316439119984,0.439940549920801,0.0079507152272952,7.950715227295291,181.7321579267173,0.7647243841925323,2.489938935371728,1.424077067989856,0.0492511800257489,1.293151980091352,0.1428295469959266,7.0,0.0,26.783343961195342,3.9300403594970703,0.0
DAMPED_POV_L05,3,29,0.0,0.0,0.0654863935765407,0.0,0.0,0.0,0.6641487478420168,1.412478334061415,0.5730100229460777,0.0196179763577939,19.617976357793943,4435.946493412323,0.4478498337089505,1.8144534409874644,1.4309746869839728,0.0492562330910004,1.2997581331292167,0.1438116831122897,7.0,0.0,29.37544160951332,2.275806188583374,0.0
DAMPED_POV_L025,3,29,0.0,0.0,0.1052799873447105,0.0,0.0,0.0,0.7853049140812303,1.7981524164560885,0.7099605306596587,0.0262765814555612,26.276581455561224,6251.3955097045055,0.2430194783426051,1.5219649828415185,1.4268209200236015,0.0492968129692599,1.2954281199490651,0.1421038179541938,7.0,0.0,30.283359033555527,1.136563420295715,0.0
PLAIN_FM,3,30,0.0,0.0,0.1010087103659088,0.0,0.2241676614761352,0.0,0.9007621000340574,2.266487085278264,0.8686925464577582,0.0320101583290939,32.01015832909393,7245.598069926527,0.0712793136291312,1.4167100338797485,0.0707193400012329,0.0442473500734195,0.0,0.0,0.0,0.0,0.0,0.0,0.0
GOAL_AWARE_FINAL_PROJECTION,3,30,1.0,0.0,-0.0519593580607456,0.0,0.0,0.0,0.3512320778036185,1.3828784601040824,0.8093151303230679,0.0150640535135879,15.064053513587972,345.6083565503754,0.6119731348748334,2.066109353786725,0.1740429189521819,0.0434888008749112,0.0928145759971812,0.0104160309419967,1.0,0.0,3.261195224365768,3.261195182800293,0.0
NORMALIZED_POV_L1,3,30,1.0,0.0,-0.0146069861540416,0.0,0.0,0.0,0.6466599958543419,1.114546282052827,0.320593208549171,0.0095918509454229,9.59185094542292,209.5436739338652,0.8273435256921728,2.488842130985613,1.5160432509728707,0.0492954030050896,1.3847752669244071,0.1514959649648517,7.0,0.0,25.48055991278233,4.32263708114624,0.0
DAMPED_POV_L05,3,30,0.0,0.0,0.064417923166274,0.0,0.0,0.0,0.6341525236044663,1.400535750848923,0.5756476536661554,0.012787766756567,12.78776675656701,2275.445316434599,0.4492023072043835,1.8482513520478847,1.333401508978568,0.0490018461132422,1.202245075895917,0.1316438149660825,7.0,0.0,26.173606573908987,2.3633153438568115,0.0
DAMPED_POV_L025,3,30,0.0,0.0,0.1123446071250423,0.0,0.0,0.0,0.7747197356441189,1.7554886994164076,0.7057906175661391,0.0191418315803462,19.141831580346214,4257.62197884314,0.2426813634061245,1.556294328412976,1.3315128699759953,0.0490690369624644,1.2008309110533446,0.1333538020844571,7.0,0.0,27.382228787801548,1.2227479219436646,0.0
PLAIN_FM,3,31,0.0,0.0,0.1004609996222364,0.0,0.1462709472656249,1.1811208724975586,0.9264428189810407,2.3373369130622166,0.922007246588874,0.041870357100546,41.8703571005461,9579.916663900123,0.0937885884818653,1.4228447732016714,0.0706476579653099,0.0442278719856403,0.0,0.0,0.0,0.0,0.0,0.0,0.0
GOAL_AWARE_FINAL_PROJECTION,3,31,1.0,0.0,-0.0432983242218463,0.0,0.0,0.0,0.412450504853475,1.49184730788538,0.773276669531424,0.016191831337009,16.191831337009077,344.46284119153955,0.5246411226865397,1.705560188121085,0.1734424239839427,0.0434187600039877,0.0923659739783033,0.0104389819898642,1.0,0.0,2.919165966608947,2.919166088104248,0.0
NORMALIZED_POV_L1,3,31,1.0,0.0,-0.0660870037869455,0.0,0.0,0.0,0.4791708014962403,1.0952264600304484,0.4137791483824918,0.0055195466997757,5.519546699775724,130.31124838835953,0.8598268811335266,2.518063064808614,1.1446842180448584,0.0490915079135447,1.0139624269795604,0.1121594670694321,7.0,0.0,25.449641972613385,4.512784004211426,0.0
DAMPED_POV_L05,3,31,0.0,0.0,0.0717990517943762,0.0,0.0,0.0,0.6391145982237352,1.4508393579611856,0.6445495712107927,0.0139983054196513,13.998305419651302,2422.7997106482485,0.4214700793524898,1.7731028282797567,1.236865846964065,0.0490366868907585,1.106250818935223,0.1224952399497851,7.0,0.0,28.704564752713363,2.306217908859253,0.0
DAMPED_POV_L025,3,31,0.0,0.0,0.108140082661151,0.0,0.0,0.0,0.8088684038766984,1.8843004507040948,0.7536681955601411,0.024267459732008,24.26745973200806,5190.545701659843,0.1727328640925226,1.4061089958673705,1.2419570899801329,0.0491292779915966,1.110798489069566,0.1221747690578922,7.0,0.0,24.4681628235658,0.9499011039733888,0.0
PLAIN_FM,4,0,1.0,0.0,-0.005844888557082,0.0,0.2397017296791075,0.0,0.2497248484117832,3.4457609961769826,1.6377409784793,0.0285317919162583,28.531791916258392,4916.5879851465215,0.0894916101308036,0.4867440739325337,0.0708149429992772,0.0442426900262944,0.0,0.0,0.0,0.0,0.0,0.0,0.0
GOAL_AWARE_FINAL_PROJECTION,4,0,0.0,0.0,0.0187247987903034,0.0,0.0038327392578123,0.0,0.2248497878515024,2.855060764100272,1.6953711357925862,0.0441168247028751,44.116824702875135,748.7979794891148,0.593439272379554,1.5653763554584628,0.17414897197159,0.0433445800445042,0.0930096499505452,0.0104699020157568,1.0,0.0,2.996762055399082,2.9967620372772217,0.0
NORMALIZED_POV_L1,4,0,0.0,0.0,0.0293133360689949,0.0,0.0,0.0,0.1334862859062696,2.7429914091631,1.6723344813979089,0.044683146529362,44.68314652936201,750.2740720591844,0.6374372242709432,1.6555654239576594,1.1491304950322956,0.0492631029919721,1.017742125026416,0.1081640239572152,7.0,0.0,21.888976441792504,3.220674991607666,0.0
DAMPED_POV_L05,4,0,0.0,0.0,0.0167191493148243,0.0,0.0660126027107237,0.0,0.1572246246022259,2.905265223612251,1.616029767227281,0.0266950337004769,26.695033700476944,1584.575387254086,0.408095125222281,1.140183064939433,1.1506511939805932,0.0492679920280352,1.0190285579883491,0.108730539039243,7.0,0.0,24.53549901157165,2.0396358966827397,0.0
DAMPED_POV_L025,4,0,0.0,0.0,0.0068348393594418,0.0,0.1435054954528807,0.0,0.2001647108159664,3.16647068320542,1.6325457252703592,0.0256850853683169,25.68508536831691,2865.340221281164,0.2150002521484343,0.7435725748879698,1.1431746699963696,0.0488961520604789,1.012558231013827,0.1073187530855648,7.0,0.0,23.651848249650023,1.0428496599197388,0.0
PLAIN_FM,4,1,1.0,0.0,-0.0184248774200452,0.0,0.2184926089286802,1.074535846710205,0.2787190937092429,3.4424825932277936,1.6197147154154938,0.0393915411467779,39.39154114677798,8629.80761697012,0.0938867555032546,0.533956463720449,0.0709783469792455,0.0444739680970087,0.0,0.0,0.0,0.0,0.0,0.0,0.0
GOAL_AWARE_FINAL_PROJECTION,4,1,0.0,0.0,0.0278566988299963,0.0,0.0,0.0,0.2097308360291083,2.709226469165799,1.6586878173943944,0.0361302827722945,36.13028277229455,608.1895892139997,0.6771816849879491,1.7432398227765429,0.1753408130025491,0.043903803860303,0.0934288110001944,0.0105333940009586,1.0,0.0,3.259158396246401,3.2591583728790283,0.0
NORMALIZED_POV_L1,4,1,1.0,0.0,-0.0246310072277533,0.0,0.0,0.0,0.7019735246418902,2.12228397119107,0.6923372333221854,0.0234714572553303,23.471457255330343,352.7932982442583,1.0648536650913742,2.641947174540261,1.7048706869827583,0.0493361959815956,1.573705104063265,0.1743507450446486,7.0,0.0,31.82219284658796,5.24028205871582,0.0
DAMPED_POV_L05,4,1,0.0,0.0,0.0178738512135479,0.0,0.0430278595924376,0.0,0.2359978086690916,2.451555044948494,1.496900841067625,0.0196292959044318,19.6292959044318,3568.0039575378355,0.6098792679853741,1.543436030360024,1.8814746729913168,0.0497093650628812,1.749637434084434,0.1854650471359491,7.0,0.0,28.6321217722132,2.9196133613586426,0.0
DAMPED_POV_L025,4,1,1.0,0.0,-0.0070767898219098,0.0,0.1335470494270323,0.5388927459716797,0.242014385985331,3.125179794701763,1.6141270319081094,0.0343035736594733,34.30357365947339,6295.68370448631,0.2529529801121086,0.8220639689237585,1.6121455449610949,0.049370253982488,1.480989930976648,0.1625618020188994,7.0,0.0,29.274448172277214,1.0738911628723145,0.0
PLAIN_FM,4,2,1.0,0.0,-0.005260312210315,0.0,0.1595082994937895,0.3120732307434082,0.2228166864862344,3.4569295577883743,1.616705509386788,0.0297695291739347,29.76952917393472,3656.302206059701,0.0909955397887134,0.4491363701424563,0.0707063499721698,0.0441851310315541,0.0,0.0,0.0,0.0,0.0,0.0,0.0
GOAL_AWARE_FINAL_PROJECTION,4,2,0.0,0.0,0.0068395554685948,0.0,0.0015972670555113,0.0,0.2168996299870223,2.8922194355388813,1.7269713287548527,0.0467322765164825,46.7322765164825,792.2730985650178,0.5849391753334041,1.5431430965810329,0.1748861210071481,0.0439328530337661,0.0931897250120528,0.0104941430035978,1.0,0.0,2.95892349463266,2.958923578262329,0.0
NORMALIZED_POV_L1,4,2,0.0,0.0,0.0092629213244836,0.0,0.0,0.0,0.2448534522710568,2.0415934571832994,1.3261425458165157,0.0126128679697509,12.612867969750972,308.19683302485413,1.127110472046271,2.6358300838521416,1.0616634690086355,0.0502486079931259,0.930108793952968,0.1046362650813534,7.0,0.0,28.118738304516015,5.670175552368164,0.0
DAMPED_POV_L05,4,2,0.0,0.0,0.005977885086517,0.0,0.0354041275024412,0.1170229911804199,0.156382040840339,2.948384618108323,1.633295054486536,0.0302602752074947,30.26027520749477,1727.7563038447945,0.3862470122422158,1.100434983854848,1.2370773139991798,0.0497909058467485,1.106056796037592,0.1193834280711598,7.0,0.0,25.56996597727013,1.9509117603302,0.0
DAMPED_POV_L025,4,2,0.0,0.0,0.0023670394696235,0.0,0.0874640163421629,0.2691459655761719,0.187278604355414,3.169661474868917,1.6202981522214004,0.0267580210443474,26.75802104434741,2207.4502113209546,0.2116907651880383,0.7396848900629861,1.1540192830143496,0.0497366639901883,1.021383500949014,0.1128693599021062,7.0,0.0,26.892899141833094,1.0377185344696045,0.0
PLAIN_FM,4,3,1.0,0.0,-0.0028637871023844,0.0,0.1975323375701903,0.5185914039611816,0.2473985723828354,3.496557900060944,1.607074175484205,0.0343680638713004,34.36806387130039,6936.664238854556,0.0728704692297503,0.509936273497224,0.0711130609852261,0.0447939369478262,0.0,0.0,0.0,0.0,0.0,0.0,0.0
GOAL_AWARE_FINAL_PROJECTION,4,3,0.0,0.0,0.0259510394355594,0.0,0.0,0.0,0.2123629194234901,2.67434944893633,1.6567996843630093,0.0343932191010141,34.39321910101418,568.7746978499566,0.6688516976491521,1.7148436012374002,0.1745561130228452,0.0436305570183321,0.0934232309809885,0.0105894050211645,1.0,0.0,3.311163534269784,3.311163663864136,0.0
NORMALIZED_POV_L1,4,3,0.0,0.0,0.0617383316448956,0.0,0.0,0.0,0.1993375141041428,2.306128590708452,1.507343349363964,0.0246058269892981,24.60582698929814,481.45346382604816,0.9580230511804524,2.2947107863199623,1.5148094319738448,0.0508389719761908,1.382271540001966,0.1465808829525485,7.0,0.0,26.13263194730016,4.792369365692139,0.0
DAMPED_POV_L05,4,3,0.0,0.0,0.0116922252812382,0.0,0.0,0.0,0.1716458549849115,2.871687704105745,1.5955674914140516,0.0245555925100068,24.55559251000689,1835.799164244606,0.460438711037658,1.215724371695203,1.3297104049706832,0.0495121080311946,1.1988443279406056,0.1280127001227811,7.0,0.0,23.93980566308309,2.2655162811279297,0.0
DAMPED_POV_L025,4,3,0.0,0.0,0.0092959129095888,0.0,0.0964401778221129,0.0,0.2085715117837893,3.15862586570691,1.5997000055837118,0.025775852864028,25.77585286402806,3510.3504811751395,0.2362515469775159,0.7774465799935562,1.3300535849994048,0.0494677469832822,1.1991230380372144,0.1268830330227501,7.0,0.0,24.552912639701034,1.1035020351409912,0.0
PLAIN_FM,4,4,1.0,0.0,-0.0205059368598213,0.0,0.1410989579200743,0.6216716766357422,0.2713204905122053,3.412003652541421,1.6148177801150436,0.0362095075791826,36.20950757918269,6175.889299285321,0.0963948054263322,0.505238761178439,0.0709573369822464,0.0445507789263501,0.0,0.0,0.0,0.0,0.0,0.0,0.0
GOAL_AWARE_FINAL_PROJECTION,4,4,0.0,0.0,0.0220918981534657,0.0,0.0,0.0,0.2024611812343823,2.679537354351488,1.6539520407771569,0.037710772629473,37.71077262947304,665.3712678786061,0.69292485776757,1.8034036103122733,0.1742406340199522,0.0433638890390284,0.0932136759511195,0.0105982050299644,1.0,0.0,3.331314522272681,3.3313145637512207,0.0
NORMALIZED_POV_L1,4,4,0.0,0.0,0.0196597249044383,0.0,0.0,0.0,0.3615806242723858,2.2452562760808985,1.4252515953633087,0.0294908357589325,29.490835758932576,552.1953751162656,1.2314220419124178,3.0363088490766628,1.5203805479686707,0.0495851418818347,1.389066263043787,0.1519176038564182,7.0,0.0,30.26224043555574,6.063605308532715,0.0
DAMPED_POV_L05,4,4,0.0,0.0,0.0088506856198314,0.0,0.0255777057647703,0.0,0.1885523515402801,2.786471797233889,1.5802168309286222,0.0269430947303083,26.943094730308395,2121.456864865936,0.4846466377542643,1.2783678609505011,1.2415896619786508,0.0493430538917891,1.1106966579682194,0.1211260240525007,7.0,0.0,27.81469906312129,2.2147974967956543,0.0
DAMPED_POV_L025,4,4,1.0,0.0,-0.0034892536254402,0.0,0.0783120211601255,0.0,0.2274469723085855,3.121163659802284,1.617431358971931,0.0300873769677402,30.087376967740276,3600.471947803357,0.2507933037431227,0.8023842849150413,1.24119678203715,0.0493175440351478,1.1101445810636503,0.12052457901882,7.0,0.0,27.21835239339384,1.0022854804992676,0.0
PLAIN_FM,4,5,1.0,0.0,-0.00695807009713,0.0,0.2063183602333067,0.2059590816497802,0.2329517085289863,3.509277021784588,1.6023004641666192,0.0426502699710978,42.65026997109783,8828.829801676777,0.0935510354140389,0.4978454000867325,0.0705266949953511,0.0441914778784848,0.0,0.0,0.0,0.0,0.0,0.0,0.0
GOAL_AWARE_FINAL_PROJECTION,4,5,0.0,0.0,0.0332308957211669,0.0,0.0,0.0,0.2025534071396804,2.6606528125819926,1.6457962265758783,0.0336902588172559,33.690258817255945,596.7473518270872,0.6723401202906509,1.7177580821992862,0.1737274010083638,0.0432708249427378,0.0929246779996901,0.010560205031652,1.0,0.0,3.442962389631628,3.442962408065796,0.0
NORMALIZED_POV_L1,4,5,0.0,0.0,0.0560966969591557,0.0,0.0,0.0,0.1543166869394279,2.3930227745060884,1.4947421381846502,0.0277171463437237,27.7171463437238,512.7272393469051,0.8709084182012741,2.0893330408139628,1.5206569249858148,0.0495644290349446,1.3892339650774377,0.1486711179604753,7.0,0.0,25.750159674773265,4.457357883453369,0.0
DAMPED_POV_L05,4,5,0.0,0.0,0.0099697662503772,0.0,0.0421251472473143,0.0,0.159718652148375,2.929078307581769,1.5981958280787738,0.0289122556811126,28.912255681112608,2341.244706620349,0.3978636253093334,1.13252878317114,1.5162036700057795,0.0492968430044129,1.3853002820396796,0.146422891120892,7.0,0.0,24.2449007426642,2.0589420795440674,0.0
DAMPED_POV_L025,4,5,0.0,0.0,0.0070046099955942,0.0,0.1088418182373045,0.0,0.2075181296487762,3.1194238799907827,1.5821029727952955,0.0303410703165027,30.34107031650279,4760.250215897143,0.2413811310288137,0.8055297044504686,1.3341071909526363,0.0499108479707501,1.202492687036283,0.1274054849054664,7.0,0.0,26.541844640925543,1.240659236907959,0.0
PLAIN_FM,4,6,1.0,0.0,-0.0012662675417094,0.0,0.1622940715789793,2.290470600128174,0.2171198810229202,3.5033985456359376,1.6434782903575036,0.0362070517719278,36.2070517719278,7286.543891116176,0.0804457086535858,0.4744546672852493,0.0802173769916407,0.0503280780394561,0.0,0.0,0.0,0.0,0.0,0.0,0.0
GOAL_AWARE_FINAL_PROJECTION,4,6,0.0,0.0,0.0326401974393997,0.0,0.0002993759155272,0.0,0.0469943259575426,2.8533416803559355,1.7182966269406117,0.0497795870572593,49.77958705725936,875.9073108634828,0.5720781051838442,1.4903369411014655,0.2667904439731501,0.0442615309730172,0.1833822120097465,0.0181466530193574,1.0,0.0,2.878529256910736,2.8785293102264404,0.0
NORMALIZED_POV_L1,4,6,0.0,0.0,0.0051117216787771,0.0,0.0,0.0,0.2411496631055701,1.8676207526737625,1.4568033826078295,0.0118340166192992,11.83401661929924,319.8165155205518,1.1999843655672402,2.8537792391663555,1.3396635350072756,0.0510921880486421,1.2069291808875278,0.1303761728922836,7.0,0.0,27.375599814574247,6.004541397094727,0.0
DAMPED_POV_L05,4,6,0.0,0.0,0.0174256172737505,0.0,0.0183047470092772,0.5689692497253418,0.1667363115949821,2.850674333922864,1.600807240875267,0.0291813898814389,29.181389881438992,2850.079106575096,0.4672488557541656,1.2302096087415824,1.5204565309686586,0.0510838190093636,1.3876146739930846,0.1473056369577534,7.0,0.0,25.07469090600673,2.286784648895264,0.0
DAMPED_POV_L025,4,6,0.0,0.0,0.0134594567450216,0.0,0.0786374625205992,1.464064121246338,0.1859435376957951,3.178654132917205,1.6212034320099016,0.0311534562298606,31.15345622986061,4598.210180763969,0.2361487051730381,0.7598860271257712,1.3403685750090517,0.0504558210377581,1.207649561110884,0.1306209100293927,7.0,0.0,24.79919810062175,1.098306655883789,0.0
PLAIN_FM,4,7,1.0,0.0,-0.0133593837238309,0.0,0.1756536331415175,0.5966496467590332,0.2536525358919743,3.5127044904321023,1.6029505468902652,0.0359023180094543,35.90231800945438,6418.824896274075,0.0728860394583439,0.4827561552140545,0.070933345996309,0.0445359679870307,0.0,0.0,0.0,0.0,0.0,0.0,0.0
GOAL_AWARE_FINAL_PROJECTION,4,7,1.0,0.0,-0.0106979257820573,0.0,0.0038848933219908,0.0,0.2126358762395847,2.9130419697080447,1.7570831925890722,0.0489789124267427,48.97891242674275,854.2093795212176,0.584900743488304,1.5706824872706353,0.1761454039951786,0.0435249839792959,0.0948348990059457,0.0107266289996914,1.0,0.0,2.9404716842908467,2.940471649169922,0.0
NORMALIZED_POV_L1,4,7,0.0,0.0,0.0518114854509038,0.0,0.0,0.0,0.1975360314293841,2.3045908902025807,1.4403155774422804,0.0212208703677771,21.220870367777174,452.9757975634832,0.8829530189205539,2.1839786923611664,1.613483333028853,0.0495952199562452,1.4818470948957838,0.1557481120689772,7.0,0.0,26.5487367595963,4.476000308990479,0.0
DAMPED_POV_L05,4,7,1.0,0.0,-2.559640445731759e-05,0.0,0.0,0.0,0.1887947457470478,2.9199532806573605,1.6082475831746226,0.0315471701382146,31.547170138214632,2679.8813529783,0.4211630632158419,1.1382102732914494,1.6154610340017823,0.0492163230082951,1.4842138970270753,0.1576705519692041,7.0,0.0,27.12628528985905,2.063469171524048,0.0
DAMPED_POV_L025,4,7,0.0,0.0,0.0016784116565766,0.0,0.0099316355228422,0.0,0.2212592398002523,3.153473185259197,1.5981352285380557,0.0289269066280336,28.92690662803367,3764.5223393437295,0.2408226202306665,0.7734777332257288,1.6178984280559234,0.0494732881197705,1.4861586989136413,0.1558668257785029,7.0,0.0,25.960365285224547,1.136167049407959,0.0
PLAIN_FM,4,8,1.0,0.0,-0.0197700037134654,0.0,0.1820157584190367,0.7207465171813965,0.2247997769317011,3.5533133105436923,1.670879079572982,0.0390319700378613,39.0319700378613,7586.8748075207395,0.152100352222659,0.4083809684674512,0.0709274559631012,0.0443313860450871,0.0,0.0,0.0,0.0,0.0,0.0,0.0
GOAL_AWARE_FINAL_PROJECTION,4,8,0.0,0.0,0.0436738991225043,0.0,0.0,0.0,0.221870496069303,2.7172238543969405,1.6549912250127068,0.0327889429796862,32.78894297968622,563.2834839022966,0.6033238563584458,1.5620715228830842,0.1748804019880481,0.0434560601133853,0.0935781759908422,0.0106303970096632,1.0,0.0,3.28186361698752,3.2818636894226074,0.0
NORMALIZED_POV_L1,4,8,0.0,0.0,0.0454842261579736,0.0,0.0016288575172422,0.0,0.1728964990181457,2.8024973296339866,1.5574335678414744,0.0432099761294468,43.20997612944686,729.7772807138892,0.770566938861338,1.8298425653537556,1.61161056405399,0.0491667720489203,1.4805961140664294,0.158011453168001,7.0,0.0,26.987274603230063,4.118911743164063,0.0
DAMPED_POV_L05,4,8,0.0,0.0,0.0125133632041078,0.0,0.0162764009475706,0.0,0.1884313933711263,2.774083910154641,1.5871573867583342,0.0239517271075294,23.951727107529464,2001.56478019059,0.4723821030101823,1.3091403450763228,1.5210080670076422,0.0491784899495542,1.3901875209994614,0.1480837540584616,7.0,0.0,30.337330118857125,2.6478872299194336,0.0
DAMPED_POV_L025,4,8,0.0,0.0,0.0044885088528951,0.0,0.0996182974815367,0.1325857639312744,0.2129813429279088,3.1482600148042303,1.6259831041699335,0.0289864381307993,28.986438130799375,4283.987235350211,0.2234302382390666,0.7400744759922699,1.5284377500065602,0.0496386719751171,1.3969417791813612,0.1537647610530257,7.0,0.0,31.70493759159173,1.272342085838318,0.0
PLAIN_FM,4,9,0.0,0.0,0.0119782336753024,0.0,0.1776295271158217,0.1498591899871826,0.1904962705899382,3.5567153758534653,1.6199362086160325,0.028181763094097,28.18176309409705,3859.0828974189217,0.1255345982981668,0.4205641575711306,0.070687839994207,0.0444781380356289,0.0,0.0,0.0,0.0,0.0,0.0,0.0
GOAL_AWARE_FINAL_PROJECTION,4,9,0.0,0.0,0.0328938806935771,0.0,0.0032000359535215,0.0,0.2233992190885323,2.8923228397621843,1.6902201224438418,0.0446170004479208,44.61700044792086,740.5207317153148,0.5620800099607622,1.4799846591535133,0.1743289269506931,0.0432350660557858,0.0934985830099321,0.0106561970314942,1.0,0.0,2.967467321018379,2.9674673080444336,0.0
NORMALIZED_POV_L1,4,9,0.0,0.0,0.0180950935354221,0.0,0.0,0.0,0.1021842072405626,2.75027534171326,1.7037145462841476,0.0506098987453173,50.60989874531737,972.0130310878636,0.6386141008814338,1.664261744298909,1.4302327249897644,0.0503396610147319,1.298515156027861,0.1414778887992724,7.0,0.0,26.715572211083536,3.35975980758667,0.0
DAMPED_POV_L05,4,9,0.0,0.0,0.0265508161634263,0.0,0.0541855510711668,0.0,0.1292458114205198,3.026828665900617,1.6206855196658616,0.0289802273516173,28.980227351617387,1123.7467582475929,0.3622288877369971,1.0164166417754594,1.4350515300175175,0.0495959830004721,1.3035823189420626,0.1425362392328679,7.0,0.0,25.72504956783605,1.9318161010742188,0.0
DAMPED_POV_L025,4,9,0.0,0.0,0.0242704477509718,0.0,0.1021652039527891,0.0,0.1609128354399085,3.246701716315473,1.610206457752135,0.0249135412826818,24.913541282681837,1911.9604215869613,0.2030010132560735,0.6711942736546216,1.3428173690335825,0.0503354200627654,1.2105284138815475,0.1346554949996061,7.0,0.0,27.05006612531451,1.0448249578475952,0.0
PLAIN_FM,4,10,1.0,0.0,-0.0007048311141902,0.0,0.1687173661231993,1.67649507522583,0.2088648540191342,3.540582306571953,1.631516928548048,0.0298299655527325,29.829965552732546,4228.140639621164,0.1222641936155345,0.4889627393925314,0.0694403469678945,0.0438147999811917,0.0,0.0,0.0,0.0,0.0,0.0,0.0
GOAL_AWARE_FINAL_PROJECTION,4,10,0.0,0.0,0.033393985429115,0.0,0.0044961389541624,0.0,0.2129198682801993,2.916002452504471,1.7077610296620482,0.0467657403326385,46.76574033263853,769.9723560043507,0.5652453779039213,1.503500414345354,0.1770519580459222,0.0440120249404571,0.094083659001626,0.0110254869796335,1.0,0.0,3.003901875403967,3.003901958465576,0.0
NORMALIZED_POV_L1,4,10,0.0,0.0,0.0565530962759372,0.0,0.0,0.0,0.1686836542976605,2.2867365941188,1.458650823472471,0.023822750805221,23.822750805221077,393.29779388841,0.91136803925135,2.2032944724396843,1.3383361530140974,0.0507951409672386,1.205884336028248,0.1310687208897434,7.0,0.0,28.95958972144716,4.830028533935547,0.0
DAMPED_POV_L05,4,10,0.0,0.0,0.0236414523487972,0.0,0.0302781280517576,0.0,0.1537206777553587,2.8677628768059877,1.5909479039637056,0.0256311734459662,25.631173445966283,1840.2905814150447,0.438404948084295,1.207731016849868,1.1562663950026035,0.0506589991273358,1.0242114479187876,0.1103494629496708,7.0,0.0,28.11325323265221,2.397627592086792,0.0
DAMPED_POV_L025,4,10,0.0,0.0,0.0118762562075905,0.0,0.0925146159172056,0.6637465953826904,0.1747890408242806,3.241031170722539,1.6316665138664324,0.026968283479678,26.968283479678053,2722.4663655794675,0.1901979734336064,0.7081606654693834,1.1534259809996,0.0504063619300723,1.0197975119226612,0.1098361180047504,7.0,0.0,27.29088585415848,1.071582913398743,0.0
PLAIN_FM,4,11,1.0,0.0,-0.0085024058985718,0.0,0.2853648480415343,0.0,0.2148812466541878,3.487864136245995,1.6324932555318126,0.0363721210931394,36.37212109313948,7956.715440154766,0.0999092018772581,0.5111815729049254,0.0709152859635651,0.0445989299914799,0.0,0.0,0.0,0.0,0.0,0.0,0.0
GOAL_AWARE_FINAL_PROJECTION,4,11,0.0,0.0,0.0300325226367971,0.0,0.0,0.0,0.2013273282104064,2.761630432958792,1.6725016174838387,0.0401569290940791,40.156929094079125,684.8180943831314,0.6260858759029151,1.6442491191088286,0.1746522050234489,0.0437001790851354,0.0933947709854692,0.0104799430118873,1.0,0.0,3.1254556672632847,3.125455617904663,0.0
NORMALIZED_POV_L1,4,11,0.0,0.0,0.0368303283215493,0.0,0.0,0.0,0.251900151210912,2.0994750100349107,1.3118822005793025,0.0209729630510489,20.972963051048957,474.2900449161758,1.009793882553348,2.419484449930325,1.6122593230102211,0.0506281451089307,1.4799501699744724,0.1590337369707413,7.0,0.0,25.513646311649847,5.134959697723389,0.0
DAMPED_POV_L05,4,11,0.0,0.0,0.0138058942493656,0.0,0.1043875631332396,0.0,0.1661842028495032,2.878239057359052,1.5994087522619065,0.0299569639893871,29.956963989387187,2896.3475699037954,0.4300557828769286,1.1952699545086152,1.251059492002241,0.0502059569698758,1.119194849045016,0.1242190740304067,7.0,0.0,27.77929794879034,2.142318725585937,0.0
DAMPED_POV_L025,4,11,0.0,0.0,0.0101795577256554,0.0,0.1886184629440306,0.0,0.1945472734716479,3.1089654306952146,1.6061335961165657,0.0292416411361632,29.241641136163288,4740.318799082238,0.2518044542813057,0.8282481006076363,1.1543725759838708,0.0495270208921283,1.0233565549715422,0.1132791389245539,7.0,0.0,27.88855249051977,1.2191157341003418,0.0
PLAIN_FM,4,12,1.0,0.0,-0.0054234430051169,0.0,0.1492212083578108,1.4456820487976074,0.1934205278201494,3.5238948445478644,1.6692448242880862,0.0361745699762187,36.17456997621871,6974.137483501203,0.1041755011612876,0.4508433025433145,0.070577297010459,0.044211292930413,0.0,0.0,0.0,0.0,0.0,0.0,0.0
GOAL_AWARE_FINAL_PROJECTION,4,12,0.0,0.0,0.0337140788653252,0.0,0.001731079483032,0.0,0.2072283327328276,2.774976713538,1.695968459166992,0.0400332372768325,40.03323727683254,661.561507395643,0.6078215538213302,1.5829513651106013,0.1739800980431027,0.0433274079114198,0.093051292002201,0.0105319939902983,1.0,0.0,3.096397371572257,3.0963971614837646,0.0
NORMALIZED_POV_L1,4,12,0.0,0.0,0.0147073222636742,0.0,0.0,0.0,0.124318425969679,2.7986183526786923,1.691497381774847,0.0462485703956279,46.24857039562799,784.0156374613036,0.653231847050181,1.6149260193369457,1.335694905021228,0.0494590169400908,1.2044390289811415,0.1294915789621882,7.0,0.0,23.6778164950334,3.3331072330474854,0.0
DAMPED_POV_L05,4,12,0.0,0.0,0.017890628230761,0.0,0.0141663965225218,0.0122737884521484,0.1440452917585011,2.978500025958704,1.644135516584266,0.0289255694261517,28.92556942615177,2114.767322305304,0.3863195045203918,1.0842153812952051,1.3325910940184258,0.0493715651100501,1.2016235459013842,0.1292023740243166,7.0,0.0,23.21421341435977,1.9900689125061035,0.0
DAMPED_POV_L025,4,12,0.0,0.0,0.0115024574840331,0.0,0.0681924935817717,0.5542945861816406,0.1691182460324966,3.206189281660888,1.653030855924755,0.028544007957674,28.544007957674086,3797.362898996176,0.2137116458493073,0.7310191334770028,1.2465620260336436,0.0492985739838331,1.115339100942947,0.1196548651205375,7.0,0.0,24.55057279256588,1.0580629110336304,0.0
PLAIN_FM,4,13,1.0,0.0,-0.0095342889638082,0.0,0.2565500256061552,1.940966844558716,0.2260345793355286,3.4861034623674576,1.624299959826255,0.0369363572010845,36.93635720108451,7474.086284551267,0.0913977965782875,0.4653985533017774,0.070912375987973,0.0443447939469479,0.0,0.0,0.0,0.0,0.0,0.0,0.0
GOAL_AWARE_FINAL_PROJECTION,4,13,0.0,0.0,0.0290767921594131,0.0,0.0,0.0,0.2015198540621257,2.7919815241432806,1.6796911879209886,0.0411341843517189,41.13418435171896,688.3586607204882,0.6250273911702892,1.6016492524950552,0.1746870460337959,0.0434470030013471,0.0933522200211882,0.0104700319934636,1.0,0.0,3.1039700907253143,3.103970050811768,0.0
NORMALIZED_POV_L1,4,13,0.0,0.0,0.0474613679724457,0.0,0.0,0.0,0.1629133538616005,2.6109058154154403,1.5890651473279498,0.0369412273737254,36.94122737372546,575.1960349006935,0.7438430564832242,1.85048489153874,1.4369988330290653,0.0498145468882285,1.3047680319286885,0.1404565669363364,7.0,0.0,21.745053285491387,3.708324193954468,0.0
DAMPED_POV_L05,4,13,0.0,0.0,0.0152631759830722,0.0,0.0722403940200804,0.0,0.1952765290926973,2.821106880457436,1.561848121998456,0.0269876247991742,26.987624799174284,2565.725853750019,0.4710188501780727,1.243212088322158,1.5189066550228745,0.0492352199507877,1.3877330009709112,0.1475243508466519,7.0,0.0,26.222253214966923,2.3232686519622803,0.0
DAMPED_POV_L025,4,13,0.0,0.0,0.0011385369326637,0.0,0.1725606736183165,0.4645001888275146,0.1963770227758696,3.1876158802027934,1.619333715296029,0.0307835135943715,30.783513594371545,4469.695399034808,0.2192441528255934,0.7425435575684401,1.4326416790136136,0.0496535111451521,1.3007512669428252,0.138308668974787,7.0,0.0,25.011417033930805,1.0302671194076538,0.0
PLAIN_FM,4,14,1.0,0.0,-0.006653150713833,0.0,0.0889590498447416,0.0,0.2090834066677798,3.47239093790961,1.6325987675404765,0.0272095567732988,27.20955677329881,4602.858406126669,0.0933132879985353,0.4715965539667289,0.0708261139807291,0.0443501459667459,0.0,0.0,0.0,0.0,0.0,0.0,0.0
GOAL_AWARE_FINAL_PROJECTION,4,14,0.0,0.0,0.0327326408403554,0.0,0.0016258772850035,0.0,0.2115872237493637,2.79498456265794,1.6669861496138352,0.0410222680947865,41.02226809478654,720.1655021714131,0.6161902909160374,1.5936930821376545,0.1745508929598145,0.043413660954684,0.0933273590053431,0.0104577019810676,1.0,0.0,3.034904931653803,3.034904956817627,0.0
NORMALIZED_POV_L1,4,14,0.0,0.0,0.0520600905072339,0.0,0.0,0.0,0.1618421342571907,2.480119035423489,1.585425230544119,0.0327256190863279,32.72561908632798,525.2796972133323,0.7849212465398814,1.9764274689843817,1.2436437609721906,0.0495083289570175,1.1124920758302324,0.1193721680901944,7.0,0.0,24.195030304492832,3.8970654010772714,0.0
DAMPED_POV_L05,4,14,0.0,0.0,0.0132871173281582,0.0,0.0007851537704466,0.0,0.1415302826859952,2.9748480779775224,1.6402408499125094,0.0291295205007431,29.12952050074319,1725.413401364906,0.3813040619705157,1.0877228683496794,1.05898942402564,0.0491749710636213,0.928294251963962,0.101385939924512,7.0,0.0,24.93662327223962,1.8466806411743164,0.0
DAMPED_POV_L025,4,14,0.0,0.0,0.0054954445907428,0.0,0.0155758973598478,0.0,0.1772933623371953,3.1765755123162283,1.6275357577850362,0.0242927078450012,24.292707845001203,2474.7444157200093,0.2263596348773552,0.7562320187621712,1.062438903958537,0.0491174689959734,0.9315685760811904,0.1036453879787586,7.0,0.0,26.382865755839685,1.0286675691604614,0.0
PLAIN_FM,4,15,0.0,0.0,0.0058679037790875,0.0,0.1511948709487911,0.2288532257080078,0.2143932728773241,3.525025614784417,1.6094433440525258,0.0388191914509775,38.81919145097751,7010.686020104484,0.0999218777497288,0.4478541262801775,0.0707250709529034,0.0443361838697455,0.0,0.0,0.0,0.0,0.0,0.0,0.0
GOAL_AWARE_FINAL_PROJECTION,4,15,0.0,0.0,0.0376340403196418,0.0,0.0,0.0,0.2394102396909306,2.609042330812371,1.6588146909413355,0.0311437117419318,31.14371174193181,537.8927736045856,0.6911292656484894,1.7819626882139985,0.1743402979918755,0.043430168996565,0.0931744849658571,0.0104934229748323,1.0,0.0,3.565405157605617,3.5654051303863525,0.0
NORMALIZED_POV_L1,4,15,0.0,0.0,0.0435947681686934,0.0,0.0083498772621153,0.0,0.1561147245117255,2.7666815705284797,1.5793844242225128,0.0497705816015905,49.77058160159059,961.8533563465649,0.673523091724536,1.750530194960725,1.4231751229963263,0.0493115630815736,1.29209516197443,0.1363663969095796,7.0,0.0,26.528090788847408,3.5173609256744385,0.0
DAMPED_POV_L05,4,15,0.0,0.0,0.0200051704990895,0.0,0.0150723871231077,0.0,0.152974726871146,2.923629177003927,1.6072933345592186,0.031718635180207,31.71863518020706,2505.368316761431,0.4025134340886717,1.1336915838391988,1.2453704659710638,0.0493864269810728,1.114028517040424,0.1197002560948021,7.0,0.0,27.2948186076228,2.108170986175537,0.0
DAMPED_POV_L025,4,15,0.0,0.0,0.0197709236701932,0.0,0.0350797292232512,0.0,0.1847987928556008,3.17716423164051,1.595608394713426,0.0314519845895857,31.45198458958576,4117.118231022803,0.2166581210941513,0.7544913380963646,1.2444791320012882,0.0492570429923944,1.1134466810617596,0.1181453550234437,7.0,0.0,27.02903524664333,1.1317144632339478,0.0
PLAIN_FM,4,16,1.0,0.0,-0.0062880679890063,0.0,0.1540941115856169,1.0525178909301758,0.2217310294650331,3.510883057922713,1.6591294629634643,0.0364184296437544,36.418429643754415,6018.070257114639,0.0967399989688968,0.4182197686366873,0.0709589470061473,0.0444116870639845,0.0,0.0,0.0,0.0,0.0,0.0,0.0
GOAL_AWARE_FINAL_PROJECTION,4,16,0.0,0.0,0.0189392305072319,0.0,0.0044132884979246,0.0,0.2157790624675499,2.9245912428935465,1.7329820062491903,0.0480191298518375,48.01912985183756,799.7349402687122,0.5711343023049209,1.51913172609291,0.1748605920001864,0.0434986699838191,0.0935826159548014,0.0105293540400452,1.0,0.0,2.900376769856816,2.900376796722412,0.0
NORMALIZED_POV_L1,4,16,0.0,0.0,0.0385898253499466,0.0,0.0,0.0,0.3850156347090922,2.270966210139086,1.2587542481022616,0.022674765112725,22.67476511272505,409.5451610018813,0.977042049525578,2.346222026221737,1.5225474210456014,0.0494461269699968,1.391212401969824,0.1531609379453584,7.0,0.0,24.321048699171225,4.886661529541016,0.0
DAMPED_POV_L05,4,16,0.0,0.0,0.0099749570096994,0.0,0.0539992865562437,0.0,0.1687548416582675,2.974349688851029,1.625189164288726,0.031390239068945,31.390239068945057,2789.418416506356,0.4088569168161893,1.0726296442500285,1.5207060929969884,0.0495696020079776,1.389265951991547,0.1514603540417738,7.0,0.0,24.97062434089034,2.0124006271362305,0.0
DAMPED_POV_L025,4,16,0.0,0.0,0.0065174997137279,0.0,0.0912158307075499,0.0,0.1890554187946135,3.209189080481709,1.641416784154215,0.0317861363973646,31.786136397364658,4228.188592502302,0.2242905623068216,0.7044162183789515,1.5157445840304715,0.0493418230325914,1.38488722598413,0.1485137568670325,7.0,0.0,26.166877849833945,1.0393346548080444,0.0
PLAIN_FM,4,17,1.0,0.0,-0.0001383522462499,0.0,0.1922628399372099,0.1044583320617675,0.2366808828919589,3.4218937151943134,1.6116838324795717,0.035647085358428,35.64708535842802,7557.531864221447,0.0913285302713424,0.5619432456659931,0.0705524960067123,0.0440898060332983,0.0,0.0,0.0,0.0,0.0,0.0,0.0
GOAL_AWARE_FINAL_PROJECTION,4,17,0.0,0.0,0.0313945117655596,0.0,0.0,0.0,0.1978469564080722,2.745210425656936,1.6506585980542372,0.0411163822556843,41.11638225568439,714.7204218942175,0.6526020013109839,1.6980983728218817,0.1740548210218548,0.0432963968487456,0.0930998940020799,0.0104443720192648,1.0,0.0,3.0926914238018,3.092691421508789,0.0
NORMALIZED_POV_L1,4,17,0.0,0.0,0.0476059632956593,0.0,0.0,0.0,0.5074945355033115,1.9547533700342148,1.0271343122883234,0.0188546381599569,18.854638159956945,289.67038381142874,1.3984232801606955,3.357298461931828,1.798033281986136,0.0493494381080381,1.6667376160039566,0.1787240710109472,7.0,0.0,36.28419268145262,6.981681346893311,0.0
DAMPED_POV_L05,4,17,0.0,0.0,0.0080772853237365,0.0,0.0339214619636534,0.0,0.1840952256357824,2.8646342002209404,1.604505371156987,0.0321323334390385,32.13233343903854,3517.657951396613,0.4410134620137467,1.2027804977894518,1.7095958199934105,0.0495786640676669,1.5778887319029309,0.167689970054198,7.0,0.0,31.40675456832729,2.0113704204559326,0.0
DAMPED_POV_L025,4,17,0.0,0.0,0.008037900819779,0.0,0.1106937345504759,0.0,0.2033146904596481,3.124089951448461,1.6138294020386967,0.0327384873983256,32.738487398325695,5432.420356058237,0.2446173053461,0.827262712456598,1.5259749710094184,0.0494307949556969,1.3944388558738865,0.1494981830473989,7.0,0.0,30.462726561752323,1.0028057098388672,0.0
PLAIN_FM,4,18,1.0,0.0,-0.0003291817436836,0.0,0.2829562243461607,1.565392017364502,0.199804836319276,3.492767834294836,1.6634480173123496,0.0318821076857763,31.882107685776383,5671.542890573223,0.0862085609517719,0.4699040913810438,0.071764238004107,0.0448522479855455,0.0,0.0,0.0,0.0,0.0,0.0,0.0
GOAL_AWARE_FINAL_PROJECTION,4,18,0.0,0.0,0.0336129546804221,0.0,0.0,0.0,0.2192208934932352,2.734625143857963,1.6676106263351265,0.0382212091289494,38.22120912894948,648.0353474588935,0.6334368413908953,1.643111000609101,0.1752783029805869,0.0437866690335795,0.093543455004692,0.0104806330054998,1.0,0.0,3.118112590568032,3.118112564086914,0.0
NORMALIZED_POV_L1,4,18,0.0,0.0,0.0205590812581797,0.0,0.0,0.0,0.30959540503448,1.9258294623990235,1.2609458973203382,0.0113513764177883,11.351376417788398,318.9383594357956,1.07765877258741,2.461265090626202,1.4341194300213829,0.0491676199017092,1.3029462439590134,0.1441126609570346,7.0,0.0,30.63965587543611,5.349987983703613,0.0
DAMPED_POV_L05,4,18,0.0,0.0,0.025169772468561,0.0,0.0603340682029722,0.0,0.1438361067783682,2.8303958503078204,1.5996961155359906,0.0248183047908031,24.818304790803182,1862.708945977405,0.4758186738163451,1.2491039407234026,1.5218732240027748,0.0494001160841435,1.3907359619624913,0.1500574741512537,7.0,0.0,29.812339549313435,2.301185131072998,0.0
DAMPED_POV_L025,4,18,0.0,0.0,0.0176156480680858,0.0,0.1613700505733488,0.3487539291381836,0.1698473593000453,3.1601563393140544,1.6352977464593408,0.0256102879623062,25.610287962306245,3080.354236014465,0.2436583988761528,0.7727906065441176,1.335994065972045,0.0492253800039179,1.2051030579023063,0.1318345218896865,7.0,0.0,27.81316077539312,1.097711443901062,0.0
PLAIN_FM,4,19,0.0,0.0,0.0146110002096985,0.0,0.1953096803665159,3.874410390853882,0.2515630804795656,3.45943028213541,1.555012574666658,0.0469170922976256,46.91709229762566,5535.521378160282,0.0893424905232922,0.5134540407340488,0.0705458560260012,0.0441563710919581,0.0,0.0,0.0,0.0,0.0,0.0,0.0
GOAL_AWARE_FINAL_PROJECTION,4,19,0.0,0.0,0.0158995314601086,0.0,0.0,0.0,0.2000160952365514,2.875887792433572,1.7013704223661743,0.0465848733425906,46.58487334259066,777.0180406409005,0.6139997330708318,1.5856695718264888,0.1741044020163826,0.0433310279622674,0.0931433649966493,0.0105911760474555,1.0,0.0,3.052474480904505,3.0524744987487797,0.0
NORMALIZED_POV_L1,4,19,0.0,0.0,0.038109811075455,0.0,0.0,0.0,0.1845220445109145,2.0494316417838148,1.425600871619296,0.0169643977189988,16.964397718998878,355.859378195611,1.0082538710204358,2.4422486548620888,1.3400548920035362,0.0497529939748346,1.2082773420843296,0.130741132015828,7.0,0.0,28.091013341420297,5.028635025024414,0.0
DAMPED_POV_L05,4,19,0.0,0.0,0.0125331478166885,0.0,0.0316216167449949,0.0,0.1827543849249137,2.8948168829075644,1.582420771001851,0.0346572662112419,34.65726621124199,2128.5564186374227,0.4216814008575705,1.1671764838624707,1.342791432980448,0.0507239199941977,1.2105829630745577,0.1331838260521181,7.0,0.0,29.17106483603733,2.0395641326904297,0.0
DAMPED_POV_L025,4,19,0.0,0.0,0.018146631716304,0.0,0.1201577600479124,1.169283390045166,0.2076608311967015,3.166203297266239,1.5718663586948327,0.0376527413440279,37.65274134402796,3329.5686423929765,0.2294610518872363,0.7791027354891098,1.2433084630174562,0.0496290030423551,1.112228071957361,0.1206552688963711,7.0,0.0,26.06258060363613,1.0403354167938232,0.0
PLAIN_FM,4,20,1.0,0.0,-0.0011614944150798,0.0,0.2463845279455183,1.196683645248413,0.2204872819907192,3.5103257954405382,1.6490607420977992,0.0359948449683473,35.994844968347344,5985.10596273875,0.0984587795526652,0.4252920922517594,0.0706693699466995,0.0442975710029713,0.0,0.0,0.0,0.0,0.0,0.0,0.0
GOAL_AWARE_FINAL_PROJECTION,4,20,0.0,0.0,0.0286785041531584,0.0,0.0017516430854795,0.0,0.2212760061179089,2.818894872927315,1.6852150576390892,0.041293343179274,41.29334317927407,695.449001570754,0.591774099975481,1.5561406622312406,0.1741072520380839,0.0433461100328713,0.093176755006425,0.0105497039621695,1.0,0.0,3.027388023094059,3.027388095855713,0.0
NORMALIZED_POV_L1,4,20,0.0,0.0,0.0217776676936517,0.0,0.0056834634780882,0.0,0.2177863360501919,2.679299851000971,1.5190306880224955,0.0447596274798607,44.75962747986076,792.0761845365207,0.7208609664637211,1.930717068641609,1.0570131849963218,0.0493421950377523,0.926534429192543,0.1004592560348101,7.0,0.0,27.33080455581417,3.724621772766113,0.0
DAMPED_POV_L05,4,20,0.0,0.0,0.0200821698288716,0.0,0.0600089248657225,0.0,0.1432175974931559,3.011617244671163,1.6359117482012435,0.0306159419075603,30.615941907560316,1837.663592790899,0.3675377500190147,1.030730634003786,1.0586561069940217,0.049529508978594,0.9281095990445464,0.1015446429955773,7.0,0.0,25.640680825407347,1.870649337768555,0.0
DAMPED_POV_L025,4,20,0.0,0.0,0.0129418280237206,0.0,0.1345725473403929,0.3165733814239502,0.1811840708131498,3.216678527938113,1.6336588431208203,0.0294013514381885,29.40135143818856,3277.5928402534178,0.2149886745622651,0.6941733038409761,0.9705489740008488,0.0495320010231807,0.8394736320478842,0.0920170850004069,7.0,0.0,25.756689247162917,1.0391156673431396,0.0
PLAIN_FM,4,21,1.0,0.0,-0.0016758354579521,0.0,0.2288641151428221,1.25801682472229,0.2280966016981667,3.5022489760983397,1.6242262027111325,0.0321552195078016,32.15521950780166,5977.285926716588,0.0923352073819503,0.4792163609866305,0.0706627800245769,0.044299132132437,0.0,0.0,0.0,0.0,0.0,0.0,0.0
GOAL_AWARE_FINAL_PROJECTION,4,21,0.0,0.0,0.0371106260707892,0.0,0.0,0.0,0.2312304914508199,2.76675667162708,1.6450849977007915,0.0360189876354561,36.01898763545614,585.9607048648096,0.6211450052930929,1.547947102916254,0.1743589990073815,0.0432669060537591,0.0935172340250574,0.0106033060001209,1.0,0.0,3.1469412137111687,3.1469411849975586,0.0
NORMALIZED_POV_L1,4,21,0.0,0.0,0.0568647821843201,0.0,0.0,0.0,0.1938420481696361,2.1946986011532736,1.44606018567543,0.0218810257069206,21.881025706920685,432.99137923187857,0.9631819689024488,2.375153813403232,1.245854371052701,0.0495136899990029,1.114616803068202,0.1209760280326008,7.0,0.0,27.01300534685356,4.944146156311035,0.0
DAMPED_POV_L05,4,21,0.0,0.0,0.0243805404999696,0.0,0.0453730043411253,0.0,0.1471202184890629,2.959914261110964,1.5994226161453853,0.0271480338102513,27.148033810251334,1589.0634807885288,0.3916782284986862,1.0694442865857443,1.2476712680072524,0.0496161410701461,1.116038092004601,0.1204534930293448,7.0,0.0,23.07205736374308,2.021911859512329,0.0
DAMPED_POV_L025,4,21,0.0,0.0,0.0152686346004851,0.0,0.1250785705089567,0.0760269165039062,0.1887619660738264,3.2069087577256967,1.6105910588057335,0.0267984751953092,26.798475195309265,3231.5299054459574,0.2031358653980506,0.7097891851521742,1.2442610189900734,0.049398215021938,1.1132664600154385,0.1201545579824596,7.0,0.0,24.22030888823631,1.0368170738220217,0.0
PLAIN_FM,4,22,1.0,0.0,-0.0046572045799885,0.0,0.1902970787525175,0.3629517555236816,0.1853644082608466,3.5530212612992536,1.6650424038851064,0.039245909706571,39.24590970657104,7920.957372293259,0.1304361685927955,0.4329527244832223,0.0705100450431928,0.0441615959862247,0.0,0.0,0.0,0.0,0.0,0.0,0.0
GOAL_AWARE_FINAL_PROJECTION,4,22,0.0,0.0,0.0462166595012391,0.0,0.0,0.0,0.2482122789182609,2.5971763083836645,1.6636839948104123,0.0281878650686236,28.187865068623605,499.0527803092818,0.6379686088767532,1.698778712473844,0.1742457060026936,0.0433836279553361,0.0932604470290243,0.0106153759988956,1.0,0.0,3.438524361090073,3.4385242462158203,0.0
NORMALIZED_POV_L1,4,22,0.0,0.0,0.0305294202611311,0.0,0.004685979747772,0.0,0.1581609630084081,2.79636393007728,1.5889555078991695,0.0450757272333543,45.07572723335437,773.2727774556303,0.6689728646470782,1.6717982695155622,1.7996787970187142,0.0493587360251694,1.668647275015246,0.1809366109082475,7.0,0.0,26.344379710661244,3.596252679824829,0.0
DAMPED_POV_L05,4,22,0.0,0.0,0.0257419542977344,0.0,0.0502415117263792,0.0,0.1522414701424538,2.826151849698829,1.587133187111297,0.0254639484824895,25.46394848248951,2212.3574710500698,0.4436066117579995,1.1893130622568333,1.7115090629667975,0.0497111539589241,1.5800543891382404,0.171689388109371,7.0,0.0,29.227325142043817,2.4499735832214355,0.0
DAMPED_POV_L025,4,22,0.0,0.0,0.0171943917872243,0.0,0.1128076132774351,0.0,0.1627197221412542,3.2160732257160585,1.64129615226261,0.029306882551804,29.30688255180404,3827.952484311072,0.1936732105933497,0.6956676160285611,1.7081497750477863,0.0505111229722388,1.575399169058073,0.1713895639986731,7.0,0.0,26.359009088182244,1.0981292724609375,0.0
PLAIN_FM,4,23,1.0,0.0,-0.0012591750883454,0.0,0.1515807327270506,2.02466368675232,0.2409142750609087,3.4635154287016494,1.6130359125051326,0.0344642649431031,34.464264943103124,5639.142235950246,0.0804823700276472,0.5168434642458452,0.0710866809822619,0.0447420760174281,0.0,0.0,0.0,0.0,0.0,0.0,0.0
GOAL_AWARE_FINAL_PROJECTION,4,23,0.0,0.0,0.0099180819717897,0.0,0.0,0.0,0.2072025147852818,2.8569853882766267,1.7172052812327132,0.0455193921815959,45.51939218159597,802.877467352732,0.6099846274650015,1.6068216630610406,0.1777663679677061,0.0446845260448753,0.0948099480010569,0.010663756984286,1.0,0.0,3.036506012608122,3.036506175994873,0.0
NORMALIZED_POV_L1,4,23,0.0,0.0,0.0517242311609107,0.0,0.0,0.0,0.1752774698928431,2.32406355435996,1.5278735135984531,0.0273334387499829,27.333438749982957,482.4673089568687,0.8945435764628035,2.202932403503881,1.5256813460146077,0.0507358420290984,1.3927874370710924,0.146658677898813,7.0,0.0,27.3578986553467,4.501026153564453,0.0
DAMPED_POV_L05,4,23,0.0,0.0,0.0132008354587073,0.0,0.0027568754196165,0.0,0.1794633427266738,2.8604502201738766,1.5989581081788218,0.0322551343642997,32.255134364299714,2703.9161096421576,0.4380524161524923,1.1971220105665967,1.3301469860016368,0.049141968076583,1.2000016458914615,0.1265037840348668,7.0,0.0,25.089343437682604,2.154924154281616,0.0
DAMPED_POV_L025,4,23,0.0,0.0,0.0114475227776577,0.0,0.0723229464530943,0.8964312076568604,0.2077427001437724,3.113257045100873,1.5968397902703724,0.0309679790471198,30.967979047119897,3900.06486552672,0.2470985336832801,0.8232716231446822,1.3321858390117995,0.0490826379973441,1.2018039938993752,0.1281507549574598,7.0,0.0,24.604847118127235,1.158287525177002,0.0
PLAIN_FM,4,24,1.0,0.0,-0.0208670926436542,0.0,0.2633486804008482,0.0,0.2023467102177746,3.472009161977143,1.6523326195685395,0.0324774413402682,32.47744134026828,5167.1814678700985,0.1080789910864681,0.4249811318284191,0.0709028859855607,0.044401174003724,0.0,0.0,0.0,0.0,0.0,0.0,0.0
GOAL_AWARE_FINAL_PROJECTION,4,24,0.0,0.0,0.0290419358725342,0.0,0.0037022050857542,0.0,0.2090343083095488,2.7655168738821896,1.664153011556755,0.0394139823449149,39.41398234491498,654.0644083215669,0.6146886212808469,1.5861286031858846,0.1742191050434485,0.0432490860694088,0.0932976290350779,0.0105138039798475,1.0,0.0,3.004642169445272,3.0046420097351074,0.0
NORMALIZED_POV_L1,4,24,0.0,0.0,0.0480001069433385,0.0,0.0,0.0,0.1853483673842525,2.253535040439969,1.533399773935237,0.0239045616471303,23.904561647130297,478.54300595974456,0.8904446718135786,2.20853395249464,1.3353816629969515,0.0492255819845013,1.204942248063162,0.1327870089444331,7.0,0.0,27.703798457884798,4.386271953582764,0.0
DAMPED_POV_L05,4,24,0.0,0.0,0.0069707122446124,0.0,0.0877203163146971,0.0,0.1423461734283148,2.967459035503222,1.644967518931526,0.0292527706927809,29.252770692780945,1716.9382776669934,0.3851485299579993,1.084152052385491,1.149583705002442,0.0490728579461574,1.019103589002043,0.111544054117985,7.0,0.0,24.53065976562512,1.87115490436554,0.0
DAMPED_POV_L025,4,24,0.0,0.0,0.0014829736104046,0.0,0.1578484591484068,0.0,0.1752294752363238,3.1354772691641317,1.6248064020482451,0.0261669983907909,26.16699839079095,2886.9078073819887,0.2481695649778636,0.7740957915871022,1.2401492829667404,0.049013146024663,1.1098357319715433,0.1187915119808167,7.0,0.0,25.36729899393702,1.098781704902649,0.0
PLAIN_FM,4,25,1.0,0.0,-0.0106937702507145,0.0,0.2304932590961455,0.4041683673858642,0.1985961463376055,3.536252681775852,1.6724888135464069,0.0304792194661042,30.479219466104293,4732.622331040564,0.1109167414820434,0.4354921140726216,0.0701308360439725,0.0438090919051319,0.0,0.0,0.0,0.0,0.0,0.0,0.0
GOAL_AWARE_FINAL_PROJECTION,4,25,0.0,0.0,0.0358929696946463,0.0,0.0035254773139952,0.0,0.2187649220696311,2.890643643620528,1.6890173363189644,0.0448452210604051,44.84522106040515,735.250955527657,0.56075467533985,1.482806572598066,0.1736029600142501,0.0429963010246865,0.0931265240069478,0.0104924729675985,1.0,0.0,2.8922640934751884,2.8922641277313232,0.0
NORMALIZED_POV_L1,4,25,0.0,0.0,0.0444995555537137,0.0,0.0,0.0,0.1717043196010778,2.3263666131293133,1.5139692587728006,0.024301784328867,24.30178432886705,411.2963919167185,0.8679640743369659,2.1424179046721497,1.2426138679729777,0.0489757739705964,1.1123758479952812,0.1213894640677608,7.0,0.0,25.1546194468288,4.43703556060791,0.0
DAMPED_POV_L05,4,25,0.0,0.0,0.0225103427849187,0.0,0.0639049824714659,0.0,0.1392202384499384,3.021727702910016,1.6406241787135565,0.0297198099433823,29.7198099433823,1724.3098735037047,0.3645304016378444,1.023330299352876,1.1484200450358912,0.0488334829569794,1.0185894760070369,0.1114639290026389,7.0,0.0,22.57680864699925,1.9020249843597408,0.0
DAMPED_POV_L025,4,25,0.0,0.0,0.0117069062927674,0.0,0.1290704425811766,0.0,0.1717634685230394,3.2138108003483974,1.6468685618630687,0.0259119497155218,25.911949715521857,2690.9710294869824,0.2077622984000111,0.6997381282591641,1.1486240610247478,0.0488802911131642,1.018358571047429,0.1109447571216151,7.0,0.0,24.653885519866595,1.0562318563461304,0.0
PLAIN_FM,4,26,1.0,0.0,-0.0095386867914585,0.0,0.169868480825424,0.0,0.254853303258109,3.460109479645126,1.6065559812325636,0.0310523242889509,31.05232428895098,5070.009247925536,0.0902514764818723,0.469816208149799,0.0701725270482711,0.0439036429161205,0.0,0.0,0.0,0.0,0.0,0.0,0.0
GOAL_AWARE_FINAL_PROJECTION,4,26,0.0,0.0,0.0276061325645461,0.0,0.0,0.0,0.2247144665288806,2.692441459814393,1.6686697296837192,0.0342643671066312,34.26436710663125,587.3563164821488,0.6550630040218186,1.6956697743603495,0.1737940639723092,0.0431213630945421,0.0930522529524751,0.0104770429898053,1.0,0.0,3.242237641407614,3.2422375679016118,0.0
NORMALIZED_POV_L1,4,26,0.0,0.0,0.020597950089344,0.0,0.007493060493469,0.0,0.2335258795016701,2.627070348581958,1.4944415055826494,0.042420965856517,42.420965856517,733.188680303748,0.7721152720765015,1.992843443066636,1.4296719080302864,0.0500040319166146,1.2979489680146798,0.1369138329173438,7.0,0.0,26.17305790423993,3.8558928966522217,0.0
DAMPED_POV_L05,4,26,0.0,0.0,0.004739292703436,0.0,0.0474511202812193,0.0,0.163950374301394,2.996126713613334,1.647624079198762,0.0304331081208654,30.433108120865427,2011.771192947336,0.3668163431617878,1.0571323169716984,1.241325294948183,0.0502222060458734,1.1098084810073487,0.1184644169989042,7.0,0.0,25.850003372403272,1.7763080596923828,0.0
DAMPED_POV_L025,4,26,0.0,0.0,0.0033176530070131,0.0,0.0913663324356077,0.0,0.2048666691819337,3.181996540671188,1.6167956432144903,0.0274443959229915,27.444395922991568,3119.5580691320306,0.2217945094828262,0.7401162455925416,1.3294404890039004,0.050133696058765,1.1980545409605838,0.1245404299115762,7.0,0.0,24.870497915261613,0.9985028505325316,0.0
PLAIN_FM,4,27,1.0,0.0,-0.0108076985148917,0.0,0.2203609165191649,0.6045889854431152,0.2059828371228668,3.504445394020117,1.6676680378506072,0.0366676853342299,36.66768533422995,6112.842600271345,0.1200247686328378,0.4580414582880049,0.0707089909701608,0.0443009538576006,0.0,0.0,0.0,0.0,0.0,0.0,0.0
GOAL_AWARE_FINAL_PROJECTION,4,27,0.0,0.0,0.0366878222818719,0.0,0.0,0.0,0.2421396427182933,2.559331088984674,1.660786871826513,0.0282764534141415,28.276453414141574,525.3355471861177,0.6942852781652861,1.8390562424469523,0.1740469509968534,0.0433977499487809,0.093024500994943,0.0105674950173124,1.0,0.0,3.6267672206209474,3.626767158508301,0.0
NORMALIZED_POV_L1,4,27,0.0,0.0,0.0451293870810639,0.0,0.0,0.0,0.1375058577616717,2.581065860480707,1.6072426075348536,0.036740579077204,36.74057907720408,625.7385351833414,0.7132602088936159,1.8056593960913208,1.521250282006804,0.0496879538986831,1.3900204559904523,0.1505631399923004,7.0,0.0,25.656994218455225,3.728927135467529,0.0
DAMPED_POV_L05,4,27,0.0,0.0,0.0211764357271002,0.0,0.0467060622215269,0.0,0.1454587104669112,2.9654343875352267,1.6312676274115436,0.0300427644359518,30.04276443595182,1777.2318844035524,0.372299103655467,1.0763092566368355,1.3382065459736625,0.0494676589732989,1.2072431170381606,0.1320494670071639,7.0,0.0,24.53436017864751,2.0197057723999023,0.0
DAMPED_POV_L025,4,27,0.0,0.0,0.0091756040837663,0.0,0.123484146261215,0.0,0.1739607129095953,3.213465303848289,1.6487821273624197,0.0303571516213874,30.357151621387427,3338.460569335168,0.1907247720396321,0.7109401458464634,1.426154877000954,0.0494810969685204,1.294853089028038,0.1392747858189977,7.0,0.0,25.3036517808138,1.0310505628585815,0.0
PLAIN_FM,4,28,1.0,0.0,-0.0071662500417764,0.0,0.1514186080932615,0.8612525463104248,0.2018190910956391,3.545308244137483,1.6363341153854072,0.0357770204031782,35.77702040317828,6417.397921015046,0.1250240168125628,0.4501217653455475,0.0706535990466363,0.0442253920482471,0.0,0.0,0.0,0.0,0.0,0.0,0.0
GOAL_AWARE_FINAL_PROJECTION,4,28,0.0,0.0,0.0479046621963243,0.0,0.0019313510894773,0.0,0.2273826579818286,2.6719651373087654,1.5925487850091848,0.0307633090116287,30.763309011628703,542.8031210143582,0.6234764601506276,1.6004017946055522,0.1743287880090065,0.0433042990043759,0.0933444990077987,0.0106883480329997,1.0,0.0,3.2042556725905955,3.2042555809021,0.0
NORMALIZED_POV_L1,4,28,0.0,0.0,0.0389057656667942,0.0,0.0,0.0,0.1990553988201409,2.4415067997326045,1.528704692447164,0.0375454207913378,37.54542079133784,695.8680789857856,0.8185264005196095,2.122287946239714,1.9823116550105624,0.0495824499521404,1.8503544619889,0.1966901789419353,7.0,0.0,30.36055127072253,4.216558456420898,0.0
DAMPED_POV_L05,4,28,0.0,0.0,0.0156459881975389,0.0,0.0547947105407713,0.0,0.1450865412017035,3.001743198142228,1.6296258548750402,0.0316786284199247,31.67862841992475,2417.595077423668,0.3738002860329033,1.065453063413874,1.5280827110400423,0.0494967079721391,1.3964733149623498,0.1511134338798001,7.0,0.0,25.74494314028706,1.9177533388137815,0.0
DAMPED_POV_L025,4,28,0.0,0.0,0.0105898875736658,0.0,0.0802262243270872,0.0,0.170539884541869,3.2436695106430005,1.6219221916455204,0.029914921601052,29.91492160105203,3658.122883407322,0.2179666059281059,0.7064615562999983,1.6201293969643302,0.0494863200583495,1.4882963169948198,0.159148795006331,7.0,0.0,25.14205430244373,1.032765507698059,0.0
PLAIN_FM,4,29,1.0,0.0,-0.0073988287696328,0.0,0.4008393105506895,1.552758812904358,0.2805520865656443,3.382386705642702,1.567841736248971,0.0525010160752604,52.50101607526049,12238.643431250988,0.1090691420532401,0.4989885595356139,0.0707651519915089,0.0442446609959006,0.0,0.0,0.0,0.0,0.0,0.0,0.0
GOAL_AWARE_FINAL_PROJECTION,4,29,0.0,0.0,0.0264511022202853,0.0,0.0,0.0,0.207014382211671,2.777538371610902,1.661653692098079,0.041786709898618,41.78670989861804,703.3784742132343,0.6594383294737692,1.68889748382999,0.1747742900042794,0.0434527200413867,0.0935456160223111,0.0105873660068027,1.0,0.0,3.0952854756771697,3.095285415649414,0.0
NORMALIZED_POV_L1,4,29,0.0,0.0,0.0150086092196333,0.0,0.0,0.0,0.2427876917634289,2.6505412857037403,1.6308310574653588,0.0438581929933236,43.85819299332368,828.0425225874757,0.8638729866835868,2.154426533627277,1.9858155269757845,0.0494017370510846,1.8542426209896803,0.2003158231382258,7.0,0.0,22.84219727875938,4.135319709777832,0.0
DAMPED_POV_L05,4,29,0.0,0.0,0.0125599222116289,0.0,0.1187445339202879,0.0,0.2195728971655702,2.7134218154847805,1.526679790683789,0.0335466573876297,33.54665738762975,5146.7144588374,0.5186840541627764,1.342453276789373,1.7086042909650132,0.0492750339908525,1.5771856979699803,0.1674933079630136,7.0,0.0,21.967387485679883,2.301161289215088,0.0
DAMPED_POV_L025,4,29,0.0,0.0,0.0053511333468638,0.0,0.2578447875022887,0.2378430962562561,0.2403941171819275,3.0470347761664662,1.5513413208457951,0.0432796631551219,43.27966315512194,8587.418622483061,0.2914050721807681,0.8492376958515448,1.7029785939957949,0.0494212170597165,1.5714515410363674,0.1665926960413344,7.0,0.0,22.37376612465415,1.1463316679000854,0.0
PLAIN_FM,4,30,1.0,0.0,-0.0205341813771312,0.0,0.2054835971832274,1.5272748470306396,0.2614060095325977,3.441091767884564,1.598866171198022,0.0380845092990276,38.0845092990276,6836.8930633082855,0.0864687015623252,0.4587935464151135,0.0707571620005182,0.0443238349980674,0.0,0.0,0.0,0.0,0.0,0.0,0.0
GOAL_AWARE_FINAL_PROJECTION,4,30,1.0,0.0,-0.0120406052763976,0.0,0.0027184304237364,0.0,0.2168490143210527,2.929160568845704,1.7579212026514932,0.0502717607359937,50.271760735993766,872.9102127210774,0.5855819690927673,1.5571286883831532,0.1745207739877514,0.0434384801192209,0.0933522509876638,0.0104906530468724,1.0,0.0,2.86587888798503,2.8658788204193115,0.0
NORMALIZED_POV_L1,4,30,0.0,0.0,0.0440725595245472,0.0,0.0,0.0,0.1958186593971801,2.4266955794733565,1.4972187961997991,0.0268672265516562,26.867226551656294,474.0866179789639,0.8517072253267148,2.064400175224106,1.2446174420183524,0.049279393046163,1.1136947529157624,0.1210689900908619,7.0,0.0,27.314247433416234,4.089465141296387,0.0
DAMPED_POV_L05,4,30,0.0,0.0,0.0075790050063281,0.0,0.0482787307739256,0.0,0.2038114727835429,2.78811276806816,1.5610669543639304,0.0264128913215184,26.412891321518494,2103.887547955176,0.4933141868823833,1.250719485217508,1.3362099270452743,0.049200372013729,1.2053066289518028,0.1304800199577585,7.0,0.0,27.852609755988,2.2589266300201416,0.0
DAMPED_POV_L025,4,30,1.0,0.0,-0.0059720620944376,0.0,0.1229511317253111,0.7792425155639648,0.2173606582815817,3.1566675340020645,1.6070936207449549,0.0317092139700511,31.70921397005111,3994.1548277424586,0.2378023317481081,0.7465337833223941,1.3396965180290863,0.0492397710331715,1.2082124940352514,0.1302046999335289,7.0,0.0,24.855693072913063,0.973794162273407,0.0
PLAIN_FM,4,31,1.0,0.0,-0.0273991606887726,0.0,0.2979058143138884,0.0346970558166503,0.2177805590137626,3.541454402291851,1.681299450073834,0.0329944529089752,32.99445290897521,5629.963159417018,0.0985996828311737,0.4849055785677919,0.0708908259985037,0.0444237069459632,0.0,0.0,0.0,0.0,0.0,0.0,0.0
GOAL_AWARE_FINAL_PROJECTION,4,31,0.0,0.0,0.030832634282927,0.0,0.0045077618598936,0.0,0.2160824913009521,2.8982473206904245,1.7043003039987978,0.0461665680306044,46.166568030604495,768.1046873956394,0.5737507928608839,1.5140869916784625,0.1744517719489522,0.0434935740195214,0.0933655009721405,0.0105025229859165,1.0,0.0,2.945293413582752,2.945293426513672,0.0
NORMALIZED_POV_L1,4,31,0.0,0.0,0.0362629440081055,0.0,0.0,0.0,0.1275662842349381,2.686904339373533,1.6553034856015791,0.0421099888560604,42.10998885606043,725.8520405480917,0.6836640071530606,1.7290286585719752,1.2415151690365749,0.0495444819680415,1.1101347819785587,0.1195948821259662,7.0,0.0,25.65456380817271,3.5174572467803955,0.0
DAMPED_POV_L05,4,31,0.0,0.0,0.0141547564342827,0.0,0.0891740736007689,0.0,0.1467434691769958,2.9921658409719765,1.642733590181093,0.0292857986187221,29.2857986187221,1793.7895731541416,0.3860288871778353,1.0802226913068045,1.4287866069935262,0.0494335169787518,1.2972178839845585,0.1377658739220351,7.0,0.0,23.40522409207413,1.9915803670883176,0.0
DAMPED_POV_L025,4,31,1.0,0.0,-0.0020569312125203,0.0,0.1824216660499571,0.0,0.1827416043442011,3.227876638957473,1.6576865338566562,0.0279607750516754,27.96077505167549,3246.11965857895,0.2137270540720605,0.7309041270302851,1.33725838403916,0.0493196219904348,1.2056733890785836,0.1286927609471604,7.0,0.0,23.933473847283,1.0635684728622437,0.0
PLAIN_FM,5,0,0.0,0.0,0.1295709733208822,0.0,0.0,0.0,1.022117422700205,1.1164828773471511,0.6803267121456349,0.0175457308072468,17.545730807246862,4111.026188510803,0.0906913099653544,1.3879079496764932,0.0708753549843095,0.0442968240240588,0.0,0.0,0.0,0.0,0.0,0.0,0.0
GOAL_AWARE_FINAL_PROJECTION,5,0,1.0,0.0,-0.0412890579569683,1.1642945185741382e-07,0.0,0.0,0.5554800272503729,1.5504379241548716,0.5949398655709458,0.0220971003646362,22.097100364636265,420.9986293772814,0.7801385938318064,1.5768434129019675,0.1743149979738518,0.0435313630732707,0.0929639509995468,0.0104987539816647,1.0,0.0,4.292886594741909,4.292886734008789,0.0
NORMALIZED_POV_L1,5,0,0.0,0.0,0.0309783588769649,0.0,0.0,0.0,0.4677431482405649,1.0969551937024613,0.6559077023486227,0.0113671770541073,11.367177054107325,223.04193671177995,0.5819626662904152,1.3405752580141923,1.1476639190223068,0.0491346719791181,1.0166948690311983,0.1100034760311245,7.0,0.0,29.953927369504346,3.2307567596435547,0.0
DAMPED_POV_L05,5,0,0.0,0.0,0.0791896283397512,0.0,0.0,0.0,0.7382992356889577,0.995553546562533,0.4724647435212515,0.0114564691126963,11.456469112696375,1681.3811326356508,0.4319747558300049,1.1181613816586335,1.054590905958321,0.0491962000960484,0.9235910270363092,0.1005580080091022,7.0,0.0,29.12330603267612,2.3214762210845947,0.0
DAMPED_POV_L025,5,0,0.0,0.0,0.1000530521973797,0.0,0.0,0.0,0.8694507520915778,0.8803949280622068,0.5295065264147637,0.0111854820273755,11.18548202737557,2378.453614870235,0.2374287933336452,1.151109465541548,1.0566941899596711,0.0491211488842964,0.9257415619795212,0.1031028431025333,7.0,0.0,29.56642470454772,1.2172244787216189,0.0
PLAIN_FM,5,1,0.0,0.0,0.1205074247212024,0.0,0.0,0.9047162532806396,1.0450651345343036,1.156846975839974,0.7004637719845057,0.0421520433218551,42.15204332185519,12247.108248056727,0.1094183524259151,1.405498145135396,0.0707925329916179,0.0442676229286007,0.0,0.0,0.0,0.0,0.0,0.0,0.0
GOAL_AWARE_FINAL_PROJECTION,5,1,1.0,0.0,-0.0432071006280736,0.0,0.0,0.0,0.5196330179225187,1.356499640480755,0.6598216851483006,0.0118808883293028,11.880888329302806,235.64193937675032,0.7986003801318031,1.513981793014517,0.1745478549855761,0.0434990811045281,0.0932424080092459,0.0106546180322766,1.0,0.0,4.225900065619029,4.225900173187256,0.0
NORMALIZED_POV_L1,5,1,1.0,0.0,-0.0165339817414077,0.0,0.0,0.0,0.3910477315953319,1.1948281255884845,0.7334861554435733,0.0071730690032743,7.173069003274302,185.28179462662388,0.6812718789808163,1.3248205813342195,1.3375962040154263,0.0492630008957348,1.206432358012535,0.1316002659732476,7.0,0.0,26.467983578394588,3.571502923965454,0.0
DAMPED_POV_L05,5,1,0.0,0.0,0.0818844554518638,0.0,0.0,0.0,0.7348320833404871,0.8554228214075867,0.5031205021881513,0.015402128023001,15.402128023001008,3663.011764210288,0.3805037425616246,1.115992893856878,1.2478170859976672,0.0494131169398315,1.1161782759591006,0.1225545299821533,7.0,0.0,25.35190873869542,2.054943561553955,0.0
DAMPED_POV_L025,5,1,0.0,0.0,0.0939023799000148,0.0,0.0,0.0,0.8820047238393455,0.8787778143877877,0.549739923668844,0.0244841548223142,24.48415482231425,7004.030706924791,0.2208372009634667,1.1793857815190825,1.333627870946657,0.0491024589864537,1.202588738000486,0.1302692210883833,7.0,0.0,25.808282407205105,1.1115766763687134,0.0
PLAIN_FM,5,2,0.0,0.0,0.1288555778894133,0.0,0.0,0.0,1.0336687510767515,1.071658141198368,0.6536235858108681,0.0169443944547973,16.94439445479734,3996.3871920305046,0.0862026225548879,1.389300201318859,0.0707103510503657,0.0441579279722645,0.0,0.0,0.0,0.0,0.0,0.0,0.0
GOAL_AWARE_FINAL_PROJECTION,5,2,1.0,0.0,-0.0404271656461322,1.1642945185741382e-07,0.0,0.0,0.5575915549628916,1.5483738731022982,0.6031818970045579,0.0219596420247927,21.95964202479277,415.00771189039017,0.7886411607827803,1.609063835402575,0.1739155670511536,0.0433452890720218,0.0927993559744209,0.010398251004517,1.0,0.0,4.266452799326001,4.266453266143799,0.0
NORMALIZED_POV_L1,5,2,1.0,0.0,-0.0071169146339565,0.0,0.0,0.0,0.4781064188226912,0.8247549108495654,0.4886448882192529,0.0040984262484369,4.098426248436926,221.35055333494248,0.6367451020229749,1.0758446558290715,0.9664614209905268,0.0491551309823989,0.8354462230927311,0.0939534259960055,7.0,0.0,28.634079338603744,3.168019294738769,0.0
DAMPED_POV_L05,5,2,0.0,0.0,0.082170375287245,0.0,0.0,0.0,0.7441486908044084,0.9618383887367996,0.4533166867694979,0.0112561890478875,11.2561890478875,1790.606947222528,0.4400448351402783,1.1278224138273167,0.9703033120022156,0.0492199709988199,0.8390980450203642,0.0940774699556641,7.0,0.0,29.519205597976075,2.27992582321167,0.0
DAMPED_POV_L025,5,2,0.0,0.0,0.1013439236204011,0.0,0.0,0.0,0.8764199141576208,0.836984745443133,0.5089237922729353,0.0109471726478851,10.94717264788514,2404.430043385464,0.248714433112264,1.158789626640181,0.9670431070262566,0.0501262248726561,0.8346371589577757,0.093703657912556,7.0,0.0,31.54265315645189,1.2009838819503784,0.0
PLAIN_FM,5,3,0.0,0.0,0.1195650961745145,0.0,0.0,0.0,1.006755456458167,1.0817916043803142,0.6568110565760475,0.0161091306982932,16.109130698293228,3548.538871274864,0.0943201760401217,1.3439951106261947,0.0706536499783396,0.0441570709808729,0.0,0.0,0.0,0.0,0.0,0.0,0.0
GOAL_AWARE_FINAL_PROJECTION,5,3,1.0,0.0,-0.0310591152818536,1.1642945185741382e-07,0.0,0.0,0.5688952134421649,1.4692874804088023,0.5647116645358726,0.0204108079272364,20.41080792723649,393.3032101314808,0.747476189763193,1.5021481293808596,0.1733617730205878,0.0432469969964586,0.0924467770382762,0.0100613019894808,1.0,0.0,4.097367300671104,4.097367286682129,0.0
NORMALIZED_POV_L1,5,3,0.0,0.0,0.0864830499386413,0.0,0.0,0.0,0.5935712108446562,1.4769761742129202,0.5522130376322353,0.0179126956827269,17.91269568272691,316.17399392649406,0.8524567568129471,1.7804391265368753,1.521263745962642,0.0494757380220107,1.3897498020087369,0.1540356380282901,7.0,0.0,30.217824409391667,4.557328701019287,0.0
DAMPED_POV_L05,5,3,0.0,0.0,0.0779601303152824,0.0,0.0,0.0,0.7261147854794777,0.7639579046282255,0.4770910185341723,0.0111716537455661,11.171653745566168,2351.603376975665,0.3577289744046572,1.0013440772233817,1.2411234920145944,0.0491315178805962,1.110048838017974,0.123498355038464,7.0,0.0,30.694306155688505,1.885647535324097,0.0
DAMPED_POV_L025,5,3,0.0,0.0,0.0921642843493854,0.0,0.0,0.0,0.8627742320369441,0.8290599035896076,0.5253183728366685,0.0108749729122186,10.874972912218617,2367.961633516824,0.2237740604633739,1.1208946063850405,1.244289555004798,0.0492574439267627,1.1129630560753867,0.1240619809250347,7.0,0.0,27.83348911320264,1.1346187591552734,0.0
PLAIN_FM,5,4,0.0,0.0,0.120021746039882,0.0,0.0,0.0,1.0186488474379949,1.1156055301634478,0.6657330090138256,0.0240679122609055,24.067912260905548,5853.926269629373,0.0942686726537782,1.3693979545731974,0.0708850160008296,0.0442160300444811,0.0,0.0,0.0,0.0,0.0,0.0,0.0
GOAL_AWARE_FINAL_PROJECTION,5,4,1.0,0.0,-0.044561012439144,1.1642945185741382e-07,0.0,0.0,0.5705129352818663,1.5593484533418926,0.5740758756480219,0.0220312319411845,22.031231941184583,414.86471612592624,0.7900566520162269,1.5844562586755544,0.1726692949887365,0.0433443280635401,0.0915553739760071,0.0094145159819163,1.0,0.0,4.30590794978587,4.305908203125,0.0
NORMALIZED_POV_L1,5,4,0.0,0.0,0.0287733124375205,0.0,0.0,0.0,0.4517728083719586,1.1889244922659783,0.7316691692805173,0.0121061402287223,12.106140228722362,248.67083241368883,0.5781607000944483,1.3073904964676504,1.2394202289870009,0.0492871929891407,1.1083174649393186,0.1208094650646671,7.0,0.0,26.887016611461515,3.1003241539001465,0.0
DAMPED_POV_L05,5,4,0.0,0.0,0.0794721923477429,0.0,0.0,0.0,0.737553969221308,0.9411073914235164,0.4553129352200156,0.0132178619869012,13.217861986901225,2708.1717196497434,0.4224807470692832,1.1089518472937323,1.244446530006826,0.0491770019289106,1.1130784570705146,0.1219680840149521,7.0,0.0,30.66282661847469,2.225649833679199,0.0
DAMPED_POV_L025,5,4,0.0,0.0,0.0945920753796144,0.0,0.0,0.0,0.8709390425454411,0.8545883132585104,0.5127462989915075,0.0147809107586098,14.780910758609878,3572.416400717503,0.2434107874738363,1.1403097606929344,1.1516022520372644,0.049098307848908,1.0203838348970748,0.1121733890613541,7.0,0.0,32.929257784393506,1.208540678024292,0.0
PLAIN_FM,5,5,0.0,0.0,0.1250626526268444,0.0,0.0,0.0,1.024111589195384,1.1134464589320625,0.6794110244132979,0.028927031792266,28.92703179226608,7491.359719395606,0.0806604657728384,1.3826478225538388,0.0707562019815668,0.0441708219586871,0.0,0.0,0.0,0.0,0.0,0.0,0.0
GOAL_AWARE_FINAL_PROJECTION,5,5,1.0,0.0,-0.0319933943598158,0.0,0.0,0.0,0.5619032291672613,1.4835890517028374,0.5734157719396322,0.0205065921944608,20.506592194460826,392.8934994777458,0.751823884153755,1.5117817367809625,0.1739202679600566,0.043287617911119,0.092868287989404,0.0104559030150994,1.0,0.0,4.072494227604298,4.072494029998779,0.0
NORMALIZED_POV_L1,5,5,0.0,0.0,0.0331249439285565,0.0,0.0,0.0,0.5005201285530729,1.1529472231233853,0.5468379775023389,0.0120259343565258,12.02593435652588,220.14671645198547,0.5806212062005925,1.3794026285799954,1.3322887370013632,0.049464238109067,1.2005402570357546,0.1291037549381144,7.0,0.0,25.93719468956223,3.1258022785186768,0.0
DAMPED_POV_L05,5,5,0.0,0.0,0.0766054070908211,0.0,0.0,0.0,0.7426290453049981,0.9332906399559668,0.4768011141066414,0.0161878874161658,16.187887416165836,3307.850651130817,0.4117473581213092,1.1065230006061777,1.2412558069918305,0.0490742070251144,1.1100041789468378,0.1228561699390411,7.0,0.0,27.93464617365312,2.165919780731201,0.0
DAMPED_POV_L025,5,5,0.0,0.0,0.0961699581976923,0.0,0.0,0.0,0.8730580604663489,0.8754902501014268,0.5419042322620913,0.0193326611422648,19.33266114226484,4775.870476742394,0.2283110922384073,1.159976032979252,1.3298444829997609,0.0489784070523455,1.1989426749642007,0.1303974440670572,7.0,0.0,25.57238754346453,1.1341241598129272,0.0
PLAIN_FM,5,6,0.0,0.0,0.1313767820865572,0.0,0.0,0.5483579635620117,1.0551989008686762,1.089788329491281,0.6756903938331393,0.0265913823129206,26.59138231292069,7245.565441021285,0.1003686570557095,1.3879844989543602,0.0707089410279877,0.0441351589397527,0.0,0.0,0.0,0.0,0.0,0.0,0.0
GOAL_AWARE_FINAL_PROJECTION,5,6,1.0,0.0,-0.0502181798689346,0.0,0.0,0.0,0.5430159765008252,1.5300187469443212,0.6568932576548122,0.0220011539124333,22.00115391243333,423.0761645420217,0.7838074568155933,1.591359881995286,0.1743795799557119,0.0433603490237146,0.0931624349905178,0.0104273610049858,1.0,0.0,4.298911335075772,4.298911094665527,0.0
NORMALIZED_POV_L1,5,6,0.0,0.0,0.0108895184121836,0.0,0.0,0.0,0.5248116531191578,0.9241580537839376,0.5489806437646002,0.009380877377928,9.380877377928032,188.68456626661705,0.5717995575101309,0.9976450789628376,1.242465959046967,0.0491340610315091,1.1113623949349858,0.1221706820069812,7.0,0.0,25.816590931711364,3.050431966781616,0.0
DAMPED_POV_L05,5,6,0.0,0.0,0.0849837405100948,0.0,0.0,0.0,0.7451515808941199,0.9179309797422314,0.4621683841318797,0.0121514214425988,12.151421442598842,2189.4089592279674,0.4078932333703012,1.1003330258257966,1.149503018008545,0.0490890679648146,1.018615989945829,0.1117784098605625,7.0,0.0,26.7735125859199,2.193427562713623,0.0
DAMPED_POV_L025,5,6,0.0,0.0,0.1040692756750144,0.0,0.0,0.0,0.8909234801379521,0.8236618899436179,0.5037774418749221,0.0151046338711333,15.104633871133366,3791.765397663749,0.233122833577886,1.1488885410952347,1.0589574509649538,0.048890880018007,0.9283949309610762,0.103828425053507,7.0,0.0,28.96942298400617,1.172949194908142,0.0
PLAIN_FM,5,7,0.0,0.0,0.1206786061292008,0.0,0.0,1.5700232982635498,1.011406730825788,1.131606928041124,0.6934784162688625,0.0388861038570436,38.88610385704361,10488.130298858156,0.0980268104733522,1.3800213287044023,0.0706877110060304,0.0441866109031252,0.0,0.0,0.0,0.0,0.0,0.0,0.0
GOAL_AWARE_FINAL_PROJECTION,5,7,1.0,0.0,-0.0281526599366158,0.0,0.0,0.0,0.5495183441966972,1.418298624616691,0.5859037428422281,0.0188847359439898,18.884735943989888,365.3726148423992,0.726593192139406,1.4640734058388645,0.1737766250153072,0.043455232924316,0.0926511930301785,0.0104490420198999,1.0,0.0,3.9572180618351744,3.957217931747437,0.0
NORMALIZED_POV_L1,5,7,0.0,0.0,0.0610408742615576,0.0,0.0,0.0,0.5529921370302013,1.5248233312856003,0.6200672539975597,0.0206912527664944,20.691252766494472,381.6147286732297,0.7681672243778865,1.80610931331914,1.519236224994529,0.0491227869060821,1.3880937318899669,0.1509794110897928,7.0,0.0,25.109956963831515,4.28429126739502,0.0
DAMPED_POV_L05,5,7,0.0,0.0,0.0752513319985841,0.0,0.0,0.0,0.730759047055277,0.9598488932253528,0.5272322576059751,0.0213467916803848,21.346791680384893,5035.746732067326,0.4054813748426156,1.1076685500452172,1.4342200310202315,0.0492011220194399,1.302738327998668,0.1434260069509036,7.0,0.0,27.628717535969265,2.1467244625091557,0.0
DAMPED_POV_L025,5,7,0.0,0.0,0.0941876923761444,0.0,0.0,0.5633902549743652,0.8673616559874885,0.9065835903907966,0.5741968126986623,0.0271818143251332,27.181814325133224,7157.3656042454895,0.2278606817477224,1.1539765246482228,1.3387664059991948,0.0492230709642171,1.2072953230235726,0.1326372820767574,7.0,0.0,27.806303650456474,1.1350548267364502,0.0
PLAIN_FM,5,8,0.0,0.0,0.1322612725804557,0.0,0.0,0.0,1.0563640269119563,1.143354611595043,0.6981493207231017,0.0242267322645339,24.22673226453398,5708.10011694931,0.1317550694819932,1.3931919810340505,0.0707594419945962,0.0441848000045865,0.0,0.0,0.0,0.0,0.0,0.0,0.0
GOAL_AWARE_FINAL_PROJECTION,5,8,1.0,0.0,-0.0590635532851257,1.1642945185741382e-07,0.0,0.0,0.5527190179767683,1.6352895066190654,0.6761245544547142,0.0234079381607158,23.40793816071581,439.4319350500896,0.8266634339139574,1.697849929688504,0.1767088909982703,0.0441202389774844,0.0941629519802518,0.0107786799781024,1.0,0.0,4.4546782325895,4.454678058624268,0.0
NORMALIZED_POV_L1,5,8,1.0,0.0,-0.0026524278432474,0.0,0.0,0.0,0.4174404853012416,1.2789332061474887,0.6792194666659782,0.0132683825576765,13.268382557676595,239.5436630186376,0.6353200783195995,1.4012230313819094,1.4301884970045649,0.0495670799864456,1.2981487480574287,0.1388658850919455,7.0,0.0,26.244158307132977,3.4925811290740967,0.0
DAMPED_POV_L05,5,8,0.0,0.0,0.1015162714503897,0.0,0.0,0.0,0.7417492586267553,0.8266673295463254,0.4862980751332456,0.0130914789399068,13.091478939906809,2894.6748222990814,0.4055960516524703,1.0494137167455282,1.2423125359928235,0.0490747680887579,1.111504298984073,0.1213712499593384,7.0,0.0,27.73884467496359,2.057667016983032,0.0
DAMPED_POV_L025,5,8,0.0,0.0,0.1068880332366906,0.0,0.0,0.0,0.8932824584606792,0.8723077457606053,0.5420062278487804,0.0153286854622667,15.328685462266732,3820.049809231474,0.2722836027882347,1.174786844585068,1.1548134179902263,0.049172421102412,1.0233522150665522,0.1117572920047678,7.0,0.0,27.94059560487168,1.222724437713623,0.0
PLAIN_FM,5,9,0.0,0.0,0.1404315798608439,0.0,0.0,0.0,1.0438763916096945,1.0387363170264607,0.6427461930393862,0.0116457595304755,11.64575953047553,2297.5316525174703,0.0776488798868845,1.3991922719483345,0.0710062489961274,0.0444081280729733,0.0,0.0,0.0,0.0,0.0,0.0,0.0
GOAL_AWARE_FINAL_PROJECTION,5,9,1.0,0.0,-0.0269030917020162,1.1642945185741382e-07,0.0,0.0,0.5445394098774604,1.5040453747134266,0.5921184795820684,0.0210637403034688,21.06374030346887,401.2109443510613,0.7742644279213369,1.5909518564122929,0.1734502160106785,0.0437586999614723,0.0917945900000631,0.0094656369765289,1.0,0.0,4.136033527105437,4.136033535003662,0.0
NORMALIZED_POV_L1,5,9,0.0,0.0,0.1715123232235233,0.0,0.0,0.0,0.7720740883184497,1.7965610990889618,0.4743054160215362,0.0165060157499767,16.506015749976747,263.9827904859296,1.0016285969096526,2.275637778288111,1.3331496400060132,0.0490283460239879,1.2021712500718422,0.13086576591013,7.0,0.0,30.692468212016045,5.105416297912598,0.0
DAMPED_POV_L05,5,9,0.0,0.0,0.0866190137297521,0.0,0.0,0.0,0.7439235567557532,0.923066274376746,0.443345577288363,0.0123800573441772,12.380057344177244,2043.256629397128,0.4282128535177238,1.143233535648053,1.1477184329996817,0.0490215140162035,1.0168757369392551,0.1109691800666041,7.0,0.0,30.884047687974576,2.1839656829833984,0.0
DAMPED_POV_L025,5,9,0.0,0.0,0.1088922897122617,0.0,0.0,0.0,0.8827997384558817,0.8127920185926121,0.4935102203319069,0.0098631685708454,9.86316857084546,1954.046385240904,0.2444033516687249,1.1823972389543744,1.144948530010879,0.0493658749619498,1.0137418631347828,0.1085989568382501,7.0,0.0,28.619067968158184,1.1495991945266724,0.0
PLAIN_FM,5,10,0.0,0.0,0.1273670776322472,0.0,0.0,0.0,1.013886393343738,1.0904809662410313,0.6780003033806468,0.0177232114375218,17.72321143752187,4429.1205757503785,0.0894253958807032,1.3821667818093752,0.0707394020282663,0.0441402490832842,0.0,0.0,0.0,0.0,0.0,0.0,0.0
GOAL_AWARE_FINAL_PROJECTION,5,10,1.0,0.0,-0.0336870720305895,1.1642945185741382e-07,0.0,0.0,0.5586245630392792,1.5137662138639418,0.5687560247965614,0.0210426882712329,21.042688271232933,401.1802449099766,0.7593663986688126,1.508908193567307,0.1735270179924555,0.0433079361100681,0.0924351169960573,0.0103627499775029,1.0,0.0,4.124024240439706,4.124024391174316,0.0
NORMALIZED_POV_L1,5,10,0.0,0.0,0.0403587212535034,0.0,0.0,0.0,0.4680615582022637,1.2138996168936336,0.5638895237488587,0.014284191728541,14.284191728541009,283.0641660022338,0.607524879414751,1.4389180645009252,1.1513795880018731,0.049181490088813,1.0201357998885214,0.1109472200041636,7.0,0.0,26.79783167243736,3.4136197566986084,0.0
DAMPED_POV_L05,5,10,0.0,0.0,0.0756323878329505,0.0,0.0,0.0,0.7361623801174637,1.001760128615525,0.47692729584027,0.0115520970585429,11.552097058542987,2001.3744129476545,0.4355105601699008,1.1024298603309528,0.9624607290024868,0.0490004770108498,0.8318507790099829,0.0926069920533336,7.0,0.0,27.11509214376958,2.273725271224976,0.0
DAMPED_POV_L025,5,10,0.0,0.0,0.0978970743762683,0.0,0.0,0.0,0.8643727600472839,0.8716688093550563,0.5364424506032397,0.0115314964085282,11.53149640852824,2713.658204711322,0.2420345257368747,1.1435820825286744,0.9623650569701568,0.0489820251241326,0.8317022180417553,0.0929910729755647,7.0,0.0,27.77336314089716,1.1784639358520508,0.0
PLAIN_FM,5,11,0.0,0.0,0.1241463367389479,0.0,0.0,0.0,1.0389437348363448,1.095945147372332,0.6704444468464524,0.0240900722168078,24.09007221680781,6634.55075813637,0.0877822073253762,1.386834992502448,0.0707885830197483,0.044255181972403,0.0,0.0,0.0,0.0,0.0,0.0,0.0
GOAL_AWARE_FINAL_PROJECTION,5,11,1.0,0.0,-0.0314916432396256,1.1642945185741382e-07,0.0,0.0,0.5496305705077874,1.386768846430019,0.6111397129644786,0.0186073446519009,18.607344651900963,365.98752444576144,0.7214824294286907,1.4496009990610152,0.1725899039884098,0.0433880600030534,0.0914840120240114,0.009410434984602,1.0,0.0,3.94560015988184,3.945600271224976,0.0
NORMALIZED_POV_L1,5,11,0.0,0.0,0.1317344927749733,0.0,0.0,0.0,0.6459394835612106,1.7194346951424355,0.5154141347311048,0.0126868884855335,12.686888485533563,206.31129710713128,1.041127913370096,2.1200157278271905,1.4265198619686998,0.0490472170058637,1.2952873459435068,0.1425525280646979,7.0,0.0,32.418560615367625,5.255476951599121,0.0
DAMPED_POV_L05,5,11,0.0,0.0,0.0808934190725468,0.0,0.0,0.0,0.7408832061661024,0.7270502482685833,0.4730734501409888,0.0112034777306808,11.203477730680866,2822.464356490251,0.3840529166589734,1.0083833212180198,1.149256493023131,0.0490646779071539,1.0184004270122389,0.1129425219842232,7.0,0.0,30.2499802342796,1.9798649549484253,0.0
DAMPED_POV_L025,5,11,0.0,0.0,0.0997184752065231,0.0,0.0,0.0,0.8754335205725121,0.7775943323575976,0.4951113995139484,0.0148364048353117,14.83640483531179,4095.5757483130737,0.2111589055663876,1.1431373117784531,1.2404864589916542,0.0490146939991973,1.1093489649356345,0.1220238369423896,7.0,0.0,30.06809240091541,1.0034915208816528,0.0
PLAIN_FM,5,12,0.0,0.0,0.1335275927580687,0.0,0.0,0.0,1.0492554882105656,1.0856201191749169,0.6522166787634698,0.0185377163961302,18.53771639613022,4399.668772795361,0.0968723342601582,1.4030506430047995,0.0707016009837389,0.0440858089714311,0.0,0.0,0.0,0.0,0.0,0.0,0.0
GOAL_AWARE_FINAL_PROJECTION,5,12,1.0,0.0,-0.0453046233469409,1.1642945185741382e-07,0.0,0.0,0.5452732376273285,1.5687723616944222,0.6231155724986583,0.0223483193487489,22.348319348748998,425.8354698757228,0.7917143431038436,1.6158527056330525,0.1734539159806445,0.0432951970724388,0.0924775779712945,0.0103927300078794,1.0,0.0,4.333299674500067,4.33329963684082,0.0
NORMALIZED_POV_L1,5,12,0.0,0.0,0.1715123057101283,0.0,0.0,0.0,0.7315257068787414,1.5761161008708315,0.5703798522738258,0.0187570216215408,18.757021621540805,325.7433604562099,0.7479249326458566,2.161147701275812,1.237210773047991,0.0489533541840501,1.10616282193223,0.119846750923898,7.0,0.0,27.81807921398963,4.183744430541992,0.0
DAMPED_POV_L05,5,12,0.0,0.0,0.0837379655948628,0.0,0.0,0.0,0.7476459789985587,0.9726254168506678,0.4711313551955254,0.0114127143674083,11.412714367408316,2055.645710220077,0.438031126271146,1.142709905223046,1.057390381989535,0.049085535982158,0.926202624978032,0.1034691709792241,7.0,0.0,28.70342618093603,2.3058629035949707,0.0
DAMPED_POV_L025,5,12,0.0,0.0,0.1041015309069183,0.0,0.0,0.0,0.8870290107439784,0.8500364269854945,0.5168852571461426,0.0117520418074628,11.75204180746281,2805.5906593850823,0.2502443434146633,1.174645066144637,1.0563014229992405,0.0490119949681684,0.9250619259546512,0.1028547179885208,7.0,0.0,27.63316349943324,1.2269684076309204,0.0
PLAIN_FM,5,13,0.0,0.0,0.1274500784099871,0.0,0.0,0.0,1.043334084162802,1.0769816991570154,0.6626184654248416,0.0232919958519239,23.291995851923986,6670.610379708463,0.0874652611436251,1.3967351125599872,0.070722681004554,0.0442181620746851,0.0,0.0,0.0,0.0,0.0,0.0,0.0
GOAL_AWARE_FINAL_PROJECTION,5,13,1.0,0.0,-0.0441842352513265,1.1642945185741382e-07,0.0,0.0,0.5583780215632226,1.5470710568051096,0.619974391602541,0.0220964273752257,22.096427375225705,420.6598596526987,0.7855923506612431,1.6076504825646656,0.173385534028057,0.043251885974314,0.0924241159809753,0.0098911179811693,1.0,0.0,4.255118592152208,4.255118846893311,0.0
NORMALIZED_POV_L1,5,13,1.0,0.0,-0.0339500643833852,0.0,0.0,0.0,0.4611583287279994,1.24232256084727,0.5638109833878121,0.0133765600967477,13.376560096747705,259.74026933148764,0.7213565733783012,1.142151316980149,1.2460530829848722,0.0492249500239267,1.114401866972912,0.1218738040188327,7.0,0.0,24.888627158580068,3.862300157546997,0.0
DAMPED_POV_L05,5,13,0.0,0.0,0.0860812306235391,0.0,0.0,0.0,0.7262019513909027,0.7096003495558457,0.4869130744462205,0.0128566191359267,12.85661913592673,3595.5598039493,0.3905874237984195,1.0496196718019917,1.0576894500409253,0.0490024159662425,0.9269727268838324,0.1034245400223881,7.0,0.0,27.872556881173317,1.9493093490600584,0.0
DAMPED_POV_L025,5,13,0.0,0.0,0.100272016765746,0.0,0.0,0.0,0.8837981016639873,0.8479419210468049,0.5224121025801058,0.0165101339434698,16.510133943469896,4593.494922829322,0.2429139500942462,1.1705864105027095,1.0573405899922363,0.0489559319685213,0.92644608207047,0.1026179231121204,7.0,0.0,27.909716286927917,1.1847522258758545,0.0
PLAIN_FM,5,14,0.0,0.0,0.1329804731903166,0.0,0.0,0.0,1.0442958947746432,1.06789544059692,0.6469307142423485,0.0219680659706842,21.96806597068424,5876.6174102621535,0.0822086833670062,1.397195929671602,0.0708403749740682,0.0442541519296355,0.0,0.0,0.0,0.0,0.0,0.0,0.0
GOAL_AWARE_FINAL_PROJECTION,5,14,1.0,0.0,-0.037129012224888,0.0,0.0,0.0,0.5487895511481695,1.5262476151268558,0.6120915657988458,0.0216752930419334,21.675293041933426,412.7958787878056,0.7809003813218065,1.6047225680708064,0.1737483939505182,0.0433062280644662,0.0927637250279076,0.0103722199564799,1.0,0.0,4.256923370199764,4.256923198699951,0.0
NORMALIZED_POV_L1,5,14,0.0,0.0,0.0549352382344397,0.0,0.0,0.0,0.5423451403135087,1.3233824914259191,0.5061623676204904,0.0100499367060322,10.049936706032245,215.23795450604783,0.7693224780194178,1.314951442898722,0.9642777670524084,0.0488894740119576,0.8336073660757393,0.0931102739996276,7.0,0.0,26.900646474402187,3.9908275604248047,0.0
DAMPED_POV_L05,5,14,0.0,0.0,0.0843547128968079,0.0,0.0,0.0,0.742562564260886,0.920491885910554,0.4480765298938494,0.0124916336600986,12.491633660098644,2594.542820131496,0.4351597543727351,1.132077001748377,0.8748004080262035,0.049103129946161,0.743723172985483,0.0833305700216442,7.0,0.0,28.16259775504677,2.273907423019409,0.0
DAMPED_POV_L025,5,14,0.0,0.0,0.1044745576341714,0.0,0.0,0.0,0.8829253654601098,0.8366015103358607,0.5028041629486023,0.0136700354405991,13.670035440599191,3525.455299054858,0.2392260590963809,1.170735357264072,0.8719776340294629,0.0490293261245824,0.7415049080154859,0.0831378329894505,7.0,0.0,28.61279722270534,1.202075719833374,0.0
PLAIN_FM,5,15,0.0,0.0,0.124753385786924,0.0,0.0,0.0,1.0097927349631268,1.09574504246091,0.6997088622556523,0.0252269983784447,25.226998378444776,6771.982145466992,0.085984953409976,1.351080360867846,0.0707746829721145,0.0441889700014144,0.0,0.0,0.0,0.0,0.0,0.0,0.0
GOAL_AWARE_FINAL_PROJECTION,5,15,1.0,0.0,-0.0223077309388377,1.1642945185741382e-07,0.0,0.0,0.5667720307658055,1.493726276854263,0.5609949678313529,0.0210808911901286,21.08089119012868,405.8651068803995,0.755020857765077,1.5239061031070509,0.17404152196832,0.043492353928741,0.0926949239801615,0.0103688209783285,1.0,0.0,4.08251038571171,4.082510471343994,0.0
NORMALIZED_POV_L1,5,15,0.0,0.0,0.0306862029385008,0.0,0.0,0.0,0.5459984195763736,0.9689775457663484,0.541987066311376,0.0040103341431267,4.0103341431267925,176.24899719721475,0.714824095083829,1.2085298249958776,1.5212968710111454,0.0493166868691332,1.3898502689553425,0.1506047811126336,7.0,0.0,28.475567242590788,3.5927600860595703,0.0
DAMPED_POV_L05,5,15,0.0,0.0,0.086012081287019,0.0,0.0,0.0,0.7091582295832498,0.6735065031485179,0.4292520894554253,0.0170595051802591,17.05950518025912,5033.4617832572085,0.3903802772644029,1.063014041868933,1.3408538430230692,0.0495092990458942,1.208996380039025,0.1307119160774164,7.0,0.0,30.52807741271547,1.9383090734481807,0.0
DAMPED_POV_L025,5,15,0.0,0.0,0.0994966671004898,0.0,0.0,0.0,0.8662853962098223,0.8753429632642042,0.5474589604418642,0.0194523700104927,19.452370010492714,5299.465954943994,0.2356849501937191,1.1360974529505954,1.4241761019802652,0.0490795780206099,1.2931011398904957,0.1378981299931183,7.0,0.0,33.618613954995205,1.1350584030151367,0.0
PLAIN_FM,5,16,0.0,0.0,0.1391905284914742,0.0,0.0,0.0,1.0682793121791567,1.0822743568308646,0.6552415359076245,0.0208920552434541,20.89205524345417,5368.343948950649,0.0976787687456314,1.4101907662987312,0.0708361840224824,0.044241901137866,0.0,0.0,0.0,0.0,0.0,0.0,0.0
GOAL_AWARE_FINAL_PROJECTION,5,16,1.0,0.0,-0.0500778878430936,0.0,0.0,0.0,0.5321164441882301,1.5509229453264262,0.644015864140727,0.0208635781191491,20.86357811914916,390.97942351223855,0.7946494973808295,1.6105977076164883,0.1739208289654925,0.0433384389616549,0.0927549859625287,0.0104311220347881,1.0,0.0,4.317696083636244,4.31769609451294,0.0
NORMALIZED_POV_L1,5,16,0.0,0.0,0.1266202557424084,0.0,0.0,0.0,0.7313007501394311,1.747471697346253,0.6941521072452252,0.0124248780714575,12.424878071457536,270.65824131344846,1.0351586305186604,1.985053529683155,1.2444218219607135,0.049327623040881,1.1128060450428163,0.1194108889321796,7.0,0.0,26.240334172504117,5.2750325202941895,0.0
DAMPED_POV_L05,5,16,0.0,0.0,0.0850804633011613,0.0,0.0,0.0,0.7500924931690182,0.9387162628329218,0.4464170577496258,0.0129690714489043,12.969071448904357,2581.277196222698,0.4235804904663128,1.1273129719527355,1.0576300590182657,0.0490218478953465,0.9265652560279704,0.1015709839412011,7.0,0.0,29.025016348508483,2.2360990047454834,0.0
DAMPED_POV_L025,5,16,0.0,0.0,0.1088759627984126,0.0,0.0,0.0,0.898138150693992,0.8341718618922516,0.4898478449232084,0.013509022603082,13.509022603082066,3377.4130584188097,0.2450816997519765,1.1786399950953843,0.9658938600332476,0.0489010741002857,0.8350836940226145,0.0931210848502814,7.0,0.0,27.65084323029719,1.2071737051010132,0.0
PLAIN_FM,5,17,0.0,0.0,0.1214491219486125,0.0,0.0,0.0,1.0258935880358655,1.11435410123244,0.669572049098134,0.0291687857639404,29.16878576394044,8014.121242484506,0.0885332471755764,1.3873034648345668,0.0706460999790579,0.0441786580486223,0.0,0.0,0.0,0.0,0.0,0.0,0.0
GOAL_AWARE_FINAL_PROJECTION,5,17,1.0,0.0,-0.0371769933372365,1.1642945185741382e-07,0.0,0.0,0.5611722969262041,1.504692783694016,0.5899258712901909,0.021358358071926,21.358358071926048,409.4469846267071,0.7637294623792663,1.549747362148011,0.1741211540065705,0.0432655569165945,0.0931168650276959,0.0104576420271769,1.0,0.0,4.24685028330857,4.246850490570068,0.0
NORMALIZED_POV_L1,5,17,0.0,0.0,0.0264061387602652,1.1642945185741382e-07,0.0,0.0,0.625053785918965,1.786395874888958,0.687600046352335,0.0273303990498895,27.330399049889543,496.3441338423413,0.9283181094093718,2.106136500858009,1.3347399340127597,0.0493637950276024,1.20305234513944,0.1278034349088557,7.0,0.0,29.88275922036405,5.103735446929932,0.0
DAMPED_POV_L05,5,17,0.0,0.0,0.0770188409744802,0.0,0.0,0.0,0.7428370049202282,0.9436552271282516,0.4561937191756495,0.0125214385082461,12.521438508246163,2477.1110516270232,0.4131211123478053,1.1099459490488623,1.1511139429640025,0.0496146209770813,1.019462065945845,0.1123032439500093,7.0,0.0,27.195724196331483,2.269631147384644,0.0
DAMPED_POV_L025,5,17,0.0,0.0,0.0958507187906892,0.0,0.0,0.0,0.8731454153207094,0.8496643027051538,0.5180986426919422,0.0155528627285725,15.552862728572592,4097.965721498564,0.2193592202554277,1.1505296261373064,1.149351816973649,0.0489924160065129,1.0183138370048257,0.1107309430954046,7.0,0.0,28.30559895348056,1.1896756887435913,0.0
PLAIN_FM,5,18,0.0,0.0,0.1363671547862507,0.0,0.0,0.0,1.0539572210563113,1.056125524813487,0.628518225381057,0.0226387721033365,22.63877210333653,6113.155845956975,0.0884216103126277,1.3979164465335794,0.0705725380103103,0.0441187000833451,0.0,0.0,0.0,0.0,0.0,0.0,0.0
GOAL_AWARE_FINAL_PROJECTION,5,18,1.0,0.0,-0.0389449169144642,1.1642945185741382e-07,0.0,0.0,0.5396031834201399,1.5331399603459226,0.6368175202671439,0.0220035838017878,22.00358380178788,423.7745927080616,0.7829593025370296,1.6099193050440583,0.1726968160364776,0.0432972491253167,0.0917110280133783,0.0094369360012933,1.0,0.0,4.345041142070812,4.345041275024414,0.0
NORMALIZED_POV_L1,5,18,0.0,0.0,0.0338569007882357,0.0,0.0,0.0,0.7611432773991559,2.2405232263227117,1.071228252126267,0.026602462811389,26.602462811389003,489.93619297619256,1.142743350462155,2.126391176062577,1.3353849410195835,0.0491248000180348,1.2043274590396322,0.1314719429356046,7.0,0.0,29.49676695941483,5.913177013397217,0.0
DAMPED_POV_L05,5,18,0.0,0.0,0.0843228796735151,0.0,0.0,0.0,0.7428663359975041,0.92251024454236,0.4396706811563189,0.0116255361906523,11.62553619065232,2265.843306325532,0.4147965978918801,1.1279774336999446,1.1485525369644165,0.0489654250559397,1.0176272888784297,0.1129975407966412,7.0,0.0,24.98465465263478,2.29140853881836,0.0
DAMPED_POV_L025,5,18,0.0,0.0,0.1068161967636087,0.0,0.0,0.0,0.8874390287526913,0.795775080600208,0.4791104582029556,0.0134025581804548,13.402558180454884,3545.213971082894,0.2238010001925165,1.1673726502622916,1.2487020250409842,0.049488938995637,1.116606373921968,0.1223078549955971,7.0,0.0,25.12398155354966,1.2030466794967651,0.0
PLAIN_FM,5,19,0.0,0.0,0.1225105428768074,0.0,0.0,2.880878448486328,1.00943916311139,1.1707519209984756,0.721173996794609,0.0317324952978754,31.732495297875477,7475.569602123413,0.0829311811933778,1.3612820874607252,0.0707868330064229,0.0442059329361654,0.0,0.0,0.0,0.0,0.0,0.0,0.0
GOAL_AWARE_FINAL_PROJECTION,5,19,1.0,0.0,-0.0234999561640769,0.0,0.0,0.0,0.5669137835076797,1.462574661738952,0.5527559260150484,0.020044193017997,20.04419301799702,378.9830213173876,0.7527145421440808,1.5101407016597754,0.1743142380146309,0.0433015879825688,0.0931440150015987,0.0105279739946126,1.0,0.0,4.092425918738132,4.09242582321167,0.0
NORMALIZED_POV_L1,5,19,0.0,0.0,0.1159943230004602,0.0,0.0,0.0,0.6272041907424982,1.9830008043937608,0.5633243552229935,0.0285321952250736,28.532195225073664,509.1218658558328,0.9545215421797626,2.2687025385327986,1.6285570560139604,0.0499069130164571,1.4953916470403783,0.1593216881738044,7.0,0.0,28.54908497869934,5.0955352783203125,0.0
DAMPED_POV_L05,5,19,0.0,0.0,0.0761943624794623,0.0,0.0,0.0,0.735715713113065,0.7951869048951955,0.4436158840919665,0.0125694128701843,12.569412870184316,2725.060305014804,0.4135761193869488,1.0234840774511422,1.2458688610349782,0.04920340096578,1.114336078055203,0.1217704909504391,7.0,0.0,26.640386892704186,2.0812292098999023,0.0
DAMPED_POV_L025,5,19,0.0,0.0,0.0950025385747589,0.0,0.0,0.446171760559082,0.8626532905963823,0.891800479268002,0.5529689603593654,0.0190138679796403,19.01386797964033,4448.923023585305,0.2250494998968181,1.1293772459259743,1.2468822579830885,0.0491928220144473,1.1157532220240682,0.1226275631343014,7.0,0.0,26.886288643496226,1.1274194717407229,0.0
PLAIN_FM,5,20,0.0,0.0,0.139398793140927,0.0,0.0,0.0,1.0475136207145448,1.0711812642381275,0.6512319213395242,0.0210042742813456,21.00427428134566,5435.092937882669,0.0870123789518058,1.3945714126813378,0.0707307720440439,0.0442697728867642,0.0,0.0,0.0,0.0,0.0,0.0,0.0
GOAL_AWARE_FINAL_PROJECTION,5,20,1.0,0.0,-0.0387561250894814,1.1642945185741382e-07,0.0,0.0,0.5479463816978498,1.5566815097615192,0.6038656132763853,0.0222031578434597,22.203157843459707,420.36747693409984,0.7960570881029904,1.6335957903825415,0.1761456469539553,0.0434508399921469,0.0950281340046785,0.01043161196867,1.0,0.0,4.274444844217574,4.274445056915283,0.0
NORMALIZED_POV_L1,5,20,0.0,0.0,0.1105766003923512,0.0,0.0,0.0,0.7562851285946391,2.30318145003284,0.6172423410481249,0.0297402812265674,29.740281226567465,442.26029956200296,1.220644987244536,2.6882511142517624,1.2484398580272682,0.0515046230284497,1.115333283029031,0.1243620689492672,7.0,0.0,29.53278461251445,6.333716869354248,0.0
DAMPED_POV_L05,5,20,0.0,0.0,0.0835629504978709,0.0,0.0,0.0,0.7455497689863284,0.9364523855903608,0.4332454781337719,0.0135430194888477,13.543019488847728,2825.304461271005,0.4315962911697801,1.133825426472918,1.0596947540179826,0.0504575449740514,0.9279628620133736,0.1044088490889407,7.0,0.0,27.266670124860998,2.217320919036865,0.0
DAMPED_POV_L025,5,20,0.0,0.0,0.1083929574094019,0.0,0.0,0.0,0.8856106251739813,0.8336814495922713,0.4781828399910563,0.0145555796557967,14.555579655796793,3783.4616395032936,0.2522332324651474,1.1787464519264452,1.0641708500334062,0.0499150900868698,0.9324469700804912,0.1033849509549327,7.0,0.0,30.01527511798413,1.1879420280456543,0.0
PLAIN_FM,5,21,0.0,0.0,0.1319778493108863,0.0,0.0,0.0,1.0328898758395564,1.078201447187949,0.6804303572561561,0.0225347728053781,22.534772805378196,5904.706637601098,0.0857838633688207,1.3748251849651896,0.0708299449761398,0.0444026260520331,0.0,0.0,0.0,0.0,0.0,0.0,0.0
GOAL_AWARE_FINAL_PROJECTION,5,21,1.0,0.0,-0.0286625317343273,1.1642945185741382e-07,0.0,0.0,0.547952625229118,1.4514451290446306,0.610481768145269,0.0202081969687595,20.208196968759523,392.1003038087856,0.7465469026703562,1.5259780021574452,0.1727793790050782,0.0434335600002668,0.0917690999922342,0.0095562790520489,1.0,0.0,4.075974584524943,4.075974464416504,0.0
NORMALIZED_POV_L1,5,21,1.0,0.0,-0.0198671069832669,0.0,0.0,0.0,0.4597680155638946,1.925290092082403,0.6137498145566077,0.0263881193448041,26.38811934480417,442.4156507317811,0.931124151034782,2.0351371243887746,1.329076778027229,0.0495761220226995,1.197946654050611,0.1285092351608909,7.0,0.0,25.20582686060918,4.957583904266357,0.0
DAMPED_POV_L05,5,21,0.0,0.0,0.0811308978145435,0.0,0.0,0.0,0.7427988405944587,0.8174715019572985,0.469128037401777,0.012205245964961,12.205245964961088,2653.6086205681822,0.3750738085716832,1.0314588230797728,1.0576592599973085,0.0496428440092131,0.926209939061664,0.1030988250277005,7.0,0.0,24.92102337769081,2.011732339859009,0.0
DAMPED_POV_L025,5,21,0.0,0.0,0.1029891105165398,0.0,0.0,0.0,0.8787579879698127,0.8180545798847657,0.5272000671500059,0.0148180233648984,14.81802336489846,3794.4301267964775,0.2146356228416884,1.1415832766639915,1.0603752409806475,0.0497251239721663,0.92862546100514,0.1029744599363766,7.0,0.0,26.597975358740943,1.0929808616638184,0.0
PLAIN_FM,5,22,0.0,0.0,0.1400190696399378,0.0,0.0,0.0,1.0615292575118238,1.0906050307423536,0.6758551876602804,0.0243276363437221,24.327636343722148,6815.4698987258125,0.0937139136407579,1.413688024438203,0.0710129290237091,0.0444164178916253,0.0,0.0,0.0,0.0,0.0,0.0,0.0
GOAL_AWARE_FINAL_PROJECTION,5,22,1.0,0.0,-0.0454584937233501,1.1642945185741382e-07,0.0,0.0,0.5363693432083679,1.577555541086291,0.6654916801898186,0.0226004917714741,22.600491771474168,430.389325657914,0.7996925756813538,1.6571076998990832,0.1747212399495765,0.043702186900191,0.0933157200342975,0.0105672450154088,1.0,0.0,4.348178088506979,4.348177909851074,0.0
NORMALIZED_POV_L1,5,22,1.0,0.0,-0.011821440047792,0.0,0.0007843540191649,0.0,0.4974095369597581,1.7975229892018043,0.7274255129177768,0.0257771335556396,25.77713355563965,451.0822591240138,0.9463441375788542,1.9899840543544591,1.5276539789629169,0.0498469769954681,1.3955725789419375,0.1545198052190244,7.0,0.0,30.163934023472127,5.154514789581299,0.0
DAMPED_POV_L05,5,22,0.0,0.0,0.0874418166497412,0.0,0.0,0.0,0.7438256787967711,0.9417827080482708,0.4687911791759717,0.0157767002611954,15.776700261195488,3775.892249914303,0.424699091984173,1.1358260410658607,1.4340982729918323,0.0499770219903439,1.3017110249493271,0.1447563800029456,7.0,0.0,29.104552288745975,2.228351354598999,0.0
DAMPED_POV_L025,5,22,0.0,0.0,0.1104382537814293,0.0,0.0,0.0,0.8935308144209259,0.8386029736782037,0.524041203076835,0.0170990072328942,17.09900723289426,4946.332114130137,0.2430819038591888,1.179408337701851,1.2584286389756016,0.0499596690642647,1.1258714370196683,0.1241527429083362,7.0,0.0,28.72760102374068,1.1791059970855713,0.0
PLAIN_FM,5,23,0.0,0.0,0.1237782496456198,0.0,0.0,0.0,1.0049267080194686,1.103162203808835,0.6716654219162134,0.0223094067299678,22.30940672996784,5587.77356856437,0.0837032934044116,1.3755725737107396,0.0715157820377498,0.0447663950035348,0.0,0.0,0.0,0.0,0.0,0.0,0.0
GOAL_AWARE_FINAL_PROJECTION,5,23,1.0,0.0,-0.0250234560831625,1.1642945185741382e-07,0.0,0.0,0.5713287441108916,1.4821716347609584,0.547443324086464,0.0204166303051967,20.41663030519679,390.032150687282,0.7509344280172952,1.500216580538282,0.1757617570110596,0.0438748919405043,0.0937473709927871,0.0106856480124406,1.0,0.0,4.079055991183713,4.079056262969971,0.0
NORMALIZED_POV_L1,5,23,0.0,0.0,0.0398168690203063,0.0,0.0,0.0,0.5399961395433255,1.0185155067143832,0.5004441035848867,0.0105775714986497,10.577571498649796,218.0691860661277,0.6678058183486324,1.3011003259276133,1.2632800649735143,0.0501157320104539,1.1300000750343315,0.1244891509995795,7.0,0.0,25.884117684214832,3.564959526062012,0.0
DAMPED_POV_L05,5,23,0.0,0.0,0.0758097589637196,0.0,0.0,0.0,0.7381304138407555,0.9581514723415768,0.4574699142840006,0.0131578205175311,13.157820517531116,2205.980938602936,0.4159144592228947,1.1002362041962848,1.1595513640204445,0.0495780509663745,1.0275546080665665,0.1142988289357163,7.0,0.0,29.94203249160667,2.187105417251587,0.0
DAMPED_POV_L025,5,23,0.0,0.0,0.0951341155821769,0.0,0.0,0.0,0.8589320179802631,0.8658476299004442,0.5194688761387442,0.0143387058735573,14.338705873557345,3304.1765987885447,0.2369853856290754,1.1409818997707022,1.1634948669816367,0.0496794428909197,1.0311978219542652,0.1146258650114759,7.0,0.0,27.611850793231174,1.1599677801132202,0.0
PLAIN_FM,5,24,0.0,0.0,0.1331098759568462,0.0,0.0,0.0,1.055341158864158,1.077814767534646,0.6521379763837094,0.025936653270338,25.93665327033801,7167.983244135634,0.1016562118577117,1.3991550062901603,0.0722772930166684,0.0453942019958049,0.0,0.0,0.0,0.0,0.0,0.0,0.0
GOAL_AWARE_FINAL_PROJECTION,5,24,1.0,0.0,-0.0464125245918655,0.0,0.0,0.0,0.5609563230020366,1.5715522136487647,0.6254185072210692,0.0222556588315243,22.25565883152436,415.0727125925139,0.808858669125516,1.6610164429939385,0.1768426850321702,0.0443594739772379,0.0941627519787289,0.0106288169627077,1.0,0.0,4.369884886558202,4.369884490966797,0.0
NORMALIZED_POV_L1,5,24,0.0,0.0,0.0155012543407381,0.0,0.0,0.0,0.5547428804507952,1.2958936742370353,0.6715545765851171,0.0082838811880076,8.283881188007603,247.66340651321,0.7901759535943826,1.6937585180339465,1.4359436719678342,0.0496124030905775,1.304129999014549,0.1404893158469349,7.0,0.0,23.79989769744552,3.946265459060669,0.0
DAMPED_POV_L05,5,24,0.0,0.0,0.0961703254656714,0.0,0.0,0.0,0.7340784311859414,0.8157703911617833,0.4317753596235039,0.012975375448847,12.975375448847082,3359.7379925991427,0.4267348985626303,1.1190237235975202,1.246591440984048,0.0495565180317498,1.1149536729208194,0.1194354681065306,7.0,0.0,26.13845322985135,2.1223244667053223,0.0
DAMPED_POV_L025,5,24,0.0,0.0,0.1057073816066928,0.0,0.0,0.0,0.8914129263746458,0.8158274248092066,0.4947399103376255,0.0172043664117298,17.204366411729843,4723.814835400386,0.2465361112436223,1.1720553707010122,1.3455348879797384,0.0495516790542751,1.213492188020609,0.1325175111414864,7.0,0.0,26.198243619931773,1.175391435623169,0.0
PLAIN_FM,5,25,0.0,0.0,0.1366305743120511,0.0,0.0,0.0,1.0666923179307208,1.0785557315163727,0.6771233309508278,0.0195111257824747,19.511125782474718,4827.811503395728,0.096827697141455,1.4160182935535317,0.0709354170248843,0.0444425771129317,0.0,0.0,0.0,0.0,0.0,0.0,0.0
GOAL_AWARE_FINAL_PROJECTION,5,25,1.0,0.0,-0.0431584684266081,1.1642945185741382e-07,0.0,0.0,0.5375302222402978,1.5124807647696497,0.6649377769470611,0.0212094321611452,21.20943216114525,410.318017178588,0.77432961578845,1.5854800581875743,0.1735560899833217,0.0436462961370125,0.0921718399622477,0.0094729560078121,1.0,0.0,4.23545143666761,4.2354512214660645,0.0
NORMALIZED_POV_L1,5,25,0.0,0.0,0.0294986069139699,0.0,0.0,0.0,0.4673700719568211,1.1372173276367177,0.6173114437991614,0.0070932068244196,7.093206824419607,194.61409844792053,0.7362776405361826,1.3313610275017362,1.0593082240084186,0.0492480429820716,0.9281553000328132,0.1026573349372483,7.0,0.0,26.45556944392437,3.789840936660767,0.0
DAMPED_POV_L05,5,25,0.0,0.0,0.088395910512819,0.0,0.0,0.0,0.7512962458368225,0.9358789927717858,0.4851525865104474,0.0137212569988804,13.721256998880497,2707.8477102497886,0.4193821546586577,1.1405764620084766,0.964995748945512,0.0493884779862128,0.833877102995757,0.0910057889996096,7.0,0.0,27.493750759656805,2.224752426147461,0.0
DAMPED_POV_L025,5,25,0.0,0.0,0.1072608500103719,0.0,0.0,0.0,0.8977320169638103,0.843509598635711,0.5301335052958039,0.0134521666851892,13.452166685189226,3298.3973846500976,0.2393114671695773,1.1890767662791144,0.965462270018179,0.0492707520606927,0.8345020709675737,0.0927778459736146,7.0,0.0,28.84159960256381,1.1990325450897217,0.0
PLAIN_FM,5,26,0.0,0.0,0.125861318502433,0.0,0.0,0.0,1.0340093124365326,1.1019297922122353,0.6600821664658026,0.0209052002717955,20.905200271795543,5395.998838712225,0.1052020676404671,1.385989899925772,0.0708688360173255,0.044308994023595,0.0,0.0,0.0,0.0,0.0,0.0,0.0
GOAL_AWARE_FINAL_PROJECTION,5,26,1.0,0.0,-0.0534543908710061,1.1642945185741382e-07,0.0,0.0,0.5624189919954149,1.6152034973441276,0.60443019408297,0.0232663434410241,23.26634344102418,437.4162712369921,0.8107158378548844,1.6341164417921263,0.1746823490248061,0.0437776881153695,0.0931315549532882,0.0104940540040843,1.0,0.0,4.387693830304323,4.387693881988525,0.0
NORMALIZED_POV_L1,5,26,0.0,0.0,0.0394475727657085,0.0,0.0,0.0,0.5587219783078546,1.5066488530516755,0.7484069242636172,0.0183560771164857,18.35607711648576,329.2027655563523,0.7579917707076247,1.7527169258191049,1.0599488110165112,0.0492320729536004,0.9289314990164712,0.1020239360514096,7.0,0.0,29.05731325340032,4.19944429397583,0.0
DAMPED_POV_L05,5,26,0.0,0.0,0.0798189901388296,0.0,0.0,0.0,0.7383385170283104,0.9738146734161448,0.4525506008516167,0.0148900912838694,14.890091283869422,3136.952377313506,0.4391272402501989,1.1264330234936768,0.9672481270390564,0.0492192899691872,0.836198924051132,0.0930656330892816,7.0,0.0,30.240738358020465,2.2731728553771973,0.0
DAMPED_POV_L025,5,26,0.0,0.0,0.0987493906365245,0.0,0.0,0.0,0.8774632130557155,0.8807147346817159,0.5132081879381463,0.0139760764280512,13.97607642805121,3438.710698764003,0.2569696303915936,1.1582058938392343,1.059002057008911,0.0497592450701631,0.9276115249376744,0.1012893771403469,7.0,0.0,30.775656515895363,1.2299784421920776,0.0
PLAIN_FM,5,27,0.0,0.0,0.1297356753767264,0.0,0.0,0.0,1.0395049501269955,1.1005174794937993,0.6750289835877111,0.0198495405961809,19.849540596180937,4914.663905404027,0.0935421323741779,1.3980223523352204,0.0701924480381421,0.0439657839597202,0.0,0.0,0.0,0.0,0.0,0.0,0.0
GOAL_AWARE_FINAL_PROJECTION,5,27,1.0,0.0,-0.0334812739001469,1.1642945185741382e-07,0.0,0.0,0.5578964918794385,1.5266012143816332,0.6251395640159995,0.0216749141820945,21.67491418209453,414.4257671933883,0.7790206084667284,1.6117999026008594,0.1732461719657294,0.0430252679507248,0.092958359979093,0.0106244470225647,1.0,0.0,4.234742112101712,4.234742164611816,0.0
NORMALIZED_POV_L1,5,27,1.0,0.0,-0.071765610982945,0.0,0.0,0.0,0.6782110791566723,2.058960287284983,1.0303176456215444,0.0232203225186724,23.22032251867245,368.31639519361306,1.1174407479571302,2.377009066825832,1.152892977988813,0.0506105338572524,1.020550636923872,0.1132793459109962,7.0,0.0,30.072051701154265,5.807215690612793,0.0
DAMPED_POV_L05,5,27,0.0,0.0,0.0833322973919785,0.0,0.0,0.0,0.7471529354073101,0.9444339303415988,0.45921363915595,0.013090324232891,13.090324232891028,2631.4805317656064,0.4298562260964961,1.1348065493009998,1.0592912090360187,0.0506064390647225,0.9268010298837908,0.1023376330267638,7.0,0.0,27.47368939211775,2.238964796066284,0.0
DAMPED_POV_L025,5,27,0.0,0.0,0.1031586495245844,0.0,0.0,0.0,0.8799876188342981,0.8456654947877157,0.515703363489024,0.0127739170519207,12.773917051920767,3189.382074651981,0.2471638447113198,1.1748684978188026,1.0546461319900118,0.0519284631009213,0.921260132046882,0.1028334039729088,7.0,0.0,31.09190298106533,1.1898425817489624,0.0
PLAIN_FM,5,28,0.0,0.0,0.129680420567426,0.0,0.0,0.0,1.052421392209803,1.070607976477776,0.6628559860432801,0.0307360419835287,30.736041983528757,8824.575271971733,0.1018394681739055,1.3886670687792415,0.0708173159509897,0.0446323528885841,0.0,0.0,0.0,0.0,0.0,0.0,0.0
GOAL_AWARE_FINAL_PROJECTION,5,28,1.0,0.0,-0.0369056934594026,0.0,0.0,0.0,0.557510639478071,1.508334990103216,0.6155445986224958,0.0212357946432423,21.235794643242308,403.1616665977916,0.7817390247407139,1.6004854288443455,0.1735275000100955,0.0433176339720375,0.0926982530509121,0.0105705640162341,1.0,0.0,4.15598350644896,4.1559834480285645,0.0
NORMALIZED_POV_L1,5,28,0.0,0.0,0.0090766452700496,0.0,0.0,0.0,0.4861510502143696,0.8085417963901115,0.4688963231280885,0.0040670120241806,4.067012024180694,174.0684321100028,0.6458489545383423,0.9720408156887812,1.4383480590186082,0.0509306470048613,1.30459220695775,0.147468481096439,7.0,0.0,27.203715525116905,3.132533073425293,0.0
DAMPED_POV_L05,5,28,0.0,0.0,0.0882440191159011,0.0,0.0,0.0,0.7533986326887351,0.9024486185175238,0.4630454790047614,0.0169326933757227,16.932693375722785,4288.54843293216,0.4204641985733318,1.133337058435404,1.2481256219907664,0.0497887500678189,1.1151950810453857,0.1229924418730661,7.0,0.0,29.21344542349344,2.095315933227539,0.0
DAMPED_POV_L025,5,28,0.0,0.0,0.1026145197192643,0.0,0.0,0.0,0.8923843681932325,0.8211044975476453,0.5119678690572504,0.0210815010145344,21.081501014534435,6173.8373756367255,0.2493043401488232,1.1709107011499449,1.3377434379654003,0.0511018520337529,1.2042521909461357,0.1317097929422743,7.0,0.0,28.5744267727531,1.115110158920288,0.0
PLAIN_FM,5,29,0.0,0.0,0.1195076055175253,0.0,0.0,1.3947796821594238,1.0233471255000852,1.187284871767115,0.72881656094256,0.0546423648644198,54.64236486441988,16405.9892496363,0.1099943586375512,1.366117595292436,0.0710790330194868,0.044610645098146,0.0,0.0,0.0,0.0,0.0,0.0,0.0
GOAL_AWARE_FINAL_PROJECTION,5,29,1.0,0.0,-0.073257725652497,0.0,0.0,0.0,0.7618422025287032,1.699555498224279,1.100194420606698,0.0138133444681266,13.813344468126656,259.79661328903165,0.9885203392217344,1.900998398121484,0.2672247809823602,0.0435923620243556,0.1858207189943641,0.021031127020251,1.0,0.0,5.130739483370315,5.130739688873291,0.0
NORMALIZED_POV_L1,5,29,0.0,0.0,0.0317522618406616,0.0,0.0,0.0,0.478118287707418,1.2361170459589437,0.5377457572303156,0.0073110616595045,7.311061659504515,261.2375008517298,0.8146029033845945,1.527184277494652,1.5273462460027076,0.0506121200160123,1.3943350089830346,0.1535754741635173,7.0,0.0,29.043263658872355,4.093765735626221,0.0
DAMPED_POV_L05,5,29,0.0,0.0,0.0689490105153872,0.0,0.0,0.0,0.5682358481805986,1.26250138033817,0.6596821442843186,0.0250702001454676,25.07020014546768,5919.85591990003,0.6649765035852806,1.5398198403221128,1.4341522860340774,0.050213631009683,1.3016387909301557,0.1455328279407695,7.0,0.0,31.00706587215988,3.420607328414917,0.0
DAMPED_POV_L025,5,29,0.0,0.0,0.1342286972321599,0.0,0.0,0.4447889328002929,0.8904019000064286,1.0158657684180945,0.5385113760165133,0.033024817894244,33.02481789424405,9229.0522468069,0.2385021045485919,1.3078091184854683,1.5227752199862152,0.0501334890723228,1.3901588199078103,0.1490037839394062,7.0,0.0,26.01202576234099,1.277143120765686,0.0
PLAIN_FM,5,30,0.0,0.0,0.1238344834561916,0.0,0.0,0.0,1.019522418793495,1.0766578620645657,0.6826888120876918,0.0215055099792165,21.505509979216523,5351.55344651903,0.0941073987125222,1.3625216393447568,0.0718811829574406,0.0449716659495607,0.0,0.0,0.0,0.0,0.0,0.0,0.0
GOAL_AWARE_FINAL_PROJECTION,5,30,1.0,0.0,-0.0432140408082575,1.1642945185741382e-07,0.0,0.0,0.5648844747702358,1.5677998674965543,0.5862683217903473,0.0226912740728858,22.691274072885847,432.3314874666244,0.787507307212298,1.5919509155003737,0.1754418910131789,0.0438331759651191,0.0936818100162781,0.010564714029897,1.0,0.0,4.290772182652599,4.290772438049316,0.0
NORMALIZED_POV_L1,5,30,0.0,0.0,0.0479168302723701,0.0,0.0,0.0,0.6331096626562038,1.7126091500803935,0.7044209643206998,0.0239637546310418,23.963754631041837,431.6756157910495,0.8264739268746311,2.0303117634972945,1.3485432660090737,0.0498892529285512,1.21577424404677,0.132999477093108,7.0,0.0,27.549766501881965,4.583608150482178,0.0
DAMPED_POV_L05,5,30,0.0,0.0,0.081278030656366,0.0,0.0,0.0,0.7143449338012301,0.7097556415837476,0.4841351789191174,0.0097343976445651,9.734397644565185,2276.8994234528604,0.315330814375709,1.1021246978630523,1.3429331760271452,0.0498129419866018,1.2103092460311018,0.131807571160607,7.0,0.0,26.73166494601225,1.6745668649673462,0.0
DAMPED_POV_L025,5,30,0.0,0.0,0.0977533858392892,0.0,0.0,0.0,0.8695025567473965,0.8797996049721645,0.5298143164545763,0.0149051160448527,14.905116044852784,3295.5328670321696,0.2390326932291968,1.1452117790416538,1.1753754880046472,0.0504624790046364,1.041300474957097,0.1150003509246744,7.0,0.0,27.62824560633676,1.2048639059066772,0.0
PLAIN_FM,5,31,0.0,0.0,0.128547017855505,0.0,0.0,0.1599979400634765,1.0401513736625456,1.1103737966329716,0.7086791088663321,0.0283176605935251,28.317660593525144,7607.384799651572,0.1094052256819497,1.3874594186765838,0.0721378909656778,0.0450005870661698,0.0,0.0,0.0,0.0,0.0,0.0,0.0
GOAL_AWARE_FINAL_PROJECTION,5,31,1.0,0.0,-0.0455460863520277,0.0,0.0,0.0,0.5388611998439357,1.5401486982063075,0.6363555651322566,0.0218433666215059,21.843366621505968,417.9139288812121,0.7749849348549274,1.5696435716136865,0.1765175490290857,0.0440572130028158,0.0939920989912934,0.0106279769679531,1.0,0.0,4.301131954054571,4.3011322021484375,0.0
NORMALIZED_POV_L1,5,31,0.0,0.0,0.0069212003405169,0.0,0.0,0.0,0.4699899050530539,1.4296179676857168,0.5149706019350933,0.0183504361612005,18.350436161200577,347.79369685984386,0.6785433386105943,1.4093508426365433,1.3460247429902663,0.049909143068362,1.2129360709805042,0.1334787000087089,7.0,0.0,25.82071938143364,3.7055819034576416,0.0
DAMPED_POV_L05,5,31,0.0,0.0,0.0858098118718434,0.0,0.0,0.0,0.745618511699751,0.951620032615545,0.4831371756879384,0.0154276071761865,15.42760717618652,3365.2816652863567,0.4200690277049942,1.1198723834749704,1.2480006230180152,0.0496185980155132,1.115229555929545,0.1241191650624387,7.0,0.0,28.843444643032598,2.2919554710388184,0.0
DAMPED_POV_L025,5,31,0.0,0.0,0.0997671292652155,0.0,0.0,0.0,0.8812817919574027,0.8660652769131009,0.5544960863195139,0.0175379828579682,17.53798285796826,4657.215122420409,0.2277733390927704,1.14924498096497,1.245017405017279,0.0496160969487391,1.1129052569740452,0.1219373921048827,7.0,0.0,26.46065503466965,1.1899254322052002,0.0
