method,task_id,seed,collision,success,min_clearance,joint_limit_violation,velocity_violation,acceleration_violation,terminal_goal_error,joint_path_length,ee_path_length,smoothness,acceleration_cost,jerk_cost,reference_distance,terminal_joint_error,planning_latency_sec,fm_latency_sec,projection_latency_sec,projection_solver_latency_sec,projection_calls,failed_projection_solves,projection_correction_sum,trajectory_distortion_vs_plain,projection_failure_rate,trigger_fraction,zero_projection_trajectory
PLAIN_FM,0,0,0.0,0.0,0.07128309431491557,0.0,0.26482270326614366,3.9021146297454834,0.4667795981086212,3.2125233831537368,0.8903069096375384,0.0547209868745947,54.7209868745947,12386.080328951233,0.13812201875114405,1.43700027116363,0.0891078480053693,0.04422855592565611,0.0,0.0,0.0,0.0,0.0,0.0,0.0,0.0,1.0
ORIGINAL_SAFEFLOWMPC,0,0,0.0,0.0,0.09979415023727309,0.0,0.00033215847015366506,0.0,0.6078547369463205,2.266119931775533,0.5986556814601786,0.025467925540007944,25.467925540007943,354.08164625671816,0.31125374825135965,2.1921916959584387,0.19210948405088857,0.046300871938001364,0.042633323871996254,0.03234268008964136,7.0,0.0,18.075954926692887,1.7690675258636475,0.0,0.0,0.0
POV_L05_ALWAYS,0,0,0.0,0.0,0.04346607391588182,0.0,0.007745784187316751,0.0,0.4488678787312162,2.72357705673799,0.8064615866400666,0.025443588332901168,25.44358833290117,3289.6607772294756,0.23282392409792044,1.7687742602043532,1.4350360950338654,0.04838514298899099,1.300027757883072,0.1439420249662362,7.0,0.0,23.058177961813655,1.3138694763183594,0.0,0.0,0.0
POV_L05_ADAPTIVE,0,0,0.0,0.0,0.04346607391588182,0.0,0.007745784187316751,0.0,0.4488678787312162,2.72357705673799,0.8064615866400666,0.025443588332901168,25.44358833290117,3289.6607772294756,0.23282392409792044,1.7687742602043532,1.4203561190515757,0.04906595102511346,1.2911181990639307,0.14356176694855094,7.0,0.0,23.058177961813655,1.3138694763183594,0.0,1.0,0.0
POV_L025_ADAPTIVE,0,0,0.0,0.0,0.04773028851775034,0.0,0.018587869071960306,1.545943021774292,0.4496929611062177,2.9182876186463713,0.8351507410072827,0.03833146766693871,38.331467666938714,7797.169835677137,0.1363085995912888,1.5886716042621898,1.324340212973766,0.048891234037000686,1.195995144895278,0.13236784713808447,7.0,0.0,23.03810567711186,0.7383241653442383,0.0,1.0,0.0
GOAL_AWARE_FINAL_PROJECTION,0,0,0.0,0.0,0.041057072700821415,0.0,0.0,0.0,0.46555230869381264,2.5614427478670003,0.8182396501559387,0.030671665359715272,30.671665359715277,526.3127669160817,0.45299151984361724,2.128913457189414,0.17210939998039976,0.04354101902572438,0.09204215399222448,0.010406198038253933,1.0,0.0,2.392152455426575,2.3921525478363037,0.0,0.0,0.0
PLAIN_FM,0,1,0.0,0.0,0.0542539540896924,0.0,0.2275168464660644,0.0,0.448154549978916,3.1815735877522284,0.8986559665992776,0.047675735956651616,47.675735956651614,10510.871320750486,0.1331795841682959,1.3733572617495895,0.06911149504594505,0.04354296799283475,0.0,0.0,0.0,0.0,0.0,0.0,0.0,0.0,1.0
ORIGINAL_SAFEFLOWMPC,0,1,0.0,0.0,0.08465102875678375,0.0,0.0020288990020751463,0.0,0.5944251490977533,2.24640699765861,0.6013823695290121,0.025009339868157898,25.0093398681579,346.7692980310533,0.31182574574389793,2.1610129658262514,0.18784527498064563,0.045798796985764056,0.04127893201075494,0.0316073420108296,7.0,0.0,18.008276588059413,1.686044454574585,0.0,0.0,0.0
POV_L05_ALWAYS,0,1,0.0,0.0,0.04147627424078798,0.0,0.07129545669555659,0.0,0.463383245814334,2.5058999646546,0.7869690972108667,0.03496181827061351,34.96181827061351,4523.842061670535,0.45609891741842834,2.034028286788254,1.6750694310176186,0.047781258006580174,1.5485982010723092,0.16383441805373877,7.0,0.0,26.222094180484618,2.377143621444702,0.0,0.0,0.0
POV_L05_ADAPTIVE,0,1,0.0,0.0,0.04147627424078798,0.0,0.07129545669555659,0.0,0.463383245814334,2.5058999646546,0.7869690972108667,0.03496181827061351,34.96181827061351,4523.842061670535,0.45609891741842834,2.034028286788254,1.6848545219982043,0.048695250996388495,1.5555759509443305,0.16456520691281185,7.0,0.0,26.22209418048368,2.377143621444702,0.0,1.0,0.0
POV_L025_ADAPTIVE,0,1,0.0,0.0,0.029132432688740904,0.0,0.15539761047363276,0.49182891845703125,0.4475727519227435,2.8140694391428775,0.8236791448280328,0.038942682370124326,38.94268237012433,7674.706965317779,0.23211457850951056,1.6194325228170863,1.6753932389547117,0.048225608945358545,1.5476384649518877,0.16552173090167344,7.0,0.0,25.03785418411349,1.0843427181243896,0.0,1.0,0.0
GOAL_AWARE_FINAL_PROJECTION,0,1,0.0,0.0,0.04828791713295934,1.1642945185741382e-07,0.004154400634765576,0.0,0.43624479857759846,2.623557092453491,0.8104777192909864,0.052008082143026074,52.00808214302607,1186.8445655294602,0.6425782424284696,2.1263789216691023,0.2662484779721126,0.044873010949231684,0.18321414600359276,0.01967100508045405,1.0,0.0,3.1629518281052595,3.162951946258545,0.0,0.0,0.0
PLAIN_FM,0,2,0.0,0.0,0.06846092663355709,0.0,0.24138332571983323,0.0,0.4507020561450803,3.2000971500175366,0.8754920496473305,0.038110066969049394,38.11006696904939,7002.454474949251,0.15219075423646974,1.4189390159689457,0.06989714503288269,0.04430870711803436,0.0,0.0,0.0,0.0,0.0,0.0,0.0,0.0,1.0
ORIGINAL_SAFEFLOWMPC,0,2,0.0,0.0,0.08647964728420451,0.0,0.0021934078216552244,0.0,0.5970462796337292,2.261089083881498,0.5980838538952035,0.02535247864410871,25.35247864410871,352.402999778613,0.30775083171984186,2.1559452541365847,0.18882573896553367,0.04731928597902879,0.04032019595615566,0.03071142901899293,7.0,0.0,15.867308921867277,1.7890167236328125,0.0,0.0,0.0
POV_L05_ALWAYS,0,2,0.0,0.0,0.03640388184642117,0.0,0.0,0.0,0.4209330310494158,2.6245354962357537,0.8034059895028276,0.02243059723418528,22.430597234185278,2601.350240965705,0.2708319781914298,1.747974235558358,1.6796721989521757,0.04955371195683256,1.551071236957796,0.1670384387834929,7.0,0.0,18.364378007458505,1.4538460969924927,0.0,0.0,0.0
POV_L05_ADAPTIVE,0,2,0.0,0.0,0.03640388184642117,0.0,0.0,0.0,0.4209330310494158,2.6245354962357537,0.8034059895028276,0.02243059723418528,22.430597234185278,2601.350240965705,0.2708319781914298,1.747974235558358,1.6891058210167103,0.04913402104284614,1.5600466170581058,0.16805976501200348,7.0,0.0,18.364378007451656,1.4538460969924927,0.0,1.0,0.0
POV_L025_ADAPTIVE,0,2,0.0,0.0,0.05175169241053536,0.0,0.06599064331054683,0.0,0.4301603459331698,2.9489040976401975,0.8422835186136575,0.028773784162817034,28.773784162817037,4324.2420315362515,0.1659415787585501,1.5617311339671496,1.6894813709659502,0.04904285992961377,1.5603229229454882,0.1676545879454352,7.0,0.0,18.408183074678554,0.7354280352592468,0.0,1.0,0.0
GOAL_AWARE_FINAL_PROJECTION,0,2,0.0,0.0,0.06659405872489514,0.0,0.0,0.0,0.4686228892879898,2.715933796882378,0.8594911144367816,0.0372962508171584,37.2962508171584,665.6204620453218,0.494308022135435,2.000000473027739,0.17582439503166825,0.04418934602290392,0.0944410459487699,0.010728575987741351,1.0,0.0,2.444248886059159,2.444248914718628,0.0,0.0,0.0
PLAIN_FM,0,3,0.0,0.0,0.07206453917989504,0.0,0.2089800056457518,2.84456729888916,0.45921352991696374,3.2012565841264995,0.9058163467177829,0.04113670616714238,41.13670616714238,7680.173216384212,0.12849558717346254,1.4480022872149885,0.0711522379424423,0.044947795977350324,0.0,0.0,0.0,0.0,0.0,0.0,0.0,0.0,1.0
ORIGINAL_SAFEFLOWMPC,0,3,0.0,0.0,0.08752975599326047,0.0,0.0,0.0,0.6083416585548407,2.206162010086858,0.5874454117372796,0.024234258497584177,24.23425849758418,331.3856169869553,0.324296412784435,2.1966984769197526,0.1936940349987708,0.04818572889780626,0.04317543690558523,0.03327490296214819,7.0,0.0,16.804985970888236,1.8173918724060059,0.0,0.0,0.0
POV_L05_ALWAYS,0,3,0.0,0.0,0.04033212320238547,0.0,0.004961055183410501,0.0,0.437878843854277,2.7495447342682287,0.8356454749710753,0.024212086031579205,24.212086031579204,2471.0082215965376,0.2646479532459175,1.8039764615258749,1.2284173889784142,0.0489183270256035,1.1004544841125607,0.12211179599398747,7.0,0.0,20.053943942842377,1.4238523244857788,0.0,0.0,0.0
POV_L05_ADAPTIVE,0,3,0.0,0.0,0.04033212320238547,0.0,0.004961055183410501,0.0,0.437878843854277,2.7495447342682287,0.8356454749710753,0.024212086031579205,24.212086031579204,2471.0082215965376,0.2646479532459175,1.8039764615258749,1.2272789209964685,0.04864039801759645,1.0995936310500838,0.12208325491519645,7.0,0.0,20.053943942842377,1.4238523244857788,0.0,1.0,0.0
POV_L025_ADAPTIVE,0,3,0.0,0.0,0.04900417918554027,0.0,0.029238474035262918,0.7008862495422363,0.443074802702874,2.9223073032562534,0.8576403922589432,0.029603430622630267,29.603430622630267,4805.567590757676,0.15128470762159338,1.6040655262835675,1.3271346960100345,0.04999547509942204,1.197506366064772,0.13095262396382168,7.0,0.0,21.782828067912156,0.781503438949585,0.0,1.0,0.0
GOAL_AWARE_FINAL_PROJECTION,0,3,0.0,0.0,0.07466719525793518,0.0,0.0,0.0,0.4585320216351335,2.8510474492898283,0.8862858216561127,0.04495278666920659,44.952786669206596,876.0342649186238,0.5035116861750495,1.9365955226226619,0.1735311170341447,0.044065611029509455,0.09279471397167072,0.010595062980428338,1.0,0.0,2.507826718254823,2.507826805114746,0.0,0.0,0.0
PLAIN_FM,0,4,0.0,0.0,0.07344253612534968,0.0,0.31594977941513047,1.2879979610443115,0.4554710032326637,3.227788364615522,0.8601428529939373,0.04661211657227504,46.61211657227504,10484.056012830557,0.15879118864958097,1.4085414392819284,0.06968070997390896,0.0439832589472644,0.0,0.0,0.0,0.0,0.0,0.0,0.0,0.0,1.0
ORIGINAL_SAFEFLOWMPC,0,4,0.0,0.0,0.12236671427742313,0.0,0.0,0.0,0.6543587099000838,2.1505524137248626,0.5358676539279477,0.023175971004573463,23.175971004573466,297.5066687619446,0.3384728844265207,2.2256540524074944,0.18873259704560041,0.046532265027053654,0.04072815703693777,0.031051049125380814,7.0,0.0,17.651358331018592,2.02455472946167,0.0,0.0,0.0
POV_L05_ALWAYS,0,4,0.0,0.0,0.009198050221797538,0.0,0.0,0.0,0.3775147701885797,2.7034108246942523,0.8003282543448537,0.032973588565353706,32.9735885653537,4148.389310385209,0.34379855217022953,1.5079015405572473,1.6016084940056317,0.04894139606039971,1.4728536800830625,0.15956315695075318,7.0,0.0,27.417907931767623,1.7403687238693237,0.0,0.0,0.0
POV_L05_ADAPTIVE,0,4,0.0,0.0,0.009198050221797538,0.0,0.0,0.0,0.3775147701885797,2.7034108246942523,0.8003282543448537,0.032973588565353706,32.9735885653537,4148.389310385209,0.34379855217022953,1.5079015405572473,1.5934145540231839,0.04898886795854196,1.4643426200491376,0.1616353809949942,7.0,0.0,27.417907931767623,1.7403687238693237,0.0,1.0,0.0
POV_L025_ADAPTIVE,0,4,0.0,0.0,0.047825891817601676,0.0,0.08376502659320817,0.0,0.432712330630658,2.9705395224623095,0.8370076404026388,0.03305615333757519,33.05615333757519,6385.1417447091235,0.17103680415482853,1.5084432901664362,1.3931275799986906,0.04878600290976465,1.2661051989998668,0.14049325010273606,7.0,0.0,23.47711900250498,0.7878167033195496,0.0,1.0,0.0
GOAL_AWARE_FINAL_PROJECTION,0,4,0.0,0.0,0.05443756579861232,0.0,0.0,0.0,0.4678813976855128,2.486309172873717,0.8166132548002888,0.027786850033924115,27.786850033924118,479.12162582875453,0.4942263137209801,2.146724911976771,0.17220252199331298,0.04351481603225693,0.09229062095982954,0.010536560963373631,1.0,0.0,2.5957348241227454,2.5957348346710205,0.0,0.0,0.0
PLAIN_FM,0,5,0.0,0.0,0.06871894711325184,0.0,0.4044778760910033,0.9894442558288574,0.45396397892630014,3.2318001489384773,0.9142575046786916,0.04543701543915146,45.43701543915146,8801.735405676902,0.1358455085866821,1.385202283025336,0.06921600800706074,0.043585238920059055,0.0,0.0,0.0,0.0,0.0,0.0,0.0,0.0,1.0
ORIGINAL_SAFEFLOWMPC,0,5,0.0,0.0,0.09901189740558727,0.0,0.0004489835739134307,0.0,0.6246787382648272,2.207390317644884,0.5754423969462862,0.02445504508106945,24.45504508106945,334.6058252899909,0.3211353338162485,2.1972075946357914,0.18362114601768553,0.04517313902033493,0.039757679973263294,0.030305027030408382,7.0,0.0,18.525505789797737,1.8109307289123535,0.0,0.0,0.0
POV_L05_ALWAYS,0,5,0.0,0.0,0.034998636861910515,0.0,0.0,0.0,0.43841371251134226,2.572614698568555,0.7813225082498195,0.021918196683043067,21.918196683043067,3088.429434523476,0.25325670085059004,1.7556400146767748,1.2000411209883168,0.0472763929865323,1.0752179449773394,0.11830431502312422,7.0,0.0,19.439147226856374,1.4036567211151123,0.0,0.0,0.0
POV_L05_ADAPTIVE,0,5,0.0,0.0,0.034998636861910515,0.0,0.0,0.0,0.43841371251134226,2.572614698568555,0.7813225082498195,0.021918196683043067,21.918196683043067,3088.429434523476,0.25325670085059004,1.7556400146767748,1.1988156699808314,0.04717340396018699,1.0744759049848653,0.11791324696969241,7.0,0.0,19.439147226856374,1.4036567211151123,0.0,1.0,0.0
POV_L025_ADAPTIVE,0,5,0.0,0.0,0.038291872781755804,0.0,0.03098602752685542,0.0,0.426121418790424,2.8802079952287243,0.8540347482058449,0.034336901825851474,34.33690182585147,5836.675941736092,0.2186165881616265,1.5460696264238498,1.2862900759791955,0.04731723491568118,1.161826190073043,0.12655195099068806,7.0,0.0,21.384523428211203,1.0819886922836304,0.0,1.0,0.0
GOAL_AWARE_FINAL_PROJECTION,0,5,0.0,0.0,0.03643345088395504,1.1642945185741382e-07,0.004154400634765576,0.0,0.30427644089364597,2.5924892269239157,0.9242584131612798,0.04650608907453551,46.50608907453551,1043.7173870297968,0.6060314274612589,1.8090501075302075,0.25499703898094594,0.04282341891666874,0.17647735303035006,0.01806898502400145,1.0,0.0,3.0783666788484916,3.078366756439209,0.0,0.0,0.0
PLAIN_FM,0,6,0.0,0.0,0.06484939355565979,0.0,0.2835099514961241,2.738626003265381,0.44167463901593484,3.2023848000459663,0.910502013088369,0.04454768841918677,44.54768841918678,8511.49543714107,0.14292172461080252,1.4344313955465378,0.0676183570176363,0.042616712977178395,0.0,0.0,0.0,0.0,0.0,0.0,0.0,0.0,1.0
ORIGINAL_SAFEFLOWMPC,0,6,0.0,0.0,0.09535836151799199,0.0,0.0010978744506835447,0.0,0.6051225225811642,2.240527045661476,0.5966918098337561,0.02490274287203648,24.902742872036484,344.2492661938971,0.3100968471577452,2.1781270508251622,0.18278121401090175,0.04475624888436869,0.039622548036277294,0.03022312599932775,7.0,0.0,16.992270731150583,1.7627300024032593,0.0,0.0,0.0
POV_L05_ALWAYS,0,6,0.0,0.0,0.04525743081173102,0.0,0.0,0.10632991790771484,0.43743457201922203,2.513378193984408,0.7935014715751527,0.030271229577668833,30.271229577668834,5405.010096099468,0.32616611506523363,1.8416959353391564,1.5548750939778984,0.04731477505993098,1.429703637957573,0.15384953212924302,7.0,0.0,22.518010115595906,1.66233229637146,0.0,0.0,0.0
POV_L05_ADAPTIVE,0,6,0.0,0.0,0.04525743081173102,0.0,0.0,0.10632991790771484,0.43743457201922203,2.513378193984408,0.7935014715751527,0.030271229577668833,30.271229577668834,5405.010096099468,0.32616611506523363,1.8416959353391564,1.550433330994565,0.047027636028360575,1.4259232719778083,0.15338525909464806,7.0,0.0,22.518010115595906,1.66233229637146,0.0,1.0,0.0
POV_L025_ADAPTIVE,0,6,0.0,0.0,0.04524493480588214,0.0,0.06450341310501084,0.676800012588501,0.4220065430932748,2.9039195922315297,0.8627826631203563,0.03506400850686264,35.06400850686264,6078.5691937318425,0.1783579068453032,1.5965698259724588,1.636404357966967,0.046807782957330346,1.5125543980393559,0.16299676394555718,7.0,0.0,20.147798194121997,0.7657826542854309,0.0,1.0,0.0
GOAL_AWARE_FINAL_PROJECTION,0,6,0.0,0.0,0.043270783716317734,0.0,0.0,0.0,0.42664176704152734,2.294839983261643,0.8102752694941565,0.02205012263114392,22.05012263114392,406.1919047696483,0.4889762571176985,2.3878357735298437,0.1680166149744764,0.04261630604742095,0.08982458699028939,0.01026811299379915,1.0,0.0,2.542702993340793,2.5427029132843018,0.0,0.0,0.0
PLAIN_FM,0,7,0.0,0.0,0.06774255636681951,0.0,0.28606490459442124,0.2149057388305664,0.4510840570144335,3.2081582566018483,0.9275421565363855,0.04082554702899832,40.82554702899832,7358.138151546002,0.12441299199805718,1.3904349254506188,0.06789272400783375,0.04290019994368777,0.0,0.0,0.0,0.0,0.0,0.0,0.0,0.0,1.0
ORIGINAL_SAFEFLOWMPC,0,7,0.0,0.0,0.08525890857975402,0.0,0.0029873416900634275,0.0,0.5913709929884619,2.265333301591794,0.6083592951083246,0.0254195942410547,25.4195942410547,355.2759730738778,0.3115927195991741,2.165358453335829,0.18369083700235933,0.045099717972334474,0.04064249503426254,0.03130739298649132,7.0,0.0,19.223135400150866,1.7278697490692139,0.0,0.0,0.0
POV_L05_ALWAYS,0,7,0.0,0.0,0.03038394017698029,0.0,0.01212473373413081,0.2614256739616394,0.4647403123539879,2.501483996428191,0.783389143991732,0.03136848025574973,31.36848025574973,5054.572570214988,0.2953937622170109,1.9058127655368011,1.4702779820072465,0.04705244902288541,1.3459349879412912,0.1472935118363239,7.0,0.0,24.770668061529403,1.6621183156967163,0.0,0.0,0.0
POV_L05_ADAPTIVE,0,7,0.0,0.0,0.03038394017698029,0.0,0.01212473373413081,0.2614256739616394,0.4647403123539879,2.501483996428191,0.783389143991732,0.03136848025574973,31.36848025574973,5054.572570214988,0.2953937622170109,1.9058127655368011,1.5038130430039018,0.048441185033880174,1.3765094828559086,0.14810987591044977,7.0,0.0,24.770668061529403,1.6621183156967163,0.0,1.0,0.0
POV_L025_ADAPTIVE,0,7,0.0,0.0,0.04428935131362084,0.0,0.0634383153557776,0.5867031216621399,0.44983652299288807,2.8578363185245315,0.8485509362203141,0.03385793374457444,33.85793374457444,5629.549512543752,0.1439356157780188,1.5928210562174454,1.5266503100283444,0.048545037978328764,1.397784138971474,0.1497507348540239,7.0,0.0,24.66648885296184,0.7876803874969482,0.0,1.0,0.0
GOAL_AWARE_FINAL_PROJECTION,0,7,0.0,0.0,0.04721894978714326,0.0,0.0,0.0,0.4556224056640428,2.250650909215079,0.7556837961703224,0.018234483500982585,18.234483500982584,317.6728284204511,0.44532391044097525,2.191572110204773,0.17594417900545523,0.04431199899408966,0.09428146202117205,0.010461539030075073,1.0,0.0,2.3299836056031067,2.3299834728240967,0.0,0.0,0.0
PLAIN_FM,0,8,0.0,0.0,0.06493468607751472,0.0,0.33966855373382554,1.3835203647613525,0.4525520510612393,3.183833300789873,0.8632210541042896,0.04204791911927297,42.04791911927297,8486.41914696826,0.15207109830735113,1.4250701717156975,0.0708192290039733,0.04454274399904534,0.0,0.0,0.0,0.0,0.0,0.0,0.0,0.0,1.0
ORIGINAL_SAFEFLOWMPC,0,8,0.0,0.0,0.08189332149130402,0.0,0.0019144580841063963,0.0,0.5931197715837997,2.2593753631361824,0.6009059447064732,0.025338991168812677,25.33899116881268,352.19650176201156,0.30969446817024004,2.158717955418501,0.18811463203746825,0.046498813084326684,0.03925065905787051,0.02945377497235313,7.0,0.0,16.86824189097037,1.7637503147125244,0.0,0.0,0.0
POV_L05_ALWAYS,0,8,0.0,0.0,0.03064334671243421,0.0,0.06768183078765855,0.0,0.43698857364842575,2.706344290525837,0.7946335935566743,0.02953505353758379,29.53505353758379,4177.0758482124975,0.26831276087732214,1.7742878403108509,1.4297803420340642,0.04830729105742648,1.3012117589241825,0.14072597899939865,7.0,0.0,21.445053378159947,1.3719384670257568,0.0,0.0,0.0
POV_L05_ADAPTIVE,0,8,0.0,0.0,0.03064334671243421,0.0,0.06768183078765855,0.0,0.43698857364842575,2.706344290525837,0.7946335935566743,0.02953505353758379,29.53505353758379,4177.0758482124975,0.26831276087732214,1.7742878403108509,1.4131035330356099,0.04794277198379859,1.2862159049836919,0.13890427810838446,7.0,0.0,21.445053378159947,1.3719384670257568,0.0,1.0,0.0
POV_L025_ADAPTIVE,0,8,0.0,0.0,0.04815434184046337,0.0,0.08294469904303536,0.5108681321144104,0.43811444829091795,2.9456846411227318,0.8305070293762129,0.03284885778452753,32.84885778452753,5826.3583571819945,0.1718724774024794,1.581446496067912,1.3757120129885152,0.04681160504696891,1.2518392510246485,0.13667081104358658,7.0,0.0,20.295204567277185,0.7108085751533508,0.0,1.0,0.0
GOAL_AWARE_FINAL_PROJECTION,0,8,0.0,0.0,0.043319077611985474,1.1642945185741382e-07,0.004154400634765576,0.0,0.33089888529678346,2.655174902684147,0.8998526654381523,0.0490220714585865,49.02207145858651,1042.3379635553176,0.5492742844461409,1.8036444407258088,0.25620942999375984,0.04276409698650241,0.17769553401740268,0.018614947970490903,1.0,0.0,2.734421889796173,2.734421968460083,0.0,0.0,0.0
PLAIN_FM,0,9,0.0,0.0,0.07364178948492252,0.0,0.265439536833763,2.3151707649230957,0.43765586741901186,3.256729275238188,0.8856193737404882,0.046621832619168274,46.62183261916827,9462.503938171189,0.19171428829971937,1.3980998517975012,0.06814903998747468,0.04303094698116183,0.0,0.0,0.0,0.0,0.0,0.0,0.0,0.0,1.0
ORIGINAL_SAFEFLOWMPC,0,9,0.0,0.0,0.10388442157324532,0.0,0.0,0.0,0.6282699016641019,2.2101175322965454,0.5673255828288568,0.024383555916804373,24.383555916804376,325.699669459301,0.32563539540371444,2.192858000567522,0.18399837601464242,0.04522235307376832,0.040772755979560316,0.03128581208875403,7.0,0.0,16.920453600862366,2.031235456466675,0.0,0.0,0.0
POV_L05_ALWAYS,0,9,0.0,0.0,0.048381895919814885,0.0,0.0,0.0936579704284668,0.42075391345936664,2.557878520256144,0.8108207634414345,0.024542745095433416,24.542745095433418,2627.6847589131457,0.33189438482762634,1.8991091718901107,1.377991852001287,0.04692151502240449,1.2537392700905912,0.1367964370874688,7.0,0.0,27.605235602071712,1.9179649353027344,0.0,0.0,0.0
POV_L05_ADAPTIVE,0,9,0.0,0.0,0.048381895919814885,0.0,0.0,0.0936579704284668,0.42075391345936664,2.557878520256144,0.8108207634414345,0.024542745095433416,24.542745095433418,2627.6847589131457,0.33189438482762634,1.8991091718901107,1.3837663610465825,0.04720396100310609,1.2586259970557876,0.1367543010856025,7.0,0.0,27.605235602071712,1.9179649353027344,0.0,1.0,0.0
POV_L025_ADAPTIVE,0,9,0.0,0.0,0.047225188328744436,0.0,0.040014695787429666,0.22091984748840332,0.4336221132766845,2.874288217544977,0.8276013695502092,0.030103045355563185,30.10304535556319,5024.745673361286,0.16682196595084436,1.5781863515157715,1.5532522929715924,0.04692690493538976,1.428924907988403,0.1546174772665836,7.0,0.0,26.531739016455244,0.8901798129081726,0.0,1.0,0.0
GOAL_AWARE_FINAL_PROJECTION,0,9,0.0,0.0,0.05750232141334448,0.0,0.0,0.0,0.4456852016826996,2.4338824416036235,0.8519666291582999,0.02720525645481897,27.205256454818972,484.66070613109036,0.4857158886758162,2.2020636374110816,0.16863896104041487,0.042674585012719035,0.09015489503508434,0.010308273951523006,1.0,0.0,2.605084983536486,2.6050851345062256,0.0,0.0,0.0
PLAIN_FM,0,10,0.0,0.0,0.05368686935653379,0.0,0.29797719087600694,1.0349345207214355,0.4259373115424244,3.2093802357701513,0.9072455304795978,0.03842669061557924,38.42669061557925,7829.268188754758,0.16294654301049677,1.3296472575301659,0.06834456499200314,0.04316193895647302,0.0,0.0,0.0,0.0,0.0,0.0,0.0,0.0,1.0
ORIGINAL_SAFEFLOWMPC,0,10,0.0,0.0,0.09471259216692766,0.0,0.0003750738143919463,0.0,0.608493730174907,2.242997517123535,0.5931203954523794,0.02503354243795003,25.033542437950032,346.1152379402588,0.3134132272842899,2.176538578514669,0.18440642696805298,0.04507404798641801,0.040805627999361604,0.031326296855695546,7.0,0.0,16.483962545482427,1.8497449159622192,0.0,0.0,0.0
POV_L05_ALWAYS,0,10,0.0,0.0,0.03091878010731934,0.0,0.0,0.0,0.4329561527236314,2.7056748099006027,0.8090745823114214,0.025312017318703917,25.312017318703916,2854.7209277996867,0.29055892773444836,1.7273730677750376,1.4622595959808677,0.04689647495979443,1.3379647920373827,0.14350137492874637,7.0,0.0,26.626089125342222,1.5905556678771973,0.0,0.0,0.0
POV_L05_ADAPTIVE,0,10,0.0,0.0,0.03091878010731934,0.0,0.0,0.0,0.4329561527236314,2.7056748099006027,0.8090745823114214,0.025312017318703917,25.312017318703916,2854.7209277996867,0.29055892773444836,1.7273730677750376,1.4674689400126226,0.04691763693699613,1.3430469930171967,0.1440044678747654,7.0,0.0,26.626089125342222,1.5905556678771973,0.0,1.0,0.0
POV_L025_ADAPTIVE,0,10,0.0,0.0,0.0350650862297323,0.0,0.032741364502906656,0.0,0.4228652559540664,2.919877276948403,0.8519493453027184,0.026819029217670765,26.819029217670767,4453.88345686124,0.1612320503409441,1.4927974157683142,1.4731887970119715,0.04720842104870826,1.34789809002541,0.1465415809652768,7.0,0.0,20.661625597425225,0.7084692716598511,0.0,1.0,0.0
GOAL_AWARE_FINAL_PROJECTION,0,10,0.0,0.0,0.048136884772202446,0.0,0.0,0.0,0.4423355590115047,2.598574589783287,0.850993011032253,0.03469101959094256,34.69101959094257,635.3860023898277,0.5066935583251314,2.140631746256459,0.16885058698244393,0.04291419294895604,0.09003305301303044,0.010255524015519768,1.0,0.0,2.6301356364595896,2.6301355361938477,0.0,0.0,0.0
PLAIN_FM,0,11,0.0,0.0,0.06351668339826581,0.0,0.32583491172790513,0.6984424591064453,0.45304711640195483,3.1507387576604042,0.904358574415116,0.05065303451605152,50.65303451605152,11360.561937820377,0.11579828414958314,1.4353376534200826,0.06802533799782395,0.04289577103918418,0.0,0.0,0.0,0.0,0.0,0.0,0.0,0.0,1.0
ORIGINAL_SAFEFLOWMPC,0,11,0.0,0.0,0.08888805131834651,0.0,0.0005324300765989776,0.0,0.602442790949168,2.229822265975803,0.593840631399317,0.024700466264447364,24.700466264447364,342.18282738558054,0.3117531464193733,2.1700940215613507,0.184231132036075,0.045137729961425066,0.040751225897111,0.03135329595534131,7.0,0.0,15.994192626289122,1.6227176189422607,0.0,0.0,0.0
POV_L05_ALWAYS,0,11,0.0,0.0,0.036306996053522764,0.0,0.0,0.0,0.45358019480056727,2.596297573561247,0.8133888413065937,0.03047326636887779,30.473266368877788,4430.164110988082,0.3036197628284837,1.9391651915963575,1.554204848012887,0.046805801102891564,1.4299643169506453,0.15427008096594363,7.0,0.0,21.313449181677864,1.5111265182495117,0.0,0.0,0.0
POV_L05_ADAPTIVE,0,11,0.0,0.0,0.036306996053522764,0.0,0.0,0.0,0.45358019480056727,2.596297573561247,0.8133888413065937,0.03047326636887779,30.473266368877788,4430.164110988082,0.3036197628284837,1.9391651915963575,1.5564230349846184,0.04722113406751305,1.431284780963324,0.1546023039263673,7.0,0.0,21.31344918167787,1.5111265182495117,0.0,1.0,0.0
POV_L025_ADAPTIVE,0,11,0.0,0.0,0.04485071735415619,0.0,0.043542992734908914,0.4576754570007324,0.4505033117099676,2.820629645062736,0.8524111359951208,0.042655996985081934,42.65599698508194,8557.628811696906,0.19925795759651233,1.6880562041918696,1.4693361980025657,0.04718953208066523,1.3443880209815688,0.14549918612465262,7.0,0.0,23.084659007796642,0.9223803877830505,0.0,1.0,0.0
GOAL_AWARE_FINAL_PROJECTION,0,11,0.0,0.0,0.047462348190807885,0.0,0.0,0.0,0.4466795526202241,2.1993234521103195,0.798312342953501,0.018016410535125343,18.016410535125342,320.7522750674763,0.5251025051499046,2.336306814612894,0.16922883701045066,0.043083754950203,0.09007191297132522,0.010177451011259109,1.0,0.0,2.581210551320452,2.5812106132507324,0.0,0.0,0.0
PLAIN_FM,0,12,0.0,0.0,0.06492061496164274,0.0,0.264938187265396,0.1370382308959961,0.4369772954690768,3.212618717005563,0.8868910347527698,0.03327388574892051,33.27388574892051,6167.221060212552,0.16658328097464065,1.3945204352146594,0.0682744329678826,0.04302777606062591,0.0,0.0,0.0,0.0,0.0,0.0,0.0,0.0,1.0
ORIGINAL_SAFEFLOWMPC,0,12,0.0,0.0,0.09006181805827686,0.0,0.0018918083190917478,0.0,0.5998938159027236,2.2528170139458457,0.5995309073197354,0.025175044092923815,25.175044092923816,349.37536284994076,0.31090274171489835,2.1682667294783884,0.1847500449512154,0.04520349105587229,0.04095034202327952,0.031409897143021226,7.0,0.0,15.450689430938576,1.8682787418365479,0.0,0.0,0.0
POV_L05_ALWAYS,0,12,0.0,0.0,0.03537788110784515,0.0,0.0,0.0,0.43240615311541575,2.5222008811251664,0.7805891532751859,0.021138199024358817,21.13819902435882,2987.6606097779645,0.2784095227433083,1.8203453905839078,1.7324993470101617,0.047058967989869416,1.6078145349747501,0.17395283613586798,7.0,0.0,25.897678715347958,1.6087054014205933,0.0,0.0,0.0
POV_L05_ADAPTIVE,0,12,0.0,0.0,0.06051015726530788,0.0,0.0,0.0,0.4633948593984647,2.306964086126862,0.7676347469854365,0.023681901885531778,23.68190188553178,4984.87000881522,0.36953617619868506,2.0535986899135215,1.734932290040888,0.04712531098630279,1.610320558946114,0.17426160699687898,7.0,0.0,30.658939078745444,2.1227848529815674,0.0,1.0,0.0
POV_L025_ADAPTIVE,0,12,0.0,0.0,0.045296102064627544,0.0,0.0891818222045897,0.0,0.4283183236126126,2.875186224850851,0.8343949416146661,0.029203879177372882,29.203879177372883,5281.522656035742,0.1582834362122039,1.5693444400276952,1.5529303349903785,0.047294754011090845,1.4278023999067955,0.15356315695680678,7.0,0.0,28.042649184843754,0.8393948078155518,0.0,1.0,0.0
GOAL_AWARE_FINAL_PROJECTION,0,12,0.0,0.0,0.048419089203299695,0.0,0.0,0.0,0.45268814995874374,2.541279077111728,0.8426721236860465,0.030100828602264075,30.100828602264073,531.0725797615017,0.4517122017351449,2.0806372029662845,0.16984729195246473,0.04295509110670537,0.09077813097974285,0.010189751978032291,1.0,0.0,2.3750547038756737,2.3750545978546143,0.0,0.0,0.0
PLAIN_FM,0,13,0.0,0.0,0.07113294680114478,0.0,0.2159177825927734,1.4807653427124023,0.444095637404534,3.197275383910834,0.9065499056103867,0.04140993644571933,41.40993644571933,8083.3017318064485,0.14155669040120888,1.4305117283615716,0.06840300699695945,0.04308595694601536,0.0,0.0,0.0,0.0,0.0,0.0,0.0,0.0,1.0
ORIGINAL_SAFEFLOWMPC,0,13,0.0,0.0,0.08371786926832091,0.0,0.0024914310455321775,0.0,0.5932134090726975,2.252476505713969,0.6010201619982392,0.025137113454829538,25.13711345482954,350.213733680968,0.3089338143528011,2.1520034486181396,0.1838171019917354,0.04518291086424142,0.039865525090135634,0.03038258000742644,7.0,0.0,15.833068842804467,1.7150739431381226,0.0,0.0,0.0
POV_L05_ALWAYS,0,13,0.0,0.0,0.05244317534337799,0.0,0.0,0.0,0.45299723052396224,2.3571149087990726,0.7580701229436488,0.022098275581113727,22.098275581113725,3622.1641031604436,0.33179742583474786,1.9846703047343426,2.0013126020203345,0.046978409052826464,1.8766116409678943,0.2035501099890098,7.0,0.0,22.815545045077048,1.8257791996002197,0.0,0.0,0.0
POV_L05_ADAPTIVE,0,13,0.0,0.0,0.05244317534337799,0.0,0.0,0.0,0.45299723052396224,2.3571149087990726,0.7580701229436488,0.022098275581113727,22.098275581113725,3622.1641031604436,0.33179742583474786,1.9846703047343426,2.0084808060200885,0.04759061289951205,1.8827221569954418,0.20380398113047704,7.0,0.0,22.815545045077048,1.8257791996002197,0.0,1.0,0.0
POV_L025_ADAPTIVE,0,13,0.0,0.0,0.047274246734243394,0.0,0.057151274490356396,0.0,0.43580519270150714,2.8625089737738296,0.8374578546333511,0.029265037896551188,29.265037896551192,5087.159364494116,0.16190423992328173,1.5736859814150286,2.011849283007905,0.04763331200229004,1.8862556280218996,0.20468646608060226,7.0,0.0,22.381933933729886,0.7792038917541504,0.0,1.0,0.0
GOAL_AWARE_FINAL_PROJECTION,0,13,0.0,0.0,0.050796502718519335,0.0,0.0,0.0,0.458882116373775,2.468109027454425,0.8267455183585053,0.028514516687609757,28.514516687609756,507.9047513083093,0.48129901007150555,2.129821589050024,0.17001613695174456,0.043132837978191674,0.09060368698555976,0.010250733001157641,1.0,0.0,2.4761973025043447,2.4761972427368164,0.0,0.0,0.0
PLAIN_FM,0,14,0.0,0.0,0.0716337987047947,0.0,0.30351178016662583,0.907893180847168,0.44720908262723413,3.200276295355647,0.8849364252379804,0.04015102516718491,40.15102516718491,8266.04802365811,0.14987025576506852,1.437476800145645,0.0684348379727453,0.04304631508421153,0.0,0.0,0.0,0.0,0.0,0.0,0.0,0.0,1.0
ORIGINAL_SAFEFLOWMPC,0,14,0.0,0.0,0.08894626947716901,0.0,0.0017869041442870603,0.0,0.5999819755967777,2.247568017401883,0.5991987273385003,0.025069253854105345,25.06925385410534,348.3720130334091,0.31299814086863337,2.1737877144927684,0.1849848010460846,0.04525917407590896,0.04099689290160313,0.03148248995421454,7.0,0.0,17.624399639809127,1.7859638929367065,0.0,0.0,0.0
POV_L05_ALWAYS,0,14,0.0,0.0,0.046646756976787426,0.0,0.01260415878295884,0.0,0.41770187263558134,2.613914488454566,0.8227642951210925,0.022128578715123914,22.12857871512392,2333.4592131651566,0.28924428333866603,1.8049280990897947,1.2906981509877369,0.046812282991595566,1.1661599118961021,0.1272834789706394,7.0,0.0,19.668902037419812,1.5293831825256348,0.0,0.0,0.0
POV_L05_ADAPTIVE,0,14,0.0,0.0,0.046646756976787426,0.0,0.01260415878295884,0.0,0.41770187263558134,2.613914488454566,0.8227642951210925,0.022128578715123914,22.12857871512392,2333.4592131651566,0.28924428333866603,1.8049280990897947,1.3195963009493425,0.04960093309637159,1.190612429054454,0.13330437312833965,7.0,0.0,19.668902037150062,1.5293831825256348,0.0,1.0,0.0
POV_L025_ADAPTIVE,0,14,0.0,0.0,0.05348410573532576,0.0,0.03670261468887315,0.0,0.4234753163569032,2.877645255623971,0.841600515617037,0.02965926671351682,29.65926671351682,5072.105032717078,0.1715930774897338,1.581713919860958,1.506050962023437,0.0508487339830026,1.3757470059790649,0.1476953651290387,7.0,0.0,22.108861262467872,0.7977609634399414,0.0,1.0,0.0
GOAL_AWARE_FINAL_PROJECTION,0,14,0.0,0.0,0.050349609361079586,0.0,0.0,0.0,0.45574066744603126,2.219253611381901,0.7883141176870234,0.01888587505512626,18.88587505512626,343.14826163360794,0.4624803245785496,2.281593848772138,0.17445403098827228,0.04444193292874843,0.09331798698985949,0.010687595000490546,1.0,0.0,2.4489479720780407,2.4489479064941406,0.0,0.0,0.0
PLAIN_FM,0,15,0.0,0.0,0.07099371356414787,0.0,0.28241024580001817,1.04286789894104,0.44399104074224555,3.2457227593510094,0.9062841053160228,0.04550298776339942,45.502987763399425,9608.523598733693,0.161204562512827,1.410640902582587,0.0697858720086515,0.044109201058745384,0.0,0.0,0.0,0.0,0.0,0.0,0.0,0.0,1.0
ORIGINAL_SAFEFLOWMPC,0,15,0.0,0.0,0.0866633945392261,0.0,0.001802401351928662,0.0,0.5956625141106476,2.253601339631746,0.601325212088248,0.025190570167401186,25.190570167401184,349.6882678167404,0.3093569811132537,2.155029376303444,0.18968229199526832,0.04694630700396374,0.04177415301091969,0.0319841819582507,7.0,0.0,16.68295158979008,1.8247745037078857,0.0,0.0,0.0
POV_L05_ALWAYS,0,15,0.0,0.0,0.05456234054393809,0.0,0.0740885303497314,0.09285926818847656,0.5206321128852747,2.449885940709147,0.7429859322076947,0.033373006616221335,33.37300661622134,4624.826650453429,0.5165460946969441,2.2656605729419903,1.5078424680395983,0.04982744908193126,1.378668298944831,0.15027546702185646,7.0,0.0,28.61738038758677,2.9834039211273193,0.0,0.0,0.0
POV_L05_ADAPTIVE,0,15,0.0,0.0,0.05456234054393809,0.0,0.0740885303497314,0.09285926818847656,0.5206321128852747,2.449885940709147,0.7429859322076947,0.033373006616221335,33.37300661622134,4624.826650453429,0.5165460946969441,2.2656605729419903,1.5126081210328266,0.04959333303850144,1.383357398037333,0.15062826580833644,7.0,0.0,28.61738038758677,2.9834039211273193,0.0,1.0,0.0
POV_L025_ADAPTIVE,0,15,0.0,0.0,0.05060653907587466,0.0,0.08752460937499995,0.47821521759033203,0.4550467347847018,2.798342731958764,0.8185838263950194,0.029731830736662156,29.731830736662154,5640.437572071229,0.1639905127525209,1.6964344483640785,1.4149247109889984,0.0491415309952572,1.2865572549053468,0.13888170605059713,7.0,0.0,25.784942803659497,0.9605122208595276,0.0,1.0,0.0
GOAL_AWARE_FINAL_PROJECTION,0,15,0.0,0.0,0.04694896387331961,0.0,0.0,0.0,0.46013128231715994,2.588290153052312,0.8602460009441317,0.033158629201023096,33.158629201023096,574.2314040991431,0.5165755016414568,2.16264998257097,0.17395987798226997,0.04411321401130408,0.09302625904092565,0.010572400991804898,1.0,0.0,2.6866034395886236,2.686603546142578,0.0,0.0,0.0
PLAIN_FM,0,16,0.0,0.0,0.06867715632304254,0.0,0.177156489753723,0.41661977767944336,0.4287456098575332,3.2641271188331777,0.8945195399907299,0.038363912317950444,38.363912317950444,7052.389954790783,0.18403995604520557,1.3936387677487476,0.07011438097106293,0.04430855700047687,0.0,0.0,0.0,0.0,0.0,0.0,0.0,0.0,1.0
ORIGINAL_SAFEFLOWMPC,0,16,0.0,0.0,0.08817577757823351,0.0,0.002760844039916943,0.0,0.5962067874859497,2.268075791350596,0.6025087532970719,0.025495568343994877,25.495568343994876,355.1637396666349,0.30904902426512443,2.160548700290305,0.18920505000278354,0.04645710304612294,0.041860094061121345,0.032037233060691506,7.0,0.0,17.511516668759256,1.908951997756958,0.0,0.0,0.0
POV_L05_ALWAYS,0,16,0.0,0.0,0.04104506259125121,0.0,0.022868078613281106,0.0,0.4286437595901841,2.611148235279784,0.7911945166840457,0.022011692970391045,22.011692970391042,3147.7592022473177,0.268874261655514,1.751975101946896,1.4227618330041878,0.04907518200343475,1.2935241339728236,0.14118241594405845,7.0,0.0,21.737546606737908,1.5377992391586304,0.0,0.0,0.0
POV_L05_ADAPTIVE,0,16,0.0,0.0,0.04104506259125121,0.0,0.022868078613281106,0.0,0.4286437595901841,2.611148235279784,0.7911945166840457,0.022011692970391045,22.011692970391042,3147.7592022473177,0.268874261655514,1.751975101946896,1.4176256410428323,0.04895713506266475,1.2887780410819687,0.14086486992891878,7.0,0.0,21.73754660640801,1.5377992391586304,0.0,1.0,0.0
POV_L025_ADAPTIVE,0,16,0.0,0.0,0.05425413837093955,0.0,0.05648032989501939,0.0,0.40375225607369297,3.000798116476757,0.8699713238297844,0.030957124458342755,30.957124458342754,4851.746723749328,0.18736607533719501,1.522330771226099,1.6848223230335861,0.04875378299038857,1.556260003009811,0.16523618501378223,7.0,0.0,21.142984725548082,0.802988588809967,0.0,1.0,0.0
GOAL_AWARE_FINAL_PROJECTION,0,16,0.0,0.0,0.038651073020129906,1.1642945185741382e-07,0.005891483688354349,0.0,0.39957910518815104,2.5531022588633467,0.8321250129988562,0.049173933215451715,49.17393321545171,1123.6460958505388,0.5969128344658609,2.175039722768236,0.26481763197807595,0.04426848795264959,0.18351218401221558,0.019606274086982012,1.0,0.0,3.1412820146214138,3.141282081604004,0.0,0.0,0.0
PLAIN_FM,0,17,0.0,0.0,0.06344979152423678,0.0,0.26483432617187486,0.858147144317627,0.4411747125904128,3.154291262656695,0.8632335143475767,0.037175329093660614,37.175329093660615,7476.271730054496,0.14676478732675655,1.407868335723604,0.07058944297023118,0.04447934206109494,0.0,0.0,0.0,0.0,0.0,0.0,0.0,0.0,1.0
ORIGINAL_SAFEFLOWMPC,0,17,0.0,0.0,0.1024519732734818,0.0,0.0017463729858397947,0.0,0.6109320072215983,2.229101105872944,0.5974525731722738,0.024601789114835224,24.601789114835224,340.36375122521724,0.3177805228609411,2.200241215007726,0.18947356601711363,0.046477491909172386,0.041879947180859745,0.03217941697221249,7.0,0.0,19.550444176970068,1.7941642999649048,0.0,0.0,0.0
POV_L05_ALWAYS,0,17,0.0,0.0,0.04709823143063986,0.0,0.0077306793212890135,0.0,0.4308089308156567,2.5508009260407603,0.7991550646142509,0.02225845139624183,22.25845139624183,2485.5169858088943,0.32261112795673685,1.8179684411282966,1.687911143002566,0.04852092813234776,1.559351079922635,0.1639671310549602,7.0,0.0,23.908063203623595,1.671793818473816,0.0,0.0,0.0
POV_L05_ADAPTIVE,0,17,0.0,0.0,0.04709823143063986,0.0,0.0077306793212890135,0.0,0.4308089308156567,2.5508009260407603,0.7991550646142509,0.02225845139624183,22.25845139624183,2485.5169858088943,0.32261112795673685,1.8179684411282966,1.687344478967134,0.048765952000394464,1.5585624999948777,0.16394746088190004,7.0,0.0,23.908063203623595,1.671793818473816,0.0,1.0,0.0
POV_L025_ADAPTIVE,0,17,0.0,0.0,0.05054317869363552,0.0,0.053355556392669534,0.0,0.4287103087764595,2.8669095368449358,0.8296551169165295,0.03003701118120483,30.037011181204832,4947.340879235451,0.17478958165246783,1.5728501542966196,1.6875953649869189,0.04867080901749432,1.5592058679903857,0.16558568505570292,7.0,0.0,23.098933904953405,0.8350065350532532,0.0,1.0,0.0
GOAL_AWARE_FINAL_PROJECTION,0,17,0.0,0.0,0.07240419897320875,0.0,0.0027644203186034666,0.0,0.4476681243228563,2.8701807944964104,0.9175022146153837,0.04928291084072599,49.282910840726,1014.9090079640806,0.5564769286071586,1.852274646846925,0.17448203201638535,0.04434145800769329,0.09301640896592289,0.010496650007553399,1.0,0.0,2.7109952066137692,2.7109951972961426,0.0,0.0,0.0
PLAIN_FM,0,18,0.0,0.0,0.07140160264392713,0.0,0.19167498912811265,0.45346736907958984,0.4380958195014154,3.2051829777165004,0.9026434279742913,0.04460979719646874,44.60979719646874,9799.647661475186,0.15392184787559948,1.4470098229610553,0.07006457896204665,0.04413046198897064,0.0,0.0,0.0,0.0,0.0,0.0,0.0,0.0,1.0
ORIGINAL_SAFEFLOWMPC,0,18,0.0,0.0,0.10060530632255124,0.0,0.0002886470794676299,0.0,0.6093946023308185,2.2436609641236798,0.5978162237324174,0.02496686684247923,24.96686684247923,347.3836425639712,0.31172417771748107,2.193459513866749,0.19021439499920234,0.04660040803719312,0.04219333495711908,0.03222516895039007,7.0,0.0,17.543548796326412,1.841072678565979,0.0,0.0,0.0
POV_L05_ALWAYS,0,18,0.0,0.0,0.051679403490639694,0.0,0.0,0.0,0.41901321644681466,2.6841856122265866,0.8329553593356047,0.02803915498525067,28.03915498525067,3855.8981804346145,0.2973813492993414,1.7765196524355553,1.6013602500315756,0.04851734696421772,1.472914842015598,0.15853488387074322,7.0,0.0,24.576348975010855,1.5939784049987793,0.0,0.0,0.0
POV_L05_ADAPTIVE,0,18,0.0,0.0,0.051679403490639694,0.0,0.0,0.0,0.41901321644681466,2.6841856122265866,0.8329553593356047,0.02803915498525067,28.03915498525067,3855.8981804346145,0.2973813492993414,1.7765196524355553,1.6081591549445875,0.049317496886942536,1.4789522180217318,0.16068495606305078,7.0,0.0,24.576348975010855,1.5939784049987793,0.0,1.0,0.0
POV_L025_ADAPTIVE,0,18,0.0,0.0,0.05308356107324298,0.0,0.030470949077606058,0.0,0.430547848369199,2.9038773888359373,0.8537355253567647,0.03176138186633082,31.76138186633082,6038.818073174901,0.15767844639948383,1.6171693864009489,1.6926851159660146,0.049542701919563115,1.5633441439131275,0.16613583703292534,7.0,0.0,24.62895778477476,0.7767372727394104,0.0,1.0,0.0
GOAL_AWARE_FINAL_PROJECTION,0,18,0.0,0.0,0.061985946235598596,0.0,0.0,0.0,0.45554211513996873,2.6174834003332466,0.8456859376887201,0.03315663652489538,33.15663652489538,570.2495702237287,0.49217336440878323,2.0896711607894973,0.17392104701139033,0.04414288612315431,0.09293140697991475,0.01064948400016874,1.0,0.0,2.5268611107734618,2.5268611907958984,0.0,0.0,0.0
PLAIN_FM,0,19,0.0,0.0,0.07000662795247797,0.0,0.23133264150619492,3.397620916366577,0.4482918004367699,3.221545166729297,0.8791630803811673,0.057007033081397845,57.00703308139785,10407.71970151035,0.17420580484192721,1.375863987219009,0.0700313689885661,0.04401658894494176,0.0,0.0,0.0,0.0,0.0,0.0,0.0,0.0,1.0
ORIGINAL_SAFEFLOWMPC,0,19,0.0,0.0,0.1266758580327574,0.0,0.0,0.0,0.6604214814571272,2.1277316742705557,0.533776521608518,0.02270338316039791,22.703383160397912,290.9561313025944,0.344366316161081,2.244729932112808,0.18945829599397257,0.046580025053117424,0.04194625798845664,0.03224605997093022,7.0,0.0,20.181130294376782,2.121817111968994,0.0,0.0,0.0
POV_L05_ALWAYS,0,19,0.0,0.0,0.0528336657063667,0.0,0.0,0.03571629524230957,0.4211595083500678,2.6596200317567664,0.8309860260508908,0.02932942957460749,29.32942957460749,3187.574559417272,0.3362880454548237,1.7676704487111072,1.6882525520049967,0.04861847002757713,1.5601752231013961,0.16604093578644097,7.0,0.0,23.648971219481925,1.7511723041534424,0.0,0.0,0.0
POV_L05_ADAPTIVE,0,19,0.0,0.0,0.043113648999432375,0.0,0.0,0.0,0.4360629336142633,2.5371992716126766,0.8008448603765674,0.022725072888164916,22.725072888164917,2291.692679832862,0.295830758194783,1.8141813301493215,1.6949058930040337,0.04877519205911085,1.566911514964886,0.1689367409562692,7.0,0.0,23.52051971373934,1.6332706212997437,0.0,1.0,0.0
POV_L025_ADAPTIVE,0,19,0.0,0.0,0.0473129384736876,0.0,0.0,1.446141004562378,0.44879673114040886,2.809230704983581,0.8241246922271596,0.03425735205133306,34.25735205133306,5213.709907198823,0.1702963484349802,1.683690742361822,1.7818991279928014,0.04906425008084625,1.6532554940204136,0.1770348389982246,7.0,0.0,23.91616855304855,0.9751548171043396,0.0,1.0,0.0
GOAL_AWARE_FINAL_PROJECTION,0,19,0.0,0.0,0.04858082304300067,0.0,0.0,0.0,0.46559351656826115,2.37990888159028,0.8267647322167865,0.02412565107027345,24.12565107027345,419.3970935140401,0.5315623998373001,2.2561749754304925,0.17325681098736823,0.04396890802308917,0.09261506900656968,0.010415028023999184,1.0,0.0,2.812431562829067,2.812431573867798,0.0,0.0,0.0
PLAIN_FM,0,20,0.0,0.0,0.07162984916111693,0.0,0.3706325706481932,1.7930817604064941,0.4516773532939315,3.2371425433779852,0.8636389039188347,0.048348546813383186,48.348546813383194,9949.956706800578,0.1684820301649357,1.4290505795930837,0.0697590820491314,0.044069051917176694,0.0,0.0,0.0,0.0,0.0,0.0,0.0,0.0,1.0
ORIGINAL_SAFEFLOWMPC,0,20,0.0,0.0,0.08939587533451974,0.0,0.0010597274780272947,0.0,0.6001288163730572,2.254996038250707,0.5980349961233388,0.025244008985390684,25.244008985390682,349.6832538838604,0.31017319206876065,2.162694148919845,0.18862924497807398,0.04662942996947095,0.0409444720717147,0.031231432978529483,7.0,0.0,15.979179933056528,1.856949806213379,0.0,0.0,0.0
POV_L05_ALWAYS,0,20,0.0,0.0,0.046023499691560846,0.0,0.0,0.0,0.4257787252655129,2.822178657333886,0.8359015274153564,0.026638248506034468,26.63824850603447,2725.1496428284613,0.2778465816023733,1.7347573063117783,1.3319613119820133,0.048886545991990715,1.2034347598673776,0.1315975731704384,7.0,0.0,19.801627954828035,1.4303243160247803,0.0,0.0,0.0
POV_L05_ADAPTIVE,0,20,0.0,0.0,0.046023499691560846,0.0,0.0,0.0,0.4257787252655129,2.822178657333886,0.8359015274153564,0.026638248506034468,26.63824850603447,2725.1496428284613,0.2778465816023733,1.7347573063117783,1.3313420950435102,0.0490700900554657,1.2025367061141878,0.1316000809893012,7.0,0.0,19.801627954828035,1.4303243160247803,0.0,1.0,0.0
POV_L025_ADAPTIVE,0,20,0.0,0.0,0.0520897034077414,0.0,0.023486476802825784,0.015200376510620117,0.44019148968696664,2.9378440392798755,0.8225265930443714,0.03135270441568114,31.35270441568114,5610.636239385191,0.1632031920865564,1.5808994114376764,1.5987676240038127,0.048834292974788696,1.4704157339874655,0.1589277918683365,7.0,0.0,19.083803385702392,0.7405571937561035,0.0,1.0,0.0
GOAL_AWARE_FINAL_PROJECTION,0,20,0.0,0.0,0.037314794387860895,0.0,0.004149632263183545,0.0,0.4432237816136871,2.5177780365999434,0.751137524120085,0.04611508319214916,46.115083192149164,1031.6657713593522,0.6520339423440542,2.4778851933689285,0.2642451170249842,0.04410739301238209,0.18333804799476638,0.01913055102340877,1.0,0.0,3.4795223069789314,3.479522228240967,0.0,0.0,0.0
PLAIN_FM,0,21,0.0,0.0,0.07002323013676652,0.0,0.2783443149566649,1.4070522785186768,0.46121557758097814,3.1598174185436934,0.8903952189388016,0.05061712611285951,50.617126112859516,10981.834129985189,0.12579718724051747,1.4787239989661005,0.0699265250004828,0.04418795299716294,0.0,0.0,0.0,0.0,0.0,0.0,0.0,0.0,1.0
ORIGINAL_SAFEFLOWMPC,0,21,0.0,0.0,0.09069915537950754,0.0,0.0004960712432859893,0.0,0.6036120180997765,2.242868869344927,0.5975341845650864,0.025029497327348774,25.02949732734878,346.9090403703388,0.3153669599542168,2.1810297316656806,0.1930657689808868,0.048029430967289954,0.04321865987731144,0.033404716989025474,7.0,0.0,16.351526325810795,1.7077357769012451,0.0,0.0,0.0
POV_L05_ALWAYS,0,21,0.0,0.0,0.03575160020994572,0.0,0.0062544759750364776,0.0,0.43902328873661534,2.5544488973035593,0.7900499967208493,0.02512260472212774,25.122604722127743,2992.4929783728503,0.26256573522606147,1.8860947430473802,1.5096622569835745,0.05045874696224928,1.379335758916568,0.14982425898779184,7.0,0.0,20.312747687563746,1.4142693281173706,0.0,0.0,0.0
POV_L05_ADAPTIVE,0,21,0.0,0.0,0.03575160020994572,0.0,0.0062544759750364776,0.0,0.43902328873661534,2.5544488973035593,0.7900499967208493,0.02512260472212774,25.122604722127743,2992.4929783728503,0.26256573522606147,1.8860947430473802,1.5107761440449394,0.05003767600283027,1.381143285019789,0.1499637010274455,7.0,0.0,20.312747687563746,1.4142693281173706,0.0,1.0,0.0
POV_L025_ADAPTIVE,0,21,0.0,0.0,0.049077663147035724,0.0,0.060686629676818704,0.7440400123596191,0.4501762412164879,2.8705747185102766,0.841120676035662,0.037835469630348534,37.835469630348534,6756.296368566601,0.14822824200851317,1.6446094889995981,1.512812145985663,0.04970665700966492,1.3833424089243636,0.14948291098698974,7.0,0.0,21.91507457378835,0.7732802629470825,0.0,1.0,0.0
GOAL_AWARE_FINAL_PROJECTION,0,21,0.0,0.0,0.04694043625006869,1.1642945185741382e-07,0.004154400634765576,0.0,0.33729216315205873,2.4060715632456118,0.9044698862061401,0.045122996024561934,45.122996024561935,1069.2872323035506,0.5587500831364712,2.175928362193822,0.2667470109881833,0.04468293703394011,0.18476498598465696,0.01884545397479087,1.0,0.0,2.932997727142674,2.932997703552246,0.0,0.0,0.0
PLAIN_FM,0,22,0.0,0.0,0.0620223838223921,0.0,0.2624182518959044,0.057054758071899414,0.41927223483327686,3.2206597010548537,0.9196491761391966,0.037306087469690524,37.306087469690524,7206.480917255369,0.18228111726157398,1.3845257173657743,0.07036333699943498,0.04447813396109268,0.0,0.0,0.0,0.0,0.0,0.0,0.0,0.0,1.0
ORIGINAL_SAFEFLOWMPC,0,22,0.0,0.0,0.10145501240318675,0.0,0.0,0.0,0.6259494983677251,2.2235420399845474,0.562036445027755,0.024999321004046525,24.99932100404652,342.8818143017224,0.3152724557998155,2.1635830935510443,0.18742804403882474,0.04696999699808657,0.03879022604087368,0.029013714869506657,7.0,0.0,18.912788746773565,1.9562005996704102,0.0,0.0,0.0
POV_L05_ALWAYS,0,22,0.0,0.0,0.03783765171571808,0.0,0.0,0.0,0.43314129263991985,2.4782263473928525,0.7963415105686791,0.02307887275388376,23.07887275388376,3140.7112235176614,0.3122925405474446,1.955667422516795,1.6065099129918963,0.04883804399287328,1.4775496090878733,0.15967323101358488,7.0,0.0,24.394203133468785,1.8304225206375122,0.0,0.0,0.0
POV_L05_ADAPTIVE,0,22,0.0,0.0,0.03783765171571808,0.0,0.0,0.0,0.43314129263991985,2.4782263473928525,0.7963415105686791,0.02307887275388376,23.07887275388376,3140.7112235176614,0.3122925405474446,1.955667422516795,1.6075660809874535,0.05061847798060626,1.4766752570285462,0.16082809009822085,7.0,0.0,24.394203133511528,1.8304225206375122,0.0,1.0,0.0
POV_L025_ADAPTIVE,0,22,0.0,0.0,0.04657917554573117,0.0,0.05014176826477046,0.0,0.4192372151067261,2.88551042467678,0.8641522990042064,0.030745028061460733,30.745028061460733,4990.675300744396,0.17856846018448025,1.6144628515670274,1.696063393028453,0.04995702195446938,1.5661547660711221,0.1706054940004833,7.0,0.0,23.29099991281851,0.8988772630691528,0.0,1.0,0.0
GOAL_AWARE_FINAL_PROJECTION,0,22,0.0,0.0,0.049103359533113,0.0,0.0,0.0,0.43109943353540514,2.341804134602657,0.8259789348676561,0.021512130184157624,21.512130184157627,351.11067894839647,0.46557941362057165,2.2030374609000516,0.17678289097966626,0.04444253304973245,0.09555866394657642,0.012742038001306355,1.0,0.0,2.519296907858105,2.519296884536743,0.0,0.0,0.0
PLAIN_FM,0,23,0.0,0.0,0.06539792986587274,0.0,0.23823485937118516,1.789076328277588,0.4477747456337355,3.201307484341164,0.8565091048535909,0.043834981329238354,43.83498132923836,7755.2719384777265,0.16432860329629376,1.3736118019431665,0.07086257101036608,0.04503522696904838,0.0,0.0,0.0,0.0,0.0,0.0,0.0,0.0,1.0
ORIGINAL_SAFEFLOWMPC,0,23,0.0,0.0,0.1244002859580505,0.0,0.0,0.0,0.6564305932880075,2.1380163336907825,0.5372115343225085,0.02291414835722532,22.914148357225322,293.47340141634703,0.34396908540371396,2.238343534638285,0.19094308401690796,0.047787946998141706,0.041965067968703806,0.032021401973906904,7.0,0.0,18.583535573838407,2.0755748748779297,0.0,0.0,0.0
POV_L05_ALWAYS,0,23,0.0,0.0,0.038420283025445354,0.0,0.008588986206054638,0.49368858337402344,0.4308863727283699,2.529559164416108,0.7892809414828205,0.02905517889663345,29.05517889663345,3358.8429429496364,0.3628811548943494,1.939793219888601,1.8845986159867607,0.05167262692702934,1.7534604169777595,0.19165617402177304,7.0,0.0,26.744476187960895,2.0155327320098877,0.0,0.0,0.0
POV_L05_ADAPTIVE,0,23,0.0,0.0,0.038420283025445354,0.0,0.008588986206054638,0.49368858337402344,0.4308863727283699,2.529559164416108,0.7892809414828205,0.02905517889663345,29.05517889663345,3358.8429429496364,0.3628811548943494,1.939793219888601,1.890746120014228,0.05135092796990648,1.7595513589913025,0.19157647906104103,7.0,0.0,26.74447617537909,2.0155327320098877,0.0,1.0,0.0
POV_L025_ADAPTIVE,0,23,0.0,0.0,0.045319182030436236,0.0,0.05244647380113587,0.1562666893005371,0.4273798721622483,2.9497434811593126,0.8334058993293336,0.031707439059165836,31.707439059165836,4309.079942169121,0.16757096240016248,1.5048430898064393,1.711400013009552,0.05116076994454488,1.5806150330463424,0.17454848700435832,7.0,0.0,18.198715527830053,0.7711454033851624,0.0,1.0,0.0
GOAL_AWARE_FINAL_PROJECTION,0,23,0.0,0.0,0.06526063896780089,0.0,0.003790419960021829,0.0,0.4588430755962036,2.8652730551799395,0.9180364916766037,0.048451523901491884,48.45152390149189,988.8149806396,0.5525344673210612,1.9431937978739342,0.17587682598968968,0.0446855771006085,0.09419968200381845,0.010849522019270808,1.0,0.0,2.7352639181377403,2.7352640628814697,0.0,0.0,0.0
PLAIN_FM,0,24,0.0,0.0,0.07679039003613604,0.0,0.29680804576873765,2.1831345558166504,0.44901985207285705,3.224582439786497,0.9126718312741037,0.03739914380511378,37.39914380511377,6578.273212991891,0.14631088822592647,1.4792702777248483,0.07083201198838651,0.04490878200158477,0.0,0.0,0.0,0.0,0.0,0.0,0.0,0.0,1.0
ORIGINAL_SAFEFLOWMPC,0,24,0.0,0.0,0.08604758303747406,0.0,0.002322153854370068,0.0,0.5964151990314616,2.2486125058825186,0.5984106597692795,0.02506078525288718,25.06078525288718,348.7620863574264,0.3080518328365084,2.1576070851713065,0.1904802499921061,0.047949792991857976,0.04019017290556803,0.030286509019788355,7.0,0.0,15.49965901763883,1.7581919431686401,0.0,0.0,0.0
POV_L05_ALWAYS,0,24,0.0,0.0,0.050300009893346084,0.0,0.0,0.0,0.4468747561541775,2.538660126565039,0.8018701765281779,0.01927425549546727,19.274255495467273,2362.6334672786024,0.2842634142055731,1.9181401584155326,1.4322471829946153,0.050178623001556844,1.301690922875423,0.1388956570881419,7.0,0.0,22.437866248186424,1.5581551790237427,0.0,0.0,0.0
POV_L05_ADAPTIVE,0,24,0.0,0.0,0.050300009893346084,0.0,0.0,0.0,0.4468747561541775,2.538660126565039,0.8018701765281779,0.01927425549546727,19.274255495467273,2362.6334672786024,0.2842634142055731,1.9181401584155326,1.4188029550132342,0.049435494118370116,1.2900066720321774,0.13742513698525727,7.0,0.0,22.437866248186424,1.5581551790237427,0.0,1.0,0.0
POV_L025_ADAPTIVE,0,24,0.0,0.0,0.056757211911487485,0.0,3.622140884385061e-05,0.17973899841308594,0.4474838434663217,2.8793037945446116,0.8459783791095774,0.025681172920167777,25.681172920167775,4011.7695942506807,0.1603233698349,1.6816356404639687,1.4197859980049543,0.04957079904852435,1.290795158885885,0.1382075379951857,7.0,0.0,22.69193015746952,0.7906489968299866,0.0,1.0,0.0
GOAL_AWARE_FINAL_PROJECTION,0,24,0.0,0.0,0.015345591649354923,0.0,0.0,0.0,0.42678882447030747,1.9957159575616683,0.7630451974130514,0.01204498022144692,12.04498022144692,256.71150676068555,0.5745031727642129,2.575594729078235,0.17350719001842663,0.04421836294932291,0.09271164098754525,0.010386610985733569,1.0,0.0,3.0270340089288923,3.027034044265747,0.0,0.0,0.0
PLAIN_FM,0,25,0.0,0.0,0.06543413575072539,0.0,0.26190416183471665,0.0,0.44330506320944163,3.183373414893834,0.8871900233669746,0.03899113165358212,38.99113165358212,7286.640056815118,0.14175706261017873,1.4332985864323222,0.07026738597778603,0.04431692394427955,0.0,0.0,0.0,0.0,0.0,0.0,0.0,0.0,1.0
ORIGINAL_SAFEFLOWMPC,0,25,0.0,0.0,0.08723812588355641,0.0,0.0018810794830321775,0.0,0.5979195244124462,2.246554536996771,0.5990385254241509,0.025037634742566182,25.037634742566183,347.8141795502463,0.30983075458976883,2.1670564064840634,0.1928810520330444,0.04730216600000858,0.04264716984471306,0.03274938411777839,7.0,0.0,15.311585045009165,1.7205296754837036,0.0,0.0,0.0
POV_L05_ALWAYS,0,25,0.0,0.0,0.046495891039506035,0.0,0.034326922559738016,0.0,0.4038733905836791,2.8008843450871055,0.8578613995606639,0.030275015123544025,30.275015123544023,2495.852430205103,0.29235584225343214,1.6878470016123412,1.509971924009733,0.04904319305205718,1.3810335070011206,0.1481786270160228,7.0,0.0,25.197009268492273,1.4423192739486694,0.0,0.0,0.0
POV_L05_ADAPTIVE,0,25,0.0,0.0,0.04291631388289763,0.0,0.0,0.0,0.42589401584391584,2.6587695723527123,0.8248252942795511,0.024857686542079982,24.85768654207998,2322.7148261300676,0.2915407242111924,1.8380298186074993,1.5084312870167196,0.04911400197306648,1.3798911030753516,0.1485159420990385,7.0,0.0,25.394719689214078,1.5343936681747437,0.0,1.0,0.0
POV_L025_ADAPTIVE,0,25,0.0,0.0,0.04657678401819641,0.0,0.04546077218055711,0.0,0.4260912258511543,2.848130449794258,0.8453858716074868,0.029063260642051197,29.063260642051194,4343.239472637311,0.18073145754269576,1.6466713890506541,1.6013984890305437,0.04914918798021972,1.4723029750748537,0.15923987393034622,7.0,0.0,25.39994604008049,0.8690636157989502,0.0,1.0,0.0
GOAL_AWARE_FINAL_PROJECTION,0,25,0.0,0.0,0.047022874366544246,0.0,0.0,0.0,0.44786394311830235,2.407913342408171,0.8349247007653757,0.025558174314592966,25.558174314592964,475.22081749693666,0.5071047560574826,2.3454082413694852,0.17416682600742206,0.04446330002974719,0.09265549795236439,0.010501872980967164,1.0,0.0,2.637570217483656,2.6375701427459717,0.0,0.0,0.0
PLAIN_FM,0,26,0.0,0.0,0.07193460736766542,0.0,0.20882920589447007,1.6542387008666992,0.4549346461672903,3.222042573956864,0.8865938581859556,0.04231927094048071,42.31927094048071,8290.096362581957,0.15819728121871668,1.4031129998102796,0.070487471006345,0.044451476947870106,0.0,0.0,0.0,0.0,0.0,0.0,0.0,0.0,1.0
ORIGINAL_SAFEFLOWMPC,0,26,0.0,0.0,0.09741377804465384,0.0,0.0,0.0,0.6148366150319098,2.23827650345566,0.583037734400028,0.02491107458656858,24.91107458656858,335.8669097182358,0.3167350926589739,2.1789099519632664,0.1903082299977541,0.046887483971659094,0.04208342300262302,0.032300011022016406,7.0,0.0,17.213184266094963,1.8822846412658691,0.0,0.0,0.0
POV_L05_ALWAYS,0,26,0.0,0.0,0.04889713377887807,0.0,0.027232126998901318,0.0,0.40570010478170543,2.9255175301301657,0.8636417860497497,0.03495176791171503,34.95176791171504,3790.418821540609,0.2974159619387573,1.5258818486388883,1.598399119975511,0.04895642097108066,1.4695099759846926,0.1564941800897941,7.0,0.0,20.15180862770871,1.410831093788147,0.0,0.0,0.0
POV_L05_ADAPTIVE,0,26,0.0,0.0,0.04889713377887807,0.0,0.027232126998901318,0.0,0.40570010478170543,2.9255175301301657,0.8636417860497497,0.03495176791171503,34.95176791171504,3790.418821540609,0.2974159619387573,1.5258818486388883,1.6013908359454945,0.049162124982103705,1.4720328779658303,0.15677032707026228,7.0,0.0,20.15180862770871,1.410831093788147,0.0,1.0,0.0
POV_L025_ADAPTIVE,0,26,0.0,0.0,0.05202135565749162,0.0,0.09514321800470338,0.07860779762268066,0.4307834466256729,3.0208717117428643,0.8603295050114047,0.03359700752888259,33.59700752888259,5551.366370736589,0.17036750882911328,1.510961859761407,1.4233519319677725,0.04917274590115994,1.2938104989589192,0.13954736292362213,7.0,0.0,21.769025670574162,0.7201579213142395,0.0,1.0,0.0
GOAL_AWARE_FINAL_PROJECTION,0,26,0.0,0.0,0.058774089044264025,0.0,0.0,0.0,0.4605715338858885,2.5953015491098843,0.8405387513983903,0.032517811029139296,32.517811029139295,597.947463901419,0.45839699195347144,2.080385368491494,0.1745316640008241,0.044313197024166584,0.09331852401373908,0.010591914993710816,1.0,0.0,2.38832210509252,2.388322114944458,0.0,0.0,0.0
PLAIN_FM,0,27,0.0,0.0,0.06119693010656406,0.0,0.254404705429077,2.051372528076172,0.46104242537492734,3.1468802345594877,0.8523308843458421,0.043075700493399594,43.0757004933996,7988.67422581332,0.1316671564392975,1.4572267897937152,0.07140668499050662,0.04509231698466465,0.0,0.0,0.0,0.0,0.0,0.0,0.0,0.0,1.0
ORIGINAL_SAFEFLOWMPC,0,27,0.0,0.0,0.09468399732722763,0.0,0.0022935436248778807,0.0,0.6022998124621011,2.2450895964190827,0.6020831120866454,0.02499267729065809,24.99267729065809,347.3965856534503,0.31193185422770875,2.181647373251143,0.1945088620414026,0.048130579001735896,0.042950358940288424,0.03299773996695876,7.0,0.0,16.873815980585952,1.6799523830413818,0.0,0.0,0.0
POV_L05_ALWAYS,0,27,0.0,0.0,0.05034510646036934,0.0,0.0,0.0,0.45296366383962183,2.3899506881454418,0.7460672184841968,0.0217114854519387,21.7114854519387,3278.4726725723,0.35032699959541813,1.8943874902254612,1.7025740499957465,0.049141502066049725,1.5728732660063542,0.1686166818253696,7.0,0.0,26.197229144122666,1.8053770065307617,0.0,0.0,0.0
POV_L05_ADAPTIVE,0,27,0.0,0.0,0.051652023556704355,0.0,0.0,0.0,0.45300056565679425,2.396242008701824,0.7458085682780217,0.021806089311514402,21.806089311514402,3262.0114746167255,0.3544169575038716,1.8855713555983378,1.694775182986632,0.04932247009128332,1.5654205179889686,0.16768432996468619,7.0,0.0,26.22294004138752,1.8260220289230347,0.0,1.0,0.0
POV_L025_ADAPTIVE,0,27,0.0,0.0,0.04754521477211439,0.0,0.031503152513503885,0.5125772953033447,0.4340840540006437,2.9106192649085396,0.8318183911360055,0.03307845865103154,33.07845865103154,4814.373617720813,0.1740970672891991,1.5614700140694993,1.5993509170366451,0.049192197038792074,1.4701288139913231,0.15660172700881958,7.0,0.0,24.129079099035774,0.7811525464057922,0.0,1.0,0.0
GOAL_AWARE_FINAL_PROJECTION,0,27,0.0,0.0,0.06721239548078146,0.0,0.0,0.0,0.47379787107682514,2.7635233932886654,0.8569014756033537,0.03903462726581295,39.03462726581295,682.2561336190553,0.5101548977329382,2.0336069290382834,0.17445216898340732,0.044328432995826006,0.09294363402295858,0.010783541016280651,1.0,0.0,2.5515574324750836,2.5515573024749756,0.0,0.0,0.0
PLAIN_FM,0,28,0.0,0.0,0.06732369667314327,0.0,0.26792125072479234,0.0,0.4354224763138797,3.2104825964030486,0.8930969492311631,0.04351725906279244,43.51725906279244,9078.06188738232,0.17135464191557148,1.405113073553493,0.07035521499346942,0.044413205119781196,0.0,0.0,0.0,0.0,0.0,0.0,0.0,0.0,1.0
ORIGINAL_SAFEFLOWMPC,0,28,0.0,0.0,0.07954016300442518,0.0,0.0018190906524657713,0.0,0.5875590699856247,2.2398735593352246,0.6059205580560301,0.02487603030875383,24.876030308753826,345.36764259846535,0.3117003058134188,2.1410355762645454,0.18975931202294305,0.046968186914455146,0.04117720003705472,0.03138354595284909,7.0,0.0,15.49292528670345,1.7931333780288696,0.0,0.0,0.0
POV_L05_ALWAYS,0,28,0.0,0.0,0.04133304154542464,0.0,0.026764826583862256,0.0,0.3917860248481239,2.7102591951093733,0.8432651248023054,0.024857160056837108,24.85716005683711,2715.372520438747,0.3087580453311824,1.6459603348222072,1.7010258379741572,0.04873882996616885,1.5721177549567074,0.17156771710142493,7.0,0.0,20.160231888089083,1.45513117313385,0.0,0.0,0.0
POV_L05_ADAPTIVE,0,28,0.0,0.0,0.04133304154542464,0.0,0.026764826583862256,0.0,0.3917860248481239,2.7102591951093733,0.8432651248023054,0.024857160056837108,24.85716005683711,2715.372520438747,0.3087580453311824,1.6459603348222072,1.7006063099834137,0.04904748994158581,1.5714770430349745,0.17143729788949713,7.0,0.0,20.16023188775361,1.45513117313385,0.0,1.0,0.0
POV_L025_ADAPTIVE,0,28,0.0,0.0,0.050468555868869544,0.0,0.05645747642517085,0.0,0.4197144156397806,2.901991250250849,0.8500229798617236,0.03126806537213911,31.26806537213911,5656.241729112099,0.19148478184530876,1.57992198028807,1.6997853119974025,0.048907158023212105,1.5706240769359283,0.17177560593700036,7.0,0.0,19.20157642270459,0.7914593815803528,0.0,1.0,0.0
GOAL_AWARE_FINAL_PROJECTION,0,28,0.0,0.0,0.04931684946072602,0.0,0.0,0.0,0.446375372627107,2.5369774747345017,0.87244132116626,0.03131778622802177,31.317786228021767,567.1204675708822,0.5238391740321082,2.1291223021196655,0.17485162802040577,0.04464633297175169,0.09307721600634977,0.0105068429838866,1.0,0.0,2.6094182730120568,2.6094183921813965,0.0,0.0,0.0
PLAIN_FM,0,29,0.0,0.0,0.06930764277947167,0.0,0.2657376345634459,2.3582708835601807,0.46601390579440183,3.1888883558390027,0.8624794802495463,0.052189470682512784,52.18947068251278,11951.653291448938,0.1514968191484495,1.4440740313746527,0.07061647099908441,0.044474628986790776,0.0,0.0,0.0,0.0,0.0,0.0,0.0,0.0,1.0
ORIGINAL_SAFEFLOWMPC,0,29,0.0,0.0,0.08496058804224801,0.0,0.0,0.0,0.6091845628853719,2.2250954280096407,0.5785296370194131,0.024563865945845156,24.56386594584516,335.152682234148,0.31368961470815393,2.173697618392296,0.18987208302132785,0.046910764067433774,0.04124532197602093,0.03143599594477564,7.0,0.0,17.868759698369146,1.7919672727584839,0.0,0.0,0.0
POV_L05_ALWAYS,0,29,0.0,0.0,0.0825189854432997,0.0,0.055119948196411084,0.8835268020629883,0.5146718101575993,2.5614796982205776,0.7751612279735097,0.03972894328719345,39.72894328719346,6015.259480549507,0.47151847389541485,2.144812407597509,1.7946020470117219,0.04888643801677972,1.6657241450739093,0.17814855609321967,7.0,0.0,25.897404088355067,2.456383228302002,0.0,0.0,0.0
POV_L05_ADAPTIVE,0,29,0.0,0.0,0.02896699066756253,0.0,0.05436535339355464,0.837017297744751,0.4264921892359266,2.742942084238218,0.7683144092376719,0.03862391473711002,38.62391473711003,5554.176404410599,0.3737730010798121,1.5217363323905149,1.880659796006512,0.0493968179798685,1.7509437460685149,0.18660546699538827,7.0,0.0,25.895615106241305,1.8062025308609009,0.0,1.0,0.0
POV_L025_ADAPTIVE,0,29,0.0,0.0,0.0507591108070114,0.0,0.09776349525451655,1.7923903465270996,0.4480989456838389,2.850235788566807,0.8046031565923112,0.042565126902257666,42.56512690225767,8345.378856746067,0.19557560560455584,1.6872593194707488,1.789514785981737,0.0491306510521099,1.6601591530488804,0.17777766595827416,7.0,0.0,28.434237266640118,0.8896917104721069,0.0,1.0,0.0
GOAL_AWARE_FINAL_PROJECTION,0,29,0.0,0.0,0.04805036919343898,1.1642945185741382e-07,0.004154400634765576,0.0,0.34223572621203363,2.605662675189858,0.8328707456044917,0.046406297283160564,46.40629728316057,992.0761869027738,0.4654978782978089,2.0414287556820683,0.2661206619814038,0.0443748829420656,0.18477658304618672,0.019262759014964104,1.0,0.0,2.2720418642312223,2.2720417976379395,0.0,0.0,0.0
PLAIN_FM,0,30,0.0,0.0,0.07494434153301345,0.0,0.2333967503547667,1.1172783374786377,0.4627508028600341,3.2260413847837763,0.8835641729931072,0.03645988323529392,36.45988323529392,6076.363164243802,0.1440851181321155,1.4477485159543046,0.07022496999707073,0.04442674794699997,0.0,0.0,0.0,0.0,0.0,0.0,0.0,0.0,1.0
ORIGINAL_SAFEFLOWMPC,0,30,0.0,0.0,0.08421869418659439,0.0,0.0010168121337890135,0.0,0.5968123715007013,2.2539573896867178,0.5963896415487621,0.0252227663184972,25.222766318497204,349.7234524272738,0.30932980994855075,2.1521210025250106,0.18848088197410107,0.04690016491804272,0.03991238109301776,0.03018054092535749,7.0,0.0,16.81405130885735,1.78164541721344,0.0,0.0,0.0
POV_L05_ALWAYS,0,30,0.0,0.0,0.04136634980622331,0.0,0.0,0.0,0.4498619675752538,2.596441128843173,0.7931640295225509,0.02201270826085952,22.01270826085952,2102.5126327023067,0.2712628632436481,1.9593543322870333,1.6144476069603115,0.04894198494730517,1.4854701469885185,0.162421262008138,7.0,0.0,23.827863073258573,1.5403380393981934,0.0,0.0,0.0
POV_L05_ADAPTIVE,0,30,0.0,0.0,0.04136634980622331,0.0,0.0,0.0,0.4498619675752538,2.596441128843173,0.7931640295225509,0.02201270826085952,22.01270826085952,2102.5126327023067,0.2712628632436481,1.9593543322870333,1.6131043640198186,0.048948536976240575,1.4837154218694195,0.16345165099482983,7.0,0.0,23.82786307325985,1.5403380393981934,0.0,1.0,0.0
POV_L025_ADAPTIVE,0,30,0.0,0.0,0.05415742623533841,0.0,0.02336756553649888,0.0,0.4580132133726941,2.864463523774604,0.81751157314936,0.026499777621957987,26.49977762195799,3811.631440635221,0.14559999703852725,1.6778622383786763,1.7054692140081897,0.049031239934265614,1.5759617689764127,0.17018743488006294,7.0,0.0,23.016571849086226,0.821347177028656,0.0,1.0,0.0
GOAL_AWARE_FINAL_PROJECTION,0,30,0.0,0.0,0.040177312464411696,0.0,0.0,0.0,0.4559222295803828,2.4469508267565283,0.8096452824988941,0.025834869142816977,25.83486914281698,473.4848116968532,0.43246949306519755,2.1499755341748137,0.17475462099537253,0.04441051493631676,0.093375422002282,0.010463931015692651,1.0,0.0,2.282097564960986,2.282097578048706,0.0,0.0,0.0
PLAIN_FM,0,31,0.0,0.0,0.05525623602186401,0.0,0.28507189121246324,0.09185194969177246,0.4455985080199772,3.164932395871164,0.8899415178849265,0.027566878982912435,27.56687898291243,4583.492992645776,0.13459371138430862,1.399058871817501,0.07032891199924052,0.044430615031160414,0.0,0.0,0.0,0.0,0.0,0.0,0.0,0.0,1.0
ORIGINAL_SAFEFLOWMPC,0,31,0.0,0.0,0.09455015664858724,0.0,0.00047342147827134085,0.0,0.6054853649551788,2.2445431108848157,0.5965078011583893,0.025023367501541775,25.023367501541777,345.942952973816,0.3111344439493531,2.1813164311009126,0.19114262203220278,0.046987655048724264,0.042253346007782966,0.032452053972519934,7.0,0.0,18.369691992249,1.7521419525146484,0.0,0.0,0.0
POV_L05_ALWAYS,0,31,0.0,0.0,0.027168156300313426,0.0,0.0,0.0,0.43269754665057536,2.616766231151153,0.8120602096964987,0.0190692827199076,19.069282719907598,1640.444911425476,0.308058071135473,1.863606868568884,1.5185351190157235,0.04884190496522933,1.3892889519920573,0.15081813686992973,7.0,0.0,22.754406528964306,1.5635154247283936,0.0,0.0,0.0
POV_L05_ADAPTIVE,0,31,0.0,0.0,0.027168156300313426,0.0,0.0,0.0,0.43269754665057536,2.616766231151153,0.8120602096964987,0.0190692827199076,19.069282719907598,1640.444911425476,0.308058071135473,1.863606868568884,1.5117150600417517,0.048678350052796304,1.382930277963169,0.150273691106122,7.0,0.0,22.75440652949322,1.5635154247283936,0.0,1.0,0.0
POV_L025_ADAPTIVE,0,31,0.0,0.0,0.034515256679258255,0.0,0.14319435920715318,0.0,0.41888193601331963,2.926820558018728,0.8558202364661693,0.022464798430226418,22.46479843022642,2845.2825761356657,0.1665672179560845,1.503631999719766,1.6022721400368027,0.04869663994759321,1.4736031399806961,0.15718579711392522,7.0,0.0,22.69171872967153,0.6904314160346985,0.0,1.0,0.0
GOAL_AWARE_FINAL_PROJECTION,0,31,0.0,0.0,0.0611859426261671,0.0,0.0,0.0,0.4510292971505223,2.414936339792896,0.804181918684572,0.023617300059991297,23.617300059991297,449.36485586023474,0.4614379370311903,2.1860213098012524,0.17457453504903242,0.04443213500780985,0.09295349998865277,0.010525313031394035,1.0,0.0,2.3179288371905358,2.3179287910461426,0.0,0.0,0.0
PLAIN_FM,1,0,0.0,0.0,0.023263957447231254,0.0,0.0,0.43109700083732605,0.47662466265846404,2.2086897000169516,1.1200858245447742,0.04577244242206839,45.772442422068394,10133.282320276972,0.111956956771977,1.7538306089924391,0.07014630699995905,0.04427615198073909,0.0,0.0,0.0,0.0,0.0,0.0,0.0,0.0,1.0
ORIGINAL_SAFEFLOWMPC,1,0,0.0,0.0,0.03103706412041385,0.0,0.0,0.0,0.7403170135231492,0.9424113318751214,0.28653903093696825,0.005807493544992326,5.807493544992326,98.89098710678114,0.30314115013284826,2.2477883114772594,0.18956119799986482,0.04698970302706584,0.040844899020157754,0.03100939397700131,7.0,0.0,15.463337560809645,1.3743172883987427,0.0,0.0,0.0
POV_L05_ALWAYS,1,0,0.0,0.0,0.032231100702281246,0.0,0.0,0.0,0.32921786188217234,1.3619714808820267,0.8577813942244531,0.012153358499219946,12.153358499219946,1915.5194039311093,0.41693423297759613,2.315560866896201,1.3399833909934387,0.04863524902611971,1.2111268379958346,0.13241102796746418,7.0,0.0,25.425942317222272,1.7653175592422485,0.0,0.0,0.0
POV_L05_ADAPTIVE,1,0,0.0,0.0,0.02327590480860836,0.0,0.0,0.0,0.43419359846444994,2.0810757219516716,1.0870469388106145,0.038825227669615575,38.82522766961558,7907.622181745757,0.14612653017427163,1.7820260976013524,1.2354219570406713,0.048971046053338796,1.1141900870134123,0.11956803710199893,6.0,0.0,22.67723793178034,0.34911608695983887,0.0,0.8571428571428571,0.0
POV_L025_ADAPTIVE,1,0,0.0,0.0,0.027935325386440335,0.0,0.0,0.0,0.37058031435370514,1.9113285774347188,1.0262606165074541,0.027169335628619562,27.16933562861956,4864.981277438029,0.22690944927208287,1.7869598346303806,1.4239863230031915,0.04813837300753221,1.2959022079594433,0.13769506994867697,7.0,0.0,23.75818596957899,0.7507437467575073,0.0,1.0,0.0
GOAL_AWARE_FINAL_PROJECTION,1,0,0.0,0.0,0.016011123100760194,0.0,0.0,0.0,0.2781624411730028,1.341147971911392,0.781376658705436,0.015441535922125382,15.441535922125382,444.4324745948691,0.6202623380086023,2.135460316177621,0.17516293900553137,0.04445081512676552,0.09350938396528363,0.010515402012970299,1.0,0.0,2.56709692577653,2.5670969486236572,0.0,0.0,0.0
PLAIN_FM,1,1,0.0,0.0,0.029226751757445102,0.0,0.0,0.340576171875,0.49592782323463386,2.1396053404908915,1.0738480903454093,0.04470306059039278,44.70306059039279,9513.875025195006,0.12631387586160014,1.8148175337889334,0.07022085698554292,0.04428658098913729,0.0,0.0,0.0,0.0,0.0,0.0,0.0,0.0,1.0
ORIGINAL_SAFEFLOWMPC,1,1,0.0,0.0,0.03443207522420905,0.0,0.0,0.0,0.7363102123365524,0.9226825007863705,0.27888135279313697,0.005562942505658253,5.5629425056582535,94.14869387591729,0.30942089647757887,2.2450985603437568,0.1919859200133942,0.04833249794319272,0.03975834889570251,0.029573395033366978,7.0,0.0,16.00641674497903,1.3239086866378784,0.0,0.0,0.0
POV_L05_ALWAYS,1,1,0.0,0.0,0.032126600082422796,0.0,0.0,0.0,0.35479875482415635,1.3390836773986559,0.8123708313053598,0.013289608901103644,13.289608901103646,2337.2322539032766,0.42127490087843766,2.3150873835802557,1.4411900790291838,0.049231053970288485,1.3110128800035454,0.14171757001895458,7.0,0.0,22.572071690126368,1.5953952074050903,0.0,0.0,0.0
POV_L05_ADAPTIVE,1,1,0.0,0.0,0.03346027660128792,0.0,0.0,0.0,0.2561160375351087,1.7137209090813827,0.9829834587750562,0.020954229145104586,20.954229145104588,2635.2976488876357,0.3593075823456372,2.0443217078292384,1.5250370689900592,0.04895027488237247,1.3955650499556214,0.14763043710263446,7.0,0.0,18.13255319479714,1.1782732009887695,0.0,1.0,0.0
POV_L025_ADAPTIVE,1,1,0.0,0.0,0.031378331429877185,0.0,0.0,0.0,0.3589638858536209,1.8404229953580713,0.9972966790204919,0.027477460097611817,27.477460097611818,5120.931602066676,0.22957417445113526,1.8999344851257165,1.6130728499847464,0.049024496984202415,1.4836758829187602,0.15415554103674367,7.0,0.0,17.992746095000847,0.540148138999939,0.0,1.0,0.0
GOAL_AWARE_FINAL_PROJECTION,1,1,0.0,0.0,0.024377341650248158,0.0,0.0,0.0,0.30316710995326257,1.2553997479976295,0.7506468105718144,0.011804109971101262,11.804109971101262,367.7774156732205,0.6267558589540234,2.570131420828942,0.17499825300183147,0.04462919902289286,0.09326865599723533,0.010465461004059762,1.0,0.0,2.45659849698271,2.4565985202789307,0.0,0.0,0.0
PLAIN_FM,1,2,0.0,0.0,0.026455756501162553,0.0,0.0,0.05957603454589844,0.4793752044418321,2.226107579916338,1.1022791121549373,0.040185257094313795,40.1852570943138,7890.860343613406,0.10232347084512208,1.7751870256176974,0.07052887504687533,0.04448144510388374,0.0,0.0,0.0,0.0,0.0,0.0,0.0,0.0,1.0
ORIGINAL_SAFEFLOWMPC,1,2,0.0,0.0,0.03466039328301643,0.0,0.0,0.0,0.7364306923071293,0.9452645384010694,0.2819349572729871,0.0057659490556474235,5.765949055647424,96.60209831381383,0.3045980736886641,2.238623542334494,0.18711419799365103,0.04690776008646935,0.038635437085758895,0.02884918503696099,7.0,0.0,14.731662396853249,1.3451240062713623,0.0,0.0,0.0
POV_L05_ALWAYS,1,2,0.0,0.0,0.0331805117820983,0.0,0.0,0.0,0.3145374828232819,1.467098010043355,0.8883100673486826,0.01436484552489281,14.364845524892809,1637.4045291620123,0.4129440167662571,2.2424677815031555,1.3391425530426204,0.04892112594097853,1.2100488030700944,0.13070283987326548,7.0,0.0,26.81091734806585,1.6657503843307495,0.0,0.0,0.0
POV_L05_ADAPTIVE,1,2,0.0,0.0,0.025238260621170128,0.0,0.0,0.0,0.43963127449293465,2.106811296986066,1.0758988609198203,0.03480234598262705,34.80234598262705,6236.328651222891,0.1411487234274047,1.7953267321794213,1.1457766439998522,0.04883543204050511,1.0243899219785817,0.1135231198859401,6.0,0.0,20.29142927109713,0.3320024311542511,0.0,0.8571428571428571,0.0
POV_L025_ADAPTIVE,1,2,0.0,0.0,0.0265707518133263,0.0,0.0,0.0,0.454117190693414,2.1480616567449307,1.0790198688809425,0.03655489932261416,36.55489932261417,6800.9800574699375,0.11989470462861476,1.812461592590844,1.3319816639996134,0.048406171903479844,1.2106146140140481,0.12738643202465028,6.0,0.0,19.24648988117227,0.19189316034317017,0.0,0.8571428571428571,0.0
GOAL_AWARE_FINAL_PROJECTION,1,2,0.0,0.0,0.02869743453318878,0.0,0.0,0.0,0.305446950374661,1.2365757714215009,0.6835943784575217,0.012020016723105265,12.020016723105265,407.3146609426815,0.6422792641458974,2.508828256472399,0.17518040601862594,0.04381460603326559,0.09422751097008586,0.010981584957335144,1.0,0.0,2.6880217558738813,2.688021659851074,0.0,0.0,0.0
PLAIN_FM,1,3,0.0,0.0,0.02683456136772272,0.0,0.0,0.841413140296936,0.44957279424024976,2.2087819723976843,1.10537090273446,0.04532112220799921,45.32112220799921,10097.702442013182,0.1152251896274185,1.7465013863692178,0.07062263699481264,0.04452939599286765,0.0,0.0,0.0,0.0,0.0,0.0,0.0,0.0,1.0
ORIGINAL_SAFEFLOWMPC,1,3,0.0,0.0,0.03367438662261002,0.0,0.0,0.0,0.7346394856424562,0.9278425547972311,0.2741913981965708,0.0056095232453508,5.6095232453508,94.65954829739331,0.3107672789872557,2.233258323666341,0.18722024001181126,0.04687118896981701,0.0387108710128814,0.028875064046587795,7.0,0.0,14.481270377433628,1.3881834745407104,0.0,0.0,0.0
POV_L05_ALWAYS,1,3,0.0,0.0,0.03338700059667549,0.0,0.0,0.0,0.3236088617084879,1.4366311082383514,0.8581774497443109,0.01460099553805283,14.600995538052832,2278.0190996512406,0.4343417768663123,2.190323010011042,1.0591428200132214,0.048768799868412316,0.9304377528605983,0.1015409471001476,7.0,0.0,17.36466479051635,1.7136812210083008,0.0,0.0,0.0
POV_L05_ADAPTIVE,1,3,0.0,0.0,0.03338700059667549,0.0,0.0,0.0,0.3236088617084879,1.4366311082383514,0.8581774497443109,0.01460099553805283,14.600995538052832,2278.0190996512406,0.4343417768663123,2.190323010011042,1.0590309749823064,0.04884584998944774,0.9303962210542522,0.10146624501794577,7.0,0.0,17.364664792193135,1.7136812210083008,0.0,1.0,0.0
POV_L025_ADAPTIVE,1,3,0.0,0.0,0.030128587880285773,0.0,0.0,0.0,0.35321871695453494,1.886481459324229,1.0105292837921247,0.026929912530817557,26.92991253081756,4870.897942792641,0.24165378656583913,1.831755519854465,1.0572515160311013,0.04876218794379383,0.9289797598612495,0.10183442704146728,7.0,0.0,17.754758262276095,0.7126564383506775,0.0,1.0,0.0
GOAL_AWARE_FINAL_PROJECTION,1,3,0.0,0.0,0.02649789569682702,0.0,0.0,0.0,0.3319482296248501,1.2659615772230488,0.6287883142133758,0.01045686353717823,10.45686353717823,325.53985783394523,0.7500407631010244,2.7241594305785366,0.17463429999770597,0.04433328000595793,0.09319105301983654,0.010441199992783368,1.0,0.0,3.234394878967787,3.2343947887420654,0.0,0.0,0.0
PLAIN_FM,1,4,0.0,0.0,0.026051634530154855,0.0,0.0,0.5685862898826599,0.45465467611523364,2.206880576482378,1.1175605637776578,0.0370068479919138,37.0068479919138,6615.22641706326,0.12286460729901466,1.7868849240157116,0.07050900399917737,0.04444982309360057,0.0,0.0,0.0,0.0,0.0,0.0,0.0,0.0,1.0
ORIGINAL_SAFEFLOWMPC,1,4,0.0,0.0,0.035847433706414175,0.0,0.0,0.0,0.7357574693607992,0.9329856598663631,0.2808572609221252,0.005652399798386831,5.652399798386831,95.1593153521113,0.3077449377002343,2.244894789693228,0.1879990790039301,0.04705567401833832,0.038788311067037284,0.02891920699039474,7.0,0.0,14.961517003787781,1.3726611137390137,0.0,0.0,0.0
POV_L05_ALWAYS,1,4,0.0,0.0,0.02976278863272397,0.0,0.0,0.0,0.27141890574851973,1.7341478654967002,0.979504112743139,0.017437876012347253,17.437876012347257,1448.5155618127135,0.3705072283433118,1.852938881391193,1.4324708280037157,0.04912804899504408,1.30259989091428,0.1408858437789604,7.0,0.0,16.022427229829283,1.2808793783187866,0.0,0.0,0.0
POV_L05_ADAPTIVE,1,4,0.0,0.0,0.03356399495594459,0.0,0.0,0.0,0.2816531522933648,1.6653381865986763,0.9640367623946227,0.016709876042189542,16.709876042189542,1461.9769329571984,0.3717338709516531,1.9363731396573318,1.242181064968463,0.04912538890494034,1.1123359369812533,0.12021853495389223,7.0,0.0,18.605815768867387,1.299558162689209,0.0,1.0,0.0
POV_L025_ADAPTIVE,1,4,0.0,0.0,0.02998493445946465,0.0,0.0,0.0,0.35575283252387485,1.938058756564087,1.026786479487002,0.023451387877085672,23.451387877085672,3244.868239228981,0.23451098620497088,1.8125099017367856,1.3335506839794107,0.04909484804375097,1.20382770098513,0.1271142220357433,7.0,0.0,14.4087985108836,0.6386474370956421,0.0,1.0,0.0
GOAL_AWARE_FINAL_PROJECTION,1,4,0.0,0.0,0.02024171756041987,0.0,0.0,0.0,0.24483986392124568,1.4355720821687477,0.8496933049825296,0.017317730467003578,17.317730467003578,477.6682361687711,0.6069476118654908,2.046945155263911,0.17610343801788986,0.045108572056051344,0.0933834370225668,0.010570754006039351,1.0,0.0,2.367672699991753,2.3676726818084717,0.0,0.0,0.0
PLAIN_FM,1,5,0.0,0.0,0.028311981678519837,0.0,0.0,1.1642885208129883,0.4646499558538081,2.155282218033726,1.11072559583367,0.04645483353872114,46.45483353872115,10143.732270500785,0.11955637993532503,1.816588513772786,0.07082037103828043,0.044613697042223066,0.0,0.0,0.0,0.0,0.0,0.0,0.0,0.0,1.0
ORIGINAL_SAFEFLOWMPC,1,5,0.0,0.0,0.03235755389402141,0.0,0.0,0.0,0.7363137315910336,0.9512313412267389,0.2751636359250832,0.0057983479687018225,5.7983479687018225,96.83894396856907,0.30623903682681786,2.239735906648196,0.19103430898394436,0.04704475199105218,0.0419757459894754,0.032041580067016184,7.0,0.0,15.676147905791623,1.2881176471710205,0.0,0.0,0.0
POV_L05_ALWAYS,1,5,0.0,0.0,0.03337782128385737,0.0,0.0,0.0,0.30692241429723266,1.5236692962089367,0.9171508686815691,0.016780704625654286,16.780704625654284,2117.8320777352155,0.4130958126370467,2.2011757611128737,1.4255229289992712,0.048947401985060424,1.2961529329768382,0.13730654394021258,7.0,0.0,27.340193711367842,1.525342583656311,0.0,0.0,0.0
POV_L05_ADAPTIVE,1,5,0.0,0.0,0.035033422726722774,0.0,0.0,0.0,0.32284634496522036,1.4506362455398307,0.8760776753583215,0.01595178698762334,15.951786987623343,2248.1286188638314,0.419236750211902,2.3149507630661725,1.428993597975932,0.04903528600698337,1.2994227989693172,0.13845501490868628,7.0,0.0,26.130285919423272,1.609601378440857,0.0,1.0,0.0
POV_L025_ADAPTIVE,1,5,0.0,0.0,0.03173912725893152,0.0,0.0,0.0,0.3706747344204257,1.8308386950414137,1.00752263730912,0.02769836502999279,27.698365029992786,4961.553408236008,0.2392145769132326,1.9236705143160238,1.352124480996281,0.04982370702782646,1.2208822070388123,0.13368674705270678,7.0,0.0,22.42398775377749,0.6776584982872009,0.0,1.0,0.0
GOAL_AWARE_FINAL_PROJECTION,1,5,0.0,0.0,0.012715823801380796,0.0,0.0,0.0,0.27108569172668434,1.3294419844885044,0.8122474473947431,0.015216807524407017,15.216807524407017,439.34134854719525,0.6110473309007699,2.2173246721098927,0.17901634401641786,0.04544841009192169,0.09572356898570433,0.010835819994099438,1.0,0.0,2.3975115416588166,2.3975114822387695,0.0,0.0,0.0
PLAIN_FM,1,6,0.0,0.0,0.025604167693278945,0.0,0.0,0.876004695892334,0.4851561533772831,2.1468621024949828,1.0795237967093545,0.041605799965988365,41.60579996598837,8818.212301574375,0.11197684951689854,1.7387161324484277,0.07230894098756835,0.04551799112232402,0.0,0.0,0.0,0.0,0.0,0.0,0.0,0.0,1.0
ORIGINAL_SAFEFLOWMPC,1,6,0.0,0.0,0.03426752378783651,0.0,0.0,0.0,0.7354759708216176,0.9369013510677299,0.2784236175553351,0.005708498397995587,5.708498397995587,96.01175275426587,0.3075978078580253,2.222536986226032,0.19203936302801594,0.04802499699871987,0.03949216095497832,0.029453960072714835,7.0,0.0,15.147907591366154,1.2753924131393433,0.0,0.0,0.0
POV_L05_ALWAYS,1,6,0.0,0.0,0.032887951377917835,0.0,0.0,0.0,0.3773339649193169,1.3011693831907942,0.7888361887894184,0.011274610525817463,11.274610525817465,1976.6558577544831,0.4307604440095565,2.4179669752892794,1.2415051170391962,0.049002363986801356,1.111874716996681,0.12000813212944195,7.0,0.0,19.264310618065707,1.8649139404296875,0.0,0.0,0.0
POV_L05_ADAPTIVE,1,6,0.0,0.0,0.03289371033945093,0.0,0.0,0.0,0.36727966618331825,1.2931533639931216,0.7976847305883296,0.011266692432927439,11.266692432927439,1973.7049646029845,0.4500601642400217,2.475597631150217,1.2437844660016708,0.049008194997441024,1.11429317999864,0.11990737909218296,7.0,0.0,19.5076647964737,1.9848350286483765,0.0,1.0,0.0
POV_L025_ADAPTIVE,1,6,0.0,0.0,0.0290086321550041,0.0,0.0,0.0,0.4087119626215962,1.6684714896396367,0.9516013957548806,0.023373334561504477,23.37333456150448,4700.47029499232,0.2581536163696999,2.039456586400934,1.153201351989992,0.04918883100617677,1.0236572750727646,0.11126091697951779,7.0,0.0,21.00509516790553,0.940571665763855,0.0,1.0,0.0
GOAL_AWARE_FINAL_PROJECTION,1,6,0.0,0.0,0.018832198374115677,0.0,0.0015868362426756377,0.0,0.18911940043636707,1.5190372444245601,0.994386396231934,0.021571931507131714,21.571931507131715,536.1351236352951,0.5955168047630875,2.6201033298080545,0.26763251097872853,0.045049427018966526,0.18514996801968664,0.018903377058450133,1.0,0.0,2.486898241782415,2.486898183822632,0.0,0.0,0.0
PLAIN_FM,1,7,0.0,0.0,0.02888453433745236,0.0,0.0,0.7495115324854851,0.4677762031772868,2.152781908499099,1.095481463570936,0.056283814131767404,56.2838141317674,12427.19212717758,0.12189560666906007,1.78818154850702,0.07100282504688948,0.044829720980487764,0.0,0.0,0.0,0.0,0.0,0.0,0.0,0.0,1.0
ORIGINAL_SAFEFLOWMPC,1,7,0.0,0.0,0.03398556028843701,0.0,0.0,0.0,0.7358669711127696,0.9242585858891987,0.2780932340309618,0.005593853335731147,5.593853335731147,95.22940971025129,0.3100979952091969,2.257213996315594,0.18782410904532298,0.04730380995897576,0.0387363201007247,0.028876043972559273,7.0,0.0,16.4184406986097,1.305193305015564,0.0,0.0,0.0
POV_L05_ALWAYS,1,7,0.0,0.0,0.03504765893138878,0.0,0.0,0.0,0.2422986000313912,1.6011430652149488,0.9604436627488844,0.022560572426850112,22.560572426850115,2957.5150021890486,0.37357202006529816,2.2660127963171686,1.7969605780090205,0.048960795043967664,1.6673715200740844,0.17655295494478196,7.0,0.0,26.01819724757663,1.3440614938735962,0.0,0.0,0.0
POV_L05_ADAPTIVE,1,7,0.0,0.0,0.03516036344373702,0.0,0.0,0.0,0.2877819197419505,1.5600026728776886,0.9410404172975797,0.02194852054212526,21.948520542125262,3013.517221421735,0.39006047533746,2.1524031727707977,1.7126133799902163,0.04921556997578591,1.5827554760035127,0.17027825902914628,7.0,0.0,23.644304862641288,1.386042594909668,0.0,1.0,0.0
POV_L025_ADAPTIVE,1,7,0.0,0.0,0.032314253357271616,0.0,0.0,0.0,0.37429558313013434,1.8086025371757775,0.9899598776724675,0.033806096309859646,33.80609630985965,6239.949977823479,0.23542387849325525,1.9634249123897356,1.708345939987339,0.04924965195823461,1.5783381930668838,0.1646808770019561,7.0,0.0,28.586970602034395,0.6856878995895386,0.0,1.0,0.0
GOAL_AWARE_FINAL_PROJECTION,1,7,0.0,0.0,0.03404571873065802,0.0,0.0,0.0,0.34561254936986374,1.2202211281090005,0.734074030937655,0.011136299172278541,11.136299172278541,363.56904841126084,0.6931494194488451,2.693225325552332,0.17513030697591603,0.04475361102959141,0.09312778798630461,0.01051385299069807,1.0,0.0,2.8528497069342267,2.8528497219085693,0.0,0.0,0.0
PLAIN_FM,1,8,0.0,0.0,0.021712685048449865,0.0,0.0,0.7065367698669434,0.5174898734794546,2.2935875693044863,1.1261908959682145,0.043863437843290914,43.86343784329091,8634.710132871482,0.11301238325886348,1.7577975990078771,0.07050629099830985,0.044490033003967255,0.0,0.0,0.0,0.0,0.0,0.0,0.0,0.0,1.0
ORIGINAL_SAFEFLOWMPC,1,8,0.0,0.0,0.03313954732821954,0.0,0.0,0.0,0.7389193751032782,0.9624854441069602,0.2847878325372901,0.0059439419190827625,5.9439419190827625,99.39491204677964,0.30107184190257974,2.2390092284400307,0.19042915699537843,0.04716643498977646,0.040945108979940414,0.031117635953705758,7.0,0.0,16.0949837253679,1.404228925704956,0.0,0.0,0.0
POV_L05_ALWAYS,1,8,0.0,0.0,0.03213416362793925,0.0,0.0,0.0,0.3340626535759692,1.55786748367123,0.9021515600326443,0.01602055920502332,16.02055920502332,2007.3751430109924,0.3731443105948944,2.0381184416873728,1.5206915009766817,0.04912261600838974,1.3908725400688127,0.14441715396242216,7.0,0.0,21.601221064892126,1.561482310295105,0.0,0.0,0.0
POV_L05_ADAPTIVE,1,8,0.0,0.0,0.03218792439943724,0.0,0.0,0.0,0.34280295530965793,1.4815401767370675,0.8745240802938773,0.015563527041591918,15.56352704159192,2023.2811151033256,0.3790813419038024,2.1954060947956657,1.5115709920064546,0.048977521946653724,1.3824470971012488,0.1437778261024505,7.0,0.0,21.68731132266668,1.6224415302276611,0.0,1.0,0.0
POV_L025_ADAPTIVE,1,8,0.0,0.0,0.02751426347724123,0.0,0.0,0.0,0.418891920342663,1.8492111877234705,1.001169987392144,0.025951784562984415,25.951784562984415,4529.565825060122,0.2304033174208221,1.9445217982684284,1.3403756970074028,0.04948124603834003,1.2103440930368379,0.12995961384149268,7.0,0.0,21.029889966320788,0.9070943593978882,0.0,1.0,0.0
GOAL_AWARE_FINAL_PROJECTION,1,8,0.0,0.0,0.023212727308593153,0.0,0.0,0.0,0.3458606756747412,1.1878562495275593,0.6581879265212678,0.011710373630223536,11.710373630223536,359.58827145226024,0.6569370855786403,2.3849475742571404,0.17546218499774113,0.04482339200330898,0.09328989096684381,0.010391357995104045,1.0,0.0,2.895995772468471,2.895995616912842,0.0,0.0,0.0
PLAIN_FM,1,9,0.0,0.0,0.02465031951539204,0.0,0.0,0.0,0.4675222526979545,2.137647475053577,1.0590582527037486,0.0391464449230859,39.1464449230859,8039.5213358707715,0.0980966124122456,1.8375387681116864,0.07098853297065943,0.0447693100431934,0.0,0.0,0.0,0.0,0.0,0.0,0.0,0.0,1.0
ORIGINAL_SAFEFLOWMPC,1,9,0.0,0.0,0.03281285711460333,0.0,0.0,0.0,0.7360172950917337,0.9473806052552504,0.2780222878758552,0.005778780374422476,5.778780374422477,96.8833534087832,0.30547569628882587,2.2419688491651413,0.18925105402013287,0.047141043934971094,0.039928801998030394,0.030064555059652776,7.0,0.0,12.05256806017705,1.2145634889602661,0.0,0.0,0.0
POV_L05_ALWAYS,1,9,0.0,0.0,0.032313002041645056,0.0,0.0,0.0,0.3109299737729999,1.609801553609209,0.9517639113947018,0.017122236399329083,17.12223639932908,1707.622987923929,0.38031612692003325,2.0101376500387147,1.523451060988009,0.048888630990404636,1.3941885649692267,0.14933726494200528,7.0,0.0,27.90589135665661,1.4617966413497925,0.0,0.0,0.0
POV_L05_ADAPTIVE,1,9,0.0,0.0,0.023502838624487044,0.0,0.0,0.0,0.4306782049302282,2.0304645879572867,1.039073379694331,0.03353496201826722,33.53496201826722,6335.2252284778415,0.14341332641365778,1.8714814512584264,1.4170298640383407,0.04912417597370222,1.2953572039259598,0.13825770595576614,6.0,0.0,25.46559250207393,0.2752297520637512,0.0,0.8571428571428571,0.0
POV_L025_ADAPTIVE,1,9,0.0,0.0,0.023651673968036968,0.0,0.0,0.0,0.44666681467231434,2.0854656159969944,1.054892477137645,0.03644542106287163,36.44542106287163,7122.073104214283,0.12051426373298867,1.829451272696655,1.1430569280055352,0.04841145599493757,1.022100587026216,0.11205133411567658,6.0,0.0,19.54060976739342,0.2014572024345398,0.0,0.8571428571428571,0.0
GOAL_AWARE_FINAL_PROJECTION,1,9,0.0,0.0,0.010990898997157356,0.0,0.0,0.0,0.2942474784141672,1.5900061731761197,0.8790427235349206,0.023286431096563476,23.286431096563476,630.8901304832303,0.6254962979865406,1.8944898397863028,0.17507195303915069,0.04410856304457411,0.09380998503183946,0.010642884997650981,1.0,0.0,2.6051755449127167,2.605175495147705,0.0,0.0,0.0
PLAIN_FM,1,10,0.0,0.0,0.027875220085218644,0.0,0.0,0.6482911109924316,0.4640792153398366,2.190802550117072,1.097249945133866,0.04328256789140311,43.28256789140311,9101.850284645972,0.10052526416783587,1.7946258032660698,0.07111159601481631,0.04492001287871972,0.0,0.0,0.0,0.0,0.0,0.0,0.0,0.0,1.0
ORIGINAL_SAFEFLOWMPC,1,10,0.0,0.0,0.033507106526430006,0.0,0.0,0.0,0.7374155248273884,0.9255394894599326,0.27649152685968914,0.005569648707888675,5.569648707888675,94.18336764075441,0.30971418169574716,2.254588076540441,0.18902301602065563,0.0471489240298979,0.03985237592132762,0.030017152021173388,7.0,0.0,14.192747359268921,1.3154723644256592,0.0,0.0,0.0
POV_L05_ALWAYS,1,10,0.0,0.0,0.034905432843951256,0.0,0.0,0.0,0.2918749905810594,1.5850076603620458,0.9362339260919778,0.01678651538836151,16.78651538836151,1950.0935511083562,0.3816954316265374,2.01838981695145,1.150667947018519,0.04877175489673391,1.0217891240026802,0.11330708710011095,7.0,0.0,20.27444635359649,1.440724492073059,0.0,0.0,0.0
POV_L05_ADAPTIVE,1,10,0.0,0.0,0.034905432843951256,0.0,0.0,0.0,0.2918749905810594,1.5850076603620458,0.9362339260919778,0.01678651538836151,16.78651538836151,1950.0935511083562,0.3816954316265374,2.01838981695145,1.151225910987705,0.049011025053914636,1.021888033952564,0.11326026485767215,7.0,0.0,20.27444635346842,1.440724492073059,0.0,1.0,0.0
POV_L025_ADAPTIVE,1,10,0.0,0.0,0.031615307441317075,0.0,0.0,0.0,0.36231039639589147,1.8835722696597406,1.007950908946892,0.025999145038958837,25.999145038958844,4397.681627224647,0.23390540262776366,1.8449970958330433,1.1475362579803914,0.049027783854398876,1.0184093890129589,0.11102720408234745,7.0,0.0,19.92741068662151,0.7571596503257751,0.0,1.0,0.0
GOAL_AWARE_FINAL_PROJECTION,1,10,0.0,0.0,0.032165616800548386,0.0,0.0,0.0,0.32323440768385825,1.1715339252854446,0.6486542140966859,0.01007461577431279,10.07461577431279,356.7841069288313,0.6863315704152532,2.699191636057316,0.1751737230224535,0.044804397970438004,0.09307066397741437,0.010511800996027887,1.0,0.0,2.9309791048016836,2.9309792518615723,0.0,0.0,0.0
PLAIN_FM,1,11,0.0,0.0,0.021905977617044547,0.0,0.0,1.03543221950531,0.463619861094567,2.1540544985847565,1.1236730509377155,0.043527576026994336,43.52757602699434,9719.101264196566,0.11616225394091051,1.7679536060793428,0.07106551498873159,0.044933851866517216,0.0,0.0,0.0,0.0,0.0,0.0,0.0,0.0,1.0
ORIGINAL_SAFEFLOWMPC,1,11,0.0,0.0,0.03266886259296732,0.0,0.0,0.0,0.7352279944991362,0.9215598202277531,0.27652934107990473,0.0055621211818079885,5.5621211818079885,94.31527850995991,0.31013866428021486,2.2387956364964254,0.1880995499668643,0.047130824939813465,0.038673276954796165,0.028894264018163085,7.0,0.0,14.527543837858744,1.286027193069458,0.0,0.0,0.0
POV_L05_ALWAYS,1,11,0.0,0.0,0.031003344781742992,0.0,0.0,0.0,0.3069170608851831,1.561573260915751,0.9521200306310089,0.015453476718088277,15.453476718088277,2120.6521766214955,0.36990484156545683,2.084734566978627,1.2418423719936982,0.04900442104553804,1.1125065560336225,0.11728378286352381,7.0,0.0,15.036318795509148,1.268564224243164,0.0,0.0,0.0
POV_L05_ADAPTIVE,1,11,0.0,0.0,0.03100230240832408,0.0,0.0,0.0,0.30874268076283296,1.5480226785472715,0.9473120246270621,0.015252001617777955,15.252001617777957,2131.829220396697,0.37301863721723544,2.107196245408361,1.2437466399860568,0.04928693000692874,1.1138371179695241,0.11743225599639118,7.0,0.0,15.086032965704648,1.2907168865203857,0.0,1.0,0.0
POV_L025_ADAPTIVE,1,11,0.0,0.0,0.02643471615815579,0.0,0.0,0.0,0.37177507021945333,1.8349711029122981,1.0245023589923155,0.02592058099108241,25.92058099108241,4964.753661200461,0.23955510656523354,1.885483578467293,1.3315133780124597,0.049092552973888814,1.2023940580547787,0.12720835790969431,7.0,0.0,14.445942066876103,0.6570279598236084,0.0,1.0,0.0
GOAL_AWARE_FINAL_PROJECTION,1,11,0.0,0.0,0.02721848465443323,0.0,0.0,0.0,0.3012600101615143,1.1888223887251754,0.7674842594416562,0.009631386607332537,9.631386607332537,322.84711603018934,0.6374408948082921,2.7136864607310014,0.17469317000359297,0.044540144968777895,0.09313405503053218,0.010416319011710584,1.0,0.0,2.6323634066325527,2.6323633193969727,0.0,0.0,0.0
PLAIN_FM,1,12,0.0,0.0,0.020685431303795243,0.0,0.0,1.1146903783082962,0.47667855891642613,2.207701558874557,1.1074004350613735,0.04357280356875454,43.57280356875454,8898.506902140649,0.09162206516377372,1.774030194350184,0.07047853799303994,0.044626215007156134,0.0,0.0,0.0,0.0,0.0,0.0,0.0,0.0,1.0
ORIGINAL_SAFEFLOWMPC,1,12,0.0,0.0,0.03328528096915559,0.0,0.0,0.0,0.7371278037615607,0.9359451250280879,0.28060704617259247,0.0056890779769016575,5.6890779769016575,95.85897899939688,0.3058582054885791,2.237954174051087,0.18787033297121525,0.04697748791659251,0.03882601001532748,0.028881876089144498,7.0,0.0,13.994656562996013,1.3367657661437988,0.0,0.0,0.0
POV_L05_ALWAYS,1,12,0.0,0.0,0.030252484341095343,0.0,0.0,0.0,0.2969229446969825,1.6187279403471315,0.9424623841433561,0.017791827797635218,17.791827797635218,1976.2115602605104,0.35912787469437585,1.9804682595586514,1.33425711694872,0.04878396389540285,1.2049466808675788,0.128032592125237,7.0,0.0,21.831217808986345,1.3440942764282227,0.0,0.0,0.0
POV_L05_ADAPTIVE,1,12,0.0,0.0,0.02003027386248074,0.0,0.0,0.0,0.4372073941467489,2.069060680977584,1.054656116275338,0.036408914909541165,36.40891490954117,6736.530224861256,0.14759107043338873,1.897566475766064,1.3253082250012085,0.049226198985707015,1.2031884349999018,0.1251265000901185,6.0,0.0,20.66478070858974,0.41313183307647705,0.0,0.8571428571428571,0.0
POV_L025_ADAPTIVE,1,12,0.0,0.0,0.025712595798034588,0.0,0.0,0.0,0.37966214459327463,1.8620134429035262,0.9981753973904186,0.025703635388004464,25.703635388004468,4291.462513396315,0.22027717870408675,1.9074381907805977,1.519381788035389,0.04840475495439023,1.3905127170146443,0.14530374109745026,7.0,0.0,24.21350363965715,0.7123916149139404,0.0,1.0,0.0
GOAL_AWARE_FINAL_PROJECTION,1,12,0.0,0.0,0.037437007154662444,0.0,0.0,0.0,0.31658989441674135,1.1438480749254156,0.6299073612410422,0.008432821522434963,8.432821522434963,361.0837595560135,0.5925953149231926,2.5029933209379776,0.1758677390171215,0.04496195405954495,0.09355021500959992,0.010533802036661655,1.0,0.0,2.460272240844796,2.4602723121643066,0.0,0.0,0.0
PLAIN_FM,1,13,0.0,0.0,0.027572806905880987,0.0,0.0,1.6930294036865234,0.4693927854290308,2.187748816510927,1.1171075065252827,0.05393936789979159,53.93936789979159,12865.554004954593,0.10258039086322743,1.8101989649913255,0.0705025969655253,0.04451856191735715,0.0,0.0,0.0,0.0,0.0,0.0,0.0,0.0,1.0
ORIGINAL_SAFEFLOWMPC,1,13,0.0,0.0,0.03519299776335777,0.0,0.0,0.0,0.7343936822606282,0.923722701391179,0.27805062719736057,0.0056016265811864585,5.6016265811864585,95.27316418884715,0.31069231449701407,2.24496038851387,0.18820992903783917,0.047162602946627885,0.03883111895993352,0.028983297001104802,7.0,0.0,14.684341117684829,1.3188334703445435,0.0,0.0,0.0
POV_L05_ALWAYS,1,13,0.0,0.0,0.03438556806004617,0.0,0.0,0.0,0.32876285098992847,1.5010425606103606,0.8799426755376908,0.015082404286313134,15.082404286313135,2284.234201098845,0.3717500398979491,2.2091896420941404,1.523417150019668,0.048959800973534584,1.3938813310232945,0.15198793995659798,7.0,0.0,18.38498025447832,1.374167799949646,0.0,0.0,0.0
POV_L05_ADAPTIVE,1,13,0.0,0.0,0.03438556806004617,0.0,0.0,0.0,0.32876285098992847,1.5010425606103606,0.8799426755376908,0.015082404286313134,15.082404286313135,2284.234201098845,0.3717500398979491,2.2091896420941404,1.5248533849953674,0.04936881206231192,1.3949267251300626,0.1519592980039306,7.0,0.0,18.384980254472918,1.374167799949646,0.0,1.0,0.0
POV_L025_ADAPTIVE,1,13,0.0,0.0,0.030853235775091525,0.0,0.0,0.0,0.3556771892830243,1.8645946800277207,1.0436746291141747,0.03048236183791586,30.48236183791586,6035.466940774347,0.23178871819454133,1.9902514900904213,1.6216402719728649,0.04921584704425186,1.4917036539991386,0.16015131899621338,7.0,0.0,18.1730191523871,0.6790325045585632,0.0,1.0,0.0
GOAL_AWARE_FINAL_PROJECTION,1,13,0.0,0.0,0.032502577597668086,0.0,0.0,0.0,0.3413761722512605,1.0325331422681812,0.5771790782948112,0.004941397087297794,4.941397087297794,189.2629862075168,0.7031175691857852,2.876792116879623,0.17635597998742014,0.04455404297914356,0.09412068000528961,0.010755928989965469,1.0,0.0,3.0069263034979037,3.0069262981414795,0.0,0.0,0.0
PLAIN_FM,1,14,0.0,0.0,0.023951204720924324,0.0,0.0,0.5195346474647522,0.45793035478262306,2.16764597281898,1.1038831827132924,0.042769990573270855,42.76999057327086,9194.656797320358,0.10769490435505051,1.7625791515843094,0.07288665097439662,0.04614813404623419,0.0,0.0,0.0,0.0,0.0,0.0,0.0,0.0,1.0
ORIGINAL_SAFEFLOWMPC,1,14,0.0,0.0,0.034248753052928085,0.0,0.0,0.0,0.7348854586795835,0.9312925555998898,0.27893167100022737,0.005645839101992456,5.645839101992457,95.17302127386439,0.30790305884778224,2.2356313745604934,0.19059114198898897,0.04773108597146347,0.039150668075308204,0.02915997995296493,7.0,0.0,13.532837731452412,1.2969650030136108,0.0,0.0,0.0
POV_L05_ALWAYS,1,14,0.0,0.0,0.0325484985911943,0.0,0.0,0.0,0.2793352671316488,1.6798750476822344,0.9656816700589193,0.017898868531413648,17.898868531413648,1655.2308056799968,0.3499865648132482,1.8672006286442957,1.2444049880141392,0.04895421105902642,1.115357896022033,0.11909848585492,7.0,0.0,18.53696515458987,1.2152429819107056,0.0,0.0,0.0
POV_L05_ADAPTIVE,1,14,0.0,0.0,0.023912172063012604,0.0,0.0,0.0,0.4414187613991283,2.1056071639651517,1.0868011346511057,0.03680031063210083,36.80031063210083,7117.90959713743,0.12628796320100458,1.7909646723660015,1.040286251984071,0.048401773965451866,0.9272074840264395,0.09835136187030002,5.0,0.0,13.664885771646485,0.14405517280101776,0.0,0.7142857142857143,0.0
POV_L025_ADAPTIVE,1,14,0.0,0.0,0.02833457748105922,0.0,0.0,0.0,0.35698544117418196,1.875733836911841,1.0195338594327972,0.025304632252005244,25.304632252005245,4231.482648818657,0.24232905561875875,1.7994416430837152,1.2448952760314569,0.04827844107057899,1.1163261848851107,0.12195675313705578,7.0,0.0,19.338126928555408,0.7228918075561523,0.0,1.0,0.0
GOAL_AWARE_FINAL_PROJECTION,1,14,0.0,0.0,0.014315041619559724,0.0,0.0,0.0,0.18474222051843855,1.5323279965616896,1.0014314840976912,0.022445283024459084,22.445283024459084,547.3784792868363,0.5191645325969669,2.1774082164966537,0.2651664759614505,0.044583652925211936,0.1836886249948293,0.01817094604484737,1.0,0.0,1.9726532305757263,1.9726531505584717,0.0,0.0,0.0
PLAIN_FM,1,15,0.0,0.0,0.027522040592128427,0.0,0.0,0.3492516279220581,0.4509178203241537,2.192263571435428,1.1056028067604415,0.050936542002225596,50.9365420022256,11541.584259025072,0.08608340871961376,1.786834624231069,0.0711566639947705,0.044986850931309164,0.0,0.0,0.0,0.0,0.0,0.0,0.0,0.0,1.0
ORIGINAL_SAFEFLOWMPC,1,15,0.0,0.0,0.03335038946775945,0.0,0.0,0.0,0.7353998898303301,0.9344580772739073,0.2776793729689555,0.005683727523360549,5.683727523360549,96.1500802037163,0.3080953223711485,2.2449843181155837,0.18787509796675295,0.04718569095712155,0.038676325988490134,0.028851590992417186,7.0,0.0,15.014156202669481,1.313472032546997,0.0,0.0,0.0
POV_L05_ALWAYS,1,15,0.0,0.0,0.03456007877775352,0.0,0.0,0.0,0.323265068908193,1.5293142810980516,0.9517747239615084,0.018731416971024206,18.731416971024206,2762.908907705519,0.3987436217737409,2.1225143712285903,1.5213382189976983,0.0489021489629522,1.392314887023531,0.15225703071337193,7.0,0.0,18.584314001829622,1.588736891746521,0.0,0.0,0.0
POV_L05_ADAPTIVE,1,15,0.0,0.0,0.03492143249298135,0.0,0.0,0.0,0.3366962078547003,1.3792850048322167,0.8788184919054144,0.014848594586521324,14.848594586521324,2395.3867831526973,0.41259887338263057,2.316358035182176,1.4287315270048566,0.049087813997175545,1.2991951609728858,0.1396121839643456,7.0,0.0,20.454525617143396,1.6958870887756348,0.0,1.0,0.0
POV_L025_ADAPTIVE,1,15,0.0,0.0,0.031063467651607446,0.0,0.0,0.0,0.3720417209005878,1.7975450885373088,1.0083324529944735,0.030127431767007717,30.127431767007717,5969.599955141003,0.25209584895419596,1.964366974846318,1.437132577993907,0.0491549750440754,1.307352824951522,0.1428913208656013,7.0,0.0,22.85848127128836,0.9255000948905945,0.0,1.0,0.0
GOAL_AWARE_FINAL_PROJECTION,1,15,0.0,0.0,0.010522451776965008,0.0,0.009817045593261575,0.0,0.2704775539886937,1.6615558386674607,0.954157928808289,0.026518213328170795,26.518213328170795,673.2165844487618,0.5587752612660793,2.276701039519159,0.26639851700747386,0.044646274065598845,0.18461565900361165,0.018683959962800145,1.0,0.0,2.2294923187949363,2.2294921875,0.0,0.0,0.0
PLAIN_FM,1,16,0.0,0.0,0.027156220144910426,0.0,0.0,2.0816755294799805,0.5152760550087521,2.1653320360053288,1.0733832415358868,0.04675796208472821,46.757962084728206,10489.313955165271,0.08734585610539414,1.8136614272416876,0.07041576295159757,0.044526571000460535,0.0,0.0,0.0,0.0,0.0,0.0,0.0,0.0,1.0
ORIGINAL_SAFEFLOWMPC,1,16,0.0,0.0,0.03241427108810237,0.0,0.0,0.0,0.7395098601504786,0.9429465809690168,0.2858886432697459,0.005824273270804259,5.824273270804259,99.3225372702966,0.30458189217480947,2.249719588792018,0.1875395470415242,0.046949253883212805,0.03864294209051877,0.028832840849645436,7.0,0.0,15.119033942388064,1.2615052461624146,0.0,0.0,0.0
POV_L05_ALWAYS,1,16,0.0,0.0,0.034497797008401665,0.0,0.0,0.0,0.33340536602897336,1.6623080850992844,0.9325239268282113,0.018515145757149076,18.515145757149078,2030.7226150638069,0.3606484974570855,1.8919437144285032,1.3383953020093031,0.048970209958497435,1.2092076378758065,0.12773074686992913,7.0,0.0,20.016980611125405,1.3960646390914917,0.0,0.0,0.0
POV_L05_ADAPTIVE,1,16,0.0,0.0,0.034100727250099216,0.0,0.0,0.0,0.30905208378854765,1.723247042199743,0.9467003826533558,0.01940636945745622,19.406369457456222,2138.910597335819,0.3796796262093884,1.8012257897828001,1.5260570379905403,0.049354711023624986,1.39579634409165,0.1469559360994026,7.0,0.0,20.772550353109022,1.4878135919570923,0.0,1.0,0.0
POV_L025_ADAPTIVE,1,16,0.0,0.0,0.030928468034244372,0.0,0.0,0.3063392639160156,0.401602613220429,1.905047701717843,0.9996382561205853,0.0268980246872752,26.8980246872752,4699.556486638323,0.2215194695372832,1.8086846401146988,1.5174917450058274,0.04925407900009304,1.3879744820296764,0.14520537306088954,7.0,0.0,19.574144890102858,0.7530699968338013,0.0,1.0,0.0
GOAL_AWARE_FINAL_PROJECTION,1,16,0.0,0.0,0.011839246279607599,0.0,0.0,0.0,0.29716930136059766,1.5574991462838146,0.8402429552959796,0.019970488612153225,19.970488612153225,516.1286975887691,0.6534540363260526,1.9066919066870218,0.175565155048389,0.0447086650528945,0.09360128303524107,0.010606124007608742,1.0,0.0,2.715877073487405,2.715877056121826,0.0,0.0,0.0
PLAIN_FM,1,17,0.0,0.0,0.02636175774160271,0.0,0.0,1.6835567355155945,0.43829224475881445,2.2021292273019304,1.107949846330789,0.05199367408940503,51.993674089405026,11917.52273192368,0.12084045429889023,1.7482245755371126,0.07108514098217711,0.04485894797835499,0.0,0.0,0.0,0.0,0.0,0.0,0.0,0.0,1.0
ORIGINAL_SAFEFLOWMPC,1,17,0.0,0.0,0.033104623696191285,0.0,0.0,0.0,0.7368695730960017,0.9071486785197262,0.27915254910829934,0.005448894270415394,5.448894270415394,92.80970847060922,0.31249659335785596,2.2315551050533555,0.18841261899797246,0.04716251004720107,0.03883824893273413,0.02898700797231868,7.0,0.0,13.758341668783379,1.3246325254440308,0.0,0.0,0.0
POV_L05_ALWAYS,1,17,0.0,0.0,0.03384230228812263,0.0,0.0,0.0,0.33348056414500826,1.394538499286224,0.8518765484971456,0.015234554513686716,15.234554513686716,2629.860632357373,0.44157337251327333,2.265768843816968,1.2519633090123534,0.04898299102205783,1.122426655027084,0.12431508698500693,7.0,0.0,22.004755297949075,1.6917774677276611,0.0,0.0,0.0
POV_L05_ADAPTIVE,1,17,0.0,0.0,0.03384230228812263,0.0,0.0,0.0,0.33348056414500826,1.394538499286224,0.8518765484971456,0.015234554513686716,15.234554513686716,2629.860632357373,0.44157337251327333,2.265768843816968,1.245463692001067,0.04926665604580194,1.1157531030476093,0.12380362988915294,7.0,0.0,22.004755297737628,1.6917774677276611,0.0,1.0,0.0
POV_L025_ADAPTIVE,1,17,0.0,0.0,0.03028187422010692,0.0,0.0,0.11735677719116211,0.34463923520499395,1.8868957525741386,1.020637035645281,0.03044589436608225,30.445894366082246,5763.783627349639,0.2535845528034968,1.8317450933799357,1.24488706397824,0.04912751290248707,1.1153857230674475,0.12368368700845167,7.0,0.0,20.914013072332455,0.6978206038475037,0.0,1.0,0.0
GOAL_AWARE_FINAL_PROJECTION,1,17,0.0,0.0,0.031128890409990784,0.0,0.0,0.0,0.3253007926733534,1.2244013472250652,0.7178526332473432,0.009939959636177775,9.939959636177775,299.31734929693476,0.7527298380847027,2.9092505975288425,0.1767253250000067,0.04532468301476911,0.09363888402003795,0.010536981979385018,1.0,0.0,3.210249477454167,3.210249662399292,0.0,0.0,0.0
PLAIN_FM,1,18,0.0,0.0,0.024980803336329294,0.0,0.0,1.2352930195629597,0.4645200645544488,2.1691610259476715,1.08737448585871,0.0598547959257803,59.85479592578031,15674.804958179338,0.10397616474182582,1.732391353034695,0.07098463800502941,0.04492484004003927,0.0,0.0,0.0,0.0,0.0,0.0,0.0,0.0,1.0
ORIGINAL_SAFEFLOWMPC,1,18,0.0,0.0,0.03055830386736308,0.0,0.0,0.0,0.7386322436154833,0.9391482446980032,0.2797635541944651,0.00570358643360569,5.70358643360569,95.70288355869039,0.30456883399449175,2.231736384423454,0.1907009489950724,0.04720570391509682,0.04092866403516382,0.031032910104840994,7.0,0.0,15.070316258226706,1.2781729698181152,0.0,0.0,0.0
POV_L05_ALWAYS,1,18,0.0,0.0,0.033138272447523265,0.0,0.0,0.0,0.31620983332053054,1.445881469336391,0.8613709489296225,0.01576064876109906,15.76064876109906,2444.061467938985,0.4224137674062866,2.2101097633792333,1.3325084630050696,0.049025382031686604,1.2031888961209916,0.13209634099621326,7.0,0.0,22.840772995925818,1.6900501251220703,0.0,0.0,0.0
POV_L05_ADAPTIVE,1,18,0.0,0.0,0.033138272447523265,0.0,0.0,0.0,0.31620983332053054,1.445881469336391,0.8613709489296225,0.01576064876109906,15.76064876109906,2444.061467938985,0.4224137674062866,2.2101097633792333,1.3364319650572725,0.04912696499377489,1.206936833972577,0.13305670709814876,7.0,0.0,22.840773008989235,1.6900501251220703,0.0,1.0,0.0
POV_L025_ADAPTIVE,1,18,0.0,0.0,0.02932389611070113,0.0,0.0,0.23503199219703674,0.32721828344286386,1.7900772862201373,1.002176751175069,0.03092493205812441,30.924932058124412,6795.047412390265,0.2503254866518827,2.0859021226900882,1.600805988011416,0.05186186812352389,1.469308724917937,0.15565684577450156,7.0,0.0,22.70526102618829,0.9595314264297485,0.0,1.0,0.0
GOAL_AWARE_FINAL_PROJECTION,1,18,0.0,0.0,0.026428257687642148,0.0,0.0,0.0,0.33809142968870465,1.0335777897940601,0.5751997372566643,0.004859309798966649,4.859309798966649,194.2705662647093,0.6922692448135555,2.861392425966249,0.17614481801865622,0.04484464798588306,0.0944507039966993,0.010708545974921435,1.0,0.0,3.0449718602560525,3.0449719429016113,0.0,0.0,0.0
PLAIN_FM,1,19,0.0,0.0,0.03368940490523259,0.0,0.0,1.337738037109375,0.4358257826107487,2.197242920512959,1.0899039095089404,0.047875777465928374,47.87577746592837,9062.261723915026,0.12564487361546678,1.763017756407039,0.0710983700118959,0.045083194971084595,0.0,0.0,0.0,0.0,0.0,0.0,0.0,0.0,1.0
ORIGINAL_SAFEFLOWMPC,1,19,0.0,0.0,0.034689734714937207,0.0,0.0,0.0,0.7347541389810001,0.9244328999835766,0.2751515266293746,0.0055757799373035155,5.5757799373035155,94.15289346534905,0.31104685321873515,2.237705381427402,0.18753795296652243,0.047350996057502925,0.038615922967437655,0.028713968058582395,7.0,0.0,15.067512644742722,1.295581340789795,0.0,0.0,0.0
POV_L05_ALWAYS,1,19,0.0,0.0,0.037326426749051206,0.0,0.0,0.0,0.2909438923146876,1.5271961887429135,0.9066799120656756,0.016842640664098685,16.842640664098685,1818.8869303088497,0.4241103560835223,2.161844126360661,1.419048695010133,0.049694808025378734,1.2898639928898774,0.1349265230819583,7.0,0.0,21.733157510008137,1.553352952003479,0.0,0.0,0.0
POV_L05_ADAPTIVE,1,19,0.0,0.0,0.035679605963419514,0.0,0.0,0.0,0.3306115842877201,1.3399303336135802,0.8589501635622114,0.014390700705423143,14.390700705423143,2029.7890207474857,0.4816682108452037,2.4036490375711086,1.1517988010309637,0.0493124580825679,1.0222604790469632,0.11267355096060783,7.0,0.0,24.429054525999657,1.9809001684188843,0.0,1.0,0.0
POV_L025_ADAPTIVE,1,19,0.0,0.0,0.0356133989170509,0.0,0.0,0.0,0.3460291204205802,1.8256404022268162,0.9904636608429426,0.027487955718189683,27.48795571818968,4302.208016211312,0.2683651827471786,1.9232890013316064,1.4201100369682536,0.04904838203219697,1.2908224630518816,0.13665059296181425,7.0,0.0,19.884478965370462,0.7951916456222534,0.0,1.0,0.0
GOAL_AWARE_FINAL_PROJECTION,1,19,0.0,0.0,0.01165528995722706,0.0,0.0,0.0,0.3349797810794547,1.2602656624416273,0.7331637944553697,0.012847327503905603,12.847327503905603,392.0521826358936,0.7114374753863544,2.5055591231388963,0.17526538303354755,0.04476417601108551,0.0933286229846999,0.010558962007053196,1.0,0.0,2.929084239677506,2.929084300994873,0.0,0.0,0.0
PLAIN_FM,1,20,0.0,0.0,0.025174255449216643,0.0,0.0,1.5487585961818695,0.473402877732095,2.139722523520211,1.0474608203261795,0.04302170866774675,43.02170866774676,9634.078161211324,0.10366070761177731,1.7887781281407253,0.07113057101378217,0.04491643200162798,0.0,0.0,0.0,0.0,0.0,0.0,0.0,0.0,1.0
ORIGINAL_SAFEFLOWMPC,1,20,0.0,0.0,0.035334607617563116,0.0,0.0,0.0,0.7356186296142619,0.9311948273177906,0.2829322942059568,0.0057381137178458275,5.7381137178458275,98.7232650185188,0.3084090615866539,2.2501990106000265,0.18912084301700816,0.04729527496965602,0.040039570129010826,0.030035892850719392,7.0,0.0,14.986538243286125,1.2661044597625732,0.0,0.0,0.0
POV_L05_ALWAYS,1,20,0.0,0.0,0.03272759047570445,0.0,0.0,0.0,0.3195965474737073,1.4879020502413165,0.8763506497028622,0.015292832741031548,15.29283274103155,2223.425670805179,0.4223477473731975,2.1253268829010916,1.427937550994102,0.048963617940898985,1.2986658469890244,0.14122037205379456,7.0,0.0,20.368350646099827,1.6569753885269165,0.0,0.0,0.0
POV_L05_ADAPTIVE,1,20,0.0,0.0,0.032893700817659355,0.0,0.0,0.0,0.3146453890612468,1.4977583785431232,0.8852240488592267,0.015029889473735736,15.029889473735736,2083.512253940345,0.40407951468223724,2.1080602034114664,1.4258540620212443,0.049215245933737606,1.2964341239421628,0.13915583002381027,7.0,0.0,19.57418050798394,1.5535110235214233,0.0,1.0,0.0
POV_L025_ADAPTIVE,1,20,0.0,0.0,0.02898013533942706,0.0,0.0,0.3032025694847107,0.3751407484344732,1.8126336275833363,0.9666349147832509,0.025655047342575732,25.655047342575735,4865.694814435662,0.24741873598169212,1.8738900859094563,1.33098589500878,0.049242956971284,1.2019810979254544,0.13120102602988482,7.0,0.0,18.545267552149877,0.8219106197357178,0.0,1.0,0.0
GOAL_AWARE_FINAL_PROJECTION,1,20,0.0,0.0,0.025567152293388837,0.0,0.0,0.0,0.338745525361687,1.1078814523831244,0.6450999927565222,0.008174712668736817,8.174712668736817,298.94823649962984,0.6790398220603584,2.624742088709269,0.17518598004244268,0.04486024705693126,0.09316173801198602,0.010534690984059125,1.0,0.0,2.8742403288214695,2.8742401599884033,0.0,0.0,0.0
PLAIN_FM,1,21,0.0,0.0,0.02572566216910016,0.0,0.0,0.6092910468578339,0.474717250058616,2.174961817319433,1.0953510561099187,0.04220527782082778,42.20527782082778,9100.055364443982,0.0988673328269742,1.743295795137572,0.07085174199892208,0.04486803914187476,0.0,0.0,0.0,0.0,0.0,0.0,0.0,0.0,1.0
ORIGINAL_SAFEFLOWMPC,1,21,0.0,0.0,0.030509740196137433,0.0,0.0,0.0,0.7385588798747482,0.9471121827666292,0.2810288415024718,0.0057759862089938885,5.7759862089938885,96.71277671772225,0.3028102860554174,2.2346538523151027,0.18988153204554692,0.04722334898542613,0.040953943971544504,0.03106279793428257,7.0,0.0,15.330873616221002,1.2720832824707031,0.0,0.0,0.0
POV_L05_ALWAYS,1,21,0.0,0.0,0.03311244554858167,0.0,0.0,0.0,0.2871772887231059,1.6770175130898328,0.969038169554964,0.01930993032025663,19.30993032025663,2266.893315011509,0.3803899817524813,1.8611325132520837,1.0537369460216723,0.0489105069427751,0.9252970340894535,0.10321073810337111,7.0,0.0,17.10757910691022,1.4412496089935303,0.0,0.0,0.0
POV_L05_ADAPTIVE,1,21,0.0,0.0,0.025023418935465835,0.0,0.0,0.0,0.42795948379037263,2.0483059172596665,1.0720891997750888,0.04097745926449322,40.97745926449323,8598.341134116412,0.15372498456701114,1.780012728722053,0.9560588350286707,0.049143464013468474,0.8343595539336093,0.09314314095536247,6.0,0.0,14.944086309426128,0.40948396921157837,0.0,0.8571428571428571,0.0
POV_L025_ADAPTIVE,1,21,0.0,0.0,0.02575613499284274,0.0,0.0,0.0,0.45099716187489475,2.107946284682874,1.0819958685791393,0.03999940649648584,39.99940649648585,8363.632788702818,0.11636904918186096,1.7689079515712791,0.9535613660118543,0.04839651408838108,0.8329496450605802,0.09014931792626157,6.0,0.0,14.083153451478285,0.19148099422454834,0.0,0.8571428571428571,0.0
GOAL_AWARE_FINAL_PROJECTION,1,21,0.0,0.0,0.024266431640639324,0.0,0.0,0.0,0.3501368820587883,1.1512634787057296,0.6831680868736849,0.008699227569241685,8.699227569241685,306.99616363323304,0.6650403103950521,2.628784797049139,0.1733783699455671,0.0437704770010896,0.09281831898260862,0.010436388023663312,1.0,0.0,2.8515388294094444,2.85153865814209,0.0,0.0,0.0
PLAIN_FM,1,22,0.0,0.0,0.02684347812554594,0.0,0.0,1.637328863143921,0.48833057648156974,2.201149774280679,1.0889930032336481,0.04705209085676362,47.05209085676363,9363.767593466058,0.08885099003485437,1.7822159247956313,0.0706968680024147,0.044646502123214304,0.0,0.0,0.0,0.0,0.0,0.0,0.0,0.0,1.0
ORIGINAL_SAFEFLOWMPC,1,22,0.0,0.0,0.03328542288573004,0.0,0.0,0.0,0.7376747975311322,0.943949404458761,0.2792523493076107,0.0057380228488024265,5.738022848802427,96.00348287877037,0.3049036036336195,2.236923367755336,0.1901639979914762,0.04721468995558098,0.041041416057851166,0.03116163401864469,7.0,0.0,14.727567514886925,1.281114101409912,0.0,0.0,0.0
POV_L05_ALWAYS,1,22,0.0,0.0,0.03413878082051419,0.0,0.0,0.0,0.2908981796202077,1.7451127387159342,0.9896677057403406,0.022046699905366007,22.046699905366008,2575.7460833470523,0.36312851217195685,1.824270564746505,1.0561905250069685,0.048843365046195686,0.9276385919074528,0.10381330194650218,7.0,0.0,17.50248828852848,1.4247374534606934,0.0,0.0,0.0
POV_L05_ADAPTIVE,1,22,0.0,0.0,0.03413878082051419,0.0,0.0,0.0,0.2908981796202077,1.7451127387159342,0.9896677057403406,0.022046699905366007,22.046699905366008,2575.7460833470523,0.36312851217195685,1.824270564746505,1.0569437139783986,0.04896878910949454,0.9278965280391276,0.10388447402510792,7.0,0.0,17.502488288548864,1.4247374534606934,0.0,1.0,0.0
POV_L025_ADAPTIVE,1,22,0.0,0.0,0.0306471822728816,0.0,0.0,0.0,0.3786324423881819,1.930921158697051,1.0247434254644328,0.03037258021171363,30.372580211713625,5171.002943781645,0.22228898405497224,1.792670445286507,1.2366434389841743,0.049010007991455495,1.1077133970102295,0.11840995197417215,7.0,0.0,16.52414042732429,0.7741174101829529,0.0,1.0,0.0
GOAL_AWARE_FINAL_PROJECTION,1,22,0.0,0.0,0.011948151853396927,0.0,0.0,0.0,0.2876179621414016,1.5836908211337641,0.8512714511911743,0.020852210524640036,20.85221052464004,542.0071759958844,0.6612016824622491,1.853838268578355,0.1747415349818766,0.04469294397858903,0.09293459099717438,0.010571251972578466,1.0,0.0,2.7738341478724013,2.773834228515625,0.0,0.0,0.0
PLAIN_FM,1,23,0.0,0.0,0.033717601322484525,0.0,0.0,0.6524515151977539,0.4496358595394562,2.192116583534929,1.086337016626649,0.044532717689868384,44.532717689868385,9342.861610783335,0.11461617436117627,1.771722101555958,0.07051982200937346,0.044603800924960524,0.0,0.0,0.0,0.0,0.0,0.0,0.0,0.0,1.0
ORIGINAL_SAFEFLOWMPC,1,23,0.0,0.0,0.033815778352329476,0.0,0.0,0.0,0.7360736375611873,0.9173692804323067,0.2771250962674144,0.005521163859401046,5.521163859401046,93.76789324262448,0.3111224934313271,2.244599728677652,0.18727091897744685,0.046951163036283106,0.038747452083043754,0.028893910930491984,7.0,0.0,14.922670227759285,1.3478314876556396,0.0,0.0,0.0
POV_L05_ALWAYS,1,23,0.0,0.0,0.037866147626215374,0.0,0.0,0.0,0.3234865090900839,1.4313545495344302,0.8308873621068545,0.01335611406550874,13.356114065508741,1899.4690138012247,0.4425076959392046,2.319466978698633,1.2425501340185292,0.04902822012081742,1.1133673149743117,0.12175556999864057,7.0,0.0,18.53212453924057,1.8132249116897583,0.0,0.0,0.0
POV_L05_ADAPTIVE,1,23,0.0,0.0,0.03756606920085309,0.0,0.0,0.0,0.3075734758284776,1.4909388087852105,0.8790260030047518,0.015622212761074561,15.622212761074563,2121.187439933858,0.42198981468288194,2.2114274277723194,1.4257706509670243,0.04915725195314735,1.2966407850617543,0.13863420119741932,7.0,0.0,21.83166498416479,1.6282817125320435,0.0,1.0,0.0
POV_L025_ADAPTIVE,1,23,0.0,0.0,0.03608550902524771,0.0,0.0,0.0,0.34967893876904277,1.9067577895702528,1.0038097949867402,0.02783937321541785,27.83937321541785,4739.597259606154,0.23269110578088054,1.823872837705934,1.1485803190153092,0.04909892100840807,1.0196923690382391,0.113039196934551,7.0,0.0,18.406224018879676,0.6531194448471069,0.0,1.0,0.0
GOAL_AWARE_FINAL_PROJECTION,1,23,1.0,0.0,-0.0013900815724193633,0.0,0.0,0.0,0.16832450396702328,1.5699616380965518,1.0436133156499865,0.027322865222687558,27.322865222687557,734.4546619155236,0.5066650435951815,2.3392159759268996,0.264902601018548,0.04463090299395844,0.1834367269766517,0.018651709018740803,1.0,0.0,1.9090049396497792,1.9090049266815186,0.0,0.0,0.0
PLAIN_FM,1,24,0.0,0.0,0.021067172536931633,0.0,0.0,0.5594921112060547,0.47285908483409234,2.2248240274325353,1.1143655083493162,0.04349999690693543,43.49999690693543,8408.815201108655,0.0980590021640727,1.7795991456470437,0.07040902000153437,0.044611799938138574,0.0,0.0,0.0,0.0,0.0,0.0,0.0,0.0,1.0
ORIGINAL_SAFEFLOWMPC,1,24,0.0,0.0,0.04126426158259494,0.0,0.0,0.0,0.8132703292173544,0.830874734572048,0.22062494168664196,0.004246163684087478,4.246163684087478,68.91192761764307,0.35905550127372876,2.299002512679759,0.18736193102085963,0.04705543501768261,0.03873990604188293,0.028879821009468287,7.0,0.0,15.52713753005038,1.6285039186477661,0.0,0.0,0.0
POV_L05_ALWAYS,1,24,0.0,0.0,0.03101481054685279,0.0,0.0,0.0,0.31756902149027794,1.4565745335423965,0.8988450468975968,0.013834940808221674,13.834940808221674,1570.08405675898,0.4141437797811882,2.249329022289527,1.234904580982402,0.049101971031632274,1.1056663689087145,0.11731371009955183,7.0,0.0,18.22040792774746,1.64639413356781,0.0,0.0,0.0
POV_L05_ADAPTIVE,1,24,0.0,0.0,0.030961594447580787,0.0,0.0,0.0,0.33591636039585704,1.402018525694596,0.8551144365218047,0.013069043315650175,13.069043315650175,1738.06375585106,0.381347065608925,2.2219825663928443,1.2429929439676926,0.049206163035705686,1.113930410996545,0.12089765589917079,7.0,0.0,23.438921399818163,1.4952785968780518,0.0,1.0,0.0
POV_L025_ADAPTIVE,1,24,0.0,0.0,0.02621876964883768,0.0,0.0,0.0,0.3322840189450893,1.9151325545967506,1.0342124793753653,0.026387257324890445,26.38725732489044,4167.855500881434,0.20058723957738567,1.9178913718444521,1.3250851519987918,0.049084359023254365,1.1962478319765069,0.12656535592395812,7.0,0.0,20.409487754593766,0.5829926133155823,0.0,1.0,0.0
GOAL_AWARE_FINAL_PROJECTION,1,24,0.0,0.0,0.02668732606085278,0.0,0.0,0.0,0.3741423830010439,1.2022898318869193,0.6206652617004862,0.010229099475260739,10.229099475260739,320.8490654751372,0.7775809979475776,2.794916889122658,0.17470360198058188,0.04488533898256719,0.0926862929482013,0.010356957034673542,1.0,0.0,3.399970422350106,3.399970531463623,0.0,0.0,0.0
PLAIN_FM,1,25,0.0,0.0,0.019213368070447545,0.0,0.0,0.8879226446151733,0.5170006561536735,2.2009472159535526,1.0864953920905063,0.04572146859973546,45.72146859973546,9807.471463024776,0.08090501678939765,1.7935300838345398,0.07087740197312087,0.04475603497121483,0.0,0.0,0.0,0.0,0.0,0.0,0.0,0.0,1.0
ORIGINAL_SAFEFLOWMPC,1,25,0.0,0.0,0.029700518461019704,0.0,0.0,0.0,0.7406491011801575,0.9678896262580252,0.2834362476082364,0.005967138880163647,5.967138880163647,99.18287167918206,0.2990845810028528,2.234576085542292,0.1901731640100479,0.047235861129593104,0.0410142129403539,0.031124799977988005,7.0,0.0,15.801134010428841,1.2698808908462524,0.0,0.0,0.0
POV_L05_ALWAYS,1,25,0.0,0.0,0.03033513909667146,0.0,0.0,0.0,0.3702005991182822,1.5296041230980133,0.8949753379720102,0.016325916893977332,16.325916893977332,2018.8617699234082,0.39396631218049133,2.0612417749939014,1.1511019060271792,0.04908989788964391,1.021436825976707,0.10873855208046734,7.0,0.0,21.320414957008555,1.5850398540496826,0.0,0.0,0.0
POV_L05_ADAPTIVE,1,25,0.0,0.0,0.03033513909667146,0.0,0.0,0.0,0.3702005991182822,1.5296041230980133,0.8949753379720102,0.016325916893977332,16.325916893977332,2018.8617699234082,0.39396631218049133,2.0612417749939014,1.1476455820375122,0.04912051104474813,1.018140448082704,0.10826224001357332,7.0,0.0,21.320414956995332,1.5850398540496826,0.0,1.0,0.0
POV_L025_ADAPTIVE,1,25,0.0,0.0,0.024813901587903697,0.0,0.0,0.0,0.431420764572909,1.8387599407251043,0.9799751213774044,0.027599789022706767,27.59978902270677,4979.023222192125,0.2265670536567115,1.9015517363378265,1.239727864973247,0.049122001975774765,1.110289640899282,0.11803888890426606,7.0,0.0,21.431125180877643,0.8165721297264099,0.0,1.0,0.0
GOAL_AWARE_FINAL_PROJECTION,1,25,0.0,0.0,0.015599461089077421,0.0,0.0,0.0,0.3568280568409085,1.3768013990492431,0.7271847361057577,0.013486561934070274,13.486561934070274,341.59766824268803,0.6580103448700416,2.1307912931746174,0.17437770299147815,0.04445904499152675,0.09308081300696358,0.010449809022247791,1.0,0.0,2.7536146021093275,2.753614664077759,0.0,0.0,0.0
PLAIN_FM,1,26,0.0,0.0,0.030045835384761743,0.0,0.0,1.6082477569580078,0.4760023694648741,2.204524409116786,1.0974611746755858,0.04433544064565013,44.335440645650124,9221.395116203366,0.11386908222962389,1.7865160932312574,0.07025243499083444,0.04450017603812739,0.0,0.0,0.0,0.0,0.0,0.0,0.0,0.0,1.0
ORIGINAL_SAFEFLOWMPC,1,26,0.0,0.0,0.03507260032701649,0.0,0.0,0.0,0.7359337812429746,0.9374200115227722,0.2808322185946163,0.005704017845573395,5.704017845573396,96.37888348472679,0.307430452389292,2.2563813345417736,0.18724793498404324,0.046911732060834765,0.038916398014407605,0.02889918105211109,7.0,0.0,14.908818032050156,1.3699796199798584,0.0,0.0,0.0
POV_L05_ALWAYS,1,26,0.0,0.0,0.03634671399888806,0.0,0.0,0.0,0.2960455393163318,1.591223513712918,0.9294117480996005,0.016366268651832216,16.366268651832215,1621.9320476237976,0.36213985588640263,2.0398999187404345,1.4278817909653299,0.048890432983171195,1.2991847699158825,0.14348562801023945,7.0,0.0,22.127742152498314,1.3490073680877686,0.0,0.0,0.0
POV_L05_ADAPTIVE,1,26,0.0,0.0,0.03634671399888806,0.0,0.0,0.0,0.2960455393163318,1.591223513712918,0.9294117480996005,0.016366268651832216,16.366268651832215,1621.9320476237976,0.36213985588640263,2.0398999187404345,1.425600057002157,0.04914845182793215,1.2967964299605228,0.1431835080147721,7.0,0.0,22.127742152711246,1.3490073680877686,0.0,1.0,0.0
POV_L025_ADAPTIVE,1,26,0.0,0.0,0.03352364790790824,0.0,0.0,0.0,0.3810237213963188,1.8442045961866322,0.988876587812801,0.025723196725195907,25.72319672519591,4208.589523169698,0.23397288812010758,1.929350368703257,1.4282377240015194,0.04925513197667897,1.2988512329757214,0.1432286988128908,7.0,0.0,23.704600024856994,0.7661941647529602,0.0,1.0,0.0
GOAL_AWARE_FINAL_PROJECTION,1,26,0.0,0.0,0.02495030842783079,0.0,0.0,0.0,0.30802769248838724,1.122806481148232,0.6582615022088562,0.007364734239510007,7.364734239510007,239.6295477194776,0.6641186327473977,2.688443500936457,0.17535328696249053,0.04495216999202967,0.09326310799224302,0.010559360962361097,1.0,0.0,2.8177719160199803,2.8177719116210938,0.0,0.0,0.0
PLAIN_FM,1,27,0.0,0.0,0.018482866377103557,0.0,0.0,1.6641762852668762,0.4693086044968646,2.1938823598850448,1.1002259438394455,0.0468096757360215,46.8096757360215,10411.700958266023,0.11419166989668161,1.7510120128611526,0.0703166849561967,0.044484796992037445,0.0,0.0,0.0,0.0,0.0,0.0,0.0,0.0,1.0
ORIGINAL_SAFEFLOWMPC,1,27,0.0,0.0,0.04126426158259494,0.0,0.0,0.0,0.7806475465402845,0.860782064262788,0.23912844180014772,0.004708474773845062,4.708474773845062,78.44576510587231,0.33794837306482045,2.281281646212513,0.18759795400546864,0.047077046998310834,0.03874853305751458,0.028902059013489634,7.0,0.0,15.20908003719791,1.5307037830352783,0.0,0.0,0.0
POV_L05_ALWAYS,1,27,0.0,0.0,0.029640845146761075,0.0,0.0,0.0,0.31316978952433916,1.4247340579100778,0.8752731555031645,0.013885808783354658,13.885808783354657,1991.7358995582108,0.4279813737730729,2.306061281229321,1.3370834679808468,0.04914234089665115,1.2077995430445299,0.1301640811143443,7.0,0.0,18.973532538517915,1.763979434967041,0.0,0.0,0.0
POV_L05_ADAPTIVE,1,27,0.0,0.0,0.029664382092442654,0.0,0.0,0.0,0.30915496628030525,1.475024764125609,0.8872077162481897,0.014664120709689588,14.664120709689588,1953.0552980436155,0.4131407711250767,2.2167061474776277,1.2495561629766598,0.04907067900057882,1.120238515024539,0.12282042601145804,7.0,0.0,19.02102706670225,1.6551512479782104,0.0,1.0,0.0
POV_L025_ADAPTIVE,1,27,0.0,0.0,0.02404890061082926,0.0,0.0,0.5122926831245422,0.3670681133027972,1.8313168112302662,0.9877336837495417,0.025797228341278067,25.797228341278068,4670.919680030306,0.24102003359475102,1.8824261768860266,1.3312318069511093,0.048993736098054796,1.2024694950086996,0.13035030709579587,7.0,0.0,22.582179321883356,0.7667737007141113,0.0,1.0,0.0
GOAL_AWARE_FINAL_PROJECTION,1,27,0.0,0.0,0.023212589523563268,0.0,0.0,0.0,0.332156274277847,1.1671269248895728,0.6597722866190989,0.00942764764455184,9.42764764455184,282.8170101945915,0.7106854957651745,2.693607127030402,0.17420567496446893,0.04447679198347032,0.09290931699797511,0.010443899023812264,1.0,0.0,3.064059269659498,3.064059257507324,0.0,0.0,0.0
PLAIN_FM,1,28,0.0,0.0,0.021932994848910148,0.0,0.0,0.34973442554473877,0.4702202180396678,2.1491392479405538,1.0836799769642642,0.04121412191867977,41.21412191867977,8773.898963769198,0.11458901671271966,1.823377815390226,0.070339725993108,0.044560447975527495,0.0,0.0,0.0,0.0,0.0,0.0,0.0,0.0,1.0
ORIGINAL_SAFEFLOWMPC,1,28,0.0,0.0,0.04126426158259494,0.0,0.0,0.0,0.7813729235506789,0.8343948993723174,0.22977764090522268,0.004456978029542702,4.456978029542703,74.81500128434514,0.3510647921930541,2.294257441185122,0.1872390029602684,0.04705433495109901,0.038706050894688815,0.02886415901593864,7.0,0.0,14.816063849792284,1.479981541633606,0.0,0.0,0.0
POV_L05_ALWAYS,1,28,0.0,0.0,0.0314845481998845,0.0,0.0,0.0,0.22742204406090247,1.7021220996697395,1.0268027686236303,0.021568351854057477,21.56835185405748,2284.083350841515,0.362854422066893,2.0221060659188623,1.23841272899881,0.04879554203944281,1.1094367290497757,0.11896347190486267,7.0,0.0,18.705622950014504,1.2328579425811768,0.0,0.0,0.0
POV_L05_ADAPTIVE,1,28,0.0,0.0,0.021870094839813448,0.0,0.0,0.0,0.4384855140709075,1.9936970087158636,1.0354917712350002,0.03930902781199952,39.30902781199953,8299.435570712843,0.1719677143737135,1.9124042373317092,1.0453766799764708,0.049015396973118186,0.9243647019611672,0.09984558296855539,6.0,0.0,16.79356978105858,0.38179323077201843,0.0,0.8571428571428571,0.0
POV_L025_ADAPTIVE,1,28,0.0,0.0,0.021914988556140214,0.0,0.0,0.0,0.45076322098509425,2.0831195156425197,1.0657366570408884,0.03838420587899577,38.38420587899577,7915.278281958792,0.13878954052069525,1.8524388876051638,1.2281285499921069,0.048356550047174096,1.107620177033823,0.11806748498929664,6.0,0.0,19.785653459087182,0.16494962573051453,0.0,0.8571428571428571,0.0
GOAL_AWARE_FINAL_PROJECTION,1,28,0.0,0.0,0.009726275638383089,0.0,0.0,0.0,0.24130047480964867,1.487555739166082,0.8914027947700325,0.020172359099168702,20.172359099168702,549.8146942718662,0.6120587368758155,2.000188144930951,0.17389858601382002,0.04389945906586945,0.09313646296504885,0.010502699995413423,1.0,0.0,2.3640847349738054,2.3640847206115723,0.0,0.0,0.0
PLAIN_FM,1,29,0.0,0.0,0.027048427446923096,0.0,0.0,1.3145756721496582,0.4641688106142072,2.2390250674711196,1.139028735361056,0.0691123741257755,69.1123741257755,17884.515392862504,0.10860714446380587,1.776553206082437,0.07037444598972797,0.044559098954778165,0.0,0.0,0.0,0.0,0.0,0.0,0.0,0.0,1.0
ORIGINAL_SAFEFLOWMPC,1,29,0.0,0.0,0.0357842758841385,0.0,0.0,0.0,0.7353284797121203,0.9485544724516801,0.28763566131146145,0.0058192776634491405,5.819277663449141,97.51899783867479,0.3032867238170309,2.2326009677238714,0.18771422398276627,0.046919290150981396,0.03877737402217463,0.028945180994924158,7.0,0.0,15.914759054540431,1.3318101167678833,0.0,0.0,0.0
POV_L05_ALWAYS,1,29,0.0,0.0,0.027946196468372528,0.0,0.0,0.5897951126098633,0.35799477722215034,1.6530006656902239,1.0154173541910718,0.030126919822759946,30.126919822759945,5808.276250517363,0.4357303993661171,2.477682111126293,1.6078253969899379,0.048913294973317534,1.4786671040346846,0.15709377906750888,7.0,0.0,23.311977998589022,1.8035863637924194,0.0,0.0,0.0
POV_L05_ADAPTIVE,1,29,0.0,0.0,0.027946196468372528,0.0,0.0,0.5897951126098633,0.35799477722215034,1.6530006710710015,1.0154173530836326,0.030126926882293348,30.126926882293347,5808.2788694752135,0.43573040062890667,2.477682111126293,1.6102412970503792,0.04935426503652707,1.4807875979458913,0.15754876902792603,7.0,0.0,23.311977994364092,1.8035863637924194,0.0,1.0,0.0
POV_L025_ADAPTIVE,1,29,0.0,0.0,0.030877674631509422,0.0,0.00531719293594346,2.0790648460388184,0.3841077596442016,1.9048587369955945,1.0424501344532393,0.05367914814911845,53.67914814911845,14402.670051471843,0.21964182908056,1.82249269784878,1.611343062017113,0.04928870388539508,1.4817276290268637,0.16221072507323697,7.0,0.0,27.74953026347288,0.697833240032196,0.0,1.0,0.0
GOAL_AWARE_FINAL_PROJECTION,1,29,0.0,0.0,0.026022536658494272,0.0,0.0,0.0,0.3508875358274671,1.726526689717788,0.761891816918271,0.02107840400245442,21.07840400245442,493.921917437784,0.6022862437125811,1.712133589179016,0.26727283297805116,0.044526626996230334,0.18582496198359877,0.020634209970012307,1.0,0.0,2.3776338123666756,2.377633810043335,0.0,0.0,0.0
PLAIN_FM,1,30,0.0,0.0,0.025583165720861,0.0,0.0,0.893862247467041,0.4628605688839572,2.1546714850510673,1.103839782372257,0.049759134479488897,49.7591344794889,11580.398922183784,0.12117763511579459,1.7586941960324907,0.07027671299874783,0.044487825012765825,0.0,0.0,0.0,0.0,0.0,0.0,0.0,0.0,1.0
ORIGINAL_SAFEFLOWMPC,1,30,0.0,0.0,0.03367115257550454,0.0,0.0,0.0,0.736242822994497,0.9471795422336559,0.28166688060771056,0.005791259640575808,5.791259640575808,97.23688095037986,0.3043631714237742,2.2420282925160215,0.1874317749752663,0.04714122606674209,0.03871310089016333,0.028910529043059796,7.0,0.0,15.828524449235475,1.3004460334777832,0.0,0.0,0.0
POV_L05_ALWAYS,1,30,0.0,0.0,0.03186678565501688,0.0,0.0,0.0,0.24417261696950998,1.6062436083722655,0.9458116535377865,0.019171626061032454,19.171626061032452,2543.3280629344576,0.3431020038084566,2.0993467730868747,1.6019630279624835,0.04906361800385639,1.47301953996066,0.15435530303511769,7.0,0.0,26.452528778222877,1.1701136827468872,0.0,0.0,0.0
POV_L05_ADAPTIVE,1,30,0.0,0.0,0.03352791355746326,0.0,0.0,0.0,0.3209256778018935,1.36537394722075,0.8756312829906266,0.014563091168708908,14.563091168708906,2479.558303720419,0.4214352664337914,2.2615665171568513,1.7037177340243943,0.049486986943520606,1.5737055399804376,0.16635851125465706,7.0,0.0,31.120813137716038,1.6742956638336182,0.0,1.0,0.0
POV_L025_ADAPTIVE,1,30,0.0,0.0,0.029924586125884833,0.0,0.0,0.0,0.3471935098563986,1.8661296372336036,1.0270574690671013,0.029011222530779535,29.011222530779538,5609.855778391047,0.2064931639392793,1.8809548418990492,1.6072135489666834,0.04902781586861238,1.478153780917637,0.15600948815699667,7.0,0.0,25.038752506384093,0.5090492367744446,0.0,1.0,0.0
GOAL_AWARE_FINAL_PROJECTION,1,30,1.0,0.0,-0.00035344039595582716,0.0,0.0,0.0,0.33811661852904035,1.083751574049342,0.5590029000745619,0.005967206136141989,5.967206136141989,220.23062827720707,0.7725664339288827,2.85657598444303,0.1746188719989732,0.04457448801258579,0.09327830502297729,0.010512400011066347,1.0,0.0,3.4188925686530323,3.4188926219940186,0.0,0.0,0.0
PLAIN_FM,1,31,0.0,0.0,0.01621748533335919,0.0,0.0,0.09014725685119629,0.5021679172131399,2.224438073340549,1.122578382751641,0.04297012867471117,42.97012867471118,8883.556242357345,0.10155686070342113,1.7391010778359035,0.07038930500857532,0.04453035700134933,0.0,0.0,0.0,0.0,0.0,0.0,0.0,0.0,1.0
ORIGINAL_SAFEFLOWMPC,1,31,0.0,0.0,0.03307770694937599,0.0,0.0,0.0,0.7384341215964313,0.9425042728367727,0.2817917089220788,0.00573807728387421,5.738077283874211,96.15369720792354,0.3039761296898095,2.2334129421032496,0.19054811605019495,0.0470770169631578,0.04104664397891611,0.031181289930827916,7.0,0.0,15.975156415738784,1.3451499938964844,0.0,0.0,0.0
POV_L05_ALWAYS,1,31,0.0,0.0,0.03167665034296113,0.0,0.0,0.0,0.3031829044711339,1.6821302469593589,0.9476980287797373,0.01825414101310452,18.25414101310452,1931.2676415241147,0.37192794251102146,1.8353387135421535,1.1484317530412227,0.04900201811688021,1.0193749340833165,0.11144047795096412,7.0,0.0,17.846522252128377,1.4013092517852783,0.0,0.0,0.0
POV_L05_ADAPTIVE,1,31,0.0,0.0,0.02218734866605615,0.0,0.0,0.0,0.45635095927813324,2.0746128226900966,1.0790146045507967,0.03775863825345069,37.75863825345069,7317.424789180399,0.132733450216191,1.8158746659851883,1.053008658986073,0.0513029980356805,0.9291631109081209,0.10284088912885636,6.0,0.0,15.514737791407912,0.37334874272346497,0.0,0.8571428571428571,0.0
POV_L025_ADAPTIVE,1,31,0.0,0.0,0.021890905909987157,0.0,0.0,0.0,0.47675541486921624,2.146428308736603,1.1020148107388597,0.0410097875594079,41.0097875594079,8368.602510852568,0.11151090843286746,1.7732263600985683,0.9578017619787715,0.05069606099277735,0.8349299689289182,0.09191672794986516,6.0,0.0,16.723853567784925,0.20712095499038696,0.0,0.8571428571428571,0.0
GOAL_AWARE_FINAL_PROJECTION,1,31,0.0,0.0,0.011466929544654628,0.0,0.0,0.0,0.28724068981501455,1.4373254545406182,0.7452823397796232,0.01780481635251352,17.80481635251352,495.2673549498243,0.6614208483891518,1.9927550721570597,0.17372826795326546,0.04401169193442911,0.09312488994328305,0.010605353047139943,1.0,0.0,2.7198473530571823,2.7198474407196045,0.0,0.0,0.0
PLAIN_FM,2,0,0.0,0.0,0.07063500264935187,0.0,0.24900690879821763,1.6420197486877441,0.38667434017866437,2.741716419869809,1.0881062386334261,0.043845507181279664,43.84550718127966,10936.150125620014,0.07600424416150182,1.4058240343605954,0.07036374497693032,0.04471144103445113,0.0,0.0,0.0,0.0,0.0,0.0,0.0,0.0,1.0
ORIGINAL_SAFEFLOWMPC,2,0,0.0,0.0,0.07210746543101716,0.0,0.0,0.0,0.6171252470840616,2.0721675026048185,0.6214151060224257,0.023181042914450445,23.181042914450444,326.03652007558435,0.3173443425757367,1.7970495901300532,0.19199630396906286,0.048020659130997956,0.041400310990866274,0.03149533009855077,7.0,0.0,17.397152386574422,1.4991307258605957,0.0,0.0,0.0
POV_L05_ALWAYS,2,0,0.0,0.0,0.05808414290630194,0.0,0.0,0.0,0.3502684124449111,1.9742346441790795,1.0522791054007874,0.018444645131888926,18.44464513188893,3486.2010979976435,0.45722816688717627,2.1921648161702816,1.422140415001195,0.049829725991003215,1.2923753510112874,0.14397508412366733,7.0,0.0,23.234689708851544,2.322154998779297,0.0,0.0,0.0
POV_L05_ADAPTIVE,2,0,0.0,0.0,0.05938529697240792,0.0,0.0,0.0,0.3594499818744644,1.9170651503173024,1.0422781288154261,0.01823453749449122,18.23453749449122,3587.328591467198,0.4771936095344742,2.2632971427894484,1.418242018960882,0.04978375410428271,1.2888126919278875,0.1436439148383215,7.0,0.0,23.635951634725508,2.4335172176361084,0.0,1.0,0.0
POV_L025_ADAPTIVE,2,0,0.0,0.0,0.07341454321478295,0.0,0.0,0.0,0.3504557980097762,2.475254001375104,1.0709768789032421,0.03088226843640153,30.882268436401535,6537.947324491402,0.20054269381281803,1.6779188453380307,1.4124934030114673,0.04956273891730234,1.2834285469725728,0.14113230002112687,7.0,0.0,23.981734186982855,1.0248494148254395,0.0,1.0,0.0
GOAL_AWARE_FINAL_PROJECTION,2,0,1.0,0.0,-0.018376439926713832,0.0,0.0,0.0,0.4663263263538333,2.158727332949414,1.2620702715022492,0.022571871884841777,22.57187188484178,385.0062008089239,0.707267877557856,2.6319980058681716,0.17370207497151569,0.04457362595712766,0.09229209698969498,0.010437978024128824,1.0,0.0,3.5898879024462174,3.589887857437134,0.0,0.0,0.0
PLAIN_FM,2,1,0.0,0.0,0.07867420918136576,0.0,0.2930609997749327,0.824434757232666,0.4082772611323893,2.7891983185732547,1.0986763179926644,0.052024802551934535,52.02480255193453,13903.682651939622,0.07573738829964675,1.398930345084276,0.0703955739736557,0.044479624135419726,0.0,0.0,0.0,0.0,0.0,0.0,0.0,0.0,1.0
ORIGINAL_SAFEFLOWMPC,2,1,0.0,0.0,0.07543250952826441,0.0,0.0,0.0,0.6181411559522019,2.0568162663426883,0.6158296831701267,0.022890287718930973,22.890287718930974,318.4456334705863,0.32332916637441267,1.8164573894901062,0.18880623701261356,0.047110203944612294,0.03995370399206877,0.030117792019154876,7.0,0.0,20.292675307251308,1.5848884582519531,0.0,0.0,0.0
POV_L05_ALWAYS,2,1,0.0,0.0,0.046839512775997225,0.0,0.0,0.0,0.3521346250255718,2.122303357890144,1.0510909999717417,0.019521710110849577,19.52171011084958,4049.1436430413423,0.3110609203438375,1.9531801360232839,1.6910785649670288,0.04999927995959297,1.5612601000466384,0.17158615088555962,7.0,0.0,19.593022349935328,1.7058411836624146,0.0,0.0,0.0
POV_L05_ADAPTIVE,2,1,0.0,0.0,0.046839512775997225,0.0,0.0,0.0,0.3521346250255718,2.122303357890144,1.0510909999717417,0.019521710110849577,19.52171011084958,4049.1436430413423,0.3110609203438375,1.9531801360232839,1.6924330280162394,0.051779489032924175,1.5607266210136004,0.17353495012503117,7.0,0.0,19.59302234994408,1.7058411836624146,0.0,1.0,0.0
POV_L025_ADAPTIVE,2,1,0.0,0.0,0.07100892868446344,0.0,0.031994145774841165,0.0,0.3721467140401783,2.4441166035471107,1.0867001875558162,0.03043572476243772,30.43572476243772,7081.107051433604,0.15290716075512237,1.660509449327299,1.526505535992328,0.050139634986408055,1.396018224011641,0.15361851901980117,7.0,0.0,23.74525951256462,0.9025527834892273,0.0,1.0,0.0
GOAL_AWARE_FINAL_PROJECTION,2,1,0.0,0.0,0.002393086228729177,0.0,0.0,0.0,0.3501237258625689,1.822720007294587,1.1661645061314334,0.012727828035870914,12.727828035870914,296.4522919572943,0.6010259625263794,2.5329177086535055,0.17660239100223407,0.04520489298738539,0.09397422097390518,0.010753787006251514,1.0,0.0,3.136072243871523,3.1360723972320557,0.0,0.0,0.0
PLAIN_FM,2,2,0.0,0.0,0.073461331642429,0.0,0.21072284545898423,1.051117181777954,0.3830290054511082,2.7325022650759236,1.0918351900714096,0.04390445708546087,43.90445708546087,11270.671165589352,0.09093122565080956,1.4084843845343251,0.07144095102557912,0.04525142500642687,0.0,0.0,0.0,0.0,0.0,0.0,0.0,0.0,1.0
ORIGINAL_SAFEFLOWMPC,2,2,0.0,0.0,0.06990500973437777,0.0,0.0,0.0,0.6195504471493177,2.1126893598486265,0.624785756531145,0.024335049430464623,24.335049430464625,347.7094679585621,0.3102274935836641,1.7735961606110766,0.19179886498022825,0.04794507403858006,0.04075802699662745,0.03079350187908858,7.0,0.0,17.21230867800994,1.5276511907577515,0.0,0.0,0.0
POV_L05_ALWAYS,2,2,0.0,0.0,0.04864855178137466,0.0,0.0,0.0,0.3427813534895964,2.158670055307283,1.092500645076668,0.02071829015939386,20.71829015939386,3363.7861115500377,0.3396030878536319,1.9776898031934762,1.5316465580253862,0.04984477692050859,1.400595368933864,0.14767673780443147,7.0,0.0,23.37557330602922,1.8102126121520996,0.0,0.0,0.0
POV_L05_ADAPTIVE,2,2,0.0,0.0,0.04864855178137466,0.0,0.0,0.0,0.3427813534895964,2.158670055307283,1.092500645076668,0.02071829015939386,20.71829015939386,3363.7861115500377,0.3396030878536319,1.9776898031934762,1.529608319979161,0.04995497001800686,1.3982135340338573,0.14745976612903178,7.0,0.0,23.375573306035168,1.8102126121520996,0.0,1.0,0.0
POV_L025_ADAPTIVE,2,2,0.0,0.0,0.060155079263178715,0.0,0.0,0.0,0.35944720823487225,2.2925944729474277,1.0725108963018217,0.02737216020666816,27.372160206668163,6644.866866318345,0.2063521442474739,1.7789296212506676,1.2480523440171964,0.04974715405842289,1.1171674420475028,0.12093912897398695,7.0,0.0,23.676727308455895,1.121514081954956,0.0,1.0,0.0
GOAL_AWARE_FINAL_PROJECTION,2,2,0.0,0.0,0.01451440910624946,0.0,0.0,0.0,0.33884325366381574,1.6367985153478233,1.1278262987442331,0.00918264278841363,9.18264278841363,237.9344366762126,0.692966606443272,2.7698418607486737,0.17476772103691474,0.044589868979528546,0.09304601600160822,0.010583391995169222,1.0,0.0,3.593282493717416,3.593282461166382,0.0,0.0,0.0
PLAIN_FM,2,3,0.0,0.0,0.0729750039323545,0.0,0.09039328660964951,1.4463138580322266,0.39751031849516066,2.74281771153341,1.084484567743404,0.04796557420672387,47.96557420672387,13040.93696348554,0.07130108982856201,1.4218841850763118,0.07047220499953255,0.0445177459041588,0.0,0.0,0.0,0.0,0.0,0.0,0.0,0.0,1.0
ORIGINAL_SAFEFLOWMPC,2,3,0.0,0.0,0.08069642934038607,0.0,0.0,0.0,0.6150465240883218,2.0674041670545007,0.6099790844965354,0.023375452689168456,23.37545268916846,333.5819875787572,0.3157856573046771,1.8146600113401556,0.1894303309964016,0.04723863606341183,0.04034765396500006,0.03054416400846094,7.0,0.0,18.17428839637557,1.5470384359359741,0.0,0.0,0.0
POV_L05_ALWAYS,2,3,0.0,0.0,0.04767760183896412,0.0,0.0,0.0,0.34975898006128625,2.048099278764383,1.0455370803150716,0.02166717510929078,21.66717510929078,5007.043298160246,0.3300245155014122,2.0121867373266236,1.417862419039011,0.04922575899399817,1.288532180013135,0.14119162608403713,7.0,0.0,23.663131444552402,1.7021276950836182,0.0,0.0,0.0
POV_L05_ADAPTIVE,2,3,0.0,0.0,0.04767760183896412,0.0,0.0,0.0,0.34975898006128625,2.048099278764383,1.0455370803150716,0.02166717510929078,21.66717510929078,5007.043298160246,0.3300245155014122,2.0121867373266236,1.4189610159955919,0.049393024935852736,1.2897028461447917,0.14146120205987245,7.0,0.0,23.663131444592082,1.7021276950836182,0.0,1.0,0.0
POV_L025_ADAPTIVE,2,3,0.0,0.0,0.06635761928012628,0.0,0.0,0.0,0.36336983048726024,2.374818108781254,1.0690106828751553,0.02965403973159919,29.654039731599187,7253.393670171084,0.18844809154868575,1.7076950308800976,1.5131799289956689,0.049309971975162625,1.3834321279427968,0.15050868410617113,7.0,0.0,23.548267823578154,0.9734784364700317,0.0,1.0,0.0
GOAL_AWARE_FINAL_PROJECTION,2,3,0.0,0.0,0.023635285979380083,0.0,0.0,0.0,0.34756812270278553,1.6832176989747183,1.1367742303970865,0.011076193303111381,11.076193303111381,248.17461837933763,0.7110251680759841,2.720087984524714,0.17700937000336125,0.04540807893499732,0.09395682899048552,0.010632363031618297,1.0,0.0,3.6041603453203734,3.6041603088378906,0.0,0.0,0.0
PLAIN_FM,2,4,0.0,0.0,0.0753589246552983,0.0,0.3100220974922179,1.82869553565979,0.3765252792696506,2.77450673323758,1.072789104716427,0.06458938031655194,64.58938031655195,18705.999689074186,0.09428879606748837,1.3853208631081062,0.0708449250087142,0.04481532296631485,0.0,0.0,0.0,0.0,0.0,0.0,0.0,0.0,1.0
ORIGINAL_SAFEFLOWMPC,2,4,0.0,0.0,0.07204971332774772,0.0,0.0,0.0,0.6202365567175752,2.099196309670987,0.6200339356131016,0.024068390948472095,24.0683909484721,343.6722253532448,0.3150857034804301,1.7858758433821764,0.1916742890025489,0.047494262049440295,0.04159554693615064,0.0316752020153217,7.0,0.0,19.305606445478194,1.5650558471679688,0.0,0.0,0.0
POV_L05_ALWAYS,2,4,0.0,0.0,0.054239239769358946,0.0,0.0,0.0,0.33494030548557363,2.0155699682642707,1.048307780137304,0.018952781741916613,18.952781741916613,3974.795795735852,0.3653479730366629,2.0643109350006013,1.5119294920004904,0.049269060080405325,1.3820586589863524,0.14900812320411205,7.0,0.0,24.32903677128207,1.9967106580734253,0.0,0.0,0.0
POV_L05_ADAPTIVE,2,4,0.0,0.0,0.054239239769358946,0.0,0.0,0.0,0.33494030548557363,2.0155699682642707,1.048307780137304,0.018952781741916613,18.952781741916613,3974.795795735852,0.3653479730366629,2.0643109350006013,1.5123937600292265,0.04928187106270343,1.3824953959556296,0.14902221405645832,7.0,0.0,24.32903677160652,1.9967106580734253,0.0,1.0,0.0
POV_L025_ADAPTIVE,2,4,0.0,0.0,0.06756831051765715,0.0,0.05407289829254136,0.09810447692871094,0.3590136844777876,2.3483200368819346,1.062631506925613,0.042358348105295,42.358348105295,11869.23887031903,0.18614499581014393,1.7219321515455728,1.6160036430228502,0.04966347094159573,1.4853587560355663,0.1605589399114251,7.0,0.0,28.997192263865614,1.0723952054977417,0.0,1.0,0.0
GOAL_AWARE_FINAL_PROJECTION,2,4,0.0,0.0,0.006479458660191756,0.0,0.0,0.0,0.34101037038876775,1.7371107458705433,1.1252350828442887,0.01188896258471317,11.88896258471317,240.6091706188107,0.6199038914906003,2.5602544058939767,0.17530067201005295,0.04493702494073659,0.09303761395858601,0.010521798976697028,1.0,0.0,3.2336847519243737,3.233684778213501,0.0,0.0,0.0
PLAIN_FM,2,5,0.0,0.0,0.07279547759186845,0.0,0.44455961551666245,1.3078880310058594,0.3993872415493868,2.783114070961412,1.0856798920562498,0.05944193150598043,59.44193150598043,15792.521524302572,0.08231205590001313,1.3902099895889866,0.07105889997910708,0.04497509798966348,0.0,0.0,0.0,0.0,0.0,0.0,0.0,0.0,1.0
ORIGINAL_SAFEFLOWMPC,2,5,0.0,0.0,0.07407245435988816,0.0,0.0,0.0,0.6177189105895046,2.093315218125869,0.617431401837173,0.024015604870363298,24.0156048703633,343.58392142613104,0.3164774718631551,1.7941053141130316,0.19009770604316145,0.04729933000635356,0.040386944951023906,0.03050446219276637,7.0,0.0,19.6349606865422,1.5635595321655273,0.0,0.0,0.0
POV_L05_ALWAYS,2,5,0.0,0.0,0.053855935249842043,0.0,0.0,0.0,0.3507183257162864,2.091425484805801,1.042786403951915,0.024465318852311846,24.465318852311846,5408.577742173825,0.33820376803532265,1.9985706687271187,1.5199856840190478,0.04932701197685674,1.390132260916289,0.15230181097285822,7.0,0.0,23.576654803445663,1.8116998672485352,0.0,0.0,0.0
POV_L05_ADAPTIVE,2,5,0.0,0.0,0.05634054501128023,0.0,0.0,0.0,0.35093123860051867,2.094747018981235,1.0470862146641877,0.024428421997018557,24.428421997018557,5412.9061339056825,0.33665439929679525,1.9881974374262563,1.5163769249920733,0.049173849169164896,1.3868904520059004,0.1517037430894561,7.0,0.0,23.55168458776623,1.800585389137268,0.0,1.0,0.0
POV_L025_ADAPTIVE,2,5,0.0,0.0,0.06713162495382084,0.0,0.1269640144348143,0.17803430557250977,0.36927616329240126,2.4101364581614155,1.0673632588902675,0.035772916914136976,35.77291691413698,8885.933527656785,0.16800009572175592,1.6824997327804838,1.5157053539878689,0.050152574898675084,1.3854158010217361,0.15166463394416496,7.0,0.0,25.955268814286775,0.9588969945907593,0.0,1.0,0.0
GOAL_AWARE_FINAL_PROJECTION,2,5,1.0,0.0,-0.01501787679545654,0.0,0.0,0.0,0.40352893576408727,1.9272331328107541,1.1923650697411075,0.01564569838983587,15.645698389835871,263.4639042437214,0.6143314966727131,2.543403685179271,0.1740504979970865,0.044571306090801954,0.0927323850337416,0.010624222981277853,1.0,0.0,3.2072946366518416,3.207294464111328,0.0,0.0,0.0
PLAIN_FM,2,6,0.0,0.0,0.07927143956467915,0.0,0.1419539865493773,0.7699441909790039,0.4034807353421325,2.7202636889596232,1.1235466859146912,0.04492007983947144,44.92007983947144,11933.42792986858,0.06999074274763119,1.4477037330260478,0.07043381303083152,0.044684739026706666,0.0,0.0,0.0,0.0,0.0,0.0,0.0,0.0,1.0
ORIGINAL_SAFEFLOWMPC,2,6,0.0,0.0,0.07186970088759091,0.0,0.0,0.0,0.6248848325631031,2.055387153580049,0.6207338200048041,0.022890732789487583,22.890732789487586,321.2705421685225,0.30538984657575247,1.8153622072155118,0.1875554869766347,0.047288578061852604,0.03880975203355774,0.02896772901294753,7.0,0.0,16.91941703187431,1.5592857599258423,0.0,0.0,0.0
POV_L05_ALWAYS,2,6,0.0,0.0,0.05328268225309164,0.0,0.0,0.0,0.34343861916421714,2.0672213584130703,1.084175037367959,0.019660765226647392,19.660765226647392,3607.533687935937,0.376374648294055,2.0714163153261116,1.6937967139529064,0.04956906702136621,1.5645877390634269,0.17166715307394043,7.0,0.0,22.48254443810856,1.9058873653411865,0.0,0.0,0.0
POV_L05_ADAPTIVE,2,6,0.0,0.0,0.05328268225309164,0.0,0.0,0.0,0.34343861916421714,2.0672213584130703,1.084175037367959,0.019660765226647392,19.660765226647392,3607.533687935937,0.376374648294055,2.0714163153261116,1.703007414995227,0.051881667925044894,1.5712312030373141,0.17427214316558093,7.0,0.0,22.48254443226738,1.9058873653411865,0.0,1.0,0.0
POV_L025_ADAPTIVE,2,6,0.0,0.0,0.07033363952474109,0.0,0.0,0.08393049240112305,0.36650368507054853,2.354366217808795,1.1089794869344707,0.030998768416604983,30.99876841660498,7525.2865225185105,0.20146205295071884,1.7493329911903182,1.7959737019846216,0.05085539992433041,1.6646596210775897,0.18132167885778472,7.0,0.0,23.12880084231642,1.0184849500656128,0.0,1.0,0.0
GOAL_AWARE_FINAL_PROJECTION,2,6,1.0,0.0,-0.010178392839568694,0.0,0.0,0.0,0.391005678182838,1.8291552379446039,1.2198750877703037,0.014735061777940928,14.735061777940928,281.8965915611926,0.6960942802829664,2.726411257450382,0.17808826395776123,0.045531852112617344,0.09477790998062119,0.010867249045986682,1.0,0.0,3.5367569374298515,3.536756992340088,0.0,0.0,0.0
PLAIN_FM,2,7,0.0,0.0,0.07694875921528589,0.0,0.3027050312995909,1.498253345489502,0.4114622280081535,2.7564157228454307,1.1041202067008313,0.05464770123671455,54.64770123671456,13686.732804071231,0.06915225024126298,1.4185839984102544,0.07156212202971801,0.04532442695926875,0.0,0.0,0.0,0.0,0.0,0.0,0.0,0.0,1.0
ORIGINAL_SAFEFLOWMPC,2,7,0.0,0.0,0.07602579169120934,0.0,0.0,0.0,0.6144372272722742,2.1057197330823154,0.6184701271501373,0.02432376663976707,24.323766639767072,350.06118245761166,0.3140611106307298,1.7852286510306403,0.18879716901574284,0.04741976788500324,0.03925995511235669,0.029422894993331283,7.0,0.0,20.016528067483346,1.4885971546173096,0.0,0.0,0.0
POV_L05_ALWAYS,2,7,0.0,0.0,0.06260886858637144,0.0,0.0,0.0,0.34896430090162484,2.239669079007854,1.066927154133331,0.024401439094518418,24.40143909451842,3712.5515869298247,0.29042313564066247,1.9033185894957254,1.5161696799914353,0.049362702993676066,1.3866982669569552,0.15171953407116234,7.0,0.0,20.320078425300665,1.5576976537704468,0.0,0.0,0.0
POV_L05_ADAPTIVE,2,7,0.0,0.0,0.06260886858637144,0.0,0.0,0.0,0.34896430090162484,2.239669079007854,1.066927154133331,0.024401439094518418,24.40143909451842,3712.5515869298247,0.29042313564066247,1.9033185894957254,1.5161639559664764,0.04968275997089222,1.3860306480200961,0.1519404499558732,7.0,0.0,20.320078394100207,1.5576976537704468,0.0,1.0,0.0
POV_L025_ADAPTIVE,2,7,0.0,0.0,0.06979545015677845,0.0,0.004185002708434915,0.48723936080932617,0.37253952088931774,2.418870062862576,1.0764990579527134,0.03526855430279753,35.26855430279753,8058.244537728707,0.14940936666805482,1.664543155780985,1.423522569006309,0.04960337682859972,1.2939659769763239,0.14233778312336653,7.0,0.0,19.450446844843462,0.8293656706809998,0.0,1.0,0.0
GOAL_AWARE_FINAL_PROJECTION,2,7,1.0,0.0,-0.012764206474046927,0.0,0.0,0.0,0.46062745956406703,2.347909700916732,1.248101472214219,0.027851881529499245,27.85188152949924,483.40463124416647,0.6450551649440871,2.4974049834328578,0.17433466302463785,0.04449734091758728,0.09287740802392364,0.010503489000257105,1.0,0.0,3.3725572406996704,3.3725574016571045,0.0,0.0,0.0
PLAIN_FM,2,8,0.0,0.0,0.0649705572307588,0.0,0.28180138435363755,1.9134145975112915,0.40201098393169693,2.7170568881699153,1.0980149411401126,0.046741063227308643,46.74106322730864,11425.280750398837,0.10114107312565959,1.419182290254685,0.07061107602203265,0.04464253695914522,0.0,0.0,0.0,0.0,0.0,0.0,0.0,0.0,1.0
ORIGINAL_SAFEFLOWMPC,2,8,0.0,0.0,0.07031942937939042,0.0,0.0,0.0,0.6221873649738761,2.0859356575794057,0.6191642025338155,0.023649309517381555,23.649309517381553,334.1514680319069,0.315810809910137,1.7909790486803685,0.1910282970056869,0.0472456548595801,0.04134870006237179,0.03151810902636498,7.0,0.0,18.741120987308705,1.5454200506210327,0.0,0.0,0.0
POV_L05_ALWAYS,2,8,0.0,0.0,0.05047771440505393,0.0,0.0,1.2858283519744873,0.3563597855951465,1.918988677926323,0.9653285495698606,0.02524962404141351,25.24962404141351,4682.791805452524,0.3715584222012648,2.191407339264932,1.6981463740230538,0.049285541055724025,1.5684005679213442,0.16629129002103582,7.0,0.0,21.990838930642543,2.013594150543213,0.0,0.0,0.0
POV_L05_ADAPTIVE,2,8,0.0,0.0,0.03813431908274384,0.0,0.0,1.5258532762527466,0.3295036960321573,2.0738863992685745,1.0602710478491377,0.027741066044274704,27.741066044274703,5241.915295134204,0.38089682663974556,2.0492851847770277,1.5153569430112839,0.04951871500816196,1.3851830359199084,0.14882625406607985,7.0,0.0,25.04206584842054,1.9736278057098389,0.0,1.0,0.0
POV_L025_ADAPTIVE,2,8,0.0,0.0,0.06291838718018077,0.0,0.07594839897155747,1.9681376218795776,0.3749307802971599,2.2878963502907905,1.07245777672816,0.035351302751190694,35.351302751190694,8211.714727266872,0.21654130063267496,1.7876467652448311,1.424629819986876,0.04956189793301746,1.2945658341050148,0.14082542090909556,7.0,0.0,25.068516038025862,1.1745961904525757,0.0,1.0,0.0
GOAL_AWARE_FINAL_PROJECTION,2,8,0.0,0.0,0.014819573781939224,0.0,0.0,0.0,0.3886875264235943,1.7512270929833356,1.1695732306722169,0.01266248191883168,12.66248191883168,268.6603566222523,0.7290347051782238,2.777740469203906,0.17508772196015343,0.04494855290977284,0.09289824799634516,0.01054121000925079,1.0,0.0,3.779186832022619,3.779186964035034,0.0,0.0,0.0
PLAIN_FM,2,9,0.0,0.0,0.07524606992358,0.0,0.22022442188262925,1.6836118698120117,0.38161244257045185,2.809105367825503,1.0970814034080028,0.053400102184699566,53.40010218469956,14056.74194064648,0.12740031249827932,1.3585854142535911,0.07117621100042015,0.04495735501404852,0.0,0.0,0.0,0.0,0.0,0.0,0.0,0.0,1.0
ORIGINAL_SAFEFLOWMPC,2,9,0.0,0.0,0.06869242342236774,0.0,0.0,0.0,0.6203192786411394,2.1074337860920718,0.6251321712137968,0.024262385935727875,24.262385935727874,347.47749689548885,0.3085035480966528,1.778041159799036,0.18949790502665564,0.04744942003162578,0.039335144974756986,0.02942666201852262,7.0,0.0,16.495884298564068,1.6567039489746094,0.0,0.0,0.0
POV_L05_ALWAYS,2,9,0.0,0.0,0.06369880864143378,0.0,0.0,0.0,0.35639291581206956,2.362046526707299,1.0980824888072516,0.02580679304304745,25.806793043047453,3442.286599772349,0.36069804248567827,1.9883436742827232,1.7024186960188672,0.049281128915026784,1.5727213490754366,0.170199571934063,7.0,0.0,22.375448832543384,2.047964572906494,0.0,0.0,0.0
POV_L05_ADAPTIVE,2,9,0.0,0.0,0.06369880864143378,0.0,0.0,0.0,0.3563928944399044,2.3620466073119717,1.0980824736153412,0.025806790316875272,25.806790316875272,3442.286617450741,0.3606980401592975,1.9883436149285998,1.7003007750026882,0.04935619095340371,1.570225740026217,0.1699640130973421,7.0,0.0,22.375448822643214,2.047964572906494,0.0,1.0,0.0
POV_L025_ADAPTIVE,2,9,0.0,0.0,0.07073080082108506,0.0,0.0,0.3004145622253418,0.3496203202216145,2.506314688039452,1.0964422277162937,0.033406950961082815,33.40695096108282,7409.202814500082,0.2061848260763226,1.6708065221263657,1.605670667020604,0.04936529096448794,1.476149246096611,0.15979970304761082,7.0,0.0,24.267119666121665,1.16923987865448,0.0,1.0,0.0
GOAL_AWARE_FINAL_PROJECTION,2,9,1.0,0.0,-0.016291409029743784,0.0,0.0,0.0,0.46818420983431003,2.054357134990201,1.2910051042155892,0.01893718341377504,18.937183413775042,331.8908846662083,0.7026961589401013,2.6577239157922454,0.17449443403165787,0.04466389596927911,0.09274696302600205,0.010490389016922563,1.0,0.0,3.7234010110292473,3.723400831222534,0.0,0.0,0.0
PLAIN_FM,2,10,0.0,0.0,0.07470187813473596,0.0,0.2714662369728087,0.0,0.40103772414788375,2.7656862208347177,1.124686607368513,0.05029280628527655,50.29280628527655,13736.298937507408,0.1011916137462467,1.3629360061695972,0.07064654596615583,0.04471328802173957,0.0,0.0,0.0,0.0,0.0,0.0,0.0,0.0,1.0
ORIGINAL_SAFEFLOWMPC,2,10,0.0,0.0,0.07010219496177889,0.0,0.0,0.0,0.6218784618029569,2.097132231424124,0.6196606078238134,0.02410957928810361,24.109579288103607,344.7318687513828,0.3155375563369563,1.7887570271825977,0.18953746400075033,0.04740808700444177,0.04018439905485138,0.030294874915853143,7.0,0.0,17.703388884163328,1.5642361640930176,0.0,0.0,0.0
POV_L05_ALWAYS,2,10,0.0,0.0,0.033697657630566216,0.0,0.0,0.0,0.3733597440158711,2.340796483716839,1.1234599130134106,0.02540266514388101,25.40266514388101,3822.533912390558,0.3939218771171975,2.000945682675533,1.6933419910492375,0.04918224585708231,1.5637711900635622,0.16654603119241074,7.0,0.0,21.309193575402112,2.1105856895446777,0.0,0.0,0.0
POV_L05_ADAPTIVE,2,10,0.0,0.0,0.033697657630566216,0.0,0.0,0.0,0.3733597440158711,2.340796483716839,1.1234599130134106,0.02540266514388101,25.40266514388101,3822.533912390558,0.3939218771171975,2.000945682675533,1.7008049949654378,0.05087535211350769,1.5696786029729992,0.1698149250005372,7.0,0.0,21.309193574644834,2.1105856895446777,0.0,1.0,0.0
POV_L025_ADAPTIVE,2,10,0.0,0.0,0.060300212204437154,0.0,0.0,0.0,0.36875415348404644,2.4166961356401124,1.0996947128438441,0.03256683603556751,32.56683603556751,7947.954039721322,0.18529293773318478,1.6651219776465054,1.6078243519878015,0.05146030796458945,1.4766146680922247,0.16184472903842106,7.0,0.0,23.706271849960082,1.0324459075927734,0.0,1.0,0.0
GOAL_AWARE_FINAL_PROJECTION,2,10,1.0,0.0,-0.019423138173865456,0.0,0.002875488662719583,0.0,0.46938904457438063,2.1469012105216967,1.2714506824735627,0.021424681635404674,21.424681635404678,381.56271720790613,0.7453679975291811,2.701348890721492,0.17489371402189136,0.04516243905527517,0.09287769597722217,0.010561239963863045,1.0,0.0,3.8600813619892405,3.860081434249878,0.0,0.0,0.0
PLAIN_FM,2,11,0.0,0.0,0.07882076165923273,0.0,0.1857374724388121,0.17554283142089844,0.4050858867935445,2.717019172369966,1.1170841125037028,0.05592947649830715,55.929476498307146,15632.882792240556,0.06821552991278113,1.4546372147864728,0.07082982099382207,0.045069754938595,0.0,0.0,0.0,0.0,0.0,0.0,0.0,0.0,1.0
ORIGINAL_SAFEFLOWMPC,2,11,0.0,0.0,0.07354191015736534,0.0,0.0,0.0,0.6222241829005857,2.037703132305761,0.6174400375573765,0.022421395093619595,22.421395093619594,311.6202937495853,0.31202629390658343,1.827383869358913,0.189391638035886,0.04825766198337078,0.039842917991336435,0.029976767022162676,7.0,0.0,17.56031601368103,1.557721734046936,0.0,0.0,0.0
POV_L05_ALWAYS,2,11,0.0,0.0,0.054162606530755344,0.0,0.0,0.0,0.3503139919298584,2.0128155823629177,1.069184623531766,0.02356164823189122,23.56164823189122,5342.704616889194,0.4114889639423817,2.116314231942896,1.7055360320373438,0.05064239399507642,1.5742884780047461,0.17267946392530575,7.0,0.0,24.57846031323128,1.9833920001983643,0.0,0.0,0.0
POV_L05_ADAPTIVE,2,11,0.0,0.0,0.054162606530755344,0.0,0.0,0.0,0.3503139919298584,2.0128155823629177,1.069184623531766,0.02356164823189122,23.56164823189122,5342.704616889194,0.4114889639423817,2.116314231942896,1.7034699430223554,0.0499032061197795,1.5730686211027205,0.1723633058136329,7.0,0.0,24.578460313254404,1.9833920001983643,0.0,1.0,0.0
POV_L025_ADAPTIVE,2,11,0.0,0.0,0.07249335193684005,0.0,0.0,0.2550792694091797,0.3776954860983296,2.2807524354331528,1.0886568289983043,0.0392191683166348,39.21916831663481,10576.51661677766,0.24977363845752523,1.8176725892984138,1.608931870025117,0.04956420505186543,1.4788750369334593,0.1641838300274685,7.0,0.0,27.580990610423477,1.171900987625122,0.0,1.0,0.0
GOAL_AWARE_FINAL_PROJECTION,2,11,1.0,0.0,-0.008862147397338614,0.0,0.0,0.0,0.40836797084760385,1.784271757454437,1.1702113818304665,0.013156468590008075,13.156468590008075,293.6221757746437,0.7126645323813515,2.7350532172681907,0.17517677001887932,0.04501747398171574,0.09299388795625418,0.010458877019118518,1.0,0.0,3.5246873040505324,3.5246872901916504,0.0,0.0,0.0
PLAIN_FM,2,12,0.0,0.0,0.07627190653001047,0.0,0.1950584467887877,0.8129549026489258,0.3877052283910041,2.7756144802386946,1.1103564800418546,0.04361601325706024,43.616013257060246,12251.115157609693,0.09782638861268986,1.3816636452845397,0.0718216069508344,0.04534274392062798,0.0,0.0,0.0,0.0,0.0,0.0,0.0,0.0,1.0
ORIGINAL_SAFEFLOWMPC,2,12,0.0,0.0,0.07365405179320242,0.0,0.0,0.0,0.6173981546012907,2.1067381906905305,0.6200321613439784,0.02438642437104824,24.386424371048243,350.76556692985423,0.3130063937096884,1.7861381700401333,0.1901003670063801,0.04796860198257491,0.039332995016593486,0.02945711900247261,7.0,0.0,16.893745836093693,1.5823442935943604,0.0,0.0,0.0
POV_L05_ALWAYS,2,12,0.0,0.0,0.04056078320793784,0.0,0.0,0.0,0.34397490874636993,2.2028499682229814,1.1000752192667278,0.02074172520051132,20.741725200511322,3759.8233149184425,0.34920101613503085,1.9733197346987081,1.698613845044747,0.049286839086562395,1.5687298270640895,0.16903264389839023,7.0,0.0,21.164438272885292,1.8748854398727417,0.0,0.0,0.0
POV_L05_ADAPTIVE,2,12,0.0,0.0,0.04056078320793784,0.0,0.0,0.0,0.34397490874636993,2.2028499682229814,1.1000752192667278,0.02074172520051132,20.741725200511322,3759.8233149184425,0.34920101613503085,1.9733197346987081,1.6964551539858803,0.04931979003595188,1.5666200069827028,0.1686760651646182,7.0,0.0,21.164438272704004,1.8748854398727417,0.0,1.0,0.0
POV_L025_ADAPTIVE,2,12,0.0,0.0,0.06445360823485793,0.0,0.0,0.0,0.35539490584322414,2.46162359684983,1.0989378027168601,0.028470406008019478,28.47040600801948,6875.295469390351,0.18033765126522114,1.6606215282397336,1.6093773390166461,0.04977481998503208,1.4785374989151023,0.15977741993265226,7.0,0.0,23.27234252189593,0.9878726601600647,0.0,1.0,0.0
GOAL_AWARE_FINAL_PROJECTION,2,12,1.0,0.0,-0.013363948358693582,0.0,0.0,0.0,0.4006850925300035,1.9726972696155525,1.199672174918872,0.016875224446009085,16.875224446009085,300.23104772887166,0.6380501313033612,2.5480428347723767,0.17546515603316948,0.04493517294758931,0.09311938198516145,0.010480297030881047,1.0,0.0,3.3056734125568314,3.305673360824585,0.0,0.0,0.0
PLAIN_FM,2,13,0.0,0.0,0.07977161514261431,0.0,0.26203469600677476,0.5779904127120972,0.3953617833056586,2.749902410523554,1.0878890167532382,0.04290226395792007,42.90226395792007,10823.04748100824,0.0795273070877859,1.423984251239212,0.07081492897123098,0.044749817985575646,0.0,0.0,0.0,0.0,0.0,0.0,0.0,0.0,1.0
ORIGINAL_SAFEFLOWMPC,2,13,0.0,0.0,0.06420862675317902,0.0,0.0,0.0,0.6365125703951308,2.0500840879627336,0.6145924782170304,0.02293817614622622,22.938176146226223,320.7862900455073,0.3171238850879373,1.8214716628594723,0.1892194519750774,0.04750656004762277,0.039077206049114466,0.029198023898061365,7.0,0.0,17.480091108173788,1.5679124593734741,0.0,0.0,0.0
POV_L05_ALWAYS,2,13,0.0,0.0,0.05298655176818988,0.0,0.0,0.0,0.35149063695748056,1.9472789641964536,1.0677492311643921,0.016978149272943943,16.978149272943945,3047.5736027670173,0.38976044100288987,2.158432921084573,1.3429036039742641,0.04986966395517811,1.2118119149818085,0.13304225099273026,7.0,0.0,20.38811437671248,2.076322317123413,0.0,0.0,0.0
POV_L05_ADAPTIVE,2,13,0.0,0.0,0.05298655176818988,0.0,0.0,0.0,0.35149063695748056,1.9472789641964536,1.0677492311643921,0.016978149272943943,16.978149272943945,3047.5736027670173,0.38976044100288987,2.158432921084573,1.3391848229803145,0.04963340802351013,1.2087256910745054,0.13282650499604642,7.0,0.0,20.388114376845692,2.076322317123413,0.0,1.0,0.0
POV_L025_ADAPTIVE,2,13,0.0,0.0,0.07140052474178007,0.0,0.00951634016036973,0.0,0.3605119166924389,2.422864263770595,1.0796743018932742,0.03012257870296288,30.122578702962883,6592.211548281515,0.18548245374353717,1.7014756947225556,1.4320975149748847,0.04985909094102681,1.3012705529108644,0.14694847102509812,7.0,0.0,25.023910190563527,0.9851285219192505,0.0,1.0,0.0
GOAL_AWARE_FINAL_PROJECTION,2,13,1.0,0.0,-0.012564522108203885,0.0,0.0010158237457273955,0.0,0.5457392786409175,2.4768761558660293,1.3343921287789247,0.03442753384426567,34.42753384426567,598.3902227729487,0.7555148930709688,2.7219060597056655,0.1751115049701184,0.04475966695463285,0.09304322797106579,0.010851497994735837,1.0,0.0,3.9543183100250165,3.9543182849884033,0.0,0.0,0.0
PLAIN_FM,2,14,0.0,0.0,0.08029844905819371,0.0,0.2787633356094359,0.2709519863128662,0.38305929723034815,2.7431285282304163,1.096802739931839,0.03827970837326444,38.27970837326444,9657.34915989217,0.0855699194665233,1.420542978787611,0.07129351102048531,0.04504822695162147,0.0,0.0,0.0,0.0,0.0,0.0,0.0,0.0,1.0
ORIGINAL_SAFEFLOWMPC,2,14,0.0,0.0,0.07118765433934066,0.0,0.0,0.0,0.6188763597981146,2.0798649152703423,0.6255309523766495,0.02329723627646032,23.29723627646032,326.6775107933426,0.3071870901444879,1.7926756984880476,0.18963748100213706,0.04783868102822453,0.039619950111955404,0.02948275103699416,7.0,0.0,24.892988273224546,1.5466334819793701,0.0,0.0,0.0
POV_L05_ALWAYS,2,14,0.0,0.0,0.05831868798117443,0.0,0.0,0.0,0.3408565585466508,1.995278925397242,1.0628946529531984,0.017069340824675372,17.069340824675376,3124.704854773252,0.40608560638197166,2.1254875512237903,1.3301729779923335,0.049839763960335404,1.1993492070469074,0.13508101308252662,7.0,0.0,22.875274269539474,2.0875136852264404,0.0,0.0,0.0
POV_L05_ADAPTIVE,2,14,0.0,0.0,0.050937598954416435,0.0,0.0,0.0,0.3372256010234169,2.081355067805795,1.0731525003044529,0.017814845357900788,17.81484535790079,2983.754690282248,0.36107114200347,2.0383975525787816,1.3273693100200035,0.050290805054828525,1.197391852911096,0.13183089694939554,7.0,0.0,22.400163155909908,1.8638949394226074,0.0,1.0,0.0
POV_L025_ADAPTIVE,2,14,0.0,0.0,0.07972532014023687,0.0,0.0,0.0,0.34983550469244923,2.4982751603246673,1.0770609478749917,0.02752568288319962,27.52568288319962,5360.978735713113,0.1899553460603064,1.692771129355274,1.3250643070205115,0.049872202100232244,1.1955619630170986,0.13138641405384988,7.0,0.0,21.409902313133973,1.0247145891189575,0.0,1.0,0.0
GOAL_AWARE_FINAL_PROJECTION,2,14,0.0,0.0,0.016984891174409433,0.0,0.0,0.0,0.37073551538174904,1.838588858089007,1.141786205761618,0.01414803635063322,14.14803635063322,267.42175655378736,0.6157340858411547,2.56721066916187,0.17449807800585404,0.04483318008715287,0.09271266899304464,0.010642351990099996,1.0,0.0,3.1283589366378832,3.128358840942383,0.0,0.0,0.0
PLAIN_FM,2,15,0.0,0.0,0.0761278540351444,0.0,0.29238299694061265,1.0472458600997925,0.38302502237493063,2.769428041800891,1.103317695935822,0.04167882860432792,41.67882860432792,9921.520874736434,0.08969331408312725,1.3948213055342205,0.07041329698404297,0.044609333912376314,0.0,0.0,0.0,0.0,0.0,0.0,0.0,0.0,1.0
ORIGINAL_SAFEFLOWMPC,2,15,0.0,0.0,0.06963502828954475,0.0,0.0,0.0,0.6236054563295738,2.09452112347026,0.621479320052531,0.024011748110722892,24.01174811072289,343.149069861683,0.30962834421850827,1.7906219591098054,0.1910289169754833,0.04943588201422244,0.040513654064852744,0.03048379096435383,7.0,0.0,17.571785665164466,1.5513209104537964,0.0,0.0,0.0
POV_L05_ALWAYS,2,15,0.0,0.0,0.056021822928978796,0.0,0.0,0.0,0.33867367315015384,2.077270223657303,1.085615954689496,0.018991483721608526,18.991483721608528,3059.7177143825375,0.339251437739563,2.0215160389347524,1.414078295987565,0.05099201301345602,1.2836205450003035,0.13920491305179894,7.0,0.0,24.018653025422665,1.8164536952972412,0.0,0.0,0.0
POV_L05_ADAPTIVE,2,15,0.0,0.0,0.056021816732467256,0.0,0.0,0.0,0.33867370043092004,2.0772702004944144,1.0856159738540228,0.018991464689433357,18.991464689433357,3059.7102692807352,0.33925150038339286,2.0215161359813023,1.412747666996438,0.05021739093353972,1.28298445395194,0.13904342608293518,7.0,0.0,24.01865380141151,1.8164539337158203,0.0,1.0,0.0
POV_L025_ADAPTIVE,2,15,0.0,0.0,0.07157718198294379,0.0,0.04324809875488267,0.4940134286880493,0.3603738995551231,2.3921975009684497,1.0822893766024024,0.030490430910766808,30.49043091076681,6748.965697987557,0.1758801306853281,1.6996646998611116,1.5105674680089578,0.04993252415442839,1.3808061691815965,0.15267269895412028,7.0,0.0,27.387787205989966,0.9536005854606628,0.0,1.0,0.0
GOAL_AWARE_FINAL_PROJECTION,2,15,1.0,0.0,-0.013613593868329638,0.0,0.0,0.0,0.44059224972094324,2.015524722477127,1.2607755934529394,0.01945233183474393,19.45233183474393,405.93889788134163,0.651263838301948,2.6510573411327916,0.173982534033712,0.04455154191236943,0.09249148197704926,0.010413616022560745,1.0,0.0,3.4367579147534437,3.436758041381836,0.0,0.0,0.0
PLAIN_FM,2,16,0.0,0.0,0.07602000219636303,0.0,0.19098923768997178,0.876508355140686,0.40059468379293833,2.7875133348305834,1.0903709258997794,0.048560960288381194,48.560960288381196,12627.882893819431,0.09829972461969055,1.397899479541792,0.07019768201280385,0.044392696931026876,0.0,0.0,0.0,0.0,0.0,0.0,0.0,0.0,1.0
ORIGINAL_SAFEFLOWMPC,2,16,0.0,0.0,0.06031603569414268,0.0,0.0,0.0,0.6326670279859907,2.0830584682356195,0.6230452981181522,0.023645267036356526,23.64526703635653,333.4946888025104,0.31217448734855324,1.792406041788067,0.18807525699958205,0.047444078023545444,0.038993893133010715,0.029127284011337906,7.0,0.0,17.319827355666106,1.5989574193954468,0.0,0.0,0.0
POV_L05_ALWAYS,2,16,0.0,0.0,0.045853197723057654,0.0,0.0,0.0,0.34970032645279664,2.164838501231923,1.081914287663836,0.02024277592363788,20.24277592363788,3521.4694784414746,0.3449590647737877,1.967227011787764,1.4022568120271899,0.04963208601111546,1.2740377521258779,0.13869240012718365,7.0,0.0,25.290195962796744,1.8375910520553589,0.0,0.0,0.0
POV_L05_ADAPTIVE,2,16,0.0,0.0,0.045853197723057654,0.0,0.0,0.0,0.34970032645279664,2.164838501231923,1.081914287663836,0.02024277592363788,20.24277592363788,3521.4694784414746,0.3449590647737877,1.967227011787764,1.378180451982189,0.04936222900869325,1.2519291539210826,0.13559937482932582,7.0,0.0,25.2901959627967,1.8375910520553589,0.0,1.0,0.0
POV_L025_ADAPTIVE,2,16,0.0,0.0,0.06828886526621625,0.0,0.0,0.0,0.3604433283348248,2.5211183910101367,1.084602723700897,0.033094888730809124,33.09488873080913,7310.132263113455,0.1842868162158997,1.6477214498289925,1.5514156120480038,0.0487416319665499,1.4257969889440574,0.15437336295144632,7.0,0.0,19.498346743947458,1.01771080493927,0.0,1.0,0.0
GOAL_AWARE_FINAL_PROJECTION,2,16,1.0,0.0,-0.01651708151829835,0.0,0.00041858520507798147,0.0,0.48579697940165034,2.155233793893207,1.2851231656139641,0.022423730249649054,22.423730249649054,406.22351610055676,0.7171702609557637,2.67759760941137,0.1693111089989543,0.04345395206473768,0.09004893800010905,0.010486377985216677,1.0,0.0,3.7532164605268794,3.753216505050659,0.0,0.0,0.0
PLAIN_FM,2,17,0.0,0.0,0.08307380343811298,0.0,0.23114190664291367,0.2533864974975586,0.38056958254461015,2.734354457238412,1.1151111175743778,0.04139666534179287,41.396665341792875,10547.672902106562,0.08261124610782014,1.4212987591273054,0.06844012398505583,0.04339492000872269,0.0,0.0,0.0,0.0,0.0,0.0,0.0,0.0,1.0
ORIGINAL_SAFEFLOWMPC,2,17,0.0,0.0,0.0737549716279897,0.0,0.0,0.0,0.6198666277325419,2.074220762502688,0.6168148813821113,0.02348559091817213,23.485590918172132,333.44024665055156,0.3136600508158938,1.807814643438259,0.1834660040331073,0.04609547305153683,0.03889773995615542,0.029358348925597966,7.0,0.0,18.848194119848507,1.580439805984497,0.0,0.0,0.0
POV_L05_ALWAYS,2,17,0.0,0.0,0.05094850224109425,0.0,0.0,0.0,0.34172452453139757,2.0491612943279454,1.085456552391763,0.017463238802300163,17.463238802300165,3020.0035622530704,0.3726842662569053,2.0564606718856573,1.3787170989671722,0.04845779400784522,1.2528351520886645,0.13485118601238355,7.0,0.0,21.95508938869827,1.905501127243042,0.0,0.0,0.0
POV_L05_ADAPTIVE,2,17,0.0,0.0,0.05094850224109425,0.0,0.0,0.0,0.34172451900521483,2.049161299575543,1.0854565691889138,0.017463246756044493,17.463246756044494,3020.004701323242,0.37268427047961217,2.0564607055098487,1.373126549005974,0.048337420041207224,1.2475148100056686,0.13422476907726377,7.0,0.0,21.955089505470685,1.905501127243042,0.0,1.0,0.0
POV_L025_ADAPTIVE,2,17,0.0,0.0,0.07029943351013893,0.0,0.0,0.0,0.3519055580068838,2.375859524386432,1.0975858811173491,0.026814195549434372,26.814195549434373,6123.113490625609,0.17793219773452718,1.7016287689093677,1.3832494250382297,0.048563927004579455,1.2566995609668083,0.13516014092601836,7.0,0.0,20.34754408003047,0.9102359414100647,0.0,1.0,0.0
GOAL_AWARE_FINAL_PROJECTION,2,17,1.0,0.0,-0.008909143248903323,0.0,0.0,0.0,0.41414553458465686,1.9329144952034196,1.1907748124065465,0.016065018892746252,16.065018892746252,307.13823247516814,0.6741015436612838,2.6473611210690122,0.1705910919699818,0.04401098703965545,0.09025047201430425,0.010172620008233935,1.0,0.0,3.4196255335230115,3.4196255207061768,0.0,0.0,0.0
PLAIN_FM,2,18,0.0,0.0,0.07492354445174106,0.0,0.11241154041290269,0.0,0.38994788453352347,2.754867774490261,1.1151129952507215,0.04058833710575316,40.58833710575316,10127.735397268478,0.08792913211493167,1.4351584751221766,0.06876395299332216,0.04355806403327733,0.0,0.0,0.0,0.0,0.0,0.0,0.0,0.0,1.0
ORIGINAL_SAFEFLOWMPC,2,18,0.0,0.0,0.07367669298727039,0.0,0.0,0.0,0.6175750843491773,2.079906295368799,0.6201732624577585,0.023527055472616774,23.527055472616777,335.54944015141245,0.30726416404116064,1.7983356532785277,0.1829154579900205,0.04609216301469132,0.03807196905836463,0.028528895985800773,7.0,0.0,16.804625150581984,1.5946311950683594,0.0,0.0,0.0
POV_L05_ALWAYS,2,18,0.0,0.0,0.04960320613906273,0.0,0.0,0.0,0.34407434705628764,1.9806034430247645,1.0944081929817266,0.017553388364032196,17.553388364032198,3346.039747655128,0.4285942731347939,2.1731284691042707,1.1317175459698774,0.0486106121679768,1.0046493770205416,0.11259570304537192,7.0,0.0,22.58218624450644,2.181095838546753,0.0,0.0,0.0
POV_L05_ADAPTIVE,2,18,0.0,0.0,0.04960320613906273,0.0,0.0,0.0,0.34407434705628764,1.9806034430247645,1.0944081929817266,0.017553388364032196,17.553388364032198,3346.039747655128,0.4285942731347939,2.1731284691042707,1.1151997160050087,0.047701013972982764,0.989935083896853,0.11105647101067007,7.0,0.0,22.582186244503635,2.181095838546753,0.0,1.0,0.0
POV_L025_ADAPTIVE,2,18,0.0,0.0,0.06495143561068017,0.0,0.0,0.0,0.35158771352691953,2.4459591867651747,1.1078450697324917,0.028876002774322965,28.87600277432297,6114.599784306381,0.20353902620507625,1.717591088580427,1.1968533680192195,0.04760015103965998,1.0719582300516777,0.1159487150143832,7.0,0.0,24.91016928153361,1.0411241054534912,0.0,1.0,0.0
GOAL_AWARE_FINAL_PROJECTION,2,18,1.0,0.0,-0.017514070575634186,0.0,0.0,0.0,0.49006537161587294,2.1256734267710105,1.2793260114613063,0.02250748473144526,22.50748473144526,423.14052615575184,0.7279534708385429,2.743459751279659,0.16972769796848297,0.04361110500758514,0.09025152196409181,0.010277672030497342,1.0,0.0,3.7596030876002056,3.759603261947632,0.0,0.0,0.0
PLAIN_FM,2,19,0.0,0.0,0.08039597726436491,0.0,0.2309204753875731,5.768306255340576,0.37846174109111613,2.795933428751267,1.1372402530659673,0.08351416089583863,83.51416089583864,20171.969852072525,0.10803459236391974,1.3891938587140304,0.07033723400672898,0.044293821963947266,0.0,0.0,0.0,0.0,0.0,0.0,0.0,0.0,1.0
ORIGINAL_SAFEFLOWMPC,2,19,0.0,0.0,0.0746184491832876,0.0,0.0,0.0,0.6206799912915051,2.043198495974456,0.6155741057070443,0.02260174739151146,22.60174739151146,315.63780936302896,0.3165923948727021,1.8218988564321972,0.18789076898247004,0.04677209898363799,0.04006206995109096,0.030199970002286136,7.0,0.0,20.540443207375358,1.6618095636367798,0.0,0.0,0.0
POV_L05_ALWAYS,2,19,0.0,0.0,0.04777746681352531,0.0,0.0,0.9716939926147461,0.33220154735484875,2.0766934945744744,1.0650074824609366,0.026416972262800962,26.41697226280096,5366.632369313471,0.33642760647981695,1.9813500633707137,1.3801726539968513,0.04769156314432621,1.2549133830470964,0.1371137830428779,7.0,0.0,21.33317751690709,1.7803221940994263,0.0,0.0,0.0
POV_L05_ADAPTIVE,2,19,0.0,0.0,0.04777746681352531,0.0,0.0,0.9716939926147461,0.33220154735484875,2.0766934945744744,1.0650074824609366,0.026416972262800962,26.41697226280096,5366.632369313471,0.33642760647981695,1.9813500633707137,1.3825534339994192,0.04786671698093414,1.2570205081137829,0.13718274590792134,7.0,0.0,21.33317751677013,1.7803221940994263,0.0,1.0,0.0
POV_L025_ADAPTIVE,2,19,0.0,0.0,0.06828068345469367,0.0,0.0,3.493661880493164,0.3642344253326751,2.351671769192713,1.1019533885534059,0.04753329916509519,47.53329916509519,11200.337603503905,0.1953703612643466,1.736004310561263,1.290553133992944,0.04770931391976774,1.16512919095112,0.12837477319408208,7.0,0.0,21.359497003510484,1.077535629272461,0.0,1.0,0.0
GOAL_AWARE_FINAL_PROJECTION,2,19,0.0,0.0,0.016000381494636062,0.0,0.0,0.0,0.3640514037108845,1.7418714174175427,1.141730210713052,0.011962662414042313,11.962662414042313,245.68510962694745,0.627213321092002,2.6025380027309044,0.16938702698098496,0.04336942790541798,0.08997738396283239,0.010229501989670098,1.0,0.0,3.24912518898588,3.2491252422332764,0.0,0.0,0.0
PLAIN_FM,2,20,0.0,0.0,0.07243080819675672,0.0,0.23281560506820664,1.3799858093261719,0.38350295233352466,2.7955287267417743,1.0769843008006752,0.055808512208656125,55.808512208656126,14566.08786207287,0.09763710893222269,1.3882424662458233,0.06860094796866179,0.04332963697379455,0.0,0.0,0.0,0.0,0.0,0.0,0.0,0.0,1.0
ORIGINAL_SAFEFLOWMPC,2,20,0.0,0.0,0.06921318887321035,0.0,0.0,0.0,0.6215169868586783,2.0737039954530196,0.6246167091505364,0.023252433981852477,23.252433981852477,326.7081364188796,0.3077102901900721,1.7977035335298444,0.18302075000246987,0.04589102492900565,0.038085099949967116,0.02849420381244272,7.0,0.0,16.223648688925937,1.5738935470581055,0.0,0.0,0.0
POV_L05_ALWAYS,2,20,0.0,0.0,0.046262294640200166,0.0,0.0,0.0,0.3425304507548573,1.9636969150111128,1.038797358193213,0.021615544866439906,21.615544866439905,4853.507176338079,0.4410442633879742,2.181763800727213,1.556950207974296,0.04775894491467625,1.4311879470478743,0.15525366400834173,7.0,0.0,24.083499362795404,2.32918381690979,0.0,0.0,0.0
POV_L05_ADAPTIVE,2,20,0.0,0.0,0.046262294640200166,0.0,0.0,0.0,0.3425304507548573,1.9636969150111128,1.038797358193213,0.021615544866439906,21.615544866439905,4853.507176338079,0.4410442633879742,2.181763800727213,1.5593048069858924,0.04785257804905996,1.433528835827019,0.15519502211827785,7.0,0.0,24.083499325926223,2.32918381690979,0.0,1.0,0.0
POV_L025_ADAPTIVE,2,20,0.0,0.0,0.06584454666443477,0.0,0.0,0.0,0.3567401847515381,2.380855460876755,1.0615196492643637,0.03290867494829661,32.90867494829661,7845.286151788649,0.19148214854589615,1.7121304464935168,1.4782593179843388,0.04809541394934058,1.352002982981503,0.14634099614340812,7.0,0.0,21.61768638517488,1.0485745668411255,0.0,1.0,0.0
GOAL_AWARE_FINAL_PROJECTION,2,20,1.0,0.0,-0.019534769830850243,0.0,0.0,0.0,0.5096049866453719,2.2267328373916606,1.3306104480702063,0.025097668980635035,25.097668980635035,444.9593122919815,0.7242791505004887,2.710522418389916,0.16977476701140404,0.04346291191177443,0.09033038298366591,0.010329532960895449,1.0,0.0,3.8423608069966524,3.842360734939575,0.0,0.0,0.0
PLAIN_FM,2,21,0.0,0.0,0.07013513377911697,0.0,0.22506610717773423,0.3630948066711426,0.4045462411639627,2.6984325493128023,1.0980092317764327,0.046781319308014324,46.78131930801433,12268.803982336252,0.06659766412045448,1.4680365326808131,0.06863523798529059,0.04335142602212727,0.0,0.0,0.0,0.0,0.0,0.0,0.0,0.0,1.0
ORIGINAL_SAFEFLOWMPC,2,21,0.0,0.0,0.07522351867910192,0.0,0.0,0.0,0.6166453147396249,2.090263984807882,0.6179866688807402,0.023924645523706278,23.92464552370628,344.2760164570024,0.3123675034549783,1.7948334818004692,0.18311817100038752,0.04588874604087323,0.038247714983299375,0.02867870987392962,7.0,0.0,17.042638881989095,1.5190047025680542,0.0,0.0,0.0
POV_L05_ALWAYS,2,21,0.0,0.0,0.050618110570549976,0.0,0.0,0.0,0.35741116003946155,1.9650166953875445,1.0291137326974882,0.018677518911280944,18.677518911280945,3671.3780548050695,0.3676370011874938,2.129033936402809,1.3836925189825706,0.04778797714971006,1.2582422479172237,0.13638585701119155,7.0,0.0,21.904770237234267,1.8027219772338867,0.0,0.0,0.0
POV_L05_ADAPTIVE,2,21,0.0,0.0,0.050618110570549976,0.0,0.0,0.0,0.35741116003946155,1.9650166953875445,1.0291137326974882,0.018677518911280944,18.677518911280945,3671.3780548050695,0.3676370011874938,2.129033936402809,1.3806667269673198,0.047762457048520446,1.2550744208856486,0.13625924696680158,7.0,0.0,21.904770237413626,1.8027219772338867,0.0,1.0,0.0
POV_L025_ADAPTIVE,2,21,0.0,0.0,0.0667191395343349,0.0,0.0,0.2740544080734253,0.3666429840583581,2.344827315764494,1.0713281239297716,0.035493436356161034,35.49343635616104,8535.826994087514,0.19814258248379732,1.7550786498091318,1.2083084000041708,0.0476901110378094,1.0827530740061775,0.12087018805323169,7.0,0.0,25.790470016725813,0.9508659243583679,0.0,1.0,0.0
GOAL_AWARE_FINAL_PROJECTION,2,21,1.0,0.0,-0.003354061787055329,0.0,0.0,0.0,0.4252001173865789,1.9699174291117938,1.199579405003002,0.01806355167796969,18.06355167796969,350.27074557776314,0.6650544495199158,2.6235759917676797,0.16946502798236907,0.04338123701745644,0.09019008895847946,0.010208630992565304,1.0,0.0,3.34712711367074,3.3471271991729736,0.0,0.0,0.0
PLAIN_FM,2,22,0.0,0.0,0.07374438784537062,0.0,0.29348359670639024,1.597176194190979,0.40413397974748705,2.769388931417554,1.136277175316424,0.06265947881961109,62.65947881961111,17583.84480118834,0.11406180158242868,1.397144676343582,0.06859258597251028,0.04332040704321116,0.0,0.0,0.0,0.0,0.0,0.0,0.0,0.0,1.0
ORIGINAL_SAFEFLOWMPC,2,22,0.0,0.0,0.06098275405574949,0.0,0.0,0.0,0.6320631110573424,2.070283419197963,0.6237746883578674,0.023234226965167082,23.234226965167082,325.46606905499993,0.3090811749889356,1.7991457972728637,0.18332585401367396,0.04622246295912191,0.03800802706973627,0.028384102974087,7.0,0.0,18.491780123651505,1.6251887083053589,0.0,0.0,0.0
POV_L05_ALWAYS,2,22,0.0,0.0,0.0500098935801989,0.0,0.0,0.0,0.35300281492774366,2.0444719363108392,1.0821521073269895,0.023581410972069783,23.581410972069786,5242.426301342462,0.32952369237331025,2.0241547113828258,1.64689884200925,0.04768076096661389,1.5212820659507997,0.16276416199980304,7.0,0.0,18.812417972843452,1.8065675497055054,0.0,0.0,0.0
POV_L05_ADAPTIVE,2,22,0.0,0.0,0.0500098935801989,0.0,0.0,0.0,0.35300281492774366,2.0444719363108392,1.0821521073269895,0.023581410972069783,23.581410972069786,5242.426301342462,0.32952369237331025,2.0241547113828258,1.6523144210223109,0.04804403998423368,1.5262663940084167,0.16310905804857612,7.0,0.0,18.812417978381227,1.8065675497055054,0.0,1.0,0.0
POV_L025_ADAPTIVE,2,22,0.0,0.0,0.06118959033312356,0.0,0.04708127346038804,0.6320458650588989,0.3800422208260319,2.308299391660894,1.0930125115645501,0.039515591796543736,39.51559179654374,10725.385434738479,0.19951004353917706,1.7505334643925294,1.6552717870217748,0.048174615018069744,1.5290056429803371,0.16501115908613428,7.0,0.0,22.158055947418546,1.1336486339569092,0.0,1.0,0.0
GOAL_AWARE_FINAL_PROJECTION,2,22,1.0,0.0,-0.03299938825395951,0.0,0.0,0.0,0.5377783484220917,2.3140316832223387,1.3536361130218844,0.026217363625451462,26.217363625451465,443.42067856604217,0.8156767725292319,2.8318845193643702,0.169451666995883,0.043503181950654835,0.09004899399587885,0.010145208972971886,1.0,0.0,4.264542626858945,4.264542579650879,0.0,0.0,0.0
PLAIN_FM,2,23,0.0,0.0,0.07715221748215757,0.0,0.2491651591300963,2.5935721397399902,0.38455987635419425,2.768806807714907,1.0874400490495422,0.05371037734171899,53.710377341718996,12887.779623358736,0.09300722657022042,1.3781679157440352,0.06850392301566899,0.04322691197739914,0.0,0.0,0.0,0.0,0.0,0.0,0.0,0.0,1.0
ORIGINAL_SAFEFLOWMPC,2,23,0.0,0.0,0.0725110003709126,0.0,0.0,0.0,0.6191796040339586,2.099820254215207,0.618573820149558,0.024206916867348216,24.206916867348212,347.95968110261447,0.3142817420058745,1.7896531655453602,0.18420496699400246,0.046062400040682405,0.03913975408067927,0.0296037929947488,7.0,0.0,19.111112534366796,1.548083782196045,0.0,0.0,0.0
POV_L05_ALWAYS,2,23,0.0,0.0,0.053825568580905675,0.0,0.0,0.0,0.3431759659734037,2.0096868052624695,1.0699068355488652,0.02252920800812319,22.52920800812319,4125.505044309219,0.37108788578485397,2.0888969572259533,1.3038825399708003,0.04777592595200986,1.1777814710512757,0.13126250699860975,7.0,0.0,23.068601458097053,2.008720636367798,0.0,0.0,0.0
POV_L05_ADAPTIVE,2,23,0.0,0.0,0.053825568580905675,0.0,0.0,0.0,0.3431759659734037,2.0096868052624695,1.0699068355488652,0.02252920800812319,22.52920800812319,4125.505044309219,0.37108788578485397,2.0888969572259533,1.2933769889641553,0.04773277492495254,1.1680144489509985,0.1300365700153634,7.0,0.0,23.068601458097046,2.008720636367798,0.0,1.0,0.0
POV_L025_ADAPTIVE,2,23,0.0,0.0,0.07400399286472432,0.0,0.0,1.243455410003662,0.36618466963900914,2.460693342726657,1.0653329786190702,0.03781653521490931,37.816535214909315,8359.773170159706,0.13916103103955385,1.6040921034805147,1.3857525429921225,0.04786618601065129,1.2597960379789583,0.13822075980715454,7.0,0.0,22.348963951749855,0.7031607627868652,0.0,1.0,0.0
GOAL_AWARE_FINAL_PROJECTION,2,23,1.0,0.0,-0.010071465668820369,0.0,0.002003472709655618,0.0,0.51171287626948,2.3085419544697916,1.310885061974215,0.027617694618220057,27.61769461822006,503.19122183379864,0.7459009227764103,2.7047531364063317,0.16953579697292298,0.043308525055181235,0.09027938899816945,0.010299352987203747,1.0,0.0,3.8708969695686393,3.870896816253662,0.0,0.0,0.0
PLAIN_FM,2,24,0.0,0.0,0.07795016223562744,0.0,0.35474376049041734,1.340014934539795,0.3789092076162667,2.7538173782129425,1.0964201016733892,0.05308106112326616,53.08106112326616,14827.009700238466,0.08846838498190725,1.4304442933437966,0.06835721997777,0.04323966387892142,0.0,0.0,0.0,0.0,0.0,0.0,0.0,0.0,1.0
ORIGINAL_SAFEFLOWMPC,2,24,0.0,0.0,0.07419918678397532,0.0,0.0,0.0,0.6167003844372095,1.9789330438267434,0.6311281321498339,0.020484319327367377,20.484319327367377,271.36622462344377,0.31656455169029274,1.8633426850434984,0.1831209069932811,0.04583000286947936,0.03824312309734523,0.028557045909110457,7.0,0.0,16.3878675990252,1.5889430046081543,0.0,0.0,0.0
POV_L05_ALWAYS,2,24,0.0,0.0,0.05447849258069688,0.0,0.0,0.06682097911834717,0.32940670819226237,2.1227718257290134,1.0804019371183484,0.022876056032728798,22.876056032728798,4856.155518949379,0.34416718065074275,1.9873042541794985,1.5665199440554716,0.04777352191740647,1.4406458829180337,0.15666220802813768,7.0,0.0,23.490890894375354,1.7546594142913818,0.0,0.0,0.0
POV_L05_ADAPTIVE,2,24,0.0,0.0,0.05447849258069688,0.0,0.0,0.06682097911834717,0.32940670819226237,2.1227718257290134,1.0804019371183484,0.022876056032728798,22.876056032728798,4856.155518949379,0.34416718065074275,1.9873042541794985,1.5626843090285547,0.047762463917024434,1.4370610539917834,0.15592828817898408,7.0,0.0,23.490890887759207,1.7546594142913818,0.0,1.0,0.0
POV_L025_ADAPTIVE,2,24,0.0,0.0,0.07379032671401096,0.0,0.10107116069793687,0.40440380573272705,0.3471041268236709,2.4185206815159077,1.0845233236704128,0.035510775040365705,35.5107750403657,9125.14412753173,0.18816801816999768,1.7026158917908274,1.4776149459648877,0.04794132901588455,1.3514186348766088,0.14717998588457704,7.0,0.0,24.391194827276994,0.9590078592300415,0.0,1.0,0.0
GOAL_AWARE_FINAL_PROJECTION,2,24,1.0,0.0,-0.011911185312180765,0.0,0.0,0.0,0.476371042280477,2.1928897579868294,1.2640951195813828,0.02418543851477839,24.185438514778394,465.99477011293186,0.6514797675150803,2.5594582024293104,0.17233777098590508,0.04360854596598074,0.09249558800365776,0.010529118997510523,1.0,0.0,3.3934675893686617,3.393467664718628,0.0,0.0,0.0
PLAIN_FM,2,25,0.0,0.0,0.07550205992852614,0.0,0.284578364753723,0.9311389923095703,0.4057563339554267,2.723584530500579,1.1109527858287649,0.041810098397341205,41.81009839734121,10385.713081528009,0.07838171344079688,1.442371878142471,0.06915086001390591,0.043747806921601295,0.0,0.0,0.0,0.0,0.0,0.0,0.0,0.0,1.0
ORIGINAL_SAFEFLOWMPC,2,25,0.0,0.0,0.0646001793169669,0.0,0.0,0.0,0.6324466146157925,2.0447690735545536,0.6177638802799069,0.0226574976010517,22.657497601051702,315.67362193169885,0.31169522762714097,1.8194102785246513,0.18523269199067727,0.046139971003867686,0.039490012859459966,0.02981424902100116,7.0,0.0,16.606867653875348,1.5744386911392212,0.0,0.0,0.0
POV_L05_ALWAYS,2,25,0.0,0.0,0.05378896419019512,0.0,0.0,0.0,0.32283815944562344,2.0920256664181602,1.0316111091268982,0.02134912896082586,21.34912896082586,3378.286198758685,0.39189432830916743,2.0694131834685,1.6416041009943,0.047881466045510024,1.5158175520482473,0.1586149550275877,7.0,0.0,21.114347575698584,2.0255024433135986,0.0,0.0,0.0
POV_L05_ADAPTIVE,2,25,0.0,0.0,0.05378896419019512,0.0,0.0,0.0,0.32283815944562344,2.0920256664181602,1.0316111091268982,0.02134912896082586,21.34912896082586,3378.286198758685,0.39189432830916743,2.0694131834685,1.6464517560089007,0.04790403100196272,1.5202853459049948,0.1589469849714078,7.0,0.0,21.11434757653487,2.0255024433135986,0.0,1.0,0.0
POV_L025_ADAPTIVE,2,25,0.0,0.0,0.06155361724993973,0.0,0.02653376426696763,0.4914414882659912,0.3685125933283008,2.3476926287245354,1.084454904581696,0.029086430680164033,29.086430680164035,6867.773134652547,0.1973964237572478,1.7375635474891822,1.466931423987262,0.047967128979507834,1.3407854271354154,0.1404347480274737,7.0,0.0,22.811240407402718,0.9518367648124695,0.0,1.0,0.0
GOAL_AWARE_FINAL_PROJECTION,2,25,1.0,0.0,-0.018817629891131116,0.0,0.0017114099502562041,0.0,0.47867660621038033,2.1806461661883976,1.2858454497427974,0.02312947528520226,23.12947528520226,398.8481860742965,0.721121343483617,2.682062731481155,0.1696966799790971,0.04346632998203859,0.09008708404144272,0.010229360952507704,1.0,0.0,3.71108324396149,3.711083173751831,0.0,0.0,0.0
PLAIN_FM,2,26,0.0,0.0,0.0718052727477468,0.0,0.22048042383193955,1.5477252006530762,0.3921886159032357,2.7565480674482252,1.0914313088890073,0.04603507640757121,46.03507640757121,11530.340079833113,0.08709661284844213,1.4053780894200114,0.06896593503188342,0.043481300002895296,0.0,0.0,0.0,0.0,0.0,0.0,0.0,0.0,1.0
ORIGINAL_SAFEFLOWMPC,2,26,0.0,0.0,0.07585647499450654,0.0,0.0,0.0,0.6151938690195533,2.0785576558624554,0.6174192333223569,0.02346512959300759,23.46512959300759,330.05538232890876,0.32407410842334694,1.8021930175803957,0.18598782102344558,0.045897184987552464,0.04043442802503705,0.03076998406322673,7.0,0.0,19.663443579735787,1.5710004568099976,0.0,0.0,0.0
POV_L05_ALWAYS,2,26,0.0,0.0,0.04815236933640109,0.0,0.0,0.0,0.3329271599468468,2.0368987337992817,1.03899991292396,0.01812915040810653,18.12915040810653,3587.593717888604,0.34077370199093077,2.0209129868470037,1.2912130510085262,0.047612390015274286,1.1654256149777211,0.1262978819431737,7.0,0.0,21.082632409222263,1.830453634262085,0.0,0.0,0.0
POV_L05_ADAPTIVE,2,26,0.0,0.0,0.05078690073670154,0.0,0.0,0.0,0.3336016057457926,2.101100311954745,1.0532921496356258,0.01923998272591354,19.239982725913542,3633.964698481872,0.3163889084051168,1.9702182613015808,1.2938963499618694,0.04807381302816793,1.1674578341189772,0.12687607802217826,7.0,0.0,20.99133381162217,1.720503568649292,0.0,1.0,0.0
POV_L025_ADAPTIVE,2,26,0.0,0.0,0.07000932875733956,0.0,0.0,0.4479837417602539,0.3557750108727871,2.4325758991755326,1.083574871695554,0.03135815853504487,31.35815853504487,7065.579097202911,0.17028516661224488,1.6753121810833524,1.2045998059911653,0.04776132298866287,1.078662634943612,0.118693079915829,7.0,0.0,24.37007899028403,0.9902164340019226,0.0,1.0,0.0
GOAL_AWARE_FINAL_PROJECTION,2,26,1.0,0.0,-0.014160917353015098,0.0,0.0,0.0,0.42906310188332175,1.8988273855655466,1.1934039936480603,0.014510565565119649,14.510565565119647,287.78433457921085,0.6641324528282766,2.63088717375735,0.16979958198498935,0.04335467593045905,0.09025157697033137,0.010241820011287928,1.0,0.0,3.4909589345910055,3.4909589290618896,0.0,0.0,0.0
PLAIN_FM,2,27,0.0,0.0,0.07458849794355758,0.0,0.18569008674621568,1.5639376640319824,0.3905735362401349,2.731721054433581,1.105295255263302,0.05113596396381137,51.13596396381137,13375.964807015725,0.07894096603296555,1.431550949149827,0.06882260099519044,0.04339751700172201,0.0,0.0,0.0,0.0,0.0,0.0,0.0,0.0,1.0
ORIGINAL_SAFEFLOWMPC,2,27,0.0,0.0,0.07499983478433203,0.0,0.0,0.0,0.6190995498738397,2.0579183867873514,0.6160539362522077,0.023019917554975722,23.019917554975724,323.8690883943959,0.3154810575287514,1.815870100445298,0.18467925500590354,0.04600474709877744,0.03917927696602419,0.02961431397125125,7.0,0.0,18.00885342894218,1.5370784997940063,0.0,0.0,0.0
POV_L05_ALWAYS,2,27,0.0,0.0,0.046281264626508875,0.0,0.0,0.034983158111572266,0.3434934347914472,1.9962002650023734,1.0770753332770349,0.021634107924899837,21.634107924899837,3834.830971674208,0.4262084192722801,2.16656602176449,1.3035109100164846,0.04758215812034905,1.1773616319987923,0.13071719504659995,7.0,0.0,20.428176892688967,2.130934953689575,0.0,0.0,0.0
POV_L05_ADAPTIVE,2,27,0.0,0.0,0.046281264626508875,0.0,0.0,0.034983158111572266,0.3434934347914472,1.9962002650023734,1.0770753332770349,0.021634107924899837,21.634107924899837,3834.830971674208,0.4262084192722801,2.16656602176449,1.2930231399950571,0.047821866057347506,1.1672648229869083,0.12994714704109356,7.0,0.0,20.428176892689663,2.130934953689575,0.0,1.0,0.0
POV_L025_ADAPTIVE,2,27,0.0,0.0,0.06592175253392386,0.0,0.0,0.5161744356155396,0.35540948318246984,2.3602826768133363,1.086246284075661,0.03397265190160881,33.97265190160881,7670.36287766012,0.2057560240779571,1.7418266268254279,1.2022861290024593,0.047593710012733936,1.0766352640348487,0.1194694209843874,7.0,0.0,21.324964335783978,1.0020925998687744,0.0,1.0,0.0
GOAL_AWARE_FINAL_PROJECTION,2,27,1.0,0.0,-0.006247299213196757,0.0,0.0,0.0,0.38355674279711366,1.8325959489653507,1.176751975062019,0.01347901069700086,13.47901069700086,235.93794531748813,0.6604434692716641,2.62950620641985,0.16954632400302216,0.04326688393484801,0.09005839203018695,0.010158098011743277,1.0,0.0,3.3016802480212943,3.301680326461792,0.0,0.0,0.0
PLAIN_FM,2,28,0.0,0.0,0.08012475142715784,0.0,0.19464300241470323,0.4125666618347168,0.39615475121121463,2.786211928597446,1.095773467151584,0.04934578444145754,49.345784441457546,12317.148958788282,0.10673753506656618,1.401388575927097,0.06856439303373918,0.04334703605854884,0.0,0.0,0.0,0.0,0.0,0.0,0.0,0.0,1.0
ORIGINAL_SAFEFLOWMPC,2,28,0.0,0.0,0.06970396533783971,0.0,0.0,0.0,0.6350353999419015,2.0357572339551013,0.6119975771307493,0.022628873634160745,22.628873634160744,315.97173821823344,0.31666817621252186,1.8363445244221532,0.18491458101198077,0.04633013397688046,0.038184849079698324,0.02860183798475191,7.0,0.0,17.582710405965365,1.6842501163482666,0.0,0.0,0.0
POV_L05_ALWAYS,2,28,0.0,0.0,0.056743122808125074,0.0,0.0,0.0,0.35393977107092633,2.083849829542875,1.060586550623675,0.02033505459384788,20.33505459384788,3502.0884726254308,0.3505345847566742,2.06200911512828,1.2992264900240116,0.047630479966755956,1.1733190789236687,0.12855540093732998,7.0,0.0,23.783101459853846,1.9642016887664795,0.0,0.0,0.0
POV_L05_ADAPTIVE,2,28,0.0,0.0,0.056743122808125074,0.0,0.0,0.0,0.35393977107092633,2.083849829542875,1.060586550623675,0.02033505459384788,20.33505459384788,3502.0884726254308,0.3505345847566742,2.06200911512828,1.298394315992482,0.0478750949841924,1.1723154910141602,0.12797086301725358,7.0,0.0,23.78310145963397,1.9642016887664795,0.0,1.0,0.0
POV_L025_ADAPTIVE,2,28,0.0,0.0,0.06842007450339727,0.0,0.0,0.0,0.3636899977345488,2.446658077679685,1.0853959245251041,0.030600669919410017,30.60066991941002,6581.674359391515,0.16997520502485342,1.6813910301311519,1.2926406310289167,0.047768833057489246,1.1668311340617947,0.1285871909931302,7.0,0.0,23.46600504262914,1.0029454231262207,0.0,1.0,0.0
GOAL_AWARE_FINAL_PROJECTION,2,28,1.0,0.0,-0.015812494674071094,0.0,0.0,0.0,0.47942690062479987,2.077666025988661,1.2792217496269438,0.020824571635658984,20.824571635658984,402.95060902852947,0.7033814012065043,2.695246022999138,0.169880261993967,0.04358872299781069,0.09008456201991066,0.010212579974904656,1.0,0.0,3.7506984642672996,3.7506983280181885,0.0,0.0,0.0
PLAIN_FM,2,29,0.0,0.0,0.07446201117604119,0.0,0.16270772781372056,1.3470721244812012,0.38654080196756985,2.735607077134057,1.066581384300574,0.06563782861965406,65.63782861965406,18347.009443456063,0.08268954913254947,1.4371101818826848,0.06923373101744801,0.04367992503102869,0.0,0.0,0.0,0.0,0.0,0.0,0.0,0.0,1.0
ORIGINAL_SAFEFLOWMPC,2,29,0.0,0.0,0.07209044524989654,0.0,0.0,0.0,0.6240668162091372,2.085991097687769,0.6180062591917058,0.023552801594594153,23.552801594594158,331.9057990453499,0.3173832091881327,1.7956408472065104,0.18585470499238,0.046097297919914126,0.04029466304928064,0.03068945894483477,7.0,0.0,19.6753561498802,1.538391351699829,0.0,0.0,0.0
POV_L05_ALWAYS,2,29,0.0,0.0,0.06462767819260214,0.0,0.0,0.0,0.3544225535078668,2.246455459872215,1.0735257528478306,0.030983248905440658,30.983248905440657,5851.689506297225,0.23245096405933152,1.8088600197128675,1.4673235670197755,0.04801291902549565,1.3413098169257864,0.14519381808349863,7.0,0.0,23.225438979797424,1.1188442707061768,0.0,0.0,0.0
POV_L05_ADAPTIVE,2,29,0.0,0.0,0.06462767819260214,0.0,0.0,0.0,0.3544225535078668,2.246455459872215,1.0735257528478306,0.030983248905440658,30.983248905440657,5851.689506297225,0.23245096405933152,1.8088600197128675,1.4796618000254966,0.04801803798181936,1.3526604830403812,0.146478054986801,7.0,0.0,23.225438979812278,1.1188442707061768,0.0,1.0,0.0
POV_L025_ADAPTIVE,2,29,0.0,0.0,0.07325361526531676,0.0,0.0,0.0,0.35866704427116225,2.3834766866331134,1.0562938048663024,0.04006768250563836,40.06768250563836,10275.522806060084,0.1827697543894468,1.7055493593756512,1.3853133840020746,0.048101331980433315,1.2589676849311218,0.13630350003950298,7.0,0.0,20.62693592145897,0.9593280553817749,0.0,1.0,0.0
GOAL_AWARE_FINAL_PROJECTION,2,29,1.0,0.0,-0.0062954796830003296,0.0,0.0,0.0,0.4091067460541372,1.8465093398889927,1.172442960846837,0.015287773464166321,15.287773464166321,336.23377121045905,0.6621917283328391,2.6015510633860957,0.1700859959819354,0.04369959398172796,0.09009782096836716,0.010196179035119712,1.0,0.0,3.357589944325418,3.3575899600982666,0.0,0.0,0.0
PLAIN_FM,2,30,0.0,0.0,0.07586114812437174,0.0,0.23737267818450913,0.5748879909515381,0.39185614355985715,2.7338634420017813,1.077118611633034,0.04863820163843924,48.638201638439234,12586.807640898534,0.07074715693579545,1.441045824645159,0.06883528898470104,0.04348281002603471,0.0,0.0,0.0,0.0,0.0,0.0,0.0,0.0,1.0
ORIGINAL_SAFEFLOWMPC,2,30,0.0,0.0,0.07091218272519846,0.0,0.0,0.0,0.619920048522283,2.1040160613356087,0.6230523334054687,0.024183897667337945,24.183897667337945,346.0845095191179,0.31107741079913886,1.7805542376217922,0.18342318903887644,0.04603719699662179,0.038230099075008184,0.028599826036952436,7.0,0.0,18.069572679105555,1.5112217664718628,0.0,0.0,0.0
POV_L05_ALWAYS,2,30,0.0,0.0,0.04682293342455854,0.0,0.0,0.0,0.30452965179503977,2.0652808385489685,1.0363049702659342,0.023894708614984772,23.894708614984772,3989.7769036263635,0.3743519214665321,2.0935307909202323,1.2902464190265164,0.047679320035967976,1.1646282589645125,0.12624758697347715,7.0,0.0,23.982621025979505,1.9503390789031982,0.0,0.0,0.0
POV_L05_ADAPTIVE,2,30,0.0,0.0,0.04682293342455854,0.0,0.0,0.0,0.30452965179503977,2.0652808385489685,1.0363049702659342,0.023894708614984772,23.894708614984772,3989.7769036263635,0.3743519214665321,2.0935307909202323,1.2952517190133221,0.04792464600177482,1.1688279380323365,0.12641508295200765,7.0,0.0,23.982621026299338,1.9503390789031982,0.0,1.0,0.0
POV_L025_ADAPTIVE,2,30,0.0,0.0,0.06690439405646971,0.0,0.00923649635314927,0.0,0.35987120473007406,2.3469014632868936,1.0677592414372334,0.031043806239045568,31.04380623904557,7455.335528171054,0.18444195476629915,1.7193410767051012,1.3034335830016062,0.048218244046438485,1.176435038098134,0.13021217292407528,7.0,0.0,21.85294725770498,0.9390241503715515,0.0,1.0,0.0
GOAL_AWARE_FINAL_PROJECTION,2,30,1.0,0.0,-0.015845495510437985,0.0,0.0,0.0,0.3929887752254223,1.8904211657529324,1.2012734966476373,0.016245898786234392,16.24589878623439,326.51747267635756,0.6076742393100066,2.540345108642179,0.17016986798262224,0.04370498604839668,0.09015628299675882,0.010241361043881625,1.0,0.0,3.137334973590302,3.1373350620269775,0.0,0.0,0.0
PLAIN_FM,2,31,0.0,0.0,0.07254921814889832,0.0,0.24672583904266343,1.408160924911499,0.4093543855815451,2.7095429406521925,1.127384449889025,0.05354271438438915,53.54271438438914,15055.927547627947,0.06851496271719525,1.4337899910469722,0.06911146704806015,0.04364857397740707,0.0,0.0,0.0,0.0,0.0,0.0,0.0,0.0,1.0
ORIGINAL_SAFEFLOWMPC,2,31,0.0,0.0,0.07035671084876254,0.0,0.0,0.0,0.6278023042629797,2.051156843337111,0.6131037161261067,0.02285133764079683,22.85133764079683,320.1351207697601,0.3169256656470475,1.8162968370383372,0.18434151296969503,0.045915324008092284,0.03921979700680822,0.029609023069497198,7.0,0.0,18.344227072775382,1.5397820472717285,0.0,0.0,0.0
POV_L05_ALWAYS,2,31,0.0,0.0,0.04733002766748132,0.0,0.0,0.0,0.35031824496122194,1.9936442884255017,1.0820961106037343,0.020783753354045587,20.783753354045587,4717.788033637405,0.4152715964078891,2.101185223952398,1.3807946349843405,0.0475249060546048,1.2554454510100186,0.13714446302037686,7.0,0.0,22.172589507243135,2.008676767349243,0.0,0.0,0.0
POV_L05_ADAPTIVE,2,31,0.0,0.0,0.04733002766748132,0.0,0.0,0.0,0.35031824496122194,1.9936442884255017,1.0820961106037343,0.020783753354045587,20.783753354045587,4717.788033637405,0.4152715964078891,2.101185223952398,1.3847877380321734,0.047960426891222596,1.2582352529279888,0.13761541387066245,7.0,0.0,22.17258949588239,2.008676767349243,0.0,1.0,0.0
POV_L025_ADAPTIVE,2,31,0.0,0.0,0.05866993465077108,0.0,0.0,0.4844021797180176,0.36878975637409195,2.384633589385847,1.1079440635055324,0.034317436238405385,34.317436238405385,8844.553758215077,0.19955340071594285,1.7097313583009548,1.6622513990150765,0.04809410101734102,1.5353536049369723,0.16387266101082787,7.0,0.0,22.10504699905997,0.978431224822998,0.0,1.0,0.0
GOAL_AWARE_FINAL_PROJECTION,2,31,1.0,0.0,-0.01588053628942209,0.0,0.0,0.0,0.43986956930960985,2.071393065346461,1.2334131078731938,0.019446445955717095,19.446445955717095,354.25239451063464,0.7007146906304872,2.640422294961383,0.16970687499269843,0.043473450117744505,0.0900080680148676,0.01018041797215119,1.0,0.0,3.5292212246215384,3.529221296310425,0.0,0.0,0.0
PLAIN_FM,3,0,0.0,0.0,0.10010414359172834,0.0,0.1594936416625976,0.1974773406982422,0.9139086089876021,2.331255434261303,0.8897540892355044,0.03854135302258421,38.54135302258422,8290.035833511,0.08285301264346928,1.4351735307648656,0.06892501097172499,0.04348664899589494,0.0,0.0,0.0,0.0,0.0,0.0,0.0,0.0,1.0
ORIGINAL_SAFEFLOWMPC,3,0,0.0,0.0,0.23309590101803987,0.0,0.0,0.0,1.0778785631143937,1.5035251968936378,0.4713619105875019,0.011704624257564689,11.704624257564689,147.02115830340645,0.22016376397228155,1.706704731233639,0.1835870910435915,0.045995937020052224,0.0382389510050416,0.02858556597493589,7.0,0.0,15.291699033035691,1.1070371866226196,0.0,0.0,0.0
POV_L05_ALWAYS,3,0,0.0,0.0,0.06909585189553777,0.0,0.0,0.0,0.6215624457772857,1.4290845932327398,0.6066173830920145,0.014052650457969662,14.052650457969662,2387.030938720968,0.44572872271349806,1.836971541267014,1.110374720999971,0.04767669807188213,0.9843797700596042,0.10918735602172092,7.0,0.0,27.359961050601164,2.415432929992676,0.0,0.0,0.0
POV_L05_ADAPTIVE,3,0,0.0,0.0,0.06909585189553777,0.0,0.0,0.0,0.6215624457772857,1.4290845932327398,0.6066173830920145,0.014052650457969662,14.052650457969662,2387.030938720968,0.44572872271349806,1.836971541267014,1.1104514520266093,0.04766822716919705,0.984602277923841,0.10903272102586925,7.0,0.0,27.359961050601164,2.415432929992676,0.0,1.0,0.0
POV_L025_ADAPTIVE,3,0,0.0,0.0,0.11200281904602952,0.0,0.0,0.0,0.7897523590028458,1.8404572284585634,0.7252234221597679,0.02307830756599838,23.078307565998383,4943.551460331097,0.2081672047651975,1.4807936031558289,1.1991426539607346,0.04782515310216695,1.073232406983152,0.11746286082779989,7.0,0.0,26.291239641839347,1.0944997072219849,0.0,1.0,0.0
GOAL_AWARE_FINAL_PROJECTION,3,0,1.0,0.0,-0.03843087954072008,0.0,0.0,0.0,0.40304967321914537,1.4251537956882068,0.7776993391418601,0.015493718576856885,15.493718576856885,345.3474477959517,0.5665987828678567,1.8699007057815664,0.16990490001626313,0.043567811022512615,0.09001671796431765,0.0102304209722206,1.0,0.0,3.1001865613113684,3.100186586380005,0.0,0.0,0.0
PLAIN_FM,3,1,0.0,0.0,0.10539370839583456,0.0,0.04855688076019282,0.0,0.9074296389313632,2.2996835142954124,0.878929025821997,0.03968958478642204,39.689584786422046,8596.777101910737,0.08055134879619588,1.4193914263204839,0.06908767600543797,0.0435225410037674,0.0,0.0,0.0,0.0,0.0,0.0,0.0,0.0,1.0
ORIGINAL_SAFEFLOWMPC,3,1,0.0,0.0,0.23726575888089274,0.0,0.0,0.0,1.1049005566465997,1.49785278904015,0.47078378136068044,0.011551668786011327,11.551668786011327,143.72318391435712,0.2308007708594181,1.730828580460339,0.1887250060099177,0.04637839592760429,0.04172624205239117,0.03215486992849037,7.0,0.0,19.696964134118534,1.1487675905227661,0.0,0.0,0.0
POV_L05_ALWAYS,3,1,0.0,0.0,0.05435576814980489,0.0,0.0,0.0,0.6322332284474013,1.4753928686635602,0.6176334428310687,0.015763238936116863,15.763238936116863,2890.2198680777146,0.4437625684779447,1.8061028849727658,1.0363672510138713,0.04780443198978901,0.9095194489345886,0.1013598270365037,7.0,0.0,24.878073677709907,2.263963222503662,0.0,0.0,0.0
POV_L05_ADAPTIVE,3,1,0.0,0.0,0.05435576814980489,0.0,0.0,0.0,0.6322332284474013,1.4753928686635602,0.6176334428310687,0.015763238936116863,15.763238936116863,2890.2198680777146,0.4437625684779447,1.8061028849727658,1.0309207259560935,0.047816654085181653,0.9045327350031585,0.10095042391913012,7.0,0.0,24.878073677709907,2.263963222503662,0.0,1.0,0.0
POV_L025_ADAPTIVE,3,1,0.0,0.0,0.10168261035721571,0.0,0.0,0.0,0.794072676230583,1.837083767916008,0.7147226522790643,0.02385864144621941,23.85864144621941,5198.896778384477,0.21522728777432565,1.463616329219775,1.2883370550116524,0.04774069006089121,1.1623990669031627,0.12414362997515127,7.0,0.0,24.616745852260003,1.0294803380966187,0.0,1.0,0.0
GOAL_AWARE_FINAL_PROJECTION,3,1,1.0,0.0,-0.04237871404599278,0.0,0.0,0.0,0.40669872127305207,1.308020868716136,0.6941531805383819,0.009607498273898507,9.607498273898507,237.3404560364278,0.5904495225409192,1.8419654776617462,0.16994057997362688,0.04349953803466633,0.09028283500811085,0.010258590977173299,1.0,0.0,3.004843032043016,3.00484299659729,0.0,0.0,0.0
PLAIN_FM,3,2,0.0,0.0,0.10383387535960573,0.0,0.18573279838562007,0.12506365776062012,0.9028525020835896,2.300516820537894,0.8675831097606802,0.03957675656381987,39.57675656381987,9247.619982970613,0.0731575604655351,1.4110432807140518,0.06884433899540454,0.0435547610395588,0.0,0.0,0.0,0.0,0.0,0.0,0.0,0.0,1.0
ORIGINAL_SAFEFLOWMPC,3,2,0.0,0.0,0.23357410307080642,0.0,0.0,0.0,1.0797459388142767,1.4958234692562684,0.4693881419823471,0.011510402440269907,11.510402440269907,142.97436918608852,0.2253911257210378,1.703932604174543,0.1836641720146872,0.04605722799897194,0.03820474096573889,0.028582032944541425,7.0,0.0,15.956600231536184,1.059401273727417,0.0,0.0,0.0
POV_L05_ALWAYS,3,2,0.0,0.0,0.07684036051857798,0.0,0.0,0.0,0.6460176299799073,1.3671797183306769,0.5285823090450155,0.010153263515473299,10.153263515473299,1625.011387637798,0.4832483225937446,1.844505867047847,1.2085434659966268,0.04773711011512205,1.0823913909844123,0.12023870513075963,7.0,0.0,32.3678200749953,2.4561660289764404,0.0,0.0,0.0
POV_L05_ADAPTIVE,3,2,0.0,0.0,0.07684036051857798,0.0,0.0,0.0,0.6460176299799073,1.3671797183306769,0.5285823090450155,0.010153263515473299,10.153263515473299,1625.011387637798,0.4832483225937446,1.844505867047847,1.2149919539806433,0.04829510604031384,1.0878687559161335,0.1208625418948941,7.0,0.0,32.3678200749953,2.4561660289764404,0.0,1.0,0.0
POV_L025_ADAPTIVE,3,2,0.0,0.0,0.11601523160809582,0.0,0.0,0.0,0.779492150378513,1.7731516347065883,0.7001535458323593,0.021335572082483267,21.335572082483267,4638.773958279341,0.2554721452303891,1.5743001580456484,1.2055918329861015,0.047854575037490577,1.0794446879299358,0.11818724090699106,7.0,0.0,30.61100292216472,1.2765856981277466,0.0,1.0,0.0
GOAL_AWARE_FINAL_PROJECTION,3,2,1.0,0.0,-0.0493575289279122,0.0,0.0,0.0,0.3742302051006492,1.3375985447922683,0.7726505715618999,0.013059927495026713,13.059927495026713,279.95463391770056,0.6306432649682814,2.0514138667838253,0.16962986096041277,0.04348536010365933,0.08990794501733035,0.010170387977268547,1.0,0.0,3.287784139700948,3.2877840995788574,0.0,0.0,0.0
PLAIN_FM,3,3,0.0,0.0,0.0954623785003828,0.0,0.1406800315856933,0.10819554328918457,0.881358940358716,2.288508898856787,0.8527948533379283,0.03896568972462977,38.965689724629776,9738.08298172234,0.08874381767325547,1.3574346809952795,0.0689858120167628,0.043525299057364464,0.0,0.0,0.0,0.0,0.0,0.0,0.0,0.0,1.0
ORIGINAL_SAFEFLOWMPC,3,3,0.0,0.0,0.23241089701653941,0.0,0.0,0.0,1.0702104323416297,1.4947520243956924,0.46341766249684674,0.011537102379711506,11.537102379711506,144.2790580720832,0.22129176550731552,1.6865727884637987,0.18385213596047834,0.0461397870676592,0.03826072899391875,0.028621584875509143,7.0,0.0,15.532160476760069,1.0888967514038086,0.0,0.0,0.0
POV_L05_ALWAYS,3,3,0.0,0.0,0.07053747284855272,0.0,0.0,0.0,0.6267277864607943,1.4103590038222684,0.5699253781237477,0.01273748420340226,12.73748420340226,2364.353474041536,0.44457452918646284,1.806356331789023,1.2887894489686005,0.047737940098159015,1.1627520300098695,0.12620709202019498,7.0,0.0,27.744400258746698,2.3685226440429688,0.0,0.0,0.0
POV_L05_ADAPTIVE,3,3,0.0,0.0,0.12495498944563874,0.0,0.0,0.0,0.873832565952667,2.1103380371231597,0.7673251661106745,0.03551959367740576,35.51959367740576,9272.711111222254,0.12526933540596003,1.3664189889035787,1.208457725995686,0.048377875005826354,1.0882259000791237,0.11744499194901437,6.0,0.0,23.397829734525992,0.5032444596290588,0.0,0.8571428571428571,0.0
POV_L025_ADAPTIVE,3,3,0.0,0.0,0.10653274813706692,0.0,0.0,0.0,0.7637923594395407,1.7899320143338697,0.7011323022499046,0.02159566381301392,21.59566381301392,5312.266980245717,0.21702339286911498,1.4513016842927726,1.1258278419845738,0.047450752928853035,0.9999219178571366,0.11052078090142459,7.0,0.0,30.134517696650544,1.1013505458831787,0.0,1.0,0.0
GOAL_AWARE_FINAL_PROJECTION,3,3,1.0,0.0,-0.049459300547258195,0.0,0.0,0.0,0.4087337393064476,1.3652827769410698,0.7353899071242516,0.013790909698205844,13.790909698205844,306.6990768067157,0.5800256950844596,1.8895916895468114,0.17051254300167784,0.04338328499579802,0.09076078701764345,0.01041700504720211,1.0,0.0,3.075960587010923,3.075960636138916,0.0,0.0,0.0
PLAIN_FM,3,4,0.0,0.0,0.09776501227621112,0.0,0.21538014869689937,2.2811663150787354,0.8821636338016628,2.328751479676833,0.9077685961472793,0.037738612899031576,37.73861289903157,7404.421611005386,0.08323161914646657,1.3953370886487253,0.07116862997645512,0.044833163905423135,0.0,0.0,0.0,0.0,0.0,0.0,0.0,0.0,1.0
ORIGINAL_SAFEFLOWMPC,3,4,0.0,0.0,0.23107860929850563,0.0,0.0,0.0,1.0762692624588996,1.5066575806235587,0.47120005392064807,0.011655887647281205,11.655887647281205,144.46417495141972,0.21986845683882364,1.6986213177073217,0.1859979210421443,0.04640512593323365,0.03880188497714698,0.02889670414151624,7.0,0.0,15.898321328894317,1.1007037162780762,0.0,0.0,0.0
POV_L05_ALWAYS,3,4,0.0,0.0,0.06217596669323919,0.0,0.0,0.0,0.6328557222467507,1.4254172679264137,0.5728399847238373,0.01405243294927061,14.05243294927061,2269.945825137754,0.4527575837705313,1.8497332622299245,1.2116887369775213,0.047983357100747526,1.085026892949827,0.11980219499673694,7.0,0.0,30.281221132519804,2.3997087478637695,0.0,0.0,0.0
POV_L05_ADAPTIVE,3,4,0.0,0.0,0.06217596669323919,0.0,0.0,0.0,0.6328557222467507,1.4254172679264137,0.5728399847238373,0.01405243294927061,14.05243294927061,2269.945825137754,0.4527575837705313,1.8497332622299245,1.2074947149958462,0.047706049866974354,1.0819119280786254,0.1193366120569408,7.0,0.0,30.281221132519804,2.3997087478637695,0.0,1.0,0.0
POV_L025_ADAPTIVE,3,4,0.0,0.0,0.10772599164459801,0.0,0.0,0.42522668838500977,0.7678680601804824,1.7984758943327732,0.7199049647372227,0.021317399406259874,21.317399406259877,3980.4727928996363,0.25439242154135483,1.543308524028953,1.2098333549802192,0.04794592491816729,1.083225412061438,0.12048363505164161,7.0,0.0,30.82656770265036,1.2638829946517944,0.0,1.0,0.0
GOAL_AWARE_FINAL_PROJECTION,3,4,1.0,0.0,-0.023756054347806227,0.0,0.0,0.0,0.3617162880100498,1.1338689446727093,0.6936657816643981,0.005286025227801083,5.286025227801083,173.95332030973876,0.7660791343220875,2.1315180952796235,0.17425186099717394,0.044527716003358364,0.09252538299188018,0.010162427963223308,1.0,0.0,3.8426236436061854,3.842623472213745,0.0,0.0,0.0
PLAIN_FM,3,5,0.0,0.0,0.10764332230777149,0.0,0.15893037776947017,1.1915814876556396,0.9133602468504705,2.2738447564762816,0.8525739465189008,0.03828755798692107,38.28755798692108,8345.277539017903,0.07645885401137097,1.4098733742764702,0.06907155399676412,0.04359216202283278,0.0,0.0,0.0,0.0,0.0,0.0,0.0,0.0,1.0
ORIGINAL_SAFEFLOWMPC,3,5,0.0,0.0,0.23603481052665268,0.0,0.0,0.0,1.0739921712769345,1.4778928714006214,0.46136146841465536,0.01144478802529214,11.44478802529214,145.85490833942671,0.2303910817820062,1.6953508187547155,0.18422562401974574,0.04618490097345784,0.03822903806576505,0.028595653944648802,7.0,0.0,17.319767792620194,1.04892897605896,0.0,0.0,0.0
POV_L05_ALWAYS,3,5,0.0,0.0,0.07684562690198499,0.0,0.0,0.0,0.6590898108020494,1.4973040841240848,0.5757726499680952,0.013972306421942804,13.972306421942804,2189.1851130259706,0.4338127134832413,1.7830688312618865,1.1150413600262254,0.047742484021000564,0.9888868890120648,0.10855108400573954,7.0,0.0,29.244744114290725,2.19992995262146,0.0,0.0,0.0
POV_L05_ADAPTIVE,3,5,0.0,0.0,0.07684562690198499,0.0,0.0,0.0,0.6590898108020494,1.4973040841240848,0.5757726499680952,0.013972306421942804,13.972306421942804,2189.1851130259706,0.4338127134832413,1.7830688312618865,1.113016615039669,0.04790174594381824,0.9872061230125837,0.10814314498566091,7.0,0.0,29.244744114312628,2.19992995262146,0.0,1.0,0.0
POV_L025_ADAPTIVE,3,5,0.0,0.0,0.10587396433716492,0.0,0.0,0.0,0.7993121526806103,1.8081367570785014,0.6747350319067329,0.02167308898649356,21.67308898649356,4546.465736510984,0.2196790707336675,1.4515229798697395,1.1135628179763444,0.04778729198733345,0.9873819469939917,0.10809824691386893,7.0,0.0,29.04146841585849,1.0169349908828735,0.0,1.0,0.0
GOAL_AWARE_FINAL_PROJECTION,3,5,1.0,0.0,-0.045634186434482,0.0,0.0,0.0,0.3567994327415604,1.0417843098066555,0.6083711403960581,0.0036007931984727293,3.6007931984727293,140.0765679488103,0.7286256980345636,2.0141937813218216,0.16963019798276946,0.04353538906434551,0.08987538196379319,0.010151117981877178,1.0,0.0,3.641549152138594,3.6415491104125977,0.0,0.0,0.0
PLAIN_FM,3,6,0.0,0.0,0.10720517945232022,0.0,0.09503777484893794,0.0,0.9236036260438636,2.2686403987095005,0.8646146314083094,0.03616816477282514,36.16816477282514,8913.541232790069,0.0886692732832983,1.4120422263553252,0.06897850101813674,0.04350083804456517,0.0,0.0,0.0,0.0,0.0,0.0,0.0,0.0,1.0
ORIGINAL_SAFEFLOWMPC,3,6,0.0,0.0,0.23140583507396098,0.0,0.0,0.0,1.075907289539739,1.4911392193078499,0.46581614864583176,0.011454879749773994,11.454879749773994,142.63441295838675,0.2241363346309317,1.6946700787188735,0.18381253199186176,0.04586598102468997,0.03826904983725399,0.028616496012546122,7.0,0.0,16.527458611163226,1.0653027296066284,0.0,0.0,0.0
POV_L05_ALWAYS,3,6,0.0,0.0,0.06700079048413629,0.0,0.0,0.0,0.62746045760581,1.4167368446462905,0.5819194579900484,0.011860479006039704,11.860479006039704,2059.636500938034,0.4503176328211723,1.8273832921708557,1.1154542359872721,0.04768435895675793,0.9894091400201432,0.11010044597787783,7.0,0.0,27.286572574464,2.3661484718322754,0.0,0.0,0.0
POV_L05_ADAPTIVE,3,6,0.0,0.0,0.12811756686145925,0.0,0.0,0.0,0.9108384853578029,2.0847974719069375,0.7726631536520018,0.03307733518008105,33.07733518008104,7941.134591510778,0.12300699938362392,1.401304179130779,1.0165574839920737,0.04795931384433061,0.8976847569574602,0.09990523895248771,6.0,0.0,23.344262256856176,0.47282981872558594,0.0,0.8571428571428571,0.0
POV_L025_ADAPTIVE,3,6,0.0,0.0,0.10837122185502943,0.0,0.0,0.0,0.7907004145704062,1.7870074075104974,0.7082234987089877,0.019962062948952308,19.96206294895231,4725.86894157514,0.21633546785844532,1.4767195575700376,1.2137369280098937,0.04761328699532896,1.086812286870554,0.11964912997791544,7.0,0.0,24.64195853113955,1.0804870128631592,0.0,1.0,0.0
GOAL_AWARE_FINAL_PROJECTION,3,6,1.0,0.0,-0.054940203700203,0.0,0.0,0.0,0.3785141936169463,1.2662581680174818,0.7099769873111148,0.009228704532407761,9.228704532407761,203.33352648052028,0.601315751046442,1.8679463807770638,0.17053349100751802,0.04364120011450723,0.09059141098987311,0.010331441997550428,1.0,0.0,3.134048908558932,3.1340489387512207,0.0,0.0,0.0
PLAIN_FM,3,7,0.0,0.0,0.09859138742247422,0.0,0.07179613571166987,1.3440680503845215,0.9059337484816671,2.2752610682437013,0.8348534867530691,0.0396509954319999,39.65099543199991,9304.642476370971,0.08262430478080357,1.4243977324306338,0.06908980302978307,0.043642191973049194,0.0,0.0,0.0,0.0,0.0,0.0,0.0,0.0,1.0
ORIGINAL_SAFEFLOWMPC,3,7,0.0,0.0,0.2289257813518875,0.0,0.0,0.0,1.0683198178081144,1.5070425205551528,0.4703946999508247,0.011810703968479608,11.810703968479608,149.08074507209435,0.21743809723305998,1.690446230658769,0.18414507096167654,0.046191679895855486,0.038324080989696085,0.0286902179941535,7.0,0.0,17.335716332017302,1.0720537900924683,0.0,0.0,0.0
POV_L05_ALWAYS,3,7,0.0,0.0,0.08035963170271429,0.0,0.0,0.0,0.6486705960245628,1.3829233490428614,0.5438135069806885,0.017308352464025845,17.308352464025845,3894.715025937678,0.43814489901571985,1.726395792578453,1.316076837014407,0.048438467958476394,1.1879568740259856,0.12837813701480627,7.0,0.0,29.45686841306828,2.230400562286377,0.0,0.0,0.0
POV_L05_ADAPTIVE,3,7,0.0,0.0,0.08035963170271429,0.0,0.0,0.0,0.6486705960245628,1.3829233490428614,0.5438135069806885,0.017308352464025845,17.308352464025845,3894.715025937678,0.43814489901571985,1.726395792578453,1.301606792025268,0.048598892986774445,1.1737839181441814,0.12689484690781683,7.0,0.0,29.45686841282593,2.230400562286377,0.0,1.0,0.0
POV_L025_ADAPTIVE,3,7,0.0,0.0,0.11032591007788439,0.0,0.0,0.0,0.7863855400729283,1.8032861663662594,0.6925474538223386,0.02743846164133945,27.438461641339458,6494.195857091789,0.2025745860574821,1.460674651986803,1.2942456469754688,0.04779089201474562,1.1681865609716624,0.12590871390420943,7.0,0.0,27.7813538252665,1.0155504941940308,0.0,1.0,0.0
GOAL_AWARE_FINAL_PROJECTION,3,7,1.0,0.0,-0.08915860773584644,0.0,0.0,0.0,0.37436762585839056,1.227578306985572,0.6634225146083084,0.007487982634378554,7.487982634378554,188.54117244391233,0.5683579101680283,1.8092150622784513,0.17466386902378872,0.0442627189331688,0.09334879397647455,0.010412134986836463,1.0,0.0,2.9098182175215324,2.909818172454834,0.0,0.0,0.0
PLAIN_FM,3,8,0.0,0.0,0.11658034755871524,0.0,0.15836294155120845,0.0,0.9351946490077432,2.302478456437022,0.9056876913936985,0.037150548249728965,37.15054824972897,8627.092602019306,0.10940531814596903,1.4265476253573586,0.06934899103362113,0.04384956805733964,0.0,0.0,0.0,0.0,0.0,0.0,0.0,0.0,1.0
ORIGINAL_SAFEFLOWMPC,3,8,0.0,0.0,0.23522609168701533,0.0,0.0,0.0,1.0852370363786454,1.4891441050161642,0.46975443634935476,0.01142407263287648,11.42407263287648,142.15427660060342,0.22915386368680746,1.712190636490492,0.18447959900368005,0.04624260001583025,0.038461104908492416,0.028785788919776678,7.0,0.0,16.157719386938933,1.03411865234375,0.0,0.0,0.0
POV_L05_ALWAYS,3,8,0.0,0.0,0.060895847822821925,0.0,0.0,0.0,0.6550650090767082,1.4035982301314367,0.5873563028288762,0.012071762247146012,12.071762247146012,1975.0763503243008,0.4619227547685181,1.8388436788157405,1.292757605027873,0.047652756969910115,1.1668150799814612,0.12897469202289358,7.0,0.0,25.394967767711055,2.3854382038116455,0.0,0.0,0.0
POV_L05_ADAPTIVE,3,8,0.0,0.0,0.060895847822821925,0.0,0.0,0.0,0.6550650090767082,1.4035982301314367,0.5873563028288762,0.012071762247146012,12.071762247146012,1975.0763503243008,0.4619227547685181,1.8388436788157405,1.290736778988503,0.047861402039416134,1.1648474869434722,0.12875758006703109,7.0,0.0,25.394967767758754,2.3854382038116455,0.0,1.0,0.0
POV_L025_ADAPTIVE,3,8,0.0,0.0,0.11413694546282993,0.0,0.0,0.0,0.80233538734251,1.782380901669486,0.7414503384577023,0.020543907913317838,20.543907913317838,4639.1799296428,0.26562782128309953,1.5237379423679396,1.2140082039986737,0.04815992101794109,1.0868848489481024,0.12101012200582772,7.0,0.0,23.528505650169386,1.1969934701919556,0.0,1.0,0.0
GOAL_AWARE_FINAL_PROJECTION,3,8,1.0,0.0,-0.018476906984339098,0.0,0.0,0.0,0.415023060058056,1.273189200558189,0.6947382244644456,0.009889194578521554,9.889194578521554,203.80640311383758,0.7110263574043778,2.1059224451281042,0.17013476899592206,0.043729095021262765,0.08999667403986678,0.01018871896667406,1.0,0.0,3.592121196072754,3.592121124267578,0.0,0.0,0.0
PLAIN_FM,3,9,0.0,0.0,0.11802224575909864,0.0,0.13486023406982417,1.460791826248169,0.9449422676072591,2.2676653525639137,0.8550794446974774,0.035380139915994535,35.38013991599453,7968.015644310112,0.08695008772339809,1.4330156012183262,0.06912443396868184,0.043663024029228836,0.0,0.0,0.0,0.0,0.0,0.0,0.0,0.0,1.0
ORIGINAL_SAFEFLOWMPC,3,9,0.0,0.0,0.2324885083804296,0.0,0.0,0.0,1.0692610656874735,1.48812348486778,0.4653373491455322,0.011563837558252743,11.563837558252743,146.63574613473784,0.22681816918176062,1.6904398025363903,0.18441923602949828,0.046335770981386304,0.03842996503226459,0.0287791300797835,7.0,0.0,13.1968327971495,0.9308670163154602,0.0,0.0,0.0
POV_L05_ALWAYS,3,9,0.0,0.0,0.08479275300036437,0.0,0.0,0.0,0.6617883134825391,1.4544272333099075,0.5541155844952181,0.011333703860133326,11.333703860133326,1650.27942782654,0.44512137492830106,1.7981122449721039,1.201954243995715,0.04773188894614577,1.076273909129668,0.11954327410785481,7.0,0.0,26.98190710526685,2.2255098819732666,0.0,0.0,0.0
POV_L05_ADAPTIVE,3,9,0.0,0.0,0.08479275300036437,0.0,0.0,0.0,0.6617883134825391,1.4544272333099075,0.5541155844952181,0.011333703860133326,11.333703860133326,1650.27942782654,0.44512137492830106,1.7981122449721039,1.2052383290138096,0.047754410945344716,1.0797343570156954,0.11961678299121559,7.0,0.0,26.98190710526685,2.2255098819732666,0.0,1.0,0.0
POV_L025_ADAPTIVE,3,9,0.0,0.0,0.11890690095282516,0.0,0.0,0.0,0.818617149606934,1.7831795594807405,0.6589703581046129,0.01830131754005393,18.30131754005393,3817.73338541258,0.24056849011862044,1.490759930890847,1.3945824929978698,0.048236802977044135,1.2675247909501195,0.13797348900698125,7.0,0.0,30.157227589127103,1.0493289232254028,0.0,1.0,0.0
GOAL_AWARE_FINAL_PROJECTION,3,9,1.0,0.0,-0.07827526514257302,0.0,0.0,0.0,0.3823057431518445,1.3521504330940157,0.7413961325192795,0.014360651669051094,14.360651669051094,338.8398746917432,0.5932527973079562,1.9455890543349414,0.16991890198551118,0.04359524790197611,0.09030772198457271,0.01032879197737202,1.0,0.0,3.0976068817566187,3.097606897354126,0.0,0.0,0.0
PLAIN_FM,3,10,0.0,0.0,0.09373816333156912,0.0,0.05904968242645259,0.7102084159851074,0.9096805528968193,2.3433807547848926,0.9113681337683515,0.041650679213128594,41.6506792131286,9924.377687397402,0.08314705351067961,1.4240513342320584,0.06863400095608085,0.04335882398299873,0.0,0.0,0.0,0.0,0.0,0.0,0.0,0.0,1.0
ORIGINAL_SAFEFLOWMPC,3,10,0.0,0.0,0.22758319936767038,0.0,0.0,0.0,1.0677245605145231,1.5168716676115146,0.4724555894054077,0.011944267763334793,11.944267763334793,150.5786646319507,0.21287224692147758,1.6908908379197833,0.18646236904896796,0.046919608023017645,0.03877180092968047,0.02911275695078075,7.0,0.0,14.548360542733871,1.093614935874939,0.0,0.0,0.0
POV_L05_ALWAYS,3,10,0.0,0.0,0.07984901948670584,0.0,0.0,0.0,0.6429179195553834,1.4673118058661863,0.5919898229327699,0.015136258337223651,15.136258337223651,2710.774695998719,0.4433393098618036,1.8415257552847957,1.2985260660061613,0.0479760158341378,1.1721978139830753,0.13044680090388283,7.0,0.0,32.14944805751744,2.4141201972961426,0.0,0.0,0.0
POV_L05_ADAPTIVE,3,10,0.0,0.0,0.07984901948670584,0.0,0.0,0.0,0.6429179195553834,1.4673118058661863,0.5919898229327699,0.015136258337223651,15.136258337223651,2710.774695998719,0.4433393098618036,1.8415257552847957,1.30006429401692,0.04808750801021233,1.1736232189578004,0.13034924922976643,7.0,0.0,32.14944805751744,2.4141201972961426,0.0,1.0,0.0
POV_L025_ADAPTIVE,3,10,0.0,0.0,0.11025042404495022,0.0,0.0,0.0,0.7955841370453834,1.8474288987295886,0.7210934331956595,0.025573524523962554,25.573524523962558,5964.161856252926,0.20478262225593374,1.479735107166846,1.2936239729751833,0.04787683190079406,1.1677163831191137,0.12753656407585368,7.0,0.0,31.722881620118635,1.099043369293213,0.0,1.0,0.0
GOAL_AWARE_FINAL_PROJECTION,3,10,1.0,0.0,-0.06910440020024353,0.0,0.0,0.0,0.3632977784012819,1.225519095055554,0.672671618480947,0.007720851017041674,7.720851017041674,181.228894825658,0.5780873727772506,1.767119215072727,0.1695744430180639,0.04347500600852072,0.0899103419505991,0.010259221016895026,1.0,0.0,3.0372556331056266,3.0372557640075684,0.0,0.0,0.0
PLAIN_FM,3,11,0.0,0.0,0.10551089680659514,0.0,0.057683543968200635,0.2728891372680664,0.9101096104472169,2.2725071459529564,0.8580999982626213,0.04500861545401347,45.008615454013466,12132.094268095207,0.1007183526410631,1.3961991736481614,0.068807554023806,0.04351270687766373,0.0,0.0,0.0,0.0,0.0,0.0,0.0,0.0,1.0
ORIGINAL_SAFEFLOWMPC,3,11,0.0,0.0,0.23321765109944062,0.0,0.0,0.0,1.0791418895964238,1.4960234588416172,0.4664441650504642,0.011512769057572925,11.512769057572925,143.19703421321606,0.22187077573815575,1.7001451569973067,0.18366286403033882,0.046225098019931465,0.03828833193983883,0.028681465017143637,7.0,0.0,15.977557072854642,1.0910413265228271,0.0,0.0,0.0
POV_L05_ALWAYS,3,11,0.0,0.0,0.07340071840776094,0.0,0.0,0.0,0.6354338819081418,1.4693758466112525,0.5899973183960091,0.013867988841343326,13.867988841343328,2523.353012598406,0.4363180220141169,1.796943116581807,1.2072330320370384,0.048004615877289325,1.0809096599696204,0.11765725398436189,7.0,0.0,25.284564432365443,2.248263120651245,0.0,0.0,0.0
POV_L05_ADAPTIVE,3,11,0.0,0.0,0.0733665181960794,0.0,0.0,0.0,0.635760618545845,1.4675533914083925,0.5896342550439819,0.01383135607949093,13.83135607949093,2529.6891521197294,0.4364934176941503,1.7958051086328373,1.203281035006512,0.048088088049553335,1.0769127630046569,0.11739449499873444,7.0,0.0,25.283012234803614,2.2476935386657715,0.0,1.0,0.0
POV_L025_ADAPTIVE,3,11,0.0,0.0,0.10498342977479694,0.0,0.0,0.0,0.7897603257441075,1.8091761852613804,0.7017199172157587,0.024746006475602655,24.746006475602655,6164.403767854675,0.20656162883829093,1.450549726019852,1.2010744060389698,0.047831651056185365,1.0752123259590007,0.11888355197152123,7.0,0.0,24.17355175173516,1.0043375492095947,0.0,1.0,0.0
GOAL_AWARE_FINAL_PROJECTION,3,11,1.0,0.0,-0.07687932247185539,0.0,0.0,0.0,0.38421337331040445,1.2555165320613408,0.6652782732483996,0.008145461887054672,8.145461887054672,186.5084389803151,0.5690577682150819,1.777603242437361,0.1698588690487668,0.043541219958569854,0.09013289696304128,0.010359333013184369,1.0,0.0,2.939656835362915,2.939656972885132,0.0,0.0,0.0
PLAIN_FM,3,12,0.0,0.0,0.1114027174882758,0.0,0.1129674480438232,0.21892309188842773,0.9305339127321893,2.27870924411857,0.8686581728812339,0.0342442199264692,34.244219926469206,7175.719287586179,0.07505843993137744,1.4364478131189815,0.06873773300321773,0.04336845496436581,0.0,0.0,0.0,0.0,0.0,0.0,0.0,0.0,1.0
ORIGINAL_SAFEFLOWMPC,3,12,0.0,0.0,0.23055459577309492,0.0,0.0,0.0,1.0733755019689597,1.5032755269716516,0.4688809928001342,0.0116280743091286,11.6280743091286,144.74700005804308,0.21870303982126996,1.6967058352571789,0.18403837300138548,0.04627773899119347,0.03836807096377015,0.028696856985334307,7.0,0.0,14.340525720892582,0.9852856993675232,0.0,0.0,0.0
POV_L05_ALWAYS,3,12,0.0,0.0,0.07231366203287745,0.0,0.0,0.0,0.6384293153213699,1.4391547064938335,0.593560419654599,0.012917751033234559,12.91775103323456,1961.520187348942,0.44842954225910586,1.8343496735389297,1.1109112669946626,0.047819299856200814,0.9848530190065503,0.10671086510410532,7.0,0.0,25.116510616971105,2.3280937671661377,0.0,0.0,0.0
POV_L05_ADAPTIVE,3,12,0.0,0.0,0.07215490809066019,0.0,0.0,0.0,0.6387610970505458,1.4397617093489534,0.5934329931900987,0.012893384741028413,12.893384741028413,1947.0702331618738,0.44825068712929605,1.834029989622158,1.121958295989316,0.048236302041914314,0.9948911649989896,0.10751220403471962,7.0,0.0,25.115329177465345,2.327518939971924,0.0,1.0,0.0
POV_L025_ADAPTIVE,3,12,0.0,0.0,0.11357569205864959,0.0,0.0,0.0,0.7983593664458566,1.7940273593529612,0.7107399741714248,0.01984184175545778,19.84184175545778,3978.4125065359885,0.22375602161175312,1.4962607874639178,1.1125479369657114,0.04776184097863734,0.986731790995691,0.1071689049131237,7.0,0.0,27.737352848247447,1.072409749031067,0.0,1.0,0.0
GOAL_AWARE_FINAL_PROJECTION,3,12,1.0,0.0,-0.04793370457240273,0.0,0.0,0.0,0.38384075389300704,1.3716954847263758,0.775473405813446,0.014361618727953385,14.361618727953385,324.05288638166496,0.603760868009465,1.9565852311991938,0.1697524759802036,0.04352822795044631,0.09008603601250798,0.010179528966546059,1.0,0.0,3.204562312617888,3.204562187194824,0.0,0.0,0.0
PLAIN_FM,3,13,0.0,0.0,0.10963966463829497,0.0,0.11418040256500239,0.745929479598999,0.9124557525586215,2.2675854117831538,0.8359904240896475,0.04100700210200903,41.00700210200903,10466.58748000957,0.07377936679749839,1.4191645811112208,0.06887472601374611,0.04364927200367674,0.0,0.0,0.0,0.0,0.0,0.0,0.0,0.0,1.0
ORIGINAL_SAFEFLOWMPC,3,13,0.0,0.0,0.23351828832905366,0.0,0.0,0.0,1.0787365672631983,1.4921299036804434,0.4673579101500726,0.011457441638601296,11.457441638601296,142.23679231246678,0.22749840522457154,1.697551029549153,0.1837779459892772,0.04611796606332064,0.03835023095598444,0.028722188959363848,7.0,0.0,17.52659680257537,1.0340862274169922,0.0,0.0,0.0
POV_L05_ALWAYS,3,13,0.0,0.0,0.06627869987547735,0.0,0.0,0.0,0.6366081543612169,1.455972402220029,0.570526585162722,0.01524664683836896,15.24664683836896,2957.462960690371,0.46283526446938705,1.8657721317251903,1.4844800920109265,0.04798291501356289,1.3579816258861683,0.150816845940426,7.0,0.0,27.002163161268623,2.3369860649108887,0.0,0.0,0.0
POV_L05_ADAPTIVE,3,13,0.0,0.0,0.06627869987547735,0.0,0.0,0.0,0.6366081543612169,1.455972402220029,0.570526585162722,0.01524664683836896,15.24664683836896,2957.462960690371,0.46283526446938705,1.8657721317251903,1.473522951011546,0.04793417395558208,1.3472473119618371,0.14941196981817484,7.0,0.0,27.002163161268623,2.3369860649108887,0.0,1.0,0.0
POV_L025_ADAPTIVE,3,13,0.0,0.0,0.1066667281230958,0.0,0.0,0.0,0.7825558689400547,1.7930960422662332,0.6935597947674397,0.024181929634951693,24.181929634951697,5878.8096182661675,0.23700895451702084,1.5275886058782215,1.923745607957244,0.04794647404924035,1.797516728984192,0.1937223159475252,7.0,0.0,26.73190879298066,1.1129069328308105,0.0,1.0,0.0
GOAL_AWARE_FINAL_PROJECTION,3,13,1.0,0.0,-0.0696586799515119,0.0,0.0,0.0,0.37417277922464554,1.3683463023246143,0.7777322976965519,0.013802666369682193,13.802666369682193,320.4728648308119,0.5753432406218206,1.9232781261950782,0.17006888397736475,0.04351363598834723,0.09031295101158321,0.010248550970572978,1.0,0.0,2.9892552029830024,2.98925518989563,0.0,0.0,0.0
PLAIN_FM,3,14,0.0,0.0,0.10604030453536731,0.0,0.11108930568695063,1.7453086376190186,0.9119593970485486,2.2863296596332114,0.8699926171787646,0.039236010903006324,39.23601090300633,8849.234378179459,0.07840370220655277,1.415726668852447,0.0694617920089513,0.04396272002486512,0.0,0.0,0.0,0.0,0.0,0.0,0.0,0.0,1.0
ORIGINAL_SAFEFLOWMPC,3,14,0.0,0.0,0.23096911216117919,0.0,0.0,0.0,1.0742615182983566,1.5142312036188186,0.47011180821587784,0.011789746875839668,11.789746875839668,146.78915321306718,0.2136697805125073,1.6973724062620095,0.18437490001088008,0.046347093128133565,0.03848357399692759,0.028706957993563265,7.0,0.0,15.492918293562933,0.9998931288719177,0.0,0.0,0.0
POV_L05_ALWAYS,3,14,0.0,0.0,0.07962402990126352,0.0,0.0,0.0,0.6395196527425316,1.4539210750066465,0.5640049725821575,0.013366116513937598,13.366116513937598,2191.11159022729,0.44896641981083224,1.8196464910873,1.0264315290260129,0.04769017902435735,0.9008464300422929,0.10108577308710665,7.0,0.0,29.05759302527929,2.301063060760498,0.0,0.0,0.0
POV_L05_ADAPTIVE,3,14,0.0,0.0,0.07962402990126352,0.0,0.0,0.0,0.6395196527425316,1.4539210750066465,0.5640049725821575,0.013366116513937598,13.366116513937598,2191.11159022729,0.44896641981083224,1.8196464910873,1.0282213659957051,0.04781274904962629,0.902373528922908,0.10104362294077873,7.0,0.0,29.05759302527929,2.301063060760498,0.0,1.0,0.0
POV_L025_ADAPTIVE,3,14,0.0,0.0,0.11017421734480431,0.0,0.0,0.1043093204498291,0.7827609260022961,1.806848311894114,0.7115219820679386,0.022079038918745297,22.079038918745297,4699.176855447273,0.21425739476003947,1.485241858629958,1.1125450470135547,0.04794090299401432,0.9868220540811308,0.1079017739975825,7.0,0.0,26.627688928634292,1.042133092880249,0.0,1.0,0.0
GOAL_AWARE_FINAL_PROJECTION,3,14,1.0,0.0,-0.06946447736859895,0.0,0.0,0.0,0.35466570831352395,1.1866754757375269,0.6704990187297062,0.007689425440159603,7.689425440159603,178.8893214834886,0.6168986674362043,1.9536095950229957,0.17382586194435135,0.04413941397797316,0.09282816702034324,0.010445174993947148,1.0,0.0,3.1777406871016445,3.1777405738830566,0.0,0.0,0.0
PLAIN_FM,3,15,0.0,0.0,0.10215726732500346,0.0,0.0758277938842773,0.8844208717346191,0.9001318672385981,2.3019165439025318,0.8784354121923331,0.04504887196440377,45.048871964403766,11084.87255635271,0.07322230058201705,1.404435212742432,0.07058615097776055,0.044584994902834296,0.0,0.0,0.0,0.0,0.0,0.0,0.0,0.0,1.0
ORIGINAL_SAFEFLOWMPC,3,15,0.0,0.0,0.23118823613039083,0.0,0.0,0.0,1.0736631908197434,1.4936492282989533,0.4659540587104942,0.011480734605930465,11.480734605930465,142.76235632060263,0.22302498406818044,1.6923543551050162,0.18738259898964316,0.0470708689535968,0.039079601992852986,0.029301595001015812,7.0,0.0,15.373234649061338,1.0409873723983765,0.0,0.0,0.0
POV_L05_ALWAYS,3,15,0.0,0.0,0.08357335076596159,0.0,0.0,0.0,0.630395721276913,1.4425559533340533,0.5676655938023478,0.015082061881809494,15.082061881809494,3300.486312623008,0.4662152608947842,1.838174359213116,1.4857085209805518,0.04822428204352036,1.3582927930401638,0.14567106688627973,7.0,0.0,24.776745132357995,2.3457589149475098,0.0,0.0,0.0
POV_L05_ADAPTIVE,3,15,0.0,0.0,0.08357335076596159,0.0,0.0,0.0,0.630395721276913,1.4425559533340533,0.5676655938023478,0.015082061881809494,15.082061881809494,3300.486312623008,0.4662152608947842,1.838174359213116,1.4773421779973432,0.04850840906146914,1.3502230169251561,0.1450846751104109,7.0,0.0,24.776745132357995,2.3457589149475098,0.0,1.0,0.0
POV_L025_ADAPTIVE,3,15,0.0,0.0,0.1098184655403816,0.0,0.0,0.0,0.782916985326961,1.8088742885974178,0.6912349214429243,0.027537653391402905,27.537653391402905,6840.402421901537,0.23267145606350723,1.5087440315739546,1.4100897730095312,0.050320925132837147,1.2793292459682561,0.14193920092657208,7.0,0.0,25.848812712438257,1.130810022354126,0.0,1.0,0.0
GOAL_AWARE_FINAL_PROJECTION,3,15,1.0,0.0,-0.08339345789286999,0.0,0.0,0.0,0.346645054659871,1.1425559183814096,0.6438920578303111,0.0068989293036416655,6.8989293036416655,166.37638362517748,0.6438960531636735,2.001833232148512,0.17533337097847834,0.04522675194311887,0.09313739399658516,0.01066749100573361,1.0,0.0,3.294423644038472,3.294423818588257,0.0,0.0,0.0
PLAIN_FM,3,16,0.0,0.0,0.11883796038773767,0.0,0.1983326242446899,1.7368149757385254,0.9508287732575146,2.2791504214843457,0.8672684136998519,0.043407537894013304,43.4075378940133,10512.601713099066,0.07346486647959916,1.4622626597061625,0.07146256294799969,0.04562286188593134,0.0,0.0,0.0,0.0,0.0,0.0,0.0,0.0,1.0
ORIGINAL_SAFEFLOWMPC,3,16,0.0,0.0,0.23239111810184257,0.0,0.0,0.0,1.0794071490520178,1.4955085701419086,0.46974829322424844,0.011505290359159481,11.505290359159481,142.97550636328538,0.22489392678260772,1.7046294149850596,0.19302108697593212,0.04881513601867482,0.04123451595660299,0.03114892094163224,7.0,0.0,15.854860561289835,0.9530449509620667,0.0,0.0,0.0
POV_L05_ALWAYS,3,16,0.0,0.0,0.08758654805650382,0.0,0.0,0.0,0.6812411509758155,1.369863057369877,0.512248595616283,0.013394820741045699,13.394820741045699,2463.7291734276982,0.4478720920694641,1.75116642483813,1.3358378139673732,0.05019647302106023,1.2053714080248028,0.1346365189529024,7.0,0.0,31.76318566257383,2.233487367630005,0.0,0.0,0.0
POV_L05_ADAPTIVE,3,16,0.0,0.0,0.08758654805650382,0.0,0.0,0.0,0.6812411509758155,1.369863057369877,0.512248595616283,0.013394820741045699,13.394820741045699,2463.7291734276982,0.4478720920694641,1.75116642483813,1.3397658750182018,0.05203702097060159,1.2074546990334056,0.13530032394919544,7.0,0.0,31.76318566257383,2.233487367630005,0.0,1.0,0.0
POV_L025_ADAPTIVE,3,16,0.0,0.0,0.12026001243318993,0.0,0.0,0.0,0.826016751758007,1.7730792035808165,0.6655723840815865,0.023052684778796184,23.052684778796188,5444.843165447554,0.22696699287710878,1.4734863678957355,1.3394312050077133,0.05240822990890592,1.2068306400906295,0.13257501309271902,7.0,0.0,29.883391116763573,1.033393144607544,0.0,1.0,0.0
GOAL_AWARE_FINAL_PROJECTION,3,16,1.0,0.0,-0.08237206571154934,0.0,0.0,0.0,0.3924728840089972,1.1592950697672484,0.5752660535064744,0.006230368518064466,6.230368518064466,228.16313474613992,0.6351904142634685,1.881672071174135,0.17533661000197753,0.0452790108975023,0.09317012497922406,0.010648239986039698,1.0,0.0,3.2009485928264017,3.200948476791382,0.0,0.0,0.0
PLAIN_FM,3,17,0.0,0.0,0.09376863793523463,0.0,0.08770163516998286,0.7152986526489258,0.8907089311977537,2.3504183419609648,0.9044231730475888,0.03898940587398014,38.98940587398015,8917.486050353695,0.1133673173763563,1.4080497158942362,0.0711110340198502,0.04523254104424268,0.0,0.0,0.0,0.0,0.0,0.0,0.0,0.0,1.0
ORIGINAL_SAFEFLOWMPC,3,17,0.0,0.0,0.22994726053810724,0.0,0.0,0.0,1.075326580200842,1.5173867788040785,0.47211416684864504,0.011808330137269785,11.808330137269785,146.4264661709791,0.21334921918957814,1.698351424939736,0.18971311795758083,0.04864117008401081,0.039337185968179256,0.02911717805545777,7.0,0.0,15.412128892263162,1.1583255529403687,0.0,0.0,0.0
POV_L05_ALWAYS,3,17,0.0,0.0,0.08342315078586257,0.0,0.0,0.0,0.634437493585553,1.5099212280959444,0.6120134364499494,0.014509680888467713,14.509680888467713,2636.9746111959635,0.40933409150124744,1.755196604593247,1.4314858180005103,0.05191952706081793,1.2990622989018448,0.14424406102625653,7.0,0.0,26.14202861928247,2.177042245864868,0.0,0.0,0.0
POV_L05_ADAPTIVE,3,17,0.0,0.0,0.08342315078586257,0.0,0.0,0.0,0.634437493585553,1.5099212280959444,0.6120134364499494,0.014509680888467713,14.509680888467713,2636.9746111959635,0.40933409150124744,1.755196604593247,1.4361455190228298,0.051987103070132434,1.3032127149635926,0.144519598048646,7.0,0.0,26.14202861928247,2.177042245864868,0.0,1.0,0.0
POV_L025_ADAPTIVE,3,17,0.0,0.0,0.10292306743517535,0.0,0.0,0.0,0.7817373789275632,1.8693919664100251,0.7275535529346927,0.022251070998941636,22.251070998941636,4834.8387825870805,0.2100446635517898,1.470713437513749,1.429836309980601,0.050054939987603575,1.298977772006765,0.14394492888823152,7.0,0.0,26.50522802880221,1.050252079963684,0.0,1.0,0.0
GOAL_AWARE_FINAL_PROJECTION,3,17,1.0,0.0,-0.08044467203820338,0.0,0.0,0.0,0.3541703963337711,1.276564351768545,0.6934417751129986,0.008697933555941617,8.697933555941617,221.0025858779829,0.5663411032277064,1.7903727930570326,0.17443166498560458,0.044639415107667446,0.09286698704818264,0.01049369596876204,1.0,0.0,2.972746476069099,2.9727466106414795,0.0,0.0,0.0
PLAIN_FM,3,18,0.0,0.0,0.11059615937426334,0.0,0.16378398399353022,0.6184172630310059,0.931305517224047,2.273095175249484,0.8681331662431666,0.051032695980132825,51.03269598013283,14144.425165856368,0.08516472909381893,1.4335769597140502,0.07051767798839137,0.04466016503283754,0.0,0.0,0.0,0.0,0.0,0.0,0.0,0.0,1.0
ORIGINAL_SAFEFLOWMPC,3,18,0.0,0.0,0.23505351118093135,0.0,0.0,0.0,1.0802387113751035,1.499582004803988,0.4678996838551392,0.011585080284943317,11.585080284943317,144.52514860225918,0.22085455289436795,1.7056357515047986,0.1889815489994362,0.04773602803470567,0.0393883979995735,0.029437665012665093,7.0,0.0,15.969848234482553,1.010805368423462,0.0,0.0,0.0
POV_L05_ALWAYS,3,18,0.0,0.0,0.08588567308669434,0.0,0.0,0.0,0.653154183646591,1.3682758692473325,0.5227460503839586,0.01203040447580328,12.03040447580328,2528.583087406755,0.4377275642196899,1.7264773003908225,1.2400721089798026,0.049556554993614554,1.1098793509881943,0.12389326002448797,7.0,0.0,26.220828195836845,2.2046101093292236,0.0,0.0,0.0
POV_L05_ADAPTIVE,3,18,0.0,0.0,0.08588567308669434,0.0,0.0,0.0,0.653154183646591,1.3682758692473325,0.5227460503839586,0.01203040447580328,12.03040447580328,2528.583087406755,0.4377275642196899,1.7264773003908225,1.2591386789572425,0.050049171957653016,1.127431800996419,0.12618325499352068,7.0,0.0,26.220828195836845,2.2046101093292236,0.0,1.0,0.0
POV_L025_ADAPTIVE,3,18,0.0,0.0,0.117001619040623,0.0,0.0,0.0,0.802805637429939,1.7654798514540255,0.6858648339581315,0.02671462214140341,26.71462214140341,6941.835568994215,0.23686335821911952,1.52307399987428,1.359652006009128,0.05032250500516966,1.2268997359788045,0.1364788230857812,7.0,0.0,28.350352044691085,1.1498502492904663,0.0,1.0,0.0
GOAL_AWARE_FINAL_PROJECTION,3,18,1.0,0.0,-0.027785856928522285,0.0,0.0,0.0,0.35623298219941474,1.0490884034247092,0.6635547864715525,0.004210012561671306,4.210012561671306,131.32362246572882,0.7247745168768459,2.0179077961432195,0.1780189800192602,0.04562818194972351,0.09460476198000833,0.010700562037527561,1.0,0.0,3.7110445986927387,3.7110445499420166,0.0,0.0,0.0
PLAIN_FM,3,19,0.0,0.0,0.09286393311005442,0.0,0.15216346244812007,0.73883056640625,0.8838358721850941,2.319786224231514,0.9243478755626304,0.0395353240580163,39.5353240580163,9360.827602241017,0.09292580760565589,1.3860371684482646,0.07265470299171284,0.04588767886161804,0.0,0.0,0.0,0.0,0.0,0.0,0.0,0.0,1.0
ORIGINAL_SAFEFLOWMPC,3,19,0.0,0.0,0.23028001911631016,0.0,0.0,0.0,1.0697996371412921,1.5039863598449916,0.4674274955161033,0.011626010159310418,11.626010159310418,144.4537813461544,0.2181135406606628,1.6865888017515598,0.19240331801120192,0.04831540392478928,0.040105467196553946,0.029972749995067716,7.0,0.0,16.83308874890273,1.091248631477356,0.0,0.0,0.0
POV_L05_ALWAYS,3,19,0.0,0.0,0.08168681079477458,0.0,0.0,0.0,0.6379760990738212,1.4773348417548373,0.61552390273964,0.013757861383071557,13.757861383071557,2440.960896564537,0.4494454630819297,1.8161854773481814,1.3597809270140715,0.05026663496391848,1.227406140009407,0.1361419460736215,7.0,0.0,27.935177355138016,2.320146322250366,0.0,0.0,0.0
POV_L05_ADAPTIVE,3,19,0.0,0.0,0.08168681079477458,0.0,0.0,0.0,0.6379760990738212,1.4773348417548373,0.61552390273964,0.013757861383071557,13.757861383071557,2440.960896564537,0.4494454630819297,1.8161854773481814,1.3668742009904236,0.0502551959361881,1.234618397837039,0.13668228103779256,7.0,0.0,27.935177355138016,2.320146322250366,0.0,1.0,0.0
POV_L025_ADAPTIVE,3,19,0.0,0.0,0.10475169900202569,0.0,0.0,0.0,0.7763261655813687,1.8422065758898687,0.747541303768763,0.02374864588100678,23.74864588100678,5473.0637400873575,0.20064407202757245,1.4430011013105304,1.348123905947432,0.049694746965542436,1.2172899498837069,0.13463602401316166,7.0,0.0,27.39315537947897,0.9978545904159546,0.0,1.0,0.0
GOAL_AWARE_FINAL_PROJECTION,3,19,1.0,0.0,-0.07129187826620353,0.0,0.0,0.0,0.35720556487114047,1.2322996983933945,0.6763868437937022,0.007626783117418157,7.626783117418157,184.03554029609026,0.5697187477894448,1.851987607880562,0.1758225400117226,0.04509822704130784,0.09325167594943196,0.010469686007127166,1.0,0.0,2.9537648116358475,2.9537649154663086,0.0,0.0,0.0
PLAIN_FM,3,20,0.0,0.0,0.11430032434381338,0.0,0.1834046409606933,1.222754716873169,0.9326423973329556,2.24179204623663,0.8638288509974569,0.03777499796453054,37.77499796453054,8624.968306587833,0.07735768065600035,1.4320902603452499,0.07126538699958473,0.04504349397029728,0.0,0.0,0.0,0.0,0.0,0.0,0.0,0.0,1.0
ORIGINAL_SAFEFLOWMPC,3,20,0.0,0.0,0.2343393530548921,0.0,0.0,0.0,1.075717176091374,1.4817452744738715,0.46490162361035586,0.011353486700781623,11.353486700781623,142.07825356127304,0.23063270780852416,1.699853901395773,0.19047969597158954,0.04787195997778326,0.03956647095037624,0.029601979011204094,7.0,0.0,15.737439100299266,0.9482384920120239,0.0,0.0,0.0
POV_L05_ALWAYS,3,20,0.0,0.0,0.0852307165718674,0.0,0.0,0.0,0.6656922099782032,1.4020463121286983,0.5321786744384555,0.012661356136759672,12.661356136759672,2005.1960359640293,0.4502968076986872,1.8214514929786303,1.163282845984213,0.049467851989902556,1.0323860669741407,0.11369951296364889,7.0,0.0,25.480663337737376,2.2927286624908447,0.0,0.0,0.0
POV_L05_ADAPTIVE,3,20,0.0,0.0,0.0852307165718674,0.0,0.0,0.0,0.6656922099782032,1.4020463121286983,0.5321786744384555,0.012661356136759672,12.661356136759672,2005.1960359640293,0.4502968076986872,1.8214514929786303,1.1661340790451504,0.050844371027778834,1.0334662960958667,0.11448126594768837,7.0,0.0,25.480663337737376,2.2927286624908447,0.0,1.0,0.0
POV_L025_ADAPTIVE,3,20,0.0,0.0,0.1183757568730649,0.0,0.0,0.0,0.8043416815886649,1.743601259999142,0.669664597417452,0.020458348181934483,20.458348181934483,4422.275692322141,0.24173379658857208,1.495979782714549,1.2487048620241694,0.05061786202713847,1.1167919900617562,0.12351377290906385,7.0,0.0,24.836049671664423,1.0884395837783813,0.0,1.0,0.0
GOAL_AWARE_FINAL_PROJECTION,3,20,1.0,0.0,-0.07592920931910682,0.0,0.0,0.0,0.3814854045330464,1.1119692825660261,0.5966051444175833,0.00641844172392414,6.41844172392414,185.86774787632265,0.6838584044595353,2.0245789328278767,0.17609039699891582,0.04532948404084891,0.09357662399997935,0.01114432403119281,1.0,0.0,3.4225576510970623,3.4225575923919678,0.0,0.0,0.0
PLAIN_FM,3,21,0.0,0.0,0.11485145816547263,0.0,0.10851319293975825,0.0,0.9364060141836514,2.2681856196899157,0.8513399246933362,0.035488056600455176,35.488056600455174,8488.899356437994,0.08163221965361053,1.4177025580805331,0.07093464798526838,0.04492683301214129,0.0,0.0,0.0,0.0,0.0,0.0,0.0,0.0,1.0
ORIGINAL_SAFEFLOWMPC,3,21,0.0,0.0,0.23576582557900763,0.0,0.0,0.0,1.0810720575880917,1.4921095990423645,0.4667952493067334,0.011470167758628413,11.470167758628413,143.02171458471236,0.22406215068744012,1.7066875842623692,0.19068268104456365,0.048656408907845616,0.03949374915100634,0.02940316399326548,7.0,0.0,15.613369565229124,1.022934079170227,0.0,0.0,0.0
POV_L05_ALWAYS,3,21,0.0,0.0,0.0778328569601294,0.0,0.0,0.0,0.6561125040414579,1.4070850125636785,0.5442655758168222,0.012285577477389786,12.285577477389786,2305.5479764278352,0.4527429313475947,1.7980897990738656,1.250869138049893,0.051149146107491106,1.1185151809477247,0.1227256398415193,7.0,0.0,28.419440528189657,2.3242907524108887,0.0,0.0,0.0
POV_L05_ADAPTIVE,3,21,0.0,0.0,0.13651875249153544,0.0,0.0,0.0,0.924152426761232,2.1029453865612435,0.7561128581391057,0.037308717424523685,37.30871742452369,9308.792958609047,0.12447538872343875,1.4052752871055427,1.1482016519876197,0.05048834002809599,1.0241177649004385,0.11126724898349494,6.0,0.0,24.505046643480778,0.4728811979293823,0.0,0.8571428571428571,0.0
POV_L025_ADAPTIVE,3,21,0.0,0.0,0.11335316176086624,0.0,0.0,0.0,0.8025772308076804,1.7846576153387708,0.6956311506502815,0.02135917862162806,21.35917862162806,4958.006432355687,0.21653184108850548,1.4853178328817387,1.2427299410337582,0.04891015501925722,1.1132479099323973,0.12304813886294141,7.0,0.0,26.184933667917253,1.0868072509765625,0.0,1.0,0.0
GOAL_AWARE_FINAL_PROJECTION,3,21,1.0,0.0,-0.04477830276157499,0.0,0.0,0.0,0.4122379157521398,1.4192504426587413,0.745312655970246,0.01570072312181825,15.70072312181825,355.3774548644028,0.5761248864331676,1.8735667004678345,0.17477806203532964,0.04458906495710835,0.09307401103433222,0.010504785983357579,1.0,0.0,3.123333156384088,3.123333215713501,0.0,0.0,0.0
PLAIN_FM,3,22,0.0,0.0,0.11874411437334567,0.0,0.10696645240783687,0.09581565856933594,0.9548949355137405,2.2918228715182805,0.8793279903735264,0.034796027811093255,34.79602781109326,7618.657400610607,0.07809299354781724,1.4553148921188324,0.07082882500253618,0.04466366599081084,0.0,0.0,0.0,0.0,0.0,0.0,0.0,0.0,1.0
ORIGINAL_SAFEFLOWMPC,3,22,0.0,0.0,0.2318260856655743,0.0,0.0,0.0,1.0760413964097957,1.4953818646738781,0.4675984170212636,0.01153798426809427,11.53798426809427,144.0656683082686,0.22287238584347568,1.6982582401134447,0.18987588898744434,0.04773779696552083,0.0394845400005579,0.02955833711894229,7.0,0.0,14.816927590069973,1.004420518875122,0.0,0.0,0.0
POV_L05_ALWAYS,3,22,0.0,0.0,0.07299781285072782,0.0,0.0,0.0,0.6486353097780845,1.3704912965604643,0.5883599619733775,0.012229481143382515,12.229481143382515,2329.6115401194584,0.4624801261640551,1.8092906455450866,1.2480488179717213,0.04955920507200062,1.1175775819574483,0.12438572203973308,7.0,0.0,26.444372152368047,2.373204469680786,0.0,0.0,0.0
POV_L05_ADAPTIVE,3,22,0.0,0.0,0.07299781285072782,0.0,0.0,0.0,0.6486353097780845,1.3704912965604643,0.5883599619733775,0.012229481143382515,12.229481143382515,2329.6115401194584,0.4624801261640551,1.8092906455450866,1.251135747996159,0.04968604596797377,1.1201099569443613,0.12486348795937374,7.0,0.0,26.444372152368047,2.373204469680786,0.0,1.0,0.0
POV_L025_ADAPTIVE,3,22,0.0,0.0,0.11751885440083282,0.0,0.0,0.0,0.8091563731586838,1.7968704054678344,0.7296536779187689,0.021127450465567854,21.127450465567854,4540.399497673863,0.234935518559956,1.554638577768851,1.2522550459834747,0.049603623105213046,1.121487983968109,0.12502941192360595,7.0,0.0,27.755447643787416,1.1770172119140625,0.0,1.0,0.0
GOAL_AWARE_FINAL_PROJECTION,3,22,1.0,0.0,-0.031730735149299444,0.0,0.0,0.0,0.3911413368593643,1.3385962848314923,0.7536654584645184,0.012461575286545568,12.461575286545568,257.9065855568885,0.6300499676794018,1.9542359286188362,0.17516411101678386,0.044709276990033686,0.09320278401719406,0.010503596975468099,1.0,0.0,3.32511261958175,3.3251125812530518,0.0,0.0,0.0
PLAIN_FM,3,23,0.0,0.0,0.08754901591312897,0.0,0.13413722972869868,0.0,0.8809282544880098,2.316490182783231,0.8835153046807538,0.03735455714763192,37.35455714763192,8950.653623785285,0.07737560080869986,1.3949162998779254,0.07097192801302299,0.044815697125159204,0.0,0.0,0.0,0.0,0.0,0.0,0.0,0.0,1.0
ORIGINAL_SAFEFLOWMPC,3,23,0.0,0.0,0.23326877168381246,0.0,0.0,0.0,1.0778890446752076,1.4999314166856355,0.467162763227708,0.0115660557451287,11.5660557451287,143.80045193131966,0.22080693995141445,1.7017556942256362,0.1898166360333562,0.04771286598406732,0.03962080006022006,0.02964045014232397,7.0,0.0,15.904459747868735,1.1197922229766846,0.0,0.0,0.0
POV_L05_ALWAYS,3,23,0.0,0.0,0.0727009180203132,0.0,0.0,0.0,0.6172170301750468,1.5635327140987445,0.6223559071329143,0.015479453061251647,15.479453061251645,2471.838837379092,0.43656105617814583,1.8885977608349434,1.4314852520474233,0.049521712062414736,1.300849891093094,0.14421177410986274,7.0,0.0,30.06582232257063,2.362823009490967,0.0,0.0,0.0
POV_L05_ADAPTIVE,3,23,0.0,0.0,0.12728350917674258,0.0,0.0,0.0,0.8843248738913586,2.1755943270957507,0.7902128888675425,0.03902938868751349,39.02938868751349,9510.933827702405,0.10890874278352561,1.443637935213629,1.3295484270201996,0.04955054394667968,1.20663599105319,0.13354802218964323,6.0,0.0,26.17281627600434,0.47911176085472107,0.0,0.8571428571428571,0.0
POV_L025_ADAPTIVE,3,23,0.0,0.0,0.10628334360780126,0.0,0.0,0.0,0.7653835670174202,1.8608369273889176,0.7315938821522145,0.022882067563796404,22.882067563796404,5260.149156168925,0.18075927742397793,1.4302018973269233,1.3380107069970109,0.04883065493777394,1.2083074859692715,0.13364425802137703,7.0,0.0,25.7277403974143,0.9546716213226318,0.0,1.0,0.0
GOAL_AWARE_FINAL_PROJECTION,3,23,1.0,0.0,-0.07215051052839394,0.0,0.0,0.0,0.3597913761488484,1.3431687551116567,0.7858087191691484,0.012573553344762622,12.573553344762622,286.34129644355966,0.5412393128030586,1.8321576393775487,0.17575520602986217,0.04512459895340726,0.0931820830446668,0.01057215896435082,1.0,0.0,2.889728246899669,2.889728307723999,0.0,0.0,0.0
PLAIN_FM,3,24,0.0,0.0,0.11706977646990521,0.0,0.09616132240295405,0.7311415672302246,0.9122129885190735,2.2571646037466864,0.8531788927732653,0.039748164705388556,39.748164705388554,9545.500707521758,0.08212815942849334,1.4074096597049972,0.07077712303726003,0.04471287806518376,0.0,0.0,0.0,0.0,0.0,0.0,0.0,0.0,1.0
ORIGINAL_SAFEFLOWMPC,3,24,0.0,0.0,0.23664830270336432,0.0,0.0,0.0,1.0832323953594898,1.4904402754903132,0.4666568097195666,0.011435894676725233,11.435894676725233,142.2031785424771,0.2267563986223375,1.706936516383669,0.18981589598115534,0.04761707299621776,0.03941791696706787,0.029494615911971778,7.0,0.0,16.059583359191613,1.001147747039795,0.0,0.0,0.0
POV_L05_ALWAYS,3,24,0.0,0.0,0.06253391573281133,0.0,0.0,0.0,0.6433977760329636,1.3425949498727052,0.5587639088437542,0.011197762450400717,11.197762450400717,1924.935760862212,0.4912318183359474,1.8844010693146096,1.1495468560024165,0.049302137980703264,1.0194757540011778,0.11107441294007003,7.0,0.0,30.459009005748726,2.424321413040161,0.0,0.0,0.0
POV_L05_ADAPTIVE,3,24,0.0,0.0,0.12854075839953777,0.0,0.0,0.0,0.9175190447397055,2.0720648454143995,0.7465799228781758,0.03563003285854105,35.63003285854105,7878.014371409313,0.14336139216019628,1.4516292276274716,1.0548940040171146,0.050897009030450135,0.929352920036763,0.10175460093887523,6.0,0.0,26.48443273874798,0.4942716360092163,0.0,0.8571428571428571,0.0
POV_L025_ADAPTIVE,3,24,0.0,0.0,0.11293707056707064,0.0,0.0,0.0,0.7819898411568909,1.7330791234709138,0.6777126795820593,0.021383806486806378,21.383806486806378,4831.209087771526,0.2637996861672467,1.5571773069435106,1.064778792031575,0.04995258495910093,0.9346135729574598,0.10773702495498583,7.0,0.0,25.846825404406765,1.2432674169540405,0.0,1.0,0.0
GOAL_AWARE_FINAL_PROJECTION,3,24,1.0,0.0,-0.045710602562501035,0.0,0.0,0.0,0.36458675291950793,1.3995653340257044,0.7605557701329673,0.01601806978049769,16.01806978049769,358.2367584454182,0.6933049652510621,2.26010743928647,0.17515636899042875,0.04476357699604705,0.09342459897743538,0.010738812037743628,1.0,0.0,3.6344511765674645,3.634451150894165,0.0,0.0,0.0
PLAIN_FM,3,25,0.0,0.0,0.12023189719636501,0.0,0.12073631744384761,0.5369138717651367,0.9581014750374627,2.3026090358947178,0.8835442722853541,0.041769187935619234,41.769187935619236,10541.68158415678,0.08932326264056081,1.452452234888461,0.0707334519829601,0.04476884793257341,0.0,0.0,0.0,0.0,0.0,0.0,0.0,0.0,1.0
ORIGINAL_SAFEFLOWMPC,3,25,0.0,0.0,0.23726575888089274,0.0,0.0,0.0,1.0965310450570225,1.460367077363689,0.46487936079346837,0.011050792048378888,11.050792048378888,138.68999212922617,0.24537427166941392,1.7371366696270267,0.19073748000664636,0.04821916908258572,0.039692715101409703,0.029500776901841164,7.0,0.0,18.68553007779305,1.1107776165008545,0.0,0.0,0.0
POV_L05_ALWAYS,3,25,0.0,0.0,0.08176417331496355,0.0,0.0,0.0,0.6797381581833595,1.3754262187866129,0.5119468894317415,0.01149859341101589,11.49859341101589,2672.2136512340458,0.4017352525428458,1.5380481630526213,1.060041816032026,0.049935495015233755,0.9298971100361086,0.1033797180862166,7.0,0.0,22.87147274363012,2.011678457260132,0.0,0.0,0.0
POV_L05_ADAPTIVE,3,25,0.0,0.0,0.084198941629201,0.0,0.0,0.0,0.6709915069401157,1.47592852084725,0.5766370971734059,0.013760251167869164,13.760251167869166,2393.510845719326,0.45061348202795515,1.8460612153947933,1.0672751659876667,0.05205268005374819,0.9346537560923025,0.10485354717820883,7.0,0.0,24.125804310174953,2.302748918533325,0.0,1.0,0.0
POV_L025_ADAPTIVE,3,25,0.0,0.0,0.14234232969236515,0.0,0.0,0.0,0.8475152146192202,1.8392817631593141,0.7817492511609081,0.025222925884282432,25.222925884282432,6237.63193829987,0.22031255487400409,1.5293003349933392,1.336504517996218,0.051206967036705464,1.2046104990295134,0.1273859231150709,7.0,0.0,25.65606213035731,1.0651072263717651,0.0,1.0,0.0
GOAL_AWARE_FINAL_PROJECTION,3,25,1.0,0.0,-0.07273413757485328,0.0,0.0,0.0,0.4017500575506203,1.2026457879973598,0.5954427058344791,0.006827999781867433,6.827999781867433,188.28150036505065,0.6265078264074152,1.7795071195562122,0.17563161201542243,0.0449940450489521,0.09351758100092411,0.01077142299618572,1.0,0.0,3.1752026133016646,3.1752026081085205,0.0,0.0,0.0
PLAIN_FM,3,26,0.0,0.0,0.10372934811748535,0.0,0.18978829841613765,1.316131353378296,0.9008944259456733,2.297940483474094,0.8882025136705322,0.039969510771066474,39.969510771066474,9308.076628811168,0.07484342165119315,1.415932915336743,0.0707832730258815,0.04484405001858249,0.0,0.0,0.0,0.0,0.0,0.0,0.0,0.0,1.0
ORIGINAL_SAFEFLOWMPC,3,26,0.0,0.0,0.23277002378702946,0.0,0.0,0.0,1.0769664848707703,1.5016191469886448,0.47095955762592867,0.011600193447266705,11.600193447266705,144.1983238073874,0.2229962822927104,1.702322979912598,0.18947644595755264,0.047938540985342115,0.039275092945899814,0.02928699104813859,7.0,0.0,15.684384944271612,1.0389970541000366,0.0,0.0,0.0
POV_L05_ALWAYS,3,26,0.0,0.0,0.06534470261431041,0.0,0.0,0.0,0.6303913007610387,1.4224887155836725,0.5861618134307188,0.013637275243029379,13.637275243029379,2526.2097542694482,0.47212919118945,1.8367345086621019,1.3428203720250167,0.05009973794221878,1.2118806070648134,0.13447569496929646,7.0,0.0,25.51951033471828,2.391963005065918,0.0,0.0,0.0
POV_L05_ADAPTIVE,3,26,0.0,0.0,0.06534470261431041,0.0,0.0,0.0,0.6303913007610387,1.4224887155836725,0.5861618134307188,0.013637275243029379,13.637275243029379,2526.2097542694482,0.47212919118945,1.8367345086621019,1.3394858130486682,0.05033492296934128,1.2084107550326735,0.1343230020138435,7.0,0.0,25.51951033471828,2.391963005065918,0.0,1.0,0.0
POV_L025_ADAPTIVE,3,26,0.0,0.0,0.1061245312009029,0.0,0.0,0.0,0.7819898469940345,1.7964759170159226,0.696091438391097,0.02196080249458099,21.96080249458099,4968.5995210274405,0.23348375767162127,1.4558708063092989,1.3372699519968592,0.049907001957762986,1.2069897469482385,0.1339497870649211,7.0,0.0,24.900021642867717,1.0896152257919312,0.0,1.0,0.0
GOAL_AWARE_FINAL_PROJECTION,3,26,1.0,0.0,-0.048532915775263,0.0,0.0,0.0,0.3897162917651898,1.2202699103690609,0.6915390848389937,0.008578662874549892,8.578662874549892,205.91420855486933,0.6641078103240871,1.9937257031124396,0.17538741399766877,0.04481281997868791,0.09342316800029948,0.010502785968128592,1.0,0.0,3.3270148171559106,3.327014923095703,0.0,0.0,0.0
PLAIN_FM,3,27,0.0,0.0,0.10478172361571561,0.0,0.12384827594757075,1.0880064964294434,0.9011231582539747,2.27650834407282,0.8796007427127059,0.03870462334092828,38.70462334092828,9152.079419979398,0.08217548238157357,1.3975215947394082,0.07094006595434621,0.04490494995843619,0.0,0.0,0.0,0.0,0.0,0.0,0.0,0.0,1.0
ORIGINAL_SAFEFLOWMPC,3,27,0.0,0.0,0.23229491047991765,0.0,0.0,0.0,1.0762114924346764,1.503223066439822,0.46769454253586634,0.0116255315461391,11.6255315461391,144.79540906506827,0.21812582431941488,1.7005824204447906,0.1897191419848241,0.04786909103859216,0.0393583060358651,0.029464327031746507,7.0,0.0,15.798209409441876,1.0193556547164917,0.0,0.0,0.0
POV_L05_ALWAYS,3,27,0.0,0.0,0.06671476725946898,0.0,0.0,0.0,0.6328878454755122,1.333917857785228,0.5647043510909244,0.012130833567173482,12.130833567173482,2383.6839481525376,0.47566505465583936,1.8325427237973957,1.1545032630092464,0.04985463299090043,1.0238877279916778,0.11265034502139315,7.0,0.0,28.77511578216327,2.4503986835479736,0.0,0.0,0.0
POV_L05_ADAPTIVE,3,27,0.0,0.0,0.06671476725946898,0.0,0.0,0.0,0.6328878454755122,1.333917857785228,0.5647043510909244,0.012130833567173482,12.130833567173482,2383.6839481525376,0.47566505465583936,1.8325427237973957,1.150077335012611,0.04982488101813942,1.019855230988469,0.1119454040308483,7.0,0.0,28.77511578216327,2.4503986835479736,0.0,1.0,0.0
POV_L025_ADAPTIVE,3,27,0.0,0.0,0.11271942496014911,0.0,0.0,0.013513565063476562,0.766885067412453,1.7472397744075259,0.7068690718254051,0.022702099709765555,22.702099709765555,5321.709882290281,0.2503718667199121,1.541884027254776,1.0583426699740812,0.04969378694659099,0.9284215659718029,0.10367980605224147,7.0,0.0,26.83287766134547,1.285546898841858,0.0,1.0,0.0
GOAL_AWARE_FINAL_PROJECTION,3,27,1.0,0.0,-0.02504093939653526,0.0,0.0,0.0,0.38177578562774744,1.3907538029518667,0.7707724515602723,0.015796337184914577,15.796337184914577,346.8875433827456,0.6283553594651364,2.057923055432192,0.17515641800127923,0.04478399798972532,0.09337559598498046,0.010573707986623049,1.0,0.0,3.4160576795735107,3.416057586669922,0.0,0.0,0.0
PLAIN_FM,3,28,0.0,0.0,0.11561523592016693,0.0,0.17140026550292964,0.40187954902648926,0.9133382257322549,2.2186508572865122,0.8516420020080709,0.04154952693388836,41.54952693388836,10704.854721647194,0.10024609777110777,1.3830327349786142,0.0705680469982326,0.04461194295436144,0.0,0.0,0.0,0.0,0.0,0.0,0.0,0.0,1.0
ORIGINAL_SAFEFLOWMPC,3,28,0.0,0.0,0.23242695213051787,0.0,0.0,0.0,1.076339508522054,1.474099794122576,0.45913493070461336,0.011200691449044342,11.200691449044342,139.19963018258485,0.23229997298208324,1.684476502139042,0.18958233704324812,0.04763355298200622,0.039446907059755176,0.02948083495721221,7.0,0.0,15.298755243304623,0.941562294960022,0.0,0.0,0.0
POV_L05_ALWAYS,3,28,0.0,0.0,0.07503309026277993,0.0,0.0,0.0,0.6615474422731326,1.3738458214842282,0.5536965333657274,0.013571187603555579,13.57118760355558,2769.360100818563,0.4831011475621736,1.8778217094889416,1.3376344260177575,0.04978893889347091,1.2070687309606,0.13395176292397082,7.0,0.0,27.026806939441116,2.3483636379241943,0.0,0.0,0.0
POV_L05_ADAPTIVE,3,28,0.0,0.0,0.07503309026277993,0.0,0.0,0.0,0.6615474422731326,1.3738458214842282,0.5536965333657274,0.013571187603555579,13.57118760355558,2769.360100818563,0.4831011475621736,1.8778217094889416,1.3414271739893593,0.04994717304361984,1.2103072649333626,0.13450775609817356,7.0,0.0,27.026806939441116,2.3483636379241943,0.0,1.0,0.0
POV_L025_ADAPTIVE,3,28,0.0,0.0,0.11237868370017853,0.0,0.0,0.0,0.803760105214394,1.7306090802737835,0.6727825206057948,0.024571099589747902,24.571099589747902,6238.5310406958715,0.2568472737267833,1.5256360439729946,1.4286797470413148,0.04970168595900759,1.2982124041300267,0.14111396996304393,7.0,0.0,25.441315077869834,1.1273001432418823,0.0,1.0,0.0
GOAL_AWARE_FINAL_PROJECTION,3,28,1.0,0.0,-0.07617308437611539,0.0,0.0,0.0,0.38576597427896,1.2215092938343841,0.6674583974049717,0.009171163017745343,9.171163017745343,205.74270281086274,0.6370411250355132,1.9750530961943593,0.17508994502713904,0.04484027891885489,0.09307345800334588,0.010450734989717603,1.0,0.0,3.155778840812083,3.155778646469116,0.0,0.0,0.0
PLAIN_FM,3,29,0.0,0.0,0.10535271244347075,0.0,0.13962979774475093,0.9386134147644043,0.8911663251548215,2.301073321352543,0.9084836482507911,0.04585958702409676,45.859587024096754,11059.255157733118,0.08541285287654646,1.4067948082485617,0.07058036600938067,0.044700345082674176,0.0,0.0,0.0,0.0,0.0,0.0,0.0,0.0,1.0
ORIGINAL_SAFEFLOWMPC,3,29,0.0,0.0,0.23421999455819129,0.0,0.0,0.0,1.0798294535632642,1.497717009988566,0.4710143746241295,0.011535770174034177,11.535770174034177,143.1360589597475,0.2263727066013542,1.7076236110575007,0.1893424909794703,0.04773156496230513,0.03934355603996664,0.02938800392439589,7.0,0.0,17.216013518116945,1.0624971389770508,0.0,0.0,0.0
POV_L05_ALWAYS,3,29,0.0,0.0,0.06548639357654079,0.0,0.0,0.0,0.6641487478420168,1.412478334061415,0.5730100229460777,0.019617976357793943,19.617976357793943,4435.946493412323,0.4478498337089505,1.8144534409874644,1.434949868998956,0.04969788598828018,1.3044072579941712,0.14427650609286502,7.0,0.0,29.375441609513317,2.275806188583374,0.0,0.0,0.0
POV_L05_ADAPTIVE,3,29,0.0,0.0,0.06548639357654079,0.0,0.0,0.0,0.6641487478420168,1.412478334061415,0.5730100229460777,0.019617976357793943,19.617976357793943,4435.946493412323,0.4478498337089505,1.8144534409874644,1.4352363949874416,0.04961316502885893,1.3049857690930367,0.14442339504603297,7.0,0.0,29.375441609513317,2.275806188583374,0.0,1.0,0.0
POV_L025_ADAPTIVE,3,29,0.0,0.0,0.1052799873447105,0.0,0.0,0.0,0.7853049140812303,1.7981524164560885,0.7099605306596587,0.02627658145556122,26.276581455561224,6251.3955097045055,0.24301947834260512,1.5219649828415185,1.436019244021736,0.04980792198330164,1.3051654020673595,0.14309243205934763,7.0,0.0,30.283359033555527,1.1365634202957153,0.0,1.0,0.0
GOAL_AWARE_FINAL_PROJECTION,3,29,1.0,0.0,-0.05740350841142728,0.0,0.0,0.0,0.3777360263016224,1.206743598982501,0.6711298293510247,0.007402287800569951,7.402287800569951,178.14958192836627,0.6352171962984385,2.0196191150404177,0.17694423301145434,0.04492547095287591,0.09465056896442547,0.010640199994668365,1.0,0.0,3.2311421961884843,3.231142282485962,0.0,0.0,0.0
PLAIN_FM,3,30,0.0,0.0,0.10100871036590886,0.0,0.2241676614761352,0.0,0.9007621000340574,2.266487085278264,0.8686925464577582,0.03201015832909393,32.01015832909393,7245.598069926527,0.07127931362913129,1.4167100338797485,0.0719127010088414,0.045439934998285025,0.0,0.0,0.0,0.0,0.0,0.0,0.0,0.0,1.0
ORIGINAL_SAFEFLOWMPC,3,30,0.0,0.0,0.23467393257259025,0.0,0.0,0.0,1.0787351232131295,1.4902434865439038,0.46719381631657786,0.011444185843516586,11.444185843516586,142.53334064999734,0.2268929344877303,1.7035398911701884,0.19024201296269894,0.04785810800967738,0.03961190197151154,0.02948224701685831,7.0,0.0,17.101713986759155,1.080778956413269,0.0,0.0,0.0
POV_L05_ALWAYS,3,30,0.0,0.0,0.06454750269905699,0.0,0.0,0.0,0.6343349016475004,1.4008469185689278,0.5757088680000988,0.012827741471181042,12.827741471181042,2285.6475045649913,0.4490930037192724,1.8480888614398867,1.3390487110009417,0.04954949201783165,1.208511751901824,0.1324160639778711,7.0,0.0,26.173207693775772,2.362597942352295,0.0,0.0,0.0
POV_L05_ADAPTIVE,3,30,0.0,0.0,0.06454750269905699,0.0,0.0,0.0,0.6343349016475004,1.4008469185689278,0.5757088680000988,0.012827741471181042,12.827741471181042,2285.6475045649913,0.4490930037192724,1.8480888614398867,1.3378622290329076,0.04982995998580009,1.2071744828717783,0.13232182298088446,7.0,0.0,26.173207702035494,2.362597942352295,0.0,1.0,0.0
POV_L025_ADAPTIVE,3,30,0.0,0.0,0.11234460712504238,0.0,0.0,0.0,0.7747197356441189,1.7554886994164076,0.7057906175661391,0.019141831580346214,19.141831580346214,4257.62197884314,0.24268136340612456,1.556294328412976,1.3478936000028625,0.04990130092483014,1.2165512570063584,0.1351729141897522,7.0,0.0,27.382228787801548,1.2227479219436646,0.0,1.0,0.0
GOAL_AWARE_FINAL_PROJECTION,3,30,1.0,0.0,-0.05195935806074567,0.0,0.0,0.0,0.35123207780361854,1.3828784601040824,0.8093151303230679,0.015064053513587972,15.064053513587972,345.6083565503754,0.6119731348748334,2.066109353786725,0.17861362698022276,0.04561635002028197,0.09483178303344175,0.010680321021936834,1.0,0.0,3.261195224365768,3.261195182800293,0.0,0.0,0.0
PLAIN_FM,3,31,0.0,0.0,0.10046099962223642,0.0,0.14627094726562495,1.1811208724975586,0.9264428189810407,2.3373369130622166,0.9220072465888741,0.041870357100546096,41.8703571005461,9579.916663900123,0.09378858848186533,1.4228447732016714,0.07236026198370382,0.04561257897876203,0.0,0.0,0.0,0.0,0.0,0.0,0.0,0.0,1.0
ORIGINAL_SAFEFLOWMPC,3,31,0.0,0.0,0.23071091759625686,0.0,0.0,0.0,1.079225366913211,1.5016827488822624,0.47070678240349345,0.011608150433498388,11.608150433498388,144.47662798922067,0.22111720528400286,1.7027018229941044,0.1931052979780361,0.048277967143803835,0.04024458897765726,0.03003419894957915,7.0,0.0,16.34179134251696,1.1389529705047607,0.0,0.0,0.0
POV_L05_ALWAYS,3,31,0.0,0.0,0.07179905179437626,0.0,0.0,0.0,0.6391145982237352,1.4508393579611856,0.6445495712107927,0.013998305419651302,13.998305419651302,2422.7997106482485,0.42147007935248987,1.7731028282797567,1.2661987110041082,0.05047167598968372,1.133524742035661,0.1264501119730994,7.0,0.0,28.704564752713363,2.306217908859253,0.0,0.0,0.0
POV_L05_ADAPTIVE,3,31,0.0,0.0,0.07179905179437626,0.0,0.0,0.0,0.6391145982237352,1.4508393579611856,0.6445495712107927,0.013998305419651302,13.998305419651302,2422.7997106482485,0.42147007935248987,1.7731028282797567,1.2547886400134303,0.050549809995573014,1.123678991862107,0.12492484407266602,7.0,0.0,28.704564752713363,2.306217908859253,0.0,1.0,0.0
POV_L025_ADAPTIVE,3,31,0.0,0.0,0.10810962975585955,0.0,0.0,0.0,0.8085383016945433,1.8840602877913917,0.7540473338152082,0.024132920677751635,24.132920677751635,5137.793998448004,0.17278718916367874,1.4066364665491187,1.2533611910184845,0.05046899494482204,1.1218887239228934,0.12365420092828572,7.0,0.0,24.466985195388492,0.9503549337387085,0.0,1.0,0.0
GOAL_AWARE_FINAL_PROJECTION,3,31,1.0,0.0,-0.043298324221846346,0.0,0.0,0.0,0.412450504853475,1.49184730788538,0.773276669531424,0.016191831337009077,16.191831337009077,344.46284119153955,0.5246411226865397,1.7055601881210847,0.1778084950055927,0.04503164201742038,0.09495301602873951,0.010780953976791352,1.0,0.0,2.919165966608947,2.919166088104248,0.0,0.0,0.0
PLAIN_FM,4,0,1.0,0.0,-0.005844888557082026,0.0,0.23970172967910752,0.0,0.24972484841178322,3.4457609961769826,1.6377409784793,0.02853179191625839,28.531791916258392,4916.5879851465215,0.0894916101308036,0.48674407393253377,0.07117271097376943,0.04505440598586574,0.0,0.0,0.0,0.0,0.0,0.0,0.0,0.0,1.0
ORIGINAL_SAFEFLOWMPC,4,0,0.0,0.0,0.12158891240376143,0.0,0.0,0.0,1.0949462859747183,2.127283534957392,0.5467741646039972,0.024763832344136483,24.763832344136485,340.419811082704,0.5422729061354761,1.6342586254291913,0.1934333149692975,0.048808112973347306,0.040108395100105554,0.02984109497629106,7.0,0.0,16.209608965054056,2.6947643756866455,0.0,0.0,0.0
POV_L05_ALWAYS,4,0,0.0,0.0,0.015600722238452602,0.0,0.0701432045936583,0.0,0.15637965731595,2.9248402938614655,1.6250542229358222,0.027342646642940907,27.342646642940906,1591.1140193115932,0.3987726470663784,1.1244973525315713,1.1382086910307407,0.04908919200534001,1.01028086891165,0.10730319091817364,7.0,0.0,24.46985062831079,1.998399019241333,0.0,0.0,0.0
POV_L05_ADAPTIVE,4,0,0.0,0.0,0.015600722238452602,0.0,0.0701432045936583,0.0,0.15637965731595,2.9248402938614655,1.6250542229358222,0.027342646642940907,27.342646642940906,1591.1140193115932,0.3987726470663784,1.1244973525315713,1.11711466696579,0.048715842072851956,0.9902850120561197,0.1050776491756551,7.0,0.0,24.469850627945664,1.998399019241333,0.0,1.0,0.0
POV_L025_ADAPTIVE,4,0,0.0,0.0,0.006834839359441805,0.0,0.14350549545288072,0.0,0.2001647108159664,3.16647068320542,1.6325457252703592,0.025685085368316908,25.68508536831691,2865.340221281164,0.21500025214843432,0.7435725748879698,1.1200867230072618,0.04837518103886396,0.993218628980685,0.10565037390915677,7.0,0.0,23.65184824996489,1.0428496599197388,0.0,1.0,0.0
GOAL_AWARE_FINAL_PROJECTION,4,0,0.0,0.0,0.018724798790303476,0.0,0.0038327392578123565,0.0,0.22484978785150242,2.855060764100272,1.6953711357925862,0.04411682470287513,44.116824702875135,748.7979794891148,0.593439272379554,1.5653763554584628,0.1728210230357945,0.04417561989976093,0.09202113799983636,0.010244389006402344,1.0,0.0,2.9967620553990852,2.9967620372772217,0.0,0.0,0.0
PLAIN_FM,4,1,1.0,0.0,-0.018424877420045213,0.0,0.21849260892868028,1.074535846710205,0.2787190937092429,3.4424825932277936,1.6197147154154938,0.03939154114677798,39.39154114677798,8629.80761697012,0.09388675550325468,0.533956463720449,0.06911515694810078,0.04374015098437667,0.0,0.0,0.0,0.0,0.0,0.0,0.0,0.0,1.0
ORIGINAL_SAFEFLOWMPC,4,1,0.0,0.0,0.12425210570943582,0.0,0.0,0.0,1.0973010407744468,2.154975494117705,0.5585346418362747,0.025389754970056563,25.38975497005657,349.2397156807117,0.5340199486835676,1.6279758057013263,0.18447879899758846,0.04650414199568331,0.03825748304370791,0.028560722013935447,7.0,0.0,17.760794125848648,2.606916904449463,0.0,0.0,0.0
POV_L05_ALWAYS,4,1,0.0,0.0,0.006340684535182883,0.0,0.04453913536071763,0.0,0.20863989499423347,2.7596726035477697,1.5693146463886836,0.028172220504183998,28.172220504183997,3745.415788662782,0.5067488535207861,1.3098159338442739,1.572499283007346,0.04812750592827797,1.4457562519819476,0.15481600892962888,7.0,0.0,28.081723007757255,2.3722164630889893,0.0,0.0,0.0
POV_L05_ADAPTIVE,4,1,0.0,0.0,0.008309891108335202,0.0,0.04094825353622422,0.0,0.21235008170399367,2.7193470252276413,1.5596234112083915,0.02691865142496558,26.918651424965578,3649.9645964813303,0.526670000660295,1.3563286276768316,1.6683065890101716,0.0487002600566484,1.5400658589205705,0.16523794399108738,7.0,0.0,31.81623914940164,2.4779231548309326,0.0,1.0,0.0
POV_L025_ADAPTIVE,4,1,1.0,0.0,-0.0027773270676670347,0.0,0.11674748029708848,0.3271293640136719,0.2473129711955792,3.0541946331926044,1.6000686397111104,0.0315651763242476,31.5651763242476,5879.944295091738,0.2860691258082582,0.8828061135506822,1.6596915799891576,0.04841422307072207,1.5325325480662286,0.1659085400751792,7.0,0.0,29.40465929574339,1.2446337938308716,0.0,1.0,0.0
GOAL_AWARE_FINAL_PROJECTION,4,1,0.0,0.0,0.027856698829996362,0.0,0.0,0.0,0.20973083602910836,2.709226469165799,1.6586878173943944,0.03613028277229455,36.13028277229455,608.1895892139997,0.6771816849879491,1.7432398227765429,0.170830310031306,0.04364863608498126,0.09072739398106933,0.010263428965117782,1.0,0.0,3.2591583962464186,3.2591583728790283,0.0,0.0,0.0
PLAIN_FM,4,2,1.0,0.0,-0.0052603122103150185,0.0,0.15950829949378953,0.3120732307434082,0.2228166864862344,3.4569295577883743,1.6167055093867881,0.029769529173934717,29.769529173934718,3656.3022060597013,0.09099553978871347,0.4491363701424563,0.06911434704670683,0.04372068896191195,0.0,0.0,0.0,0.0,0.0,0.0,0.0,0.0,1.0
ORIGINAL_SAFEFLOWMPC,4,2,0.0,0.0,0.1207392610310487,0.0,0.0,0.0,1.0924889625070857,2.1513403689652955,0.5505374666359324,0.02535755700047876,25.357557000478764,349.9032074242847,0.533001970449051,1.6169303943470799,0.18880128202727064,0.04715943895280361,0.03939617401920259,0.02928850002354011,7.0,0.0,15.851451182003217,2.7385802268981934,0.0,0.0,0.0
POV_L05_ALWAYS,4,2,0.0,0.0,0.005977885086517032,0.0,0.03540412750244126,0.11702299118041992,0.15638204084033905,2.948384618108323,1.6332950544865361,0.030260275207494775,30.26027520749477,1727.7563038447945,0.3862470122422158,1.100434983854848,1.2095838279929012,0.048107931041158736,1.0828652860363945,0.1156409889808856,7.0,0.0,25.56996597730145,1.9509117603302002,0.0,0.0,0.0
POV_L05_ADAPTIVE,4,2,0.0,0.0,0.005977885086517032,0.0,0.03540412750244126,0.11702299118041992,0.15638204084033905,2.948384618108323,1.6332950544865361,0.030260275207494775,30.26027520749477,1727.7563038447945,0.3862470122422158,1.100434983854848,1.2069240069831721,0.04802092304453254,1.0804909038706683,0.11598134692758322,7.0,0.0,25.569965977258796,1.9509117603302002,0.0,1.0,0.0
POV_L025_ADAPTIVE,4,2,0.0,0.0,0.002367039469623536,0.0,0.08746401634216294,0.2691459655761719,0.18727860435541407,3.169661474868917,1.6202981522214004,0.026758021044347408,26.75802104434741,2207.4502113209546,0.2116907651880383,0.7396848900629861,1.118675286998041,0.047952719032764435,0.9924043079372495,0.10916538699530065,7.0,0.0,26.892899141659896,1.0377185344696045,0.0,1.0,0.0
GOAL_AWARE_FINAL_PROJECTION,4,2,0.0,0.0,0.006839555468594841,0.0,0.001597267055511331,0.0,0.21689962998702234,2.8922194355388813,1.7269713287548527,0.0467322765164825,46.7322765164825,792.2730985650178,0.5849391753334041,1.5431430965810329,0.17099624295951799,0.04374316707253456,0.09085458796471357,0.010286580014508218,1.0,0.0,2.95892349463266,2.958923578262329,0.0,0.0,0.0
PLAIN_FM,4,3,1.0,0.0,-0.0028637871023844824,0.0,0.1975323375701903,0.5185914039611816,0.24739857238283544,3.496557900060944,1.607074175484205,0.0343680638713004,34.36806387130039,6936.664238854556,0.07287046922975032,0.509936273497224,0.06937484303489327,0.04381235199980438,0.0,0.0,0.0,0.0,0.0,0.0,0.0,0.0,1.0
ORIGINAL_SAFEFLOWMPC,4,3,0.0,0.0,0.12322807129791966,0.0,0.0,0.0,1.0960541312404435,2.1404015904324742,0.5487034551914574,0.02519395315786957,25.193953157869572,348.75705574822643,0.5379329897998258,1.6334371834021362,0.184893069032114,0.04649267304921523,0.038442499935626984,0.028743335977196693,7.0,0.0,15.513215280598912,2.6856961250305176,0.0,0.0,0.0
POV_L05_ALWAYS,4,3,0.0,0.0,0.00752243095975616,0.0,0.02728120651245103,0.0,0.16824437633180578,2.919919077863232,1.6128816536136767,0.02653974964416897,26.539749644168968,1975.2645657802877,0.4205866333738185,1.1576645774437047,1.303484981006477,0.048085292044561356,1.176779632049147,0.1280671830754727,7.0,0.0,25.370275187962367,2.0583534240722656,0.0,0.0,0.0
POV_L05_ADAPTIVE,4,3,0.0,0.0,0.00797146786070567,0.0,0.025115173721313333,0.0,0.16892493330532418,2.9301218485067952,1.6127829366138622,0.02620310661842512,26.203106618425124,1828.8077825702856,0.4158937364312526,1.1424935259851503,1.296311791986227,0.04812842403771356,1.1699960440164432,0.12557783897500485,7.0,0.0,22.359243989257568,2.0376524925231934,0.0,1.0,0.0
POV_L025_ADAPTIVE,4,3,0.0,0.0,0.0034868609849346283,0.0,0.09114639129638658,0.0,0.2126772399080378,3.1809563859522814,1.608832897511122,0.02715940577115561,27.159405771155612,3714.0501292692193,0.22604168470739056,0.7790156836457066,1.5687039470067248,0.04831330006709322,1.441806033020839,0.15428021410480142,7.0,0.0,28.85301408665652,1.053338885307312,0.0,1.0,0.0
GOAL_AWARE_FINAL_PROJECTION,4,3,0.0,0.0,0.02595103943555943,0.0,0.0,0.0,0.2123629194234901,2.6743494489363306,1.6567996843630093,0.034393219101014186,34.39321910101418,568.7746978499566,0.6688516976491521,1.7148436012374002,0.17092560103628784,0.043702170078177005,0.09075102396309376,0.010269109974615276,1.0,0.0,3.3111635342697996,3.3111636638641357,0.0,0.0,0.0
PLAIN_FM,4,4,1.0,0.0,-0.02050593685982132,0.0,0.14109895792007432,0.6216716766357422,0.2713204905122053,3.4120036525414212,1.6148177801150436,0.03620950757918269,36.209507579182684,6175.889299285321,0.09639480542633222,0.505238761178439,0.07151698000961915,0.045125896052923054,0.0,0.0,0.0,0.0,0.0,0.0,0.0,0.0,1.0
ORIGINAL_SAFEFLOWMPC,4,4,0.0,0.0,0.12239391801265562,0.0,0.0,0.0,1.0949056624350266,2.1422452774738425,0.5550285971938961,0.025081087604077956,25.081087604077954,344.6618731325124,0.5369416006495102,1.6288183506693747,0.1874613250256516,0.04713610699400306,0.03904596803477034,0.029199478041846305,7.0,0.0,15.588337887230786,2.5033791065216064,0.0,0.0,0.0
POV_L05_ALWAYS,4,4,0.0,0.0,0.00885068561983142,0.0,0.025577705764770364,0.0,0.18855235154028013,2.786471797233889,1.5802168309286222,0.02694309473030839,26.943094730308395,2121.4568648659356,0.48464663775426436,1.2783678609505011,1.2084484189981595,0.04794093791861087,1.082439657940995,0.11840166803449392,7.0,0.0,27.814699063313903,2.2147974967956543,0.0,0.0,0.0
POV_L05_ADAPTIVE,4,4,0.0,0.0,0.00885068561983142,0.0,0.025577705764770364,0.0,0.18855235154028013,2.786471797233889,1.5802168309286222,0.02694309473030839,26.943094730308395,2121.4568648659356,0.48464663775426436,1.2783678609505011,1.2357992370380089,0.04972654493758455,1.106393436959479,0.12244075897615403,7.0,0.0,27.81469906329616,2.2147974967956543,0.0,1.0,0.0
POV_L025_ADAPTIVE,4,4,0.0,0.0,0.0006930079479110784,0.0,0.08068070974349961,0.0,0.23356371199701995,3.038680593108182,1.5908180763822972,0.02807911242581053,28.079112425810525,3548.0856846172314,0.29277278491772313,0.8722359328973278,1.2371506510535255,0.05263916292460635,1.1042184489779174,0.12185046199010685,7.0,0.0,28.897940240842775,1.2072575092315674,0.0,1.0,0.0
GOAL_AWARE_FINAL_PROJECTION,4,4,0.0,0.0,0.02209189815346578,0.0,0.0,0.0,0.20246118123438234,2.679537354351488,1.6539520407771569,0.03771077262947303,37.710772629473034,665.3712678786061,0.69292485776757,1.8034036103122735,0.17621668899664655,0.045441982918418944,0.09366281097754836,0.010758791991975158,1.0,0.0,3.331314522272683,3.3313145637512207,0.0,0.0,0.0
PLAIN_FM,4,5,1.0,0.0,-0.006958070097130051,0.0,0.20631836023330674,0.20595908164978027,0.2329517085289863,3.509277021784588,1.6023004641666192,0.04265026997109783,42.65026997109783,8828.829801676777,0.09355103541403899,0.49784540008673256,0.07141382701229304,0.045586827036459,0.0,0.0,0.0,0.0,0.0,0.0,0.0,0.0,1.0
ORIGINAL_SAFEFLOWMPC,4,5,0.0,0.0,0.12188106903067081,0.0,0.0,0.0,1.0945961514728064,2.1635435865782706,0.5502760595739303,0.025747101385404245,25.747101385404246,357.0909888479315,0.5302249783530182,1.6133748339925003,0.19103324797470123,0.04912630992475897,0.0393388940137811,0.029241238022223115,7.0,0.0,17.11025563252648,2.7957558631896973,0.0,0.0,0.0
POV_L05_ALWAYS,4,5,0.0,0.0,0.014982044482848025,0.0,0.03243700828552232,0.0,0.1632782789649009,2.8682261895634813,1.5748925917306806,0.027330122508364918,27.33012250836492,2360.5981326406504,0.4405872709687592,1.2118291283945601,1.5171632249839604,0.05163952393922955,1.3850278549361974,0.14875089580891654,7.0,0.0,23.499493369259902,2.2757036685943604,0.0,0.0,0.0
POV_L05_ADAPTIVE,4,5,0.0,0.0,0.007219634544307352,0.0,0.05370483961105332,0.0,0.1533537194266577,2.984852489102022,1.6265963092847162,0.031654598695194935,31.654598695194935,2574.6452819492893,0.3724801186098847,1.0882883983161367,1.514788210974075,0.051349788904190063,1.3829454570659436,0.14699933107476681,7.0,0.0,24.548012025579084,1.9286731481552124,0.0,1.0,0.0
POV_L025_ADAPTIVE,4,5,0.0,0.0,0.004068382584139066,0.0,0.11334971752166734,0.0,0.1959435946830095,3.1875560801753346,1.600677220980491,0.03161337941165915,31.613379411659153,4667.426422086296,0.2132676692084845,0.7665834741490184,1.5231809390243143,0.051710617961362004,1.3910849899984896,0.1514500479097478,7.0,0.0,23.889717082922438,1.0810059309005737,0.0,1.0,0.0
GOAL_AWARE_FINAL_PROJECTION,4,5,0.0,0.0,0.03323089572116697,0.0,0.0,0.0,0.20255340713968045,2.6606528125819926,1.6457962265758783,0.033690258817255944,33.690258817255945,596.7473518270872,0.6723401202906509,1.7177580821992862,0.17617079702904448,0.04512018506648019,0.09403068904066458,0.011154683015774935,1.0,0.0,3.4429623896316137,3.442962408065796,0.0,0.0,0.0
PLAIN_FM,4,6,1.0,0.0,-0.0012662675417094843,0.0,0.16229407157897935,2.290470600128174,0.21711988102292024,3.5033985456359376,1.6434782903575036,0.0362070517719278,36.2070517719278,7286.543891116176,0.08044570865358583,0.4744546672852493,0.07097163400612772,0.045052514993585646,0.0,0.0,0.0,0.0,0.0,0.0,0.0,0.0,1.0
ORIGINAL_SAFEFLOWMPC,4,6,0.0,0.0,0.12479922274143632,0.0,0.0,0.0,1.095033971744301,2.133825887925782,0.5481512638844166,0.02491029756198318,24.91029756198318,342.3212714300836,0.5416655108771352,1.6377023452029866,0.19109164900146425,0.048377991071902215,0.040417529933620244,0.03028989495942369,7.0,0.0,16.427127362740663,2.7965595722198486,0.0,0.0,0.0
POV_L05_ALWAYS,4,6,0.0,0.0,0.02786569064446047,0.0,0.0,0.0,0.1882020959209022,2.603452770460647,1.5744025896874314,0.022081770558071534,22.081770558071533,2768.478582914563,0.5538984947344385,1.4628791130612497,1.4319027189631015,0.05076448398176581,1.3006464829086326,0.14094844384817407,7.0,0.0,26.312905834895396,2.756187915802002,0.0,0.0,0.0
POV_L05_ADAPTIVE,4,6,0.0,0.0,0.01909912360895899,0.0,0.02800301876068101,0.6673645973205566,0.16103690693328687,2.9114049851281183,1.6089944028696783,0.030671248643705684,30.671248643705685,2861.1205714859866,0.44049601565979213,1.1654187600220889,1.436505296966061,0.050178488017991185,1.3053145020385273,0.14035394706297666,7.0,0.0,25.627318654483993,2.15614914894104,0.0,1.0,0.0
POV_L025_ADAPTIVE,4,6,0.0,0.0,0.013772972519965287,0.0,0.07598326768875108,1.5109014511108398,0.1842751660539242,3.190942235116231,1.6211493467209852,0.030962310839658502,30.9623108396585,4473.023747851862,0.23182308229077797,0.7539389452625268,1.427128040988464,0.04990476998500526,1.2962746119592339,0.13908741186605766,7.0,0.0,24.399109193453704,1.0733133554458618,0.0,1.0,0.0
GOAL_AWARE_FINAL_PROJECTION,4,6,0.0,0.0,0.03264019743939971,0.0,0.0002993759155272002,0.0,0.046994325957542625,2.8533416803559355,1.7182966269406115,0.04977958705725935,49.779587057259356,875.9073108634828,0.5720781051838442,1.4903369411014655,0.2654270710190758,0.04470141505589709,0.18357012001797557,0.018231449008453637,1.0,0.0,2.87852925691013,2.8785293102264404,0.0,0.0,0.0
PLAIN_FM,4,7,1.0,0.0,-0.013359383723830956,0.0,0.1756536331415175,0.5966496467590332,0.2536525358919743,3.5127044904321023,1.6029505468902652,0.035902318009454384,35.90231800945438,6418.824896274075,0.07288603945834396,0.4827561552140545,0.07071195798926055,0.04468512209132314,0.0,0.0,0.0,0.0,0.0,0.0,0.0,0.0,1.0
ORIGINAL_SAFEFLOWMPC,4,7,0.0,0.0,0.1228215581141213,0.0,0.0,0.0,1.096499105963845,2.157294578105768,0.5516149844928231,0.025443242321803672,25.443242321803673,350.2553500994598,0.5336095182567595,1.6191084291217257,0.18922903900966048,0.047690601961221546,0.03937308397144079,0.02939905010862276,7.0,0.0,16.607588914792284,2.6767332553863525,0.0,0.0,0.0
POV_L05_ALWAYS,4,7,0.0,0.0,0.0019390400810267716,0.0,0.0,0.0,0.18456750095028154,2.9162932468657337,1.6085198784114423,0.0304288409026586,30.428840902658603,2500.4099913729165,0.4312532824860411,1.1522584022596136,1.6132227960042655,0.049738115980289876,1.482810017943848,0.15884637593990192,7.0,0.0,26.39588810329672,2.118070125579834,0.0,0.0,0.0
POV_L05_ADAPTIVE,4,7,0.0,0.0,0.0019390400810267716,0.0,0.0,0.0,0.18456750095028154,2.9162932468657337,1.6085198784114423,0.0304288409026586,30.428840902658603,2500.4099913729165,0.4312532824860411,1.1522584022596136,1.6220022630295716,0.05310057505266741,1.4850697190267965,0.16195155307650566,7.0,0.0,26.395888103246367,2.118070125579834,0.0,1.0,0.0
POV_L025_ADAPTIVE,4,7,0.0,0.0,0.003447189071813364,0.0,0.009497415685653543,0.0,0.219593209021258,3.149032438286225,1.5997924815625684,0.028801609880634016,28.801609880634018,3800.724207254885,0.2401121054743186,0.776608070338213,1.6139602899784222,0.05132866802159697,1.4797926950850524,0.15812559594633058,7.0,0.0,25.81487653739575,1.1362643241882324,0.0,1.0,0.0
GOAL_AWARE_FINAL_PROJECTION,4,7,1.0,0.0,-0.01069792578205736,0.0,0.0038848933219908233,0.0,0.2126358762395847,2.9130419697080447,1.7570831925890722,0.04897891242674275,48.97891242674275,854.2093795212176,0.584900743488304,1.5706824872706353,0.17583917698357254,0.04542031104210764,0.09340737201273441,0.010748142027296126,1.0,0.0,2.9404716842908436,2.940471649169922,0.0,0.0,0.0
PLAIN_FM,4,8,1.0,0.0,-0.01977000371346542,0.0,0.18201575841903672,0.7207465171813965,0.22479977693170117,3.5533133105436923,1.670879079572982,0.0390319700378613,39.0319700378613,7586.8748075207395,0.15210035222265905,0.4083809684674512,0.07112694799434394,0.04528329201275483,0.0,0.0,0.0,0.0,0.0,0.0,0.0,0.0,1.0
ORIGINAL_SAFEFLOWMPC,4,8,0.0,0.0,0.12261093375842147,0.0,0.0,0.0,1.0957192912211027,2.1393737055119013,0.5523980480247724,0.024992442063301396,24.992442063301397,342.96892355529656,0.5383061369607438,1.6300304816588944,0.18979225400835276,0.04882053303299472,0.03916965890675783,0.02918571699410677,7.0,0.0,18.622706853584123,3.0420756340026855,0.0,0.0,0.0
POV_L05_ALWAYS,4,8,0.0,0.0,0.014334458055227983,0.0,0.03689901199340806,0.0,0.1607151720159064,2.9256520174621348,1.6180044474200919,0.028474570288183898,28.474570288183898,2175.3803469534923,0.40679468545064307,1.1241066065355894,1.4312655800022185,0.051241662935353816,1.2991229609469883,0.14044835820095614,7.0,0.0,27.500848408062,2.283942937850952,0.0,0.0,0.0
POV_L05_ADAPTIVE,4,8,0.0,0.0,0.016132537155718704,0.0,0.02926574316024766,0.0,0.16073515856527298,2.9055088590530183,1.6056455275990047,0.027353211906379266,27.35321190637927,2006.3746715795294,0.4158504217371259,1.1425168298458486,1.435020987992175,0.050366554874926805,1.3034833330311812,0.14183200587285683,7.0,0.0,28.64126495240825,2.335576295852661,0.0,1.0,0.0
POV_L025_ADAPTIVE,4,8,0.0,0.0,0.006655325365910916,0.0,0.09534002509117112,0.00895380973815918,0.21044864389506449,3.139206034854544,1.6310482452010635,0.027925130692989186,27.925130692989185,4027.341050769095,0.21672414586206212,0.7430354622746438,1.5129649320151657,0.04888591496273875,1.3852275479584932,0.15209062705980614,7.0,0.0,30.505072786527677,1.267979383468628,0.0,1.0,0.0
GOAL_AWARE_FINAL_PROJECTION,4,8,0.0,0.0,0.04367389912250437,0.0,0.0,0.0,0.221870496069303,2.7172238543969405,1.6549912250127068,0.03278894297968622,32.78894297968622,563.2834839022966,0.6033238563584458,1.5620715228830842,0.17072058201301843,0.043498011014889926,0.09120826399885118,0.010553466971032321,1.0,0.0,3.2818636169874704,3.2818636894226074,0.0,0.0,0.0
PLAIN_FM,4,9,0.0,0.0,0.011978233675302444,0.0,0.1776295271158217,0.14985918998718262,0.19049627058993823,3.5567153758534653,1.6199362086160325,0.028181763094097048,28.18176309409705,3859.0828974189217,0.12553459829816685,0.42056415757113064,0.06862173200352117,0.04343259002780542,0.0,0.0,0.0,0.0,0.0,0.0,0.0,0.0,1.0
ORIGINAL_SAFEFLOWMPC,4,9,0.0,0.0,0.1207621989555932,0.0,0.0,0.0,1.0930676056068143,2.178557852091474,0.5490743529157585,0.02607568141095043,26.075681410950427,361.6308616339645,0.5255759447435546,1.5987318193176263,0.18423761700978503,0.04624847392551601,0.03846127900760621,0.028660902054980397,7.0,0.0,15.452566654064084,2.9255177974700928,0.0,0.0,0.0
POV_L05_ALWAYS,4,9,0.0,0.0,0.027501745092768315,0.0,0.05419061746597276,0.0,0.13216361694006984,3.013558241843496,1.6078408554827874,0.028056360058103566,28.056360058103564,1055.0303399979766,0.3701695802350865,1.0228183219406137,1.3866053620004095,0.04786222503753379,1.2607644480303861,0.13788630900671706,7.0,0.0,28.362913821373624,1.9647223949432373,0.0,0.0,0.0
POV_L05_ADAPTIVE,4,9,0.0,0.0,0.026550816163426305,0.0,0.05418555107116685,0.0,0.12924581142051983,3.026828665900617,1.6206855196658616,0.028980227351617385,28.980227351617387,1123.7467582475929,0.36222888773699713,1.0164166417754594,1.3849479770287871,0.04805216094246134,1.259088150865864,0.13794677483383566,7.0,0.0,25.725049567757996,1.9318161010742188,0.0,1.0,0.0
POV_L025_ADAPTIVE,4,9,0.0,0.0,0.024060041931255827,0.0,0.10178880062103257,0.0,0.1615947551235878,3.225377400028611,1.6011526524357242,0.02465676973563584,24.65676973563584,1963.0057657806647,0.21565089850627953,0.6854071621554323,1.2994813219993375,0.04827806795947254,1.172817918122746,0.12694495398318395,7.0,0.0,27.942637009520077,1.097318172454834,0.0,1.0,0.0
GOAL_AWARE_FINAL_PROJECTION,4,9,0.0,0.0,0.03289388069357718,0.0,0.003200035953521585,0.0,0.22339921908853236,2.8923228397621843,1.6902201224438418,0.04461700044792086,44.61700044792086,740.5207317153148,0.5620800099607622,1.4799846591535133,0.16993386100511998,0.04355649300850928,0.09043270401889458,0.010268920043017715,1.0,0.0,2.9674673210183786,2.9674673080444336,0.0,0.0,0.0
PLAIN_FM,4,10,1.0,0.0,-0.0007048311141902158,0.0,0.16871736612319932,1.67649507522583,0.20886485401913424,3.540582306571953,1.631516928548048,0.02982996555273254,29.829965552732542,4228.140639621164,0.12226419361553452,0.48896273939253143,0.06869030400412157,0.04345376190030947,0.0,0.0,0.0,0.0,0.0,0.0,0.0,0.0,1.0
ORIGINAL_SAFEFLOWMPC,4,10,0.0,0.0,0.12558222855706694,0.0,0.0,0.0,1.0948689184352656,2.1657192652220467,0.5563187537705734,0.025658048576273615,25.658048576273615,353.2996775006417,0.5316966184414263,1.6222527634816777,0.18402449099812657,0.0463413578690961,0.038291703967843205,0.028653412067797035,7.0,0.0,15.816171386576041,2.951099157333374,0.0,0.0,0.0
POV_L05_ALWAYS,4,10,0.0,0.0,0.020893695311926475,0.0,0.03976599540710435,0.0,0.15526051504374078,2.8860290841719083,1.6099610724016005,0.026798858232897294,26.798858232897295,1954.5664208282742,0.422500638256752,1.1937374999147605,1.2973550439928658,0.048118383914697915,1.1711956830113195,0.12720129895024002,7.0,0.0,34.83934421446215,2.3270816802978516,0.0,0.0,0.0
POV_L05_ADAPTIVE,4,10,0.0,0.0,0.02147403385820451,0.0,0.02954439487457261,0.0,0.14762429942403218,2.947824353778623,1.611705723757397,0.027925145955064484,27.925145955064483,1855.727046971234,0.3973829230368141,1.1192454318641778,1.2040499140275642,0.04806923301657662,1.0778898629941978,0.11482874397188425,7.0,0.0,27.368926738412725,2.1781868934631348,0.0,1.0,0.0
POV_L025_ADAPTIVE,4,10,0.0,0.0,0.01265815370666297,0.0,0.09682880010604844,0.6392788887023926,0.17600736479077755,3.2310853104315127,1.6271292654386453,0.026655621803500645,26.655621803500647,2690.8496372685786,0.19535561931171597,0.7196428928923408,1.114558934001252,0.04791773698525503,0.9887612019083463,0.10679359204368666,7.0,0.0,28.461507250844207,1.100093126296997,0.0,1.0,0.0
GOAL_AWARE_FINAL_PROJECTION,4,10,0.0,0.0,0.033393985429115036,0.0,0.004496138954162454,0.0,0.21291986828019932,2.916002452504471,1.7077610296620482,0.04676574033263853,46.76574033263853,769.9723560043507,0.5652453779039213,1.503500414345354,0.17023920902283862,0.043449249933473766,0.09072123101213947,0.01025544898584485,1.0,0.0,3.0039018754039692,3.003901958465576,0.0,0.0,0.0
PLAIN_FM,4,11,1.0,0.0,-0.008502405898571805,0.0,0.2853648480415343,0.0,0.21488124665418784,3.487864136245995,1.6324932555318126,0.036372121093139476,36.37212109313948,7956.715440154766,0.09990920187725814,0.5111815729049254,0.06875470496015623,0.04354035103460774,0.0,0.0,0.0,0.0,0.0,0.0,0.0,0.0,1.0
ORIGINAL_SAFEFLOWMPC,4,11,0.0,0.0,0.12599242221751042,0.0,0.0,0.0,1.0988466444271199,2.1213179639836124,0.5489375042151216,0.024574719510473964,24.57471951047396,336.4344846435219,0.5472304613090988,1.6501817040469648,0.18379479396389797,0.04628012696048245,0.0381616719532758,0.028466226998716593,7.0,0.0,17.221094488702825,2.8801653385162354,0.0,0.0,0.0
POV_L05_ALWAYS,4,11,0.0,0.0,0.01380589424936561,0.0,0.1043875631332396,0.0,0.16618420284950328,2.878239057359052,1.5994087522619063,0.029956963989387186,29.956963989387187,2896.3475699037954,0.4300557828769286,1.1952699545086152,1.2182547749835066,0.048340316920075566,1.0914591450127773,0.12156680197222158,7.0,0.0,27.77929794851176,2.1423187255859375,0.0,0.0,0.0
POV_L05_ADAPTIVE,4,11,0.0,0.0,0.01380589424936561,0.0,0.1043875631332396,0.0,0.16618420284950328,2.878239057359052,1.5994087522619063,0.029956963989387186,29.956963989387187,2896.3475699037954,0.4300557828769286,1.1952699545086152,1.2182101719663478,0.048495054012164474,1.0913326528971083,0.12123599409824237,7.0,0.0,27.7792979485497,2.1423187255859375,0.0,1.0,0.0
POV_L025_ADAPTIVE,4,11,0.0,0.0,0.01017955772565543,0.0,0.18861846294403062,0.0,0.19454727347164794,3.1089654306952146,1.6061335961165657,0.029241641136163288,29.241641136163288,4740.318799082238,0.2518044542813057,0.8282481006076363,1.1314665949903429,0.04861421586247161,1.0041783329797909,0.11170500190928578,7.0,0.0,27.888552490729452,1.2191157341003418,0.0,1.0,0.0
GOAL_AWARE_FINAL_PROJECTION,4,11,0.0,0.0,0.030032522636797135,0.0,0.0,0.0,0.20132732821040647,2.7616304329587917,1.6725016174838387,0.04015692909407913,40.156929094079125,684.8180943831314,0.6260858759029151,1.6442491191088286,0.17021467699669302,0.043497641978319734,0.09073997096857056,0.01029181998455897,1.0,0.0,3.1254556672632847,3.125455617904663,0.0,0.0,0.0
PLAIN_FM,4,12,1.0,0.0,-0.005423443005116921,0.0,0.14922120835781083,1.4456820487976074,0.19342052782014943,3.5238948445478644,1.6692448242880862,0.03617456997621872,36.17456997621871,6974.137483501203,0.10417550116128768,0.45084330254331456,0.06875427404884249,0.043405148026067764,0.0,0.0,0.0,0.0,0.0,0.0,0.0,0.0,1.0
ORIGINAL_SAFEFLOWMPC,4,12,0.0,0.0,0.12282132332908,0.0,0.0,0.0,1.0931055553448679,2.153121073699597,0.5515067649173233,0.02541959732511047,25.419597325110466,350.733203740941,0.5334353963198258,1.62204880435937,0.18444078997708857,0.04619520087726414,0.03850362007506192,0.028793167031835765,7.0,0.0,17.001834132375482,2.84796404838562,0.0,0.0,0.0
POV_L05_ALWAYS,4,12,0.0,0.0,0.02119316710044311,0.0,0.019490879440307474,0.0,0.1434872581237227,2.922369738055674,1.6215099544037597,0.0265853747628804,26.585374762880395,1990.9219034222724,0.4119678128447901,1.1265266880188078,1.302919331996236,0.048173087008763105,1.1763163599534892,0.12587398203322664,7.0,0.0,23.857591088816985,2.1201181411743164,0.0,0.0,0.0
POV_L05_ADAPTIVE,4,12,0.0,0.0,0.01446391197803637,0.0,0.024426144027709817,0.0423741340637207,0.13327860737969693,3.0395227880501636,1.6780020011304793,0.03138033152722858,31.380331527228577,2201.5375991392443,0.35286809103148015,1.0334120583287014,1.3016162969870493,0.048237145121674985,1.1745059610693716,0.125729987048544,7.0,0.0,22.430347941463936,1.8287067413330078,0.0,1.0,0.0
POV_L025_ADAPTIVE,4,12,0.0,0.0,0.011502457484033182,0.0,0.06819249358177171,0.5542945861816406,0.16911824603249664,3.206189281660888,1.653030855924755,0.02854400795767409,28.544007957674086,3797.3628989961758,0.21371164584930738,0.7310191334770028,1.210610288020689,0.04810479102889076,1.084266402060166,0.11729877098696306,7.0,0.0,24.550572793034092,1.0580629110336304,0.0,1.0,0.0
GOAL_AWARE_FINAL_PROJECTION,4,12,0.0,0.0,0.03371407886532524,0.0,0.001731079483032083,0.0,0.20722833273282762,2.774976713538,1.6959684591669921,0.040033237276832535,40.03323727683254,661.561507395643,0.6078215538213302,1.5829513651106013,0.17037928104400635,0.043573222879786044,0.09072968101827428,0.010271830018609762,1.0,0.0,3.096397371572257,3.0963971614837646,0.0,0.0,0.0
PLAIN_FM,4,13,1.0,0.0,-0.009534288963808299,0.0,0.25655002560615525,1.9409668445587158,0.22603457933552862,3.4861034623674576,1.624299959826255,0.03693635720108451,36.93635720108451,7474.086284551267,0.09139779657828759,0.4653985533017774,0.06880424596602097,0.043536553042940795,0.0,0.0,0.0,0.0,0.0,0.0,0.0,0.0,1.0
ORIGINAL_SAFEFLOWMPC,4,13,0.0,0.0,0.12331188423331255,0.0,0.0,0.0,1.094744899812229,2.153942307523262,0.5501384097055662,0.025442400114867633,25.442400114867635,351.19311810402206,0.53468919912035,1.6219260769468928,0.18410359998233616,0.046290786063764244,0.03825820592464879,0.02856971201254055,7.0,0.0,16.398634259095434,2.766828775405884,0.0,0.0,0.0
POV_L05_ALWAYS,4,13,0.0,0.0,0.016952885991956795,0.0,0.08343891468048081,0.0,0.17067600568770291,2.8988277149522665,1.5825675253554423,0.029335600719684052,29.335600719684052,2567.6430225567237,0.44686250780379855,1.1771191613954946,1.3868737409939058,0.0480041669216007,1.26060526719084,0.13384147989563644,7.0,0.0,23.747992901837883,2.1905148029327393,0.0,0.0,0.0
POV_L05_ADAPTIVE,4,13,0.0,0.0,0.010980169086671446,0.0,0.08176819648742661,0.0,0.1734428500361984,2.917904245814003,1.5893969200269698,0.030358919065564927,30.358919065564926,2641.000860290027,0.4332253655598259,1.1539148035145261,1.4812614349648356,0.04816127399681136,1.3544674488948658,0.14334533992223442,7.0,0.0,25.40686997303011,2.1260876655578613,0.0,1.0,0.0
POV_L025_ADAPTIVE,4,13,0.0,0.0,0.0011385369326637057,0.0,0.1725606736183165,0.46450018882751465,0.19637702277586963,3.1876158802027934,1.619333715296029,0.03078351359437155,30.783513594371545,4469.695399034808,0.2192441528255934,0.7425435575684401,1.3873462899937294,0.04821486695436761,1.2608160909148864,0.13502650102600455,7.0,0.0,25.011417033139285,1.0302671194076538,0.0,1.0,0.0
GOAL_AWARE_FINAL_PROJECTION,4,13,0.0,0.0,0.02907679215941318,0.0,0.0,0.0,0.2015198540621257,2.7919815241432806,1.6796911879209886,0.041134184351718964,41.134184351718964,688.3586607204882,0.6250273911702892,1.6016492524950552,0.1746208019903861,0.044872636965010315,0.09248235600534827,0.0103984129964374,1.0,0.0,3.1039700907253143,3.1039700508117676,0.0,0.0,0.0
PLAIN_FM,4,14,1.0,0.0,-0.006653150713833031,0.0,0.08895904984474168,0.0,0.20908340666777983,3.47239093790961,1.6325987675404765,0.02720955677329881,27.209556773298814,4602.858406126669,0.09331328799853535,0.47159655396672895,0.06948834302602336,0.043930112093221396,0.0,0.0,0.0,0.0,0.0,0.0,0.0,0.0,1.0
ORIGINAL_SAFEFLOWMPC,4,14,0.0,0.0,0.12142756180269079,0.0,0.0,0.0,1.0934489463020245,2.140938169022458,0.5446515213688746,0.02513133497143126,25.13133497143126,346.70240202799437,0.5377278377016315,1.6233938653442033,0.18564485100796446,0.04633475502487272,0.0395765679422766,0.0298555840854533,7.0,0.0,16.725173498088758,2.755322217941284,0.0,0.0,0.0
POV_L05_ALWAYS,4,14,0.0,0.0,0.013287117328158293,0.0,0.0007851537704466338,0.0,0.14153028268599524,2.9748480779775224,1.6402408499125094,0.02912952050074319,29.12952050074319,1725.413401364906,0.3813040619705157,1.0877228683496794,1.0284940429846756,0.048001229122746736,0.9024105849675834,0.09891775593860075,7.0,0.0,24.936623272277693,1.8466806411743164,0.0,0.0,0.0
POV_L05_ADAPTIVE,4,14,0.0,0.0,0.013287117328158293,0.0,0.0007851537704466338,0.0,0.14153028268599524,2.9748480779775224,1.6402408499125094,0.02912952050074319,29.12952050074319,1725.413401364906,0.3813040619705157,1.0877228683496794,1.0281792840105481,0.04796716809505597,0.9020200939266942,0.09873755002627149,7.0,0.0,24.936623271935098,1.8466806411743164,0.0,1.0,0.0
POV_L025_ADAPTIVE,4,14,0.0,0.0,0.005495444590742873,0.0,0.015575897359847879,0.0,0.1772933623371953,3.1765755123162283,1.6275357577850362,0.024292707845001205,24.292707845001203,2474.7444157200093,0.22635963487735522,0.7562320187621712,1.0348286179942079,0.048176965035963804,0.9082102571264841,0.10145423893118277,7.0,0.0,26.382865755773956,1.0286675691604614,0.0,1.0,0.0
GOAL_AWARE_FINAL_PROJECTION,4,14,0.0,0.0,0.03273264084035549,0.0,0.0016258772850035186,0.0,0.21158722374936378,2.79498456265794,1.6669861496138352,0.04102226809478654,41.02226809478654,720.1655021714131,0.6161902909160374,1.5936930821376545,0.17080573103157803,0.04375036701094359,0.09080057201208547,0.010217628034297377,1.0,0.0,3.0349049316538017,3.034904956817627,0.0,0.0,0.0
PLAIN_FM,4,15,0.0,0.0,0.005867903779087594,0.0,0.15119487094879114,0.2288532257080078,0.2143932728773241,3.525025614784417,1.6094433440525258,0.03881919145097751,38.81919145097751,7010.686020104484,0.09992187774972885,0.4478541262801775,0.0690674619982019,0.04364560398971662,0.0,0.0,0.0,0.0,0.0,0.0,0.0,0.0,1.0
ORIGINAL_SAFEFLOWMPC,4,15,0.0,0.0,0.12264218451481829,0.0,0.0,0.0,1.0942686385765397,2.170266862502237,0.5535349434795842,0.025857515377904483,25.85751537790448,357.9591773227531,0.5282974040731976,1.6109492310921394,0.18451376003213227,0.046257074107415974,0.03839238703949377,0.028700624010525644,7.0,0.0,16.53456367389731,2.83016300201416,0.0,0.0,0.0
POV_L05_ALWAYS,4,15,0.0,0.0,0.023298220886101506,0.0,0.0,0.0,0.15488007347937963,2.8826195382927287,1.5845013184790129,0.029542025807068273,29.54202580706827,2312.4754298164407,0.43848893465356503,1.200057181389871,1.2132125559728593,0.048197653028182685,1.0864544698852114,0.11832653288729489,7.0,0.0,26.892558261659754,2.29288649559021,0.0,0.0,0.0
POV_L05_ADAPTIVE,4,15,0.0,0.0,0.020410902431765854,0.0,0.00635401573181138,0.0,0.15303986372234427,2.91696340916801,1.6057627563177745,0.03158062346610688,31.580623466106882,2523.3853848507333,0.40600221104409645,1.1425481906833326,1.209344303002581,0.04809347301488742,1.0827777049853466,0.1166354909655638,7.0,0.0,27.337819946853465,2.127127170562744,0.0,1.0,0.0
POV_L025_ADAPTIVE,4,15,0.0,0.0,0.01977092367019327,0.0,0.0350797292232512,0.0,0.18479879285560086,3.17716423164051,1.5956083947134259,0.03145198458958576,31.451984589585756,4117.118231022803,0.21665812109415133,0.7544913380963646,1.2118313980172388,0.04826061602216214,1.0850165619631298,0.11615332606015727,7.0,0.0,27.029035245838042,1.1317144632339478,0.0,1.0,0.0
GOAL_AWARE_FINAL_PROJECTION,4,15,0.0,0.0,0.037634040319641834,0.0,0.0,0.0,0.23941023969093067,2.609042330812371,1.6588146909413355,0.031143711741931812,31.14371174193181,537.8927736045856,0.6911292656484894,1.7819626882139983,0.17065421596635133,0.04358076403150335,0.09067649795906618,0.010279448993969709,1.0,0.0,3.5654051576057797,3.5654051303863525,0.0,0.0,0.0
PLAIN_FM,4,16,1.0,0.0,-0.006288067989006316,0.0,0.15409411158561692,1.0525178909301758,0.22173102946503315,3.5108830579227135,1.6591294629634643,0.03641842964375441,36.418429643754415,6018.0702571146385,0.0967399989688968,0.4182197686366873,0.06957664503715932,0.04403694410575554,0.0,0.0,0.0,0.0,0.0,0.0,0.0,0.0,1.0
ORIGINAL_SAFEFLOWMPC,4,16,0.0,0.0,0.12366421614071504,0.0,0.0,0.0,1.0929742553170936,2.1625266471079994,0.5536999066173318,0.025531858497405358,25.531858497405356,350.7980237344222,0.5312672375838605,1.6169312117523946,0.19269676401745528,0.04786570597207174,0.041605332982726395,0.03171390196075663,7.0,0.0,17.1726979594497,2.775029182434082,0.0,0.0,0.0
POV_L05_ALWAYS,4,16,0.0,0.0,0.008869328318873049,0.0,0.052622717285156106,0.0,0.17000717612520846,2.992936843939552,1.6338318732667036,0.03177942181448834,31.779421814488337,2717.228163193169,0.39442456183669417,1.0562138477906904,1.488159254018683,0.048406619927845895,1.3607429499388672,0.14743464591447264,7.0,0.0,25.101015244283055,1.9482208490371704,0.0,0.0,0.0
POV_L05_ADAPTIVE,4,16,0.0,0.0,0.007155108893532311,0.0,0.05364136066436753,0.0,0.1870866653481196,2.851102847529323,1.604394306917353,0.029192594031666484,29.192594031666484,3148.0928130631874,0.4640993247540035,1.20426192167794,1.4767266930430196,0.048114013159647584,1.3501978420536034,0.14585764496587217,7.0,0.0,28.453817072395662,2.29386043548584,0.0,1.0,0.0
POV_L025_ADAPTIVE,4,16,0.0,0.0,0.009194749788046408,0.0,0.09534747567176804,0.0,0.1937574218341768,3.166613765896203,1.6299415009009572,0.030610544642021842,30.610544642021843,4198.131635666697,0.24129781042103368,0.7327145523269147,1.4828491419903003,0.048495201917830855,1.3553689469117671,0.14676110999425873,7.0,0.0,26.848095422555666,1.1185190677642822,0.0,1.0,0.0
GOAL_AWARE_FINAL_PROJECTION,4,16,0.0,0.0,0.01893923050723198,0.0,0.004413288497924661,0.0,0.2157790624675499,2.9245912428935465,1.7329820062491903,0.04801912985183755,48.019129851837555,799.7349402687122,0.5711343023049209,1.51913172609291,0.17025269498117268,0.043620572949294,0.09053935500560328,0.010250378982163966,1.0,0.0,2.900376769856815,2.900376796722412,0.0,0.0,0.0
PLAIN_FM,4,17,1.0,0.0,-0.00013835224624995923,0.0,0.19226283993720994,0.10445833206176758,0.23668088289195896,3.4218937151943134,1.6116838324795717,0.03564708535842802,35.64708535842802,7557.531864221447,0.09132853027134244,0.5619432456659931,0.06897504796506837,0.0436141740065068,0.0,0.0,0.0,0.0,0.0,0.0,0.0,0.0,1.0
ORIGINAL_SAFEFLOWMPC,4,17,0.0,0.0,0.12920838543611932,0.0,0.0,0.0,1.1003094927155588,2.1215868471785937,0.5598826067093261,0.024567398569736693,24.567398569736692,336.2173032154178,0.5489229359806085,1.6736334822691807,0.1848644390120171,0.046303042909130454,0.03862146195024252,0.028785995033103973,7.0,0.0,17.969809301501456,2.6559059619903564,0.0,0.0,0.0
POV_L05_ALWAYS,4,17,0.0,0.0,0.010415051582440105,0.0,0.05060867633819566,0.0,0.17302658292962908,2.920138517503013,1.618371800581628,0.0324628243664592,32.4628243664592,3224.831689380009,0.4092271331123388,1.1428579022143526,1.6606982829980552,0.04808570205932483,1.5336948340409435,0.16594542207894847,7.0,0.0,30.264627271644063,1.85558021068573,0.0,0.0,0.0
POV_L05_ADAPTIVE,4,17,0.0,0.0,0.004942108326045011,0.0,0.03682927455902085,0.0,0.19599413293417917,2.8797088746595665,1.6069170990990629,0.03564125691979876,35.64125691979876,4316.965293276039,0.4385553969900019,1.1891964198929554,1.5805830599856563,0.04837698012124747,1.4532490739948116,0.1618361650616862,7.0,0.0,37.23904286430104,1.9941328763961792,0.0,1.0,0.0
POV_L025_ADAPTIVE,4,17,0.0,0.0,0.011707765309966922,0.0,0.09348438348770127,0.0,0.20890734904782166,3.08099514209459,1.595148955906859,0.03139885450620225,31.398854506202255,5290.848927481106,0.26791388459679477,0.8670019015964573,1.4781793429865502,0.04839067900320515,1.351089739939198,0.14624984504189342,7.0,0.0,30.291861578160372,1.1233291625976562,0.0,1.0,0.0
GOAL_AWARE_FINAL_PROJECTION,4,17,0.0,0.0,0.03139451176555966,0.0,0.0,0.0,0.19784695640807223,2.7452104256569356,1.6506585980542372,0.04111638225568438,41.116382255684385,714.7204218942175,0.6526020013109839,1.6980983728218817,0.1701996229821816,0.04350145102944225,0.09066493704449385,0.010219358024187386,1.0,0.0,3.092691423801687,3.092691421508789,0.0,0.0,0.0
PLAIN_FM,4,18,1.0,0.0,-0.0003291817436836125,0.0,0.28295622434616075,1.565392017364502,0.19980483631927606,3.492767834294836,1.6634480173123496,0.03188210768577639,31.882107685776386,5671.542890573223,0.08620856095177198,0.4699040913810438,0.06923159497091547,0.04376692691585049,0.0,0.0,0.0,0.0,0.0,0.0,0.0,0.0,1.0
ORIGINAL_SAFEFLOWMPC,4,18,0.0,0.0,0.12470051223321063,0.0,0.0,0.0,1.0980751915949893,2.125467661518039,0.5467083252185876,0.024727849019065495,24.7278490190655,339.79313607610527,0.5444647783700622,1.6443365858603325,0.18480501597514376,0.04640639602439478,0.03879818692803383,0.029128122958354652,7.0,0.0,16.74240053717678,2.7895560264587402,0.0,0.0,0.0
POV_L05_ALWAYS,4,18,0.0,0.0,0.02566646424821893,0.0,0.06039426889419541,0.0,0.15541858154116703,2.637939746948563,1.5677215124439865,0.020639269245808254,20.639269245808254,1972.8068227276744,0.5676703526613798,1.4563841700813007,1.4339870020048693,0.0514475770178251,1.301696194917895,0.14476967504015192,7.0,0.0,30.793873061027522,2.767068862915039,0.0,0.0,0.0
POV_L05_ADAPTIVE,4,18,0.0,0.0,0.024802942953192783,0.0,0.06599263515472398,0.0,0.14350268823050244,2.8362797557475923,1.6003452202175148,0.02457612697960987,24.576126979609867,1776.5577342447884,0.4716444276489572,1.2365859590924728,1.4412978920154274,0.05144301801919937,1.3089220920810476,0.144736866815947,7.0,0.0,28.645241571809184,2.278109550476074,0.0,1.0,0.0
POV_L025_ADAPTIVE,4,18,0.0,0.0,0.021901309487039777,0.0,0.16421304311752305,0.038285255432128906,0.18866275945443972,3.0007280474280282,1.6125371630768248,0.021588823385086497,21.5888233850865,2999.5057755752173,0.31474306639395383,0.8870513536937511,1.4283559420146048,0.05106431996682659,1.2967150989570655,0.1426378000760451,7.0,0.0,28.911413026365977,1.4538952112197876,0.0,1.0,0.0
GOAL_AWARE_FINAL_PROJECTION,4,18,0.0,0.0,0.03361295468042212,0.0,0.0,0.0,0.2192208934932352,2.734625143857963,1.6676106263351265,0.03822120912894948,38.221209128949475,648.0353474588935,0.6334368413908953,1.643111000609101,0.17583065002691,0.04534007894108072,0.0933686780044809,0.010722900973632932,1.0,0.0,3.118112590568038,3.118112564086914,0.0,0.0,0.0
PLAIN_FM,4,19,0.0,0.0,0.01461100020969859,0.0,0.19530968036651597,3.874410390853882,0.25156308047956566,3.45943028213541,1.5550125746666579,0.046917092297625654,46.91709229762566,5535.521378160282,0.08934249052329224,0.5134540407340488,0.07234507700195536,0.04602403490571305,0.0,0.0,0.0,0.0,0.0,0.0,0.0,0.0,1.0
ORIGINAL_SAFEFLOWMPC,4,19,0.0,0.0,0.12123182651422076,0.0,0.0,0.0,1.0923823575796465,2.155285905203508,0.5510722859064392,0.025515587468724676,25.515587468724675,352.91378566340575,0.5321596050785424,1.61596266483143,0.19520029798150063,0.05008911417098716,0.040141571138519794,0.02980917296372354,7.0,0.0,16.38995660089579,2.70041823387146,0.0,0.0,0.0
POV_L05_ALWAYS,4,19,0.0,0.0,0.018062352991073227,0.0,0.02697007026672349,0.0,0.17869814763933492,2.8967230434525417,1.5648981210777444,0.03364890177828406,33.648901778284056,1979.9545133880993,0.43416990489092033,1.1689025417920405,1.2525675410288386,0.05076586204813793,1.1208937198389322,0.12353494891431183,7.0,0.0,26.82667990478437,2.102198362350464,0.0,0.0,0.0
POV_L05_ADAPTIVE,4,19,0.0,0.0,0.020138332932249994,0.0,0.029386442565917825,0.0,0.18597233785839912,2.8508292590162365,1.5423015459585396,0.03268914524996308,32.68914524996308,2088.368188958911,0.4647616606870033,1.2105030165088917,1.15979820699431,0.05103484698338434,1.028332373010926,0.1157675368594937,7.0,0.0,27.926582994720658,2.2447001934051514,0.0,1.0,0.0
POV_L025_ADAPTIVE,4,19,0.0,0.0,0.018107906821910713,0.0,0.12248710956573472,1.1483383178710938,0.2057615892237459,3.1739237766000783,1.5733797634555533,0.03762397237177967,37.623972371779665,3291.5420540776013,0.22583089134363898,0.7700403404908187,1.2447160229785368,0.05008273298153654,1.114533220010344,0.12235034798504785,7.0,0.0,24.783987557821284,1.0227973461151123,0.0,1.0,0.0
GOAL_AWARE_FINAL_PROJECTION,4,19,0.0,0.0,0.015899531460108682,0.0,0.0,0.0,0.2000160952365514,2.875887792433572,1.7013704223661745,0.04658487334259066,46.58487334259066,777.0180406409005,0.6139997330708318,1.5856695718264888,0.1750301190186292,0.04455252707703039,0.09351557103218511,0.010799893003422767,1.0,0.0,3.0524744809045052,3.0524744987487793,0.0,0.0,0.0
PLAIN_FM,4,20,1.0,0.0,-0.0011614944150798862,0.0,0.24638452794551835,1.196683645248413,0.22048728199071926,3.5103257954405382,1.6490607420977992,0.035994844968347345,35.994844968347344,5985.10596273875,0.09845877955266527,0.42529209225175946,0.0704625680227764,0.044564198062289506,0.0,0.0,0.0,0.0,0.0,0.0,0.0,0.0,1.0
ORIGINAL_SAFEFLOWMPC,4,20,0.0,0.0,0.1209777195219304,0.0,0.0,0.0,1.092196165628152,2.165613758694629,0.5473241131096177,0.025773844306404656,25.773844306404655,357.1063429795255,0.5291434625103719,1.60710198139981,0.18913980899378657,0.0477839830564335,0.03922323900042102,0.029254599881824106,7.0,0.0,16.503569193596196,2.784839391708374,0.0,0.0,0.0
POV_L05_ALWAYS,4,20,0.0,0.0,0.02047489891979809,0.0,0.05588845577239976,0.0,0.14364505265711572,3.0019747361964355,1.634365171001506,0.030393477522750123,30.393477522750125,1849.141039967783,0.3729164298114235,1.0407095599590785,0.9703484880155884,0.049710135092027485,0.8400547220371664,0.0945078669465147,7.0,0.0,24.75521982690064,1.894481897354126,0.0,0.0,0.0
POV_L05_ADAPTIVE,4,20,0.0,0.0,0.021028184461697907,0.0,0.05677477684020982,0.0,0.14274603325839152,3.0076870948599703,1.6349445370793037,0.030418317798632855,30.418317798632856,1811.7383492056827,0.36927006634494336,1.0334060889170265,1.0593277299776673,0.04994245001580566,0.9288677399163134,0.10156809393083677,7.0,0.0,24.584936213333165,1.878219723701477,0.0,1.0,0.0
POV_L025_ADAPTIVE,4,20,0.0,0.0,0.013445319218395368,0.0,0.13809875812530503,0.2886486053466797,0.18024342469910937,3.2193351176410867,1.6340710222532318,0.029424835673847183,29.424835673847184,3255.287515418937,0.21370184463964723,0.6906092452395428,1.0573171669966541,0.049827596987597644,0.9272044378449209,0.10284897714154795,7.0,0.0,24.188324341485252,1.031380295753479,0.0,1.0,0.0
GOAL_AWARE_FINAL_PROJECTION,4,20,0.0,0.0,0.028678504153158493,0.0,0.0017516430854795928,0.0,0.22127600611790899,2.818894872927315,1.6852150576390892,0.041293343179274064,41.29334317927407,695.449001570754,0.591774099975481,1.5561406622312406,0.17452679498819634,0.04469828092260286,0.09298024704912677,0.010478485026396811,1.0,0.0,3.0273880230940633,3.027388095855713,0.0,0.0,0.0
PLAIN_FM,4,21,1.0,0.0,-0.0016758354579521767,0.0,0.22886411514282212,1.25801682472229,0.22809660169816676,3.5022489760983393,1.6242262027111323,0.03215521950780166,32.15521950780166,5977.285926716588,0.09233520738195036,0.47921636098663056,0.0704011149937287,0.044620747852604836,0.0,0.0,0.0,0.0,0.0,0.0,0.0,0.0,1.0
ORIGINAL_SAFEFLOWMPC,4,21,0.0,0.0,0.1217777667913574,0.0,0.0,0.0,1.088372303979201,2.171484577169362,0.5483654754550253,0.02603973031235189,26.039730312351892,363.0931065350187,0.5257873954602084,1.6063813804409504,0.19580843299627304,0.048476080992259085,0.043059568910393864,0.03282214986393228,7.0,0.0,16.866048640483797,2.796867847442627,0.0,0.0,0.0
POV_L05_ALWAYS,4,21,0.0,0.0,0.02240238115218457,0.0,0.03901438083648667,0.0,0.154944941040735,2.9227946788949093,1.589545637586606,0.02630964723323799,26.309647233237992,1576.8067757700746,0.4137758844220216,1.1137939191431687,1.15306572499685,0.05283474316820502,1.0200557569041848,0.1120978479157202,7.0,0.0,24.936316016960607,2.1237967014312744,0.0,0.0,0.0
POV_L05_ADAPTIVE,4,21,0.0,0.0,0.02215803307520764,0.0,0.04185036983489976,0.0,0.15291465835847787,2.931702366993336,1.5910407792408405,0.02666369761709933,26.663697617099327,1616.2425956028071,0.4088504339483547,1.1006502963130254,1.1558671669918112,0.052935776009690017,1.022536592092365,0.1132492499309592,7.0,0.0,25.51489144283628,2.0997486114501953,0.0,1.0,0.0
POV_L025_ADAPTIVE,4,21,0.0,0.0,0.014785001227423156,0.0,0.12443305220603929,0.0,0.18963769747006795,3.2013627387228967,1.6119130994446285,0.026495675926627063,26.495675926627065,3120.5468762632595,0.20324699084631015,0.7144673223335042,1.153649856976699,0.0528796159196645,1.0203835919382982,0.1123508649179712,7.0,0.0,27.661521684818155,1.0443295240402222,0.0,1.0,0.0
GOAL_AWARE_FINAL_PROJECTION,4,21,0.0,0.0,0.03711062607078923,0.0,0.0,0.0,0.23123049145081992,2.7667566716270797,1.6450849977007915,0.03601898763545614,36.01898763545614,585.9607048648096,0.6211450052930929,1.547947102916254,0.17822298099054024,0.04597349796677008,0.09471678198315203,0.010749601991847157,1.0,0.0,3.1469412137111687,3.1469411849975586,0.0,0.0,0.0
PLAIN_FM,4,22,1.0,0.0,-0.004657204579988569,0.0,0.19029707875251756,0.36295175552368164,0.1853644082608466,3.5530212612992536,1.6650424038851064,0.03924590970657103,39.24590970657104,7920.957372293259,0.13043616859279555,0.43295272448322236,0.07137710100505501,0.045257577032316476,0.0,0.0,0.0,0.0,0.0,0.0,0.0,0.0,1.0
ORIGINAL_SAFEFLOWMPC,4,22,0.0,0.0,0.12266599885010199,0.0,0.0,0.0,1.0904941816818796,2.1616596398679717,0.5507929635696814,0.02565462348008546,25.65462348008546,354.80435820658965,0.530278623600122,1.6144357368148314,0.19186879898188636,0.04872910812264308,0.040357225050684065,0.030356917006429285,7.0,0.0,18.806791908198914,2.996861457824707,0.0,0.0,0.0
POV_L05_ALWAYS,4,22,0.0,0.0,0.019255734360965893,0.0,0.03389493789672837,0.0,0.15435831859135335,2.8545153661981217,1.6013290594110594,0.02798586840774897,27.985868407748974,2386.514741514595,0.43363112925930736,1.1831854461573958,1.7116207520011812,0.050948044925462455,1.5798792769783176,0.1743740940000862,7.0,0.0,31.424499431970784,2.390451669692993,0.0,0.0,0.0
POV_L05_ADAPTIVE,4,22,0.0,0.0,0.020462926323074615,0.0,0.049802821540832376,0.0,0.14705736529737826,2.8921230998321183,1.6089282382816301,0.027479370384147384,27.479370384147384,2118.4179247382194,0.4128080037737828,1.1384571307833729,1.6167077120044269,0.05010872200364247,1.4856940380414017,0.16370828909566626,7.0,0.0,31.598079616588926,2.283613681793213,0.0,1.0,0.0
POV_L025_ADAPTIVE,4,22,0.0,0.0,0.013426890396178573,0.0,0.1139870401859282,0.0,0.16201418858082398,3.2267669887394836,1.6433309922233574,0.029878312799875198,29.8783127998752,3764.095809203634,0.1921677898444491,0.6936679097659753,1.696581733005587,0.051078616990707815,1.565144219843205,0.168676030007191,7.0,0.0,27.826247472005644,1.0866875648498535,0.0,1.0,0.0
GOAL_AWARE_FINAL_PROJECTION,4,22,0.0,0.0,0.04621665950123918,0.0,0.0,0.0,0.24821227891826092,2.5971763083836645,1.6636839948104123,0.028187865068623603,28.187865068623605,499.0527803092818,0.6379686088767532,1.698778712473844,0.17423587699886411,0.0445602570543997,0.09291268500965089,0.010668348986655474,1.0,0.0,3.4385243610900966,3.4385242462158203,0.0,0.0,0.0
PLAIN_FM,4,23,1.0,0.0,-0.0012591750883454295,0.0,0.15158073272705064,2.0246636867523193,0.24091427506090873,3.4635154287016494,1.6130359125051326,0.03446426494310312,34.464264943103124,5639.142235950246,0.08048237002764722,0.5168434642458452,0.07044294604565948,0.04460849903989583,0.0,0.0,0.0,0.0,0.0,0.0,0.0,0.0,1.0
ORIGINAL_SAFEFLOWMPC,4,23,0.0,0.0,0.1238579032567492,0.0,0.0,0.0,1.0952925349928806,2.1622180566759286,0.5544596404948218,0.025599763886248544,25.599763886248546,353.18260012362356,0.5313722269234411,1.6202729773563644,0.18877475801855326,0.04756718600401655,0.03921712696319446,0.029258269059937447,7.0,0.0,15.818993205109487,2.657996654510498,0.0,0.0,0.0
POV_L05_ALWAYS,4,23,0.0,0.0,0.013200835458707358,0.0,0.0027568754196165557,0.0,0.17946334272667389,2.8604502201738766,1.5989581081788218,0.03225513436429972,32.255134364299714,2703.9161096421576,0.43805241615249235,1.1971220105665967,1.3298077789950185,0.049343212973326445,1.2003393580089323,0.12722401489736512,7.0,0.0,25.08934342979751,2.154924154281616,0.0,0.0,0.0
POV_L05_ADAPTIVE,4,23,0.0,0.0,0.010134806372907701,0.0,0.02193079557418809,0.0,0.17309924478836264,2.9271268085111433,1.620680204441221,0.03489740809703845,34.89740809703845,2850.273055134428,0.39566876930346595,1.123407552255652,1.3232658460037783,0.04904469504253939,1.1941438819631003,0.12637383007677272,7.0,0.0,24.695069682104617,1.9330843687057495,0.0,1.0,0.0
POV_L025_ADAPTIVE,4,23,0.0,0.0,0.01144752277765776,0.0,0.07232294645309434,0.8964312076568604,0.2077427001437724,3.113257045100873,1.5968397902703724,0.030967979047119898,30.967979047119897,3900.06486552672,0.24709853368328016,0.8232716231446822,1.3260046769864857,0.049083637015428394,1.1967970110708848,0.1280763479298912,7.0,0.0,24.604847118109706,1.158287525177002,0.0,1.0,0.0
GOAL_AWARE_FINAL_PROJECTION,4,23,0.0,0.0,0.009918081971789783,0.0,0.0,0.0,0.20720251478528184,2.8569853882766267,1.7172052812327132,0.045519392181595966,45.51939218159597,802.877467352732,0.6099846274650015,1.6068216630610406,0.17387566599063575,0.04441429197322577,0.09260078601073474,0.010436252981889993,1.0,0.0,3.0365060126081183,3.036506175994873,0.0,0.0,0.0
PLAIN_FM,4,24,1.0,0.0,-0.020867092643654203,0.0,0.26334868040084825,0.0,0.20234671021777462,3.472009161977143,1.6523326195685395,0.03247744134026827,32.47744134026828,5167.1814678700985,0.10807899108646814,0.4249811318284191,0.07018075900850818,0.04425624798750505,0.0,0.0,0.0,0.0,0.0,0.0,0.0,0.0,1.0
ORIGINAL_SAFEFLOWMPC,4,24,0.0,0.0,0.12330102742120702,0.0,0.0,0.0,1.0949983505197862,2.1273217971874145,0.5423979401734244,0.024719587483579816,24.71958748357982,339.50911571191256,0.5429285582192592,1.6364442247249635,0.18965384998591617,0.04743529297411442,0.040165942860767245,0.030287593021057546,7.0,0.0,17.332123615782365,2.7860724925994873,0.0,0.0,0.0
POV_L05_ALWAYS,4,24,0.0,0.0,0.006970712244612487,0.0,0.08772031631469712,0.0,0.14234617342831485,2.967459035503222,1.644967518931526,0.02925277069278094,29.252770692780942,1716.9382776669934,0.38514852995799936,1.084152052385491,1.1463505779975094,0.04892043303698301,1.0172211028984748,0.1119118319475092,7.0,0.0,24.530659765399985,1.8711549043655396,0.0,0.0,0.0
POV_L05_ADAPTIVE,4,24,0.0,0.0,0.006970712244612487,0.0,0.08772031631469712,0.0,0.14234617342831485,2.967459035503222,1.644967518931526,0.02925277069278094,29.252770692780942,1716.9382776669934,0.38514852995799936,1.084152052385491,1.1490842180210166,0.04905143502401188,1.0198658099398017,0.11202802485786378,7.0,0.0,24.530659765373414,1.8711549043655396,0.0,1.0,0.0
POV_L025_ADAPTIVE,4,24,1.0,0.0,-0.003808844533127395,0.0,0.1622791704177855,0.0,0.1711414853933922,3.1727131716914467,1.640478832598774,0.027461903432168422,27.461903432168427,2956.032427284361,0.22913717238895742,0.745024476956796,1.1455198940238915,0.04893422400346026,1.0161438829964027,0.11167439707787707,7.0,0.0,25.77919765501106,1.0210602283477783,0.0,1.0,0.0
GOAL_AWARE_FINAL_PROJECTION,4,24,0.0,0.0,0.02904193587253423,0.0,0.003702205085754251,0.0,0.20903430830954886,2.7655168738821896,1.664153011556755,0.039413982344914986,39.413982344914984,654.0644083215669,0.6146886212808469,1.5861286031858846,0.17394136800430715,0.04438394296448678,0.09258743596728891,0.010436223994474858,1.0,0.0,3.004642169445431,3.0046420097351074,0.0,0.0,0.0
PLAIN_FM,4,25,1.0,0.0,-0.010693770250714524,0.0,0.2304932590961455,0.40416836738586426,0.19859614633760556,3.536252681775852,1.6724888135464067,0.030479219466104296,30.479219466104293,4732.622331040564,0.11091674148204345,0.4354921140726216,0.0702215590281412,0.04430482111638412,0.0,0.0,0.0,0.0,0.0,0.0,0.0,0.0,1.0
ORIGINAL_SAFEFLOWMPC,4,25,0.0,0.0,0.12490598752850784,0.0,0.0,0.0,1.095987359182829,2.12939607639397,0.5426878308280326,0.02475771133207498,24.75771133207498,339.7650150011714,0.5430821473952758,1.6394017771498184,0.1908829619642347,0.04733125999337062,0.04141458810772747,0.031473196984734386,7.0,0.0,18.19697119377396,2.9742157459259033,0.0,0.0,0.0
POV_L05_ALWAYS,4,25,0.0,0.0,0.022510342784918758,0.0,0.06390498247146592,0.0,0.13922023844993842,3.0217277029100162,1.6406241787135565,0.029719809943382303,29.7198099433823,1724.3098735037047,0.36453040163784445,1.0233302993528761,1.1550457320408896,0.05159231199650094,1.0230212809401564,0.11249746504472569,7.0,0.0,22.57680864736817,1.9020249843597412,0.0,0.0,0.0
POV_L05_ADAPTIVE,4,25,0.0,0.0,0.022510342784918758,0.0,0.06390498247146592,0.0,0.13922023844993842,3.0217277029100162,1.6406241787135565,0.029719809943382303,29.7198099433823,1724.3098735037047,0.36453040163784445,1.0233302993528761,1.1528533840319142,0.05191183905117214,1.0205971100367606,0.11231717199552804,7.0,0.0,22.57680864735777,1.9020249843597412,0.0,1.0,0.0
POV_L025_ADAPTIVE,4,25,0.0,0.0,0.011706906292767452,0.0,0.12907044258117661,0.0,0.17176346852303945,3.2138108003483974,1.6468685618630687,0.025911949715521854,25.911949715521857,2690.9710294869824,0.2077622984000111,0.6997381282591641,1.1592097200336866,0.05179312702966854,1.026151523052249,0.113713618949987,7.0,0.0,24.65388551986032,1.0562318563461304,0.0,1.0,0.0
GOAL_AWARE_FINAL_PROJECTION,4,25,0.0,0.0,0.03589296969464634,0.0,0.003525477313995218,0.0,0.21876492206963113,2.890643643620528,1.6890173363189644,0.04484522106040515,44.84522106040515,735.250955527657,0.56075467533985,1.4828065725980661,0.17541805596556515,0.04510872211540118,0.09331877500517294,0.010584126983303577,1.0,0.0,2.892264093475172,2.8922641277313232,0.0,0.0,0.0
PLAIN_FM,4,26,1.0,0.0,-0.009538686791458556,0.0,0.16986848082542405,0.0,0.254853303258109,3.460109479645126,1.6065559812325636,0.031052324288950973,31.05232428895098,5070.009247925536,0.09025147648187236,0.469816208149799,0.07085039600497112,0.04496301815379411,0.0,0.0,0.0,0.0,0.0,0.0,0.0,0.0,1.0
ORIGINAL_SAFEFLOWMPC,4,26,0.0,0.0,0.1211736653548183,0.0,0.0,0.0,1.0937740863314387,2.158728361438071,0.5515331782235738,0.025515437273317204,25.515437273317204,351.8940696547388,0.5312515724536022,1.6135143150705642,0.18938352196710184,0.048367246985435486,0.03908773395232856,0.029073590121697634,7.0,0.0,15.812843234827941,2.6129140853881836,0.0,0.0,0.0
POV_L05_ALWAYS,4,26,0.0,0.0,0.005537968441158003,0.0,0.043308299446105814,0.0,0.16355819018263265,2.98304650193182,1.641003789208874,0.03032469380556181,30.32469380556181,2076.279287385935,0.37772862876438107,1.0702662459188481,1.3311428320012055,0.050132863980252296,1.200610241969116,0.12645652994979173,7.0,0.0,26.038717746280135,1.8260529041290283,0.0,0.0,0.0
POV_L05_ADAPTIVE,4,26,0.0,0.0,0.004246020441124043,0.0,0.04587457742691026,0.0,0.16775886051293845,2.964327487868441,1.6401670657364857,0.030172698537488885,30.172698537488884,2191.9726431139347,0.39017676082465336,1.0913802224361275,1.149172855017241,0.050022849114611745,1.018881770898588,0.11071972007630393,7.0,0.0,27.615598170664164,1.8842228651046753,0.0,1.0,0.0
POV_L025_ADAPTIVE,4,26,0.0,0.0,0.003742865841668677,0.0,0.09173915948867783,0.0,0.20421550646880973,3.1852991932110206,1.6178526232132757,0.02726670041604197,27.26670041604197,3036.5674170765146,0.22076746000220077,0.7369174807617742,1.3305198340094648,0.05138076696312055,1.1987174719688483,0.12608244502916932,7.0,0.0,25.87901932029375,0.9933317303657532,0.0,1.0,0.0
GOAL_AWARE_FINAL_PROJECTION,4,26,0.0,0.0,0.02760613256454615,0.0,0.0,0.0,0.2247144665288806,2.692441459814393,1.6686697296837192,0.03426436710663125,34.26436710663125,587.3563164821488,0.6550630040218186,1.6956697743603495,0.17609186295885593,0.0452424559625797,0.09371892496710643,0.010632198012899607,1.0,0.0,3.2422376414076277,3.2422375679016113,0.0,0.0,0.0
PLAIN_FM,4,27,1.0,0.0,-0.010807698514891745,0.0,0.2203609165191649,0.6045889854431152,0.2059828371228668,3.5044453940201166,1.6676680378506072,0.036667685334229955,36.66768533422995,6112.842600271345,0.12002476863283784,0.45804145828800497,0.07062295998912305,0.04486226791050285,0.0,0.0,0.0,0.0,0.0,0.0,0.0,0.0,1.0
ORIGINAL_SAFEFLOWMPC,4,27,0.0,0.0,0.12365401803487483,0.0,0.0,0.0,1.0927872491960917,2.1457925709244154,0.5483756767810625,0.025293203673066186,25.293203673066188,349.63775930687143,0.536199552102545,1.6289193415284564,0.18852563801920041,0.0476291369413957,0.03912624606164172,0.029047938995063305,7.0,0.0,17.816100768234726,2.9543018341064453,0.0,0.0,0.0
POV_L05_ALWAYS,4,27,0.0,0.0,0.021176435727100207,0.0,0.046706062221526956,0.0,0.14545871046691122,2.9654343875352267,1.6312676274115436,0.030042764435951823,30.04276443595182,1777.2318844035524,0.37229910365546703,1.0763092566368355,1.3344948859885335,0.04979052493581548,1.2046051259385422,0.13180531311081722,7.0,0.0,24.534360178624986,2.0197057723999023,0.0,0.0,0.0
POV_L05_ADAPTIVE,4,27,0.0,0.0,0.021176435727100207,0.0,0.046706062221526956,0.0,0.14545871046691122,2.9654343875352267,1.6312676274115436,0.030042764435951823,30.04276443595182,1777.2318844035524,0.37229910365546703,1.0763092566368355,1.3285853599663824,0.049529496871400625,1.1994042261503637,0.13133263995405287,7.0,0.0,24.53436017835782,2.0197057723999023,0.0,1.0,0.0
POV_L025_ADAPTIVE,4,27,0.0,0.0,0.009175604083766345,0.0,0.12348414626121507,0.0,0.17396071290959533,3.213465303848289,1.6487821273624195,0.030357151621387427,30.357151621387427,3338.460569335168,0.19072477203963217,0.7109401458464634,1.4191830009804107,0.04953754611779004,1.2898475750698708,0.13882573595037684,7.0,0.0,25.30365178083338,1.0310505628585815,0.0,1.0,0.0
GOAL_AWARE_FINAL_PROJECTION,4,27,0.0,0.0,0.03668782228187195,0.0,0.0,0.0,0.24213964271829336,2.559331088984674,1.660786871826513,0.028276453414141575,28.276453414141578,525.3355471861177,0.6942852781652861,1.8390562424469525,0.17412192997289822,0.04440546297701076,0.09278180997353047,0.010452463990077376,1.0,0.0,3.626767220620188,3.626767158508301,0.0,0.0,0.0
PLAIN_FM,4,28,1.0,0.0,-0.007166250041776442,0.0,0.15141860809326158,0.8612525463104248,0.2018190910956391,3.545308244137483,1.6363341153854072,0.03577702040317828,35.77702040317828,6417.397921015046,0.12502401681256287,0.45012176534554754,0.07048839598428458,0.04455831699306145,0.0,0.0,0.0,0.0,0.0,0.0,0.0,0.0,1.0
ORIGINAL_SAFEFLOWMPC,4,28,0.0,0.0,0.12477101962376583,0.0,0.0,0.0,1.0937210500913497,2.156455528345965,0.5525178481224777,0.025469501284874185,25.469501284874184,351.12252010722216,0.5333526383956154,1.6251492555805742,0.18839289399329573,0.047379120951518416,0.03897054906701669,0.029132482944987714,7.0,0.0,17.954284250249806,2.95088267326355,0.0,0.0,0.0
POV_L05_ALWAYS,4,28,0.0,0.0,0.01611138082246183,0.0,0.0535978492736815,0.0,0.14543209457613884,2.9948923678832906,1.6262377197317808,0.03109795445762087,31.097954457620872,2321.1037124965915,0.3759326161759893,1.0690079174527596,1.6022173240198754,0.04925737308803946,1.4726900719106197,0.1574837031075731,7.0,0.0,24.38436887281808,1.9285310506820679,0.0,0.0,0.0
POV_L05_ADAPTIVE,4,28,0.0,0.0,0.014508141048652445,0.0,0.05005018081665025,0.0,0.14442656362309658,3.0087693804509246,1.6332709136111263,0.0316746575982883,31.674657598288306,2357.231732395176,0.37075548789146096,1.0566214980223003,1.6108302779612131,0.04943973507033661,1.4802588900201954,0.15985655703116208,7.0,0.0,24.85491432310408,1.9012268781661987,0.0,1.0,0.0
POV_L025_ADAPTIVE,4,28,0.0,0.0,0.010807228618504527,0.0,0.08445755805969224,0.0,0.17375259622248931,3.21348053721271,1.611166396342211,0.029475825785151566,29.475825785151564,3704.8018979449366,0.22897868711843816,0.7328999770512161,1.6076191119500436,0.04951266903663054,1.4772361190407537,0.15677602391224355,7.0,0.0,25.493593151274595,1.0967649221420288,0.0,1.0,0.0
GOAL_AWARE_FINAL_PROJECTION,4,28,0.0,0.0,0.04790466219632433,0.0,0.0019313510894773955,0.0,0.22738265798182863,2.6719651373087654,1.5925487850091848,0.0307633090116287,30.763309011628703,542.8031210143582,0.6234764601506276,1.6004017946055522,0.1750474839936942,0.044528704951517284,0.0933642850141041,0.01060690701706335,1.0,0.0,3.204255672590587,3.2042555809020996,0.0,0.0,0.0
PLAIN_FM,4,29,1.0,0.0,-0.0073988287696328675,0.0,0.40083931055068955,1.552758812904358,0.2805520865656443,3.382386705642702,1.567841736248971,0.05250101607526049,52.50101607526049,12238.643431250988,0.10906914205324014,0.49898855953561394,0.07042124401777983,0.04438111209310591,0.0,0.0,0.0,0.0,0.0,0.0,0.0,0.0,1.0
ORIGINAL_SAFEFLOWMPC,4,29,0.0,0.0,0.12158826937628409,0.0,0.0,0.0,1.0936185123885427,2.1227010076779327,0.5470923924145575,0.024646960866322842,24.646960866322843,338.3107909020411,0.5448237858306384,1.6354426143803509,0.18896929803304374,0.04745833302149549,0.03920364595251158,0.02927182597341016,7.0,0.0,17.15694294818196,2.5736496448516846,0.0,0.0,0.0
POV_L05_ALWAYS,4,29,0.0,0.0,0.005372858810543224,0.0,0.16825244989395127,0.0,0.2469517106885277,2.7015639685519597,1.5067726983698637,0.03932279223539477,39.32279223539477,6285.222065453268,0.4704516389245544,1.3026115363698267,1.7939719900023192,0.04927943996153772,1.6635604139883071,0.17815790593158454,7.0,0.0,21.732976145176217,2.0741822719573975,0.0,0.0,0.0
POV_L05_ADAPTIVE,4,29,0.0,0.0,0.014996186623700475,0.0,0.08279488649368272,0.0,0.2467403021801406,2.554969181483501,1.467946337456556,0.02965153637880337,29.651536378803367,5178.969337429276,0.5800541087297324,1.473036450803691,1.7994646910228767,0.05000725097488612,1.6680775510612875,0.1798445398453623,7.0,0.0,23.330177855474247,2.614180326461792,0.0,1.0,0.0
POV_L025_ADAPTIVE,4,29,0.0,0.0,0.005351133346863823,0.0,0.2578447875022887,0.2378430962562561,0.24039411718192755,3.0470347761664662,1.5513413208457953,0.04327966315512194,43.27966315512194,8587.418622483061,0.29140507218076817,0.8492376958515448,1.7051053079776466,0.05099439591867849,1.57323734392412,0.16853044409072027,7.0,0.0,22.373766115636233,1.1463316679000854,0.0,1.0,0.0
GOAL_AWARE_FINAL_PROJECTION,4,29,0.0,0.0,0.026451102220285322,0.0,0.0,0.0,0.20701438221167107,2.777538371610902,1.6616536920980787,0.04178670989861803,41.786709898618035,703.3784742132343,0.6594383294737692,1.68889748382999,0.17484356800559908,0.044699911086354405,0.09327013196889311,0.01064723898889497,1.0,0.0,3.095285475677175,3.095285415649414,0.0,0.0,0.0
PLAIN_FM,4,30,1.0,0.0,-0.02053418137713127,0.0,0.2054835971832274,1.5272748470306396,0.26140600953259774,3.441091767884564,1.598866171198022,0.0380845092990276,38.084509299027594,6836.8930633082855,0.08646870156232528,0.45879354641511355,0.07037690305151045,0.044570017023943365,0.0,0.0,0.0,0.0,0.0,0.0,0.0,0.0,1.0
ORIGINAL_SAFEFLOWMPC,4,30,0.0,0.0,0.121289526565032,0.0,0.0,0.0,1.0932567984208281,2.1504046257279943,0.5483555212713019,0.025319140218078268,25.319140218078264,348.9621441707932,0.5340463872567793,1.6181969595132433,0.18842350301565602,0.04744813195429742,0.0390948539134115,0.02917731594061479,7.0,0.0,15.850856829738653,2.5368285179138184,0.0,0.0,0.0
POV_L05_ALWAYS,4,30,0.0,0.0,0.008912950995885432,0.0,0.023423891925811624,0.0,0.2135805520233229,2.7370982560520996,1.5517825958596956,0.024839103506191756,24.839103506191762,2055.5458288386453,0.5097413804401153,1.300819395371618,1.2394382830243558,0.049247678951360285,1.109828298096545,0.12127715605311096,7.0,0.0,27.721332438214127,2.336237668991089,0.0,0.0,0.0
POV_L05_ADAPTIVE,4,30,0.0,0.0,0.0057087343468600615,0.0,0.03510908451080308,0.0,0.20514745044720664,2.788192922524463,1.5573646498060676,0.026765102073103286,26.76510207310329,2118.1715513907684,0.5005751512257013,1.2572140503091314,1.2369477769825608,0.049348761967848986,1.1074374560266733,0.12042928405571729,7.0,0.0,29.89410195537389,2.282761573791504,0.0,1.0,0.0
POV_L025_ADAPTIVE,4,30,1.0,0.0,-0.0060943444379775585,0.0,0.12266622152328477,0.7772397994995117,0.21805581641234692,3.143978822444994,1.6023491176172164,0.0318473207808363,31.8473207808363,4102.726449734951,0.24753428124370275,0.7591325831290925,1.4205894530168734,0.04949679592391476,1.2907958069699816,0.14011322805890813,7.0,0.0,30.105599395632208,1.0187220573425293,0.0,1.0,0.0
GOAL_AWARE_FINAL_PROJECTION,4,30,1.0,0.0,-0.012040605276397678,0.0,0.0027184304237364287,0.0,0.21684901432105275,2.929160568845704,1.7579212026514932,0.050271760735993765,50.271760735993766,872.9102127210774,0.5855819690927673,1.5571286883831532,0.1745021989918314,0.04446493595605716,0.09299332497175783,0.010439603996928781,1.0,0.0,2.8658788879850277,2.8658788204193115,0.0,0.0,0.0
PLAIN_FM,4,31,1.0,0.0,-0.027399160688772684,0.0,0.2979058143138884,0.03469705581665039,0.2177805590137626,3.541454402291851,1.6812994500738339,0.03299445290897521,32.99445290897521,5629.963159417018,0.09859968283117376,0.4849055785677919,0.07067702000495046,0.0446465821005404,0.0,0.0,0.0,0.0,0.0,0.0,0.0,0.0,1.0
ORIGINAL_SAFEFLOWMPC,4,31,0.0,0.0,0.1256147519749221,0.0,0.0,0.0,1.0961397340016505,2.1273436590230776,0.5507293853456293,0.02472308525065721,24.72308525065721,338.6899614155254,0.544264581954705,1.6451374343639413,0.1888047640095465,0.047427402052562684,0.03909902513260022,0.02912600402487442,7.0,0.0,17.129314886151924,2.8883652687072754,0.0,0.0,0.0
POV_L05_ALWAYS,4,31,0.0,0.0,0.014154756434282711,0.0,0.0891740736007689,0.0,0.14674346917699588,2.9921658409719765,1.642733590181093,0.029285798618722103,29.2857986187221,1793.7895731541416,0.3860288871778353,1.0802226913068045,1.4238930479623377,0.04917922703316435,1.294183923106175,0.138009675021749,7.0,0.0,23.405224092225616,1.9915803670883179,0.0,0.0,0.0
POV_L05_ADAPTIVE,4,31,0.0,0.0,0.01302618006049007,0.0,0.07173137035369859,0.0,0.16698954488936657,2.8928658515506513,1.6110047287839997,0.026140263645127657,26.14026364512766,1798.2039943806221,0.44515764352753573,1.1950891075647472,1.4179065210046247,0.04908485698979348,1.2885466450243257,0.13761168392375112,7.0,0.0,25.454705533844773,2.284644603729248,0.0,1.0,0.0
POV_L025_ADAPTIVE,4,31,1.0,0.0,-0.002931744528990518,0.0,0.17790035572051988,0.0,0.1826290475624888,3.2278387013297154,1.6565237705795302,0.028214670423863684,28.21467042386368,3271.9215433058457,0.2146039794518719,0.7324718659115993,1.3331250890041701,0.04921998793724924,1.2032305899774656,0.12959154311101884,7.0,0.0,23.277673029152524,1.0687564611434937,0.0,1.0,0.0
GOAL_AWARE_FINAL_PROJECTION,4,31,0.0,0.0,0.030832634282927027,0.0,0.004507761859893655,0.0,0.2160824913009521,2.8982473206904245,1.7043003039987978,0.046166568030604496,46.166568030604495,768.1046873956394,0.5737507928608839,1.5140869916784623,0.17440395499579608,0.04451743501704186,0.09278238902334124,0.010439213016070426,1.0,0.0,2.945293413582782,2.945293426513672,0.0,0.0,0.0
PLAIN_FM,5,0,0.0,0.0,0.12957097332088224,0.0,0.0,0.0,1.022117422700205,1.1164828773471513,0.6803267121456349,0.017545730807246862,17.545730807246862,4111.026188510803,0.0906913099653544,1.3879079496764932,0.07057595800142735,0.044570386060513556,0.0,0.0,0.0,0.0,0.0,0.0,0.0,0.0,1.0
ORIGINAL_SAFEFLOWMPC,5,0,0.0,0.0,0.17151232322352336,0.0,0.0,0.0,1.1294446157551168,0.7159499425563742,0.3403441961320636,0.002629031218106981,2.629031218106981,35.40538481718869,0.10643191069997367,1.5099337459184676,0.18852509499993175,0.04757566505577415,0.038772905070800334,0.028891964990179986,7.0,0.0,14.415282788176416,0.6484297513961792,0.0,0.0,0.0
POV_L05_ALWAYS,5,0,0.0,0.0,0.07918962833975124,0.0,0.0,0.0,0.7382992356889577,0.995553546562533,0.4724647435212515,0.011456469112696377,11.456469112696377,1681.3811326356508,0.43197475583000494,1.1181613816586335,1.051419883966446,0.0491385068744421,0.9218977119890042,0.10048795194597915,7.0,0.0,29.123306032935755,2.3214762210845947,0.0,0.0,0.0
POV_L05_ADAPTIVE,5,0,0.0,0.0,0.12849629407568547,0.0,0.0,0.0,1.0149350598113105,1.0900685683496758,0.6652592827414832,0.01714100434245669,17.14100434245669,3957.8390934216222,0.08596676730101395,1.3677491612785122,0.749094859987963,0.04778533894568682,0.6443091160035692,0.07000929402420297,4.0,0.0,16.83461714822327,0.09720993787050247,0.0,0.5714285714285714,0.0
POV_L025_ADAPTIVE,5,0,0.0,0.0,0.12926037934027562,0.0,0.0,0.0,1.0187348521563533,1.1008926413634823,0.6715762243411662,0.017287225735888256,17.287225735888256,4012.1032710422,0.08713968810282896,1.3769259418263753,0.7502592090168037,0.04685763595625758,0.6464290809817612,0.07253102888353169,4.0,0.0,17.015820476073557,0.05297994986176491,0.0,0.5714285714285714,0.0
GOAL_AWARE_FINAL_PROJECTION,5,0,1.0,0.0,-0.041289057956968314,1.1642945185741382e-07,0.0,0.0,0.5554800272503729,1.5504379241548716,0.5949398655709458,0.022097100364636264,22.097100364636265,420.9986293772814,0.7801385938318064,1.5768434129019675,0.17295789800118655,0.043694712046999484,0.092401688976679,0.010435522999614477,1.0,0.0,4.292886594741909,4.292886734008789,0.0,0.0,0.0
PLAIN_FM,5,1,0.0,0.0,0.12050742472120246,0.0,0.0,0.9047162532806396,1.0450651345343036,1.156846975839974,0.7004637719845057,0.04215204332185518,42.15204332185519,12247.108248056727,0.10941835242591517,1.405498145135396,0.07045568397734314,0.04457806801656261,0.0,0.0,0.0,0.0,0.0,0.0,0.0,0.0,1.0
ORIGINAL_SAFEFLOWMPC,5,1,0.0,0.0,0.17151232322352336,0.0,0.0,0.0,1.131276402252665,0.7111699758132466,0.33919821317849796,0.002595077146892777,2.595077146892777,34.982494289081956,0.11292597288687613,1.512568440220065,0.18833943002391607,0.04741223307792097,0.03881544794421643,0.02893486787797883,7.0,0.0,15.889793412053987,0.70184326171875,0.0,0.0,0.0
POV_L05_ALWAYS,5,1,0.0,0.0,0.08188445545186382,0.0,0.0,0.0,0.7348320833404871,0.8554228214075867,0.5031205021881513,0.015402128023001005,15.402128023001007,3663.011764210288,0.38050374256162467,1.115992893856878,1.235702304984443,0.04891062912065536,1.1063616088940762,0.12138784013222903,7.0,0.0,25.35190873869542,2.054943561553955,0.0,0.0,0.0
POV_L05_ADAPTIVE,5,1,0.0,0.0,0.11334930015707417,0.0,0.0,0.0,1.0093629696035988,1.0941771720189157,0.6474718065684282,0.04811741561633287,48.11741561633287,14246.870656318224,0.11194473687211878,1.337765052120439,1.1349159259698354,0.049218358006328344,1.0130813179421239,0.11116491013672203,6.0,0.0,21.765290157376857,0.3949713408946991,0.0,0.8571428571428571,0.0
POV_L025_ADAPTIVE,5,1,0.0,0.0,0.09390237990001482,0.0,0.0,0.0,0.8820047238393455,0.8787778143877877,0.549739923668844,0.024484154822314252,24.484154822314252,7004.030706924791,0.22083720096346673,1.1793857815190825,1.3314013879862614,0.04865014203824103,1.2019142700592056,0.13075610611122102,7.0,0.0,25.808282407205105,1.1115766763687134,0.0,1.0,0.0
GOAL_AWARE_FINAL_PROJECTION,5,1,1.0,0.0,-0.04320710062807365,0.0,0.0,0.0,0.5196330179225187,1.356499640480755,0.6598216851483006,0.011880888329302806,11.880888329302806,235.64193937675032,0.7986003801318031,1.513981793014517,0.17546900204615667,0.045001988124568015,0.09297117299865931,0.010780902055557817,1.0,0.0,4.225900065619029,4.225900173187256,0.0,0.0,0.0
PLAIN_FM,5,2,0.0,0.0,0.12885557788941335,0.0,0.0,0.0,1.0336687510767517,1.0716581411983679,0.6536235858108681,0.01694439445479734,16.94439445479734,3996.3871920305046,0.08620262255488792,1.3893002013188587,0.07137966802110896,0.04508831998100504,0.0,0.0,0.0,0.0,0.0,0.0,0.0,0.0,1.0
ORIGINAL_SAFEFLOWMPC,5,2,0.0,0.0,0.17151232322352336,0.0,0.0,0.0,1.1273708126801654,0.7080158565232721,0.3364075073865562,0.0025681861639617054,2.5681861639617054,34.49238375878849,0.10636966352962364,1.499601661069093,0.190373293007724,0.047817741986364126,0.03933427104493603,0.029300448019057512,7.0,0.0,13.132788854404724,0.579705536365509,0.0,0.0,0.0
POV_L05_ALWAYS,5,2,0.0,0.0,0.08217037528724502,0.0,0.0,0.0,0.7441486908044084,0.9618383887367996,0.45331668676949793,0.0112561890478875,11.256189047887501,1790.606947222528,0.44004483514027837,1.1278224138273167,0.961107355018612,0.04906724387547001,0.8319956949562766,0.09371284197550267,7.0,0.0,29.519205597976075,2.27992582321167,0.0,0.0,0.0
POV_L05_ADAPTIVE,5,2,0.0,0.0,0.12743421779269298,0.0,0.0,0.0,1.0158250088557352,1.033043960945643,0.6295909303584326,0.017773985362460998,17.773985362460998,4231.128527263993,0.09647329537329985,1.3519286290399783,0.7599879310000688,0.04845982894767076,0.6466221950249746,0.07271647301968187,5.0,0.0,21.581562017144,0.20573586225509644,0.0,0.7142857142857143,0.0
POV_L025_ADAPTIVE,5,2,0.0,0.0,0.12868406291586,0.0,0.0,0.0,1.029415653944488,1.0589698069300126,0.6463014230111505,0.016818247200324876,16.818247200324876,3970.088298860119,0.08611647709530411,1.3789281980667796,0.6609022470074706,0.047133513959124684,0.5565796250011772,0.06247361499117687,4.0,0.0,18.968000524156665,0.05851082503795624,0.0,0.5714285714285714,0.0
GOAL_AWARE_FINAL_PROJECTION,5,2,1.0,0.0,-0.04042716564613226,1.1642945185741382e-07,0.0,0.0,0.5575915549628916,1.5483738731022982,0.6031818970045579,0.02195964202479277,21.95964202479277,415.00771189039017,0.7886411607827803,1.609063835402575,0.17289263603743166,0.04362915293313563,0.09246914001414552,0.010376651014667004,1.0,0.0,4.266452799326001,4.266453266143799,0.0,0.0,0.0
PLAIN_FM,5,3,0.0,0.0,0.11956509617451458,0.0,0.0,0.0,1.0067554564581673,1.0817916043803142,0.6568110565760475,0.016109130698293228,16.109130698293228,3548.538871274864,0.09432017604012172,1.3439951106261947,0.07043668400729075,0.04449093498988077,0.0,0.0,0.0,0.0,0.0,0.0,0.0,0.0,1.0
ORIGINAL_SAFEFLOWMPC,5,3,0.0,0.0,0.17151232322352336,0.0,0.0,0.0,1.1213912628453726,0.6930283264589336,0.3280261833628414,0.0024751017983097867,2.4751017983097867,33.63179419784146,0.1209532651164217,1.5076545215594876,0.18903251696610823,0.04737297905376181,0.03902420093072578,0.029057119973003864,7.0,0.0,14.403199703949365,0.7122309803962708,0.0,0.0,0.0
POV_L05_ALWAYS,5,3,0.0,0.0,0.07796013031528243,0.0,0.0,0.0,0.7261147854794777,0.7639579046282255,0.4770910185341723,0.011171653745566168,11.171653745566168,2351.6033769756646,0.3577289744046572,1.0013440772233815,1.2404822849784978,0.04924762004520744,1.1107807410880923,0.12387827201746404,7.0,0.0,30.694306155688505,1.8856475353240967,0.0,0.0,0.0
POV_L05_ADAPTIVE,5,3,0.0,0.0,0.07796013031528243,0.0,0.0,0.0,0.7261147854794777,0.7639579046282255,0.4770910185341723,0.011171653745566168,11.171653745566168,2351.6033769756646,0.3577289744046572,1.0013440772233815,1.2353683589608409,0.04911224590614438,1.1059197419090196,0.12347046990180388,7.0,0.0,30.694306155688505,1.8856475353240967,0.0,1.0,0.0
POV_L025_ADAPTIVE,5,3,0.0,0.0,0.11788590892156983,0.0,0.0,0.0,0.9994317467334538,1.0559859780226712,0.6402133707076912,0.016762178490300705,16.762178490300705,3706.5628525789757,0.0956592070497707,1.3237323538890646,1.03367910097586,0.04832257516682148,0.9207278039539233,0.10273467778461054,5.0,0.0,19.880646362830014,0.10324928909540176,0.0,0.7142857142857143,0.0
GOAL_AWARE_FINAL_PROJECTION,5,3,1.0,0.0,-0.0310591152818536,1.1642945185741382e-07,0.0,0.0,0.5688952134421649,1.4692874804088025,0.5647116645358726,0.02041080792723649,20.41080792723649,393.3032101314808,0.747476189763193,1.5021481293808596,0.1726547079742886,0.043663113145157695,0.09212023002328351,0.010012853017542511,1.0,0.0,4.097367300671104,4.097367286682129,0.0,0.0,0.0
PLAIN_FM,5,4,0.0,0.0,0.12002174603988203,0.0,0.0,0.0,1.0186488474379949,1.1156055301634478,0.6657330090138256,0.024067912260905544,24.067912260905548,5853.926269629373,0.09426867265377828,1.3693979545731974,0.07033132005017251,0.04433770989999175,0.0,0.0,0.0,0.0,0.0,0.0,0.0,0.0,1.0
ORIGINAL_SAFEFLOWMPC,5,4,0.0,0.0,0.17151232322352336,0.0,0.0,0.0,1.1272366811192516,0.7049808559206802,0.32888349271427775,0.002551711365254228,2.551711365254228,34.428290446353316,0.11030615805235786,1.5072172524870355,0.1898231270024553,0.04727563704364002,0.04013928002677858,0.030199781118426472,7.0,0.0,15.305067743229747,0.6893066763877869,0.0,0.0,0.0
POV_L05_ALWAYS,5,4,0.0,0.0,0.07947219234774294,0.0,0.0,0.0,0.737553969221308,0.9411073914235164,0.4553129352200156,0.013217861986901225,13.217861986901225,2708.1717196497434,0.4224807470692832,1.1089518472937325,1.2359536429867148,0.04903896391624585,1.1066583900828846,0.12141622602939606,7.0,0.0,30.662826618474686,2.225649833679199,0.0,0.0,0.0
POV_L05_ADAPTIVE,5,4,0.0,0.0,0.11265469125851815,0.0,0.0,0.0,0.9825690594365212,1.0537749769486071,0.6298602316577201,0.03795933680942021,37.959336809420215,10525.802594684297,0.13308505168767212,1.2771021677388243,1.1382200740044937,0.04913515591761097,1.0161906910361722,0.11124408902833238,6.0,0.0,26.954764599227122,0.47147879004478455,0.0,0.8571428571428571,0.0
POV_L025_ADAPTIVE,5,4,0.0,0.0,0.11728964007691633,0.0,0.0,0.0,1.0031060854623735,1.0689191789173924,0.6380336558471507,0.025402173859962573,25.402173859962573,6361.329757235002,0.09917571646538059,1.3270126968545015,1.045977009984199,0.04844455805141479,0.924758436914999,0.10350419796304777,6.0,0.0,28.85462282211351,0.23040278255939484,0.0,0.8571428571428571,0.0
GOAL_AWARE_FINAL_PROJECTION,5,4,1.0,0.0,-0.044561012439144065,1.1642945185741382e-07,0.0,0.0,0.5705129352818663,1.5593484533418926,0.5740758756480219,0.022031231941184587,22.031231941184586,414.86471612592624,0.7900566520162269,1.5844562586755544,0.17228460800834,0.043833976960740983,0.09157866600435227,0.009418055997230113,1.0,0.0,4.30590794978587,4.305908203125,0.0,0.0,0.0
PLAIN_FM,5,5,0.0,0.0,0.12506265262684443,0.0,0.0,0.0,1.024111589195384,1.1134464589320625,0.6794110244132979,0.028927031792266078,28.92703179226608,7491.359719395606,0.0806604657728384,1.3826478225538388,0.07034157100133598,0.0443789700511843,0.0,0.0,0.0,0.0,0.0,0.0,0.0,0.0,1.0
ORIGINAL_SAFEFLOWMPC,5,5,0.0,0.0,0.17151232322352336,0.0,0.0,0.0,1.1376266065989176,0.6976282589925678,0.3415068965011877,0.00252117599555568,2.52117599555568,34.57646479523291,0.12571553471663932,1.5252129616387597,0.18849345296621323,0.04743698990205303,0.038840994937345386,0.028935587033629417,7.0,0.0,15.45759654210043,0.6349433064460754,0.0,0.0,0.0
POV_L05_ALWAYS,5,5,0.0,0.0,0.07660540709082111,0.0,0.0,0.0,0.7426290453049981,0.9332906399559668,0.47680111410664144,0.016187887416165836,16.187887416165836,3307.850651130817,0.4117473581213092,1.1065230006061775,1.235358014004305,0.04891024896642193,1.106391451030504,0.12287023098906502,7.0,0.0,27.93464617365312,2.165919780731201,0.0,0.0,0.0
POV_L05_ADAPTIVE,5,5,0.0,0.0,0.07660540709082111,0.0,0.0,0.0,0.7426290453049981,0.9332906399559668,0.47680111410664144,0.016187887416165836,16.187887416165836,3307.850651130817,0.4117473581213092,1.1065230006061775,1.2364526410237886,0.04912776598939672,1.107069577963557,0.12289898516610265,7.0,0.0,27.93464617365312,2.165919780731201,0.0,1.0,0.0
POV_L025_ADAPTIVE,5,5,0.0,0.0,0.0961699581976923,0.0,0.0,0.0,0.8730580604663489,0.8754902501014268,0.5419042322620913,0.01933266114226484,19.33266114226484,4775.870476742394,0.2283110922384073,1.159976032979252,1.331013115006499,0.04935841105179861,1.201093524985481,0.13101606705458835,7.0,0.0,25.57238754346453,1.1341241598129272,0.0,1.0,0.0
GOAL_AWARE_FINAL_PROJECTION,5,5,1.0,0.0,-0.031993394359815894,0.0,0.0,0.0,0.5619032291672613,1.4835890517028374,0.5734157719396322,0.02050659219446082,20.506592194460822,392.8934994777458,0.751823884153755,1.5117817367809625,0.17706303304294124,0.04516720905667171,0.09419804398203269,0.01066819904372096,1.0,0.0,4.072494227604298,4.072494029998779,0.0,0.0,0.0
PLAIN_FM,5,6,0.0,0.0,0.13137678208655726,0.0,0.0,0.5483579635620117,1.0551989008686762,1.0897883294912807,0.6756903938331393,0.026591382312920686,26.591382312920686,7245.565441021285,0.10036865705570959,1.3879844989543602,0.07139949803240597,0.045056788076180965,0.0,0.0,0.0,0.0,0.0,0.0,0.0,0.0,1.0
ORIGINAL_SAFEFLOWMPC,5,6,0.0,0.0,0.17151232322352336,0.0,0.0,0.0,1.2331798619555745,0.7442905016970137,0.4281954991183307,0.002936118026478418,2.936118026478418,46.20204538996475,0.17332995588561154,1.6084661163761298,0.18970229401020333,0.047776709077879786,0.0392218769993633,0.0291836530668661,7.0,0.0,14.801659003367947,0.7964283227920532,0.0,0.0,0.0
POV_L05_ALWAYS,5,6,0.0,0.0,0.0849837405100948,0.0,0.0,0.0,0.7451515808941199,0.9179309797422314,0.4621683841318797,0.012151421442598842,12.151421442598842,2189.4089592279674,0.40789323337030126,1.1003330258257966,1.1513641439960338,0.049260407977271825,1.0213691300014034,0.11268305702833459,7.0,0.0,26.7735125859199,2.193427562713623,0.0,0.0,0.0
POV_L05_ADAPTIVE,5,6,0.0,0.0,0.0849837405100948,0.0,0.0,0.0,0.7451515808941199,0.9179309797422314,0.4621683841318797,0.012151421442598842,12.151421442598842,2189.4089592279674,0.40789323337030126,1.1003330258257966,1.1468956059543416,0.049395502952393144,1.017002556938678,0.1117236329591833,7.0,0.0,26.7735125859199,2.193427562713623,0.0,1.0,0.0
POV_L025_ADAPTIVE,5,6,0.0,0.0,0.10406927567501448,0.0,0.0,0.0,0.8909234801379521,0.8236618899436179,0.5037774418749221,0.015104633871133366,15.104633871133366,3791.7653976637484,0.23312283357788605,1.1488885410952347,1.0559034050093032,0.04899725201539695,0.9268313250504434,0.10387673310469836,7.0,0.0,28.969422984006172,1.172949194908142,0.0,1.0,0.0
GOAL_AWARE_FINAL_PROJECTION,5,6,1.0,0.0,-0.050218179868934676,0.0,0.0,0.0,0.5430159765008252,1.5300187469443212,0.6568932576548122,0.022001153912433333,22.001153912433335,423.07616454202173,0.7838074568155933,1.591359881995286,0.1739645209745504,0.04430296894861385,0.09256545198149979,0.010435193020384759,1.0,0.0,4.298911335075772,4.298911094665527,0.0,0.0,0.0
PLAIN_FM,5,7,0.0,0.0,0.12067860612920084,0.0,0.0,1.5700232982635498,1.011406730825788,1.131606928041124,0.6934784162688625,0.03888610385704361,38.88610385704361,10488.130298858157,0.09802681047335225,1.3800213287044023,0.07022148702526465,0.044281777925789356,0.0,0.0,0.0,0.0,0.0,0.0,0.0,0.0,1.0
ORIGINAL_SAFEFLOWMPC,5,7,0.0,0.0,0.17151232322352336,0.0,0.0,0.0,1.1236939025294403,0.7064868066273707,0.3357013799969678,0.0025603150936817087,2.5603150936817087,34.48838371857832,0.11083185517612265,1.5031603691695847,0.18830714601790532,0.04732325696386397,0.03888755600200966,0.02896998799405992,7.0,0.0,15.310198688512482,0.7076396346092224,0.0,0.0,0.0
POV_L05_ALWAYS,5,7,0.0,0.0,0.07525133199858414,0.0,0.0,0.0,0.730759047055277,0.9598488932253529,0.5272322576059751,0.02134679168038489,21.346791680384893,5035.746732067326,0.4054813748426156,1.1076685500452172,1.4365434810169972,0.05073539796285331,1.305177025089506,0.1456007318920456,7.0,0.0,27.628717535969265,2.1467244625091553,0.0,0.0,0.0
POV_L05_ADAPTIVE,5,7,0.0,0.0,0.07525133199858414,0.0,0.0,0.0,0.730759047055277,0.9598488932253529,0.5272322576059751,0.02134679168038489,21.346791680384893,5035.746732067326,0.4054813748426156,1.1076685500452172,1.424438733025454,0.05150128697277978,1.2926828759373166,0.14370919996872544,7.0,0.0,27.628717535969265,2.1467244625091553,0.0,1.0,0.0
POV_L025_ADAPTIVE,5,7,0.0,0.0,0.09418769237614447,0.0,0.0,0.5633902549743652,0.8673616559874885,0.9065835903907966,0.5741968126986623,0.027181814325133224,27.181814325133224,7157.3656042454895,0.22786068174772248,1.1539765246482228,1.3321313069900498,0.05170047399587929,1.2003476200043224,0.133217744063586,7.0,0.0,27.806303650456474,1.1350548267364502,0.0,1.0,0.0
GOAL_AWARE_FINAL_PROJECTION,5,7,1.0,0.0,-0.028152659936615823,0.0,0.0,0.0,0.5495183441966972,1.418298624616691,0.5859037428422281,0.018884735943989886,18.884735943989888,365.3726148423992,0.726593192139406,1.4640734058388643,0.17470056097954512,0.04483851295663044,0.09282169700600207,0.01058851700508967,1.0,0.0,3.9572180618351744,3.9572179317474365,0.0,0.0,0.0
PLAIN_FM,5,8,0.0,0.0,0.13226127258045572,0.0,0.0,0.0,1.0563640269119563,1.143354611595043,0.6981493207231017,0.02422673226453398,24.22673226453398,5708.10011694931,0.13175506948199328,1.3931919810340503,0.07065732800401747,0.04484626307385042,0.0,0.0,0.0,0.0,0.0,0.0,0.0,0.0,1.0
ORIGINAL_SAFEFLOWMPC,5,8,0.0,0.0,0.17151232322352336,0.0,0.0,0.0,1.1372264795278424,0.7121341826986383,0.3436260211881615,0.00260358204881328,2.60358204881328,35.10607454328962,0.10703517111341741,1.5103207031094206,0.18914820801001042,0.048648952040821314,0.038745074009057134,0.02867712901206687,7.0,0.0,14.676060399696546,0.6950584053993225,0.0,0.0,0.0
POV_L05_ALWAYS,5,8,0.0,0.0,0.10151627145038974,0.0,0.0,0.0,0.7417492586267553,0.8266673295463254,0.4862980751332456,0.013091478939906809,13.091478939906807,2894.6748222990814,0.40559605165247037,1.0494137167455282,1.239251746039372,0.05125741002848372,1.1075486399349757,0.12183610803913325,7.0,0.0,27.73884467496359,2.0576670169830322,0.0,0.0,0.0
POV_L05_ADAPTIVE,5,8,0.0,0.0,0.10151627145038974,0.0,0.0,0.0,0.7417492586267553,0.8266673295463254,0.4862980751332456,0.013091478939906809,13.091478939906807,2894.6748222990814,0.40559605165247037,1.0494137167455282,1.2409001479973085,0.05104927299544215,1.1093922699801624,0.12201961502432823,7.0,0.0,27.73884467496359,2.0576670169830322,0.0,1.0,0.0
POV_L025_ADAPTIVE,5,8,0.0,0.0,0.12962872337986275,0.0,0.0,0.0,1.0380204381611855,1.0972336894203654,0.6699155836227969,0.02652335724448296,26.52335724448296,6734.785773870568,0.13794719034956687,1.3546687979521772,1.045257500023581,0.04964726703474298,0.9228956001461484,0.10088391893077642,6.0,0.0,23.8025152154549,0.21189002692699432,0.0,0.8571428571428571,0.0
GOAL_AWARE_FINAL_PROJECTION,5,8,1.0,0.0,-0.059063553285125775,1.1642945185741382e-07,0.0,0.0,0.5527190179767683,1.6352895066190654,0.6761245544547142,0.02340793816071581,23.407938160715812,439.4319350500896,0.8266634339139574,1.697849929688504,0.17334381397813559,0.04375908395741135,0.09244560799561441,0.010526135039981455,1.0,0.0,4.4546782325895,4.454678058624268,0.0,0.0,0.0
PLAIN_FM,5,9,0.0,0.0,0.14043157986084392,0.0,0.0,0.0,1.0438763916096945,1.0387363170264607,0.6427461930393862,0.01164575953047553,11.64575953047553,2297.5316525174703,0.07764887988688458,1.3991922719483345,0.07158204197185114,0.045135230058804154,0.0,0.0,0.0,0.0,0.0,0.0,0.0,0.0,1.0
ORIGINAL_SAFEFLOWMPC,5,9,0.0,0.0,0.17151232322352336,0.0,0.0,0.0,1.1229985789471828,0.6958340480044495,0.332899910284289,0.0024926145275774303,2.4926145275774303,33.78012481860537,0.11250474033638258,1.4986952583733146,0.1911472289939411,0.04804395488463342,0.0395059430738911,0.02940766903338954,7.0,0.0,11.151344776685747,0.46931853890419006,0.0,0.0,0.0
POV_L05_ALWAYS,5,9,0.0,0.0,0.08661901372975217,0.0,0.0,0.0,0.7439235567557532,0.923066274376746,0.44334557728836305,0.012380057344177242,12.380057344177244,2043.2566293971277,0.4282128535177238,1.143233535648053,1.1472942079999484,0.04913995403330773,1.0177545919432305,0.11117738805478439,7.0,0.0,30.884047687974576,2.1839656829833984,0.0,0.0,0.0
POV_L05_ADAPTIVE,5,9,0.0,0.0,0.13838001786793325,0.0,0.0,0.0,1.0296564329095041,1.0016715341856914,0.6184260228810575,0.015646848682536962,15.646848682536962,3361.913857144838,0.09710203790390545,1.3670289215201148,0.9515340180369094,0.04875140596413985,0.8370573830325156,0.09059623902430758,5.0,0.0,23.19189406959866,0.19233806431293488,0.0,0.7142857142857143,0.0
POV_L025_ADAPTIVE,5,9,0.0,0.0,0.139343918094248,0.0,0.0,0.0,1.0368873240929999,1.0197416956480585,0.6296717993361578,0.01262912461465504,12.62912461465504,2550.011955587905,0.08485353620967687,1.3847945275118514,0.9415838869754225,0.04748835205100477,0.8289900411036797,0.08890425600111485,5.0,0.0,20.564218196528696,0.09005711227655411,0.0,0.7142857142857143,0.0
GOAL_AWARE_FINAL_PROJECTION,5,9,1.0,0.0,-0.02690309170201627,1.1642945185741382e-07,0.0,0.0,0.5445394098774604,1.5040453747134266,0.5921184795820684,0.021063740303468866,21.06374030346887,401.21094435106124,0.7742644279213369,1.5909518564122929,0.17162523901788518,0.04355931788450107,0.09122797602321953,0.009416775952558964,1.0,0.0,4.136033527105437,4.136033535003662,0.0,0.0,0.0
PLAIN_FM,5,10,0.0,0.0,0.12736707763224725,0.0,0.0,0.0,1.0138863933437379,1.0904809662410313,0.6780003033806468,0.01772321143752187,17.72321143752187,4429.1205757503785,0.08942539588070322,1.3821667818093752,0.0716102430014871,0.045192082005087286,0.0,0.0,0.0,0.0,0.0,0.0,0.0,0.0,1.0
ORIGINAL_SAFEFLOWMPC,5,10,0.0,0.0,0.17151232322352336,0.0,0.0,0.0,1.1355249510912233,0.7197685538962265,0.3484569230309692,0.0026600338026128156,2.6600338026128156,35.91190377676412,0.1167557843323358,1.5227515607361524,0.19029253599001095,0.04778620897559449,0.03926753799896687,0.029205043043475598,7.0,0.0,13.004422393789971,0.6332036256790161,0.0,0.0,0.0
POV_L05_ALWAYS,5,10,0.0,0.0,0.07563238783295054,0.0,0.0,0.0,0.7361623801174637,1.0017601286155253,0.47692729584027,0.011552097058542987,11.552097058542987,2001.3744129476543,0.4355105601699008,1.1024298603309528,0.9631294489954598,0.048972050950396806,0.8337408640654758,0.09299060190096498,7.0,0.0,27.11509214376958,2.2737252712249756,0.0,0.0,0.0
POV_L05_ADAPTIVE,5,10,0.0,0.0,0.07563238783295054,0.0,0.0,0.0,0.7361623801174637,1.0017601286155253,0.47692729584027,0.011552097058542987,11.552097058542987,2001.3744129476543,0.4355105601699008,1.1024298603309528,0.9640868330025114,0.049301740946248174,0.8340627040015534,0.09305455285357311,7.0,0.0,27.11509214376958,2.2737252712249756,0.0,1.0,0.0
POV_L025_ADAPTIVE,5,10,0.0,0.0,0.12693876644504923,0.0,0.0,0.0,1.009620803302236,1.0780582677021902,0.67110865316464,0.01763300760821629,17.63300760821629,4420.069547175753,0.08790339592476087,1.3721484436892724,0.6602997779846191,0.04761794506339356,0.5550973379868083,0.06215195404365659,4.0,0.0,15.438405561045123,0.052641190588474274,0.0,0.5714285714285714,0.0
GOAL_AWARE_FINAL_PROJECTION,5,10,1.0,0.0,-0.03368707203058958,1.1642945185741382e-07,0.0,0.0,0.5586245630392792,1.5137662138639418,0.5687560247965614,0.02104268827123293,21.042688271232933,401.1802449099766,0.7593663986688126,1.508908193567307,0.17322549998061731,0.04368682100903243,0.0923914359882474,0.010378661972936243,1.0,0.0,4.124024240439706,4.124024391174316,0.0,0.0,0.0
PLAIN_FM,5,11,0.0,0.0,0.12414633673894798,0.0,0.0,0.0,1.0389437348363448,1.095945147372332,0.6704444468464524,0.024090072216807812,24.090072216807812,6634.55075813637,0.08778220732537623,1.3868349925024481,0.07049043400911614,0.0444062189781107,0.0,0.0,0.0,0.0,0.0,0.0,0.0,0.0,1.0
ORIGINAL_SAFEFLOWMPC,5,11,0.0,0.0,0.17151232322352336,0.0,0.0,0.0,1.1273531387863696,0.705245425872689,0.3390319261538371,0.002548315511329058,2.548315511329058,34.241003385826474,0.11612121162993405,1.5092748587628793,0.18862886301940307,0.047239864885341376,0.03882895701099187,0.028950049018021673,7.0,0.0,13.284197897549793,0.6041438579559326,0.0,0.0,0.0
POV_L05_ALWAYS,5,11,0.0,0.0,0.08089341907254688,0.0,0.0,0.0,0.7408832061661024,0.7270502482685833,0.4730734501409888,0.011203477730680866,11.203477730680866,2822.464356490251,0.38405291665897345,1.0083833212180198,1.1448110379860736,0.04918637603987008,1.0147810679627582,0.11321565200341865,7.0,0.0,30.249980234279597,1.9798649549484253,0.0,0.0,0.0
POV_L05_ADAPTIVE,5,11,0.0,0.0,0.08089341907254688,0.0,0.0,0.0,0.7408832061661024,0.7270502482685833,0.4730734501409888,0.011203477730680866,11.203477730680866,2822.464356490251,0.38405291665897345,1.0083833212180198,1.1435958659858443,0.04896879108855501,1.0139474180177785,0.11287881399039179,7.0,0.0,30.249980234279597,1.9798649549484253,0.0,1.0,0.0
POV_L025_ADAPTIVE,5,11,0.0,0.0,0.12158100991262441,0.0,0.0,0.0,1.0185064838664062,1.0526976324289834,0.6364023297444469,0.026172777033594663,26.172777033594663,7492.886528474508,0.09402326334768377,1.3449502565576439,1.139974660007283,0.049104142002761364,1.0176102500408888,0.11186446395004168,6.0,0.0,26.788365039508015,0.2038928121328354,0.0,0.8571428571428571,0.0
GOAL_AWARE_FINAL_PROJECTION,5,11,1.0,0.0,-0.03149164323962569,1.1642945185741382e-07,0.0,0.0,0.5496305705077874,1.386768846430019,0.6111397129644786,0.01860734465190096,18.607344651900963,365.98752444576144,0.7214824294286907,1.4496009990610152,0.17210710095241666,0.04377870401367545,0.09127405600156635,0.009425766998901963,1.0,0.0,3.9456001598818404,3.9456002712249756,0.0,0.0,0.0
PLAIN_FM,5,12,0.0,0.0,0.13352759275806877,0.0,0.0,0.0,1.0492554882105656,1.0856201191749169,0.6522166787634698,0.01853771639613022,18.53771639613022,4399.668772795361,0.09687233426015826,1.4030506430047995,0.07062150700949132,0.04449218505760655,0.0,0.0,0.0,0.0,0.0,0.0,0.0,0.0,1.0
ORIGINAL_SAFEFLOWMPC,5,12,0.0,0.0,0.17151232322352336,0.0,0.0,0.0,1.1277884000619134,0.7091673709727445,0.3391393030950503,0.002577797266691384,2.577797266691384,34.667527887943805,0.11186990917836945,1.5083800645759182,0.18925349897472188,0.04750761191826314,0.03896473004715517,0.02901999099412933,7.0,0.0,12.697528510194484,0.6387687921524048,0.0,0.0,0.0
POV_L05_ALWAYS,5,12,0.0,0.0,0.0837379655948628,0.0,0.0,0.0,0.7476459789985587,0.9726254168506678,0.47113135519552546,0.011412714367408316,11.412714367408316,2055.6457102200775,0.43803112627114604,1.142709905223046,1.0522475650068372,0.049086224171333015,0.9225978530594148,0.10344939498463646,7.0,0.0,28.70342618093603,2.3058629035949707,0.0,0.0,0.0
POV_L05_ADAPTIVE,5,12,0.0,0.0,0.13198535841077433,0.0,0.0,0.0,1.034499646580299,1.0451427111602554,0.628099984763601,0.01918865376607215,19.18865376607215,4769.737474920621,0.09740400021465935,1.371074000891559,0.8532245109672658,0.048722081002779305,0.7390817849664018,0.08283360488712788,5.0,0.0,20.662492513046043,0.1945819854736328,0.0,0.7142857142857143,0.0
POV_L025_ADAPTIVE,5,12,0.0,0.0,0.13262430411598453,0.0,0.0,0.0,1.0418054009384656,1.0653995064909287,0.6400468275750929,0.018292741213344677,18.292741213344677,4431.554434979202,0.09442273526808695,1.386852505363409,0.8663073030184023,0.048398466024082154,0.7515907320193946,0.08443583804182708,5.0,0.0,19.23600191367841,0.09485206753015518,0.0,0.7142857142857143,0.0
GOAL_AWARE_FINAL_PROJECTION,5,12,1.0,0.0,-0.04530462334694098,1.1642945185741382e-07,0.0,0.0,0.5452732376273285,1.5687723616944222,0.6231155724986583,0.02234831934874899,22.348319348748994,425.8354698757228,0.7917143431038436,1.6158527056330525,0.1737317030201666,0.04393672902369872,0.09249735897174105,0.010398162005003542,1.0,0.0,4.333299674500067,4.33329963684082,0.0,0.0,0.0
PLAIN_FM,5,13,0.0,0.0,0.12745007840998718,0.0,0.0,0.0,1.043334084162802,1.0769816991570154,0.6626184654248416,0.023291995851923986,23.291995851923986,6670.6103797084625,0.08746526114362514,1.3967351125599872,0.07071515900315717,0.04448325390694663,0.0,0.0,0.0,0.0,0.0,0.0,0.0,0.0,1.0
ORIGINAL_SAFEFLOWMPC,5,13,0.0,0.0,0.17151232322352336,0.0,0.0,0.0,1.1336902029941547,0.6980572475831281,0.33095122648406605,0.0025114680313294002,2.5114680313294,34.115982225824126,0.11147754406507399,1.5067801229325288,0.19199599098647013,0.04749687196454033,0.04134324990445748,0.03122267604339868,7.0,0.0,16.65556825338251,0.6001716256141663,0.0,0.0,0.0
POV_L05_ALWAYS,5,13,0.0,0.0,0.08608123062353912,0.0,0.0,0.0,0.7262019513909027,0.7096003495558457,0.4869130744462205,0.012856619135926728,12.85661913592673,3595.5598039492997,0.3905874237984195,1.0496196718019917,1.0690031709964387,0.04960751789622009,0.9377267480012961,0.1049574040225707,7.0,0.0,27.872556881173313,1.9493093490600586,0.0,0.0,0.0
POV_L05_ADAPTIVE,5,13,0.0,0.0,0.08608123062353912,0.0,0.0,0.0,0.7262019513909027,0.7096003495558457,0.4869130744462205,0.012856619135926728,12.85661913592673,3595.5598039492997,0.3905874237984195,1.0496196718019917,1.0534312030067667,0.04955882590729743,0.9234236339689232,0.10332886199466884,7.0,0.0,27.872556881173313,1.9493093490600586,0.0,1.0,0.0
POV_L025_ADAPTIVE,5,13,0.0,0.0,0.10027201676574607,0.0,0.0,0.0,0.8837981016639873,0.8479419210468049,0.5224121025801058,0.016510133943469896,16.510133943469896,4593.494922829322,0.24291395009424627,1.1705864105027095,1.0532346870168112,0.0490864320890978,0.9234631930594333,0.10272081498987973,7.0,0.0,27.909716286927914,1.1847522258758545,0.0,1.0,0.0
GOAL_AWARE_FINAL_PROJECTION,5,13,1.0,0.0,-0.044184235251326504,1.1642945185741382e-07,0.0,0.0,0.5583780215632226,1.5470710568051096,0.619974391602541,0.022096427375225706,22.096427375225705,420.6598596526987,0.7855923506612431,1.6076504825646656,0.17363032995490357,0.04445810301695019,0.09197184495860711,0.009879777964670211,1.0,0.0,4.255118592152208,4.2551188468933105,0.0,0.0,0.0
PLAIN_FM,5,14,0.0,0.0,0.1329804731903166,0.0,0.0,0.0,1.0442958947746432,1.06789544059692,0.6469307142423485,0.021968065970684236,21.968065970684236,5876.6174102621535,0.08220868336700622,1.3971959296716019,0.07074654998723418,0.044502572854980826,0.0,0.0,0.0,0.0,0.0,0.0,0.0,0.0,1.0
ORIGINAL_SAFEFLOWMPC,5,14,0.0,0.0,0.17151232322352336,0.0,0.0,0.0,1.1260154933681799,0.7071982089576238,0.33545565691168394,0.0025598025962096926,2.5598025962096926,34.32329824102354,0.1115798721651843,1.5050610057887175,0.18953396601136774,0.047516960941720754,0.03906944196205586,0.02908591995947063,7.0,0.0,12.53603747808018,0.5783288478851318,0.0,0.0,0.0
POV_L05_ALWAYS,5,14,0.0,0.0,0.0843547128968079,0.0,0.0,0.0,0.742562564260886,0.9204918859105539,0.4480765298938494,0.012491633660098644,12.491633660098644,2594.542820131496,0.43515975437273513,1.132077001748377,0.8715663269977085,0.049137975147459656,0.7416877010837197,0.08481055701849982,7.0,0.0,28.162597755046775,2.273907423019409,0.0,0.0,0.0
POV_L05_ADAPTIVE,5,14,0.0,0.0,0.13184967157726318,0.0,0.0,0.0,1.0306445330789429,1.035917894653847,0.6266052325305932,0.02176733285450272,21.76733285450272,5936.272978468081,0.08298313382558453,1.3715461820394519,0.5674659060314298,0.047696285939309746,0.4625597029225901,0.051966528058983386,4.0,0.0,16.113946752868195,0.15291868150234222,0.0,0.5714285714285714,0.0
POV_L025_ADAPTIVE,5,14,0.0,0.0,0.1323796424669321,0.0,0.0,0.0,1.0355814044704899,1.0464076731801293,0.6341517021900748,0.021360473226779142,21.360473226779142,5770.476907916589,0.0808129105520529,1.3805256633293232,0.6685751499608159,0.04785139003070071,0.5557574890553951,0.06255203508771956,5.0,0.0,20.391225658351402,0.10145992040634155,0.0,0.7142857142857143,0.0
GOAL_AWARE_FINAL_PROJECTION,5,14,1.0,0.0,-0.03712901222488804,0.0,0.0,0.0,0.5487895511481695,1.5262476151268558,0.6120915657988458,0.021675293041933424,21.675293041933426,412.7958787878056,0.7809003813218065,1.6047225680708064,0.17353553703287616,0.0438474269467406,0.09258152003167197,0.010359250998590142,1.0,0.0,4.256923370199764,4.256923198699951,0.0,0.0,0.0
PLAIN_FM,5,15,0.0,0.0,0.12475338578692405,0.0,0.0,0.0,1.0097927349631268,1.0957450424609099,0.6997088622556523,0.025226998378444776,25.226998378444776,6771.982145466992,0.08598495340997601,1.351080360867846,0.07060732605168596,0.04455314500955865,0.0,0.0,0.0,0.0,0.0,0.0,0.0,0.0,1.0
ORIGINAL_SAFEFLOWMPC,5,15,0.0,0.0,0.17151232322352336,0.0,0.0,0.0,1.1257437525259881,0.6989887161410175,0.33551944974943154,0.0025085137530940216,2.5085137530940216,33.8266290771827,0.11426065791792082,1.5031263888830635,0.18895780004095286,0.04747382301138714,0.03890709806000814,0.029006388038396835,7.0,0.0,13.654123710960038,0.6155626177787781,0.0,0.0,0.0
POV_L05_ALWAYS,5,15,0.0,0.0,0.08601208128701904,0.0,0.0,0.0,0.7091582295832498,0.6735065031485179,0.4292520894554253,0.017059505180259116,17.05950518025912,5033.4617832572085,0.39038027726440294,1.063014041868933,1.3353876210167073,0.049316087912302464,1.2048989909235388,0.1315485099912621,7.0,0.0,30.52807741271547,1.9383090734481812,0.0,0.0,0.0
POV_L05_ADAPTIVE,5,15,0.0,0.0,0.08601208128701904,0.0,0.0,0.0,0.7091582295832498,0.6735065031485179,0.4292520894554253,0.017059505180259116,17.05950518025912,5033.4617832572085,0.39038027726440294,1.063014041868933,1.3328290639910847,0.049211277917493135,1.2026501200161874,0.13059658504789695,7.0,0.0,30.52807741271547,1.9383090734481812,0.0,1.0,0.0
POV_L025_ADAPTIVE,5,15,0.0,0.0,0.12489496469906308,0.0,0.0,0.0,0.997692986954142,1.0605844738151704,0.6695349547864976,0.03316020496802086,33.16020496802086,9452.2319864212,0.1033347696741736,1.3125694177071037,1.320274955010973,0.04907614504918456,1.1978336549946107,0.12765833997400478,6.0,0.0,29.744075086536114,0.22817714512348175,0.0,0.8571428571428571,0.0
GOAL_AWARE_FINAL_PROJECTION,5,15,1.0,0.0,-0.02230773093883779,1.1642945185741382e-07,0.0,0.0,0.5667720307658055,1.493726276854263,0.5609949678313529,0.021080891190128674,21.08089119012868,405.8651068803995,0.755020857765077,1.5239061031070507,0.17317423800705,0.04368443402927369,0.0923393529956229,0.010373311000876129,1.0,0.0,4.08251038571171,4.082510471343994,0.0,0.0,0.0
PLAIN_FM,5,16,0.0,0.0,0.13919052849147426,0.0,0.0,0.0,1.0682793121791567,1.0822743568308646,0.6552415359076245,0.020892055243454166,20.892055243454166,5368.343948950649,0.09767876874563142,1.4101907662987312,0.07042666099732742,0.044410900969523937,0.0,0.0,0.0,0.0,0.0,0.0,0.0,0.0,1.0
ORIGINAL_SAFEFLOWMPC,5,16,0.0,0.0,0.17151232322352336,0.0,0.0,0.0,1.237128728403539,0.7644923248227425,0.4343977085480025,0.0031241624599482876,3.1241624599482876,49.748529264004304,0.1710164090110066,1.6084731631330729,0.1889124679728411,0.04747555096400902,0.03892563906265423,0.029020299087278545,7.0,0.0,14.63181788856367,0.7438173294067383,0.0,0.0,0.0
POV_L05_ALWAYS,5,16,0.0,0.0,0.08508046330116137,0.0,0.0,0.0,0.7500924931690182,0.9387162628329218,0.4464170577496258,0.012969071448904357,12.969071448904357,2581.277196222698,0.42358049046631285,1.1273129719527357,1.0565831999992952,0.04911961598554626,0.9262944138608873,0.10197337705176324,7.0,0.0,29.025016348508483,2.2360990047454834,0.0,0.0,0.0
POV_L05_ADAPTIVE,5,16,0.0,0.0,0.13864794448384188,0.0,0.0,0.0,1.0489574268463668,1.037408432038241,0.6195173129905673,0.02186732399069946,21.86732399069946,5728.148375673126,0.09788584538265027,1.3723024385729343,0.856447517988272,0.04892107908381149,0.7418779419967905,0.0837220199755393,5.0,0.0,21.177638501524612,0.20634788274765015,0.0,0.7142857142857143,0.0
POV_L025_ADAPTIVE,5,16,0.0,0.0,0.1388513144753684,0.0,0.0,0.0,1.0589569281620494,1.0560964975209752,0.6362074216918328,0.020637564179017076,20.637564179017076,5343.538307350572,0.09471506887200035,1.389760873733887,0.7629408229840919,0.048248411039821804,0.6496018711477518,0.07390378194395453,5.0,0.0,19.348243636856914,0.10122107714414597,0.0,0.7142857142857143,0.0
GOAL_AWARE_FINAL_PROJECTION,5,16,1.0,0.0,-0.050077887843093666,0.0,0.0,0.0,0.5321164441882301,1.5509229453264262,0.644015864140727,0.020863578119149156,20.863578119149157,390.97942351223855,0.7946494973808295,1.6105977076164883,0.1740955809946172,0.043776303937193006,0.09315994498319924,0.010645448986906558,1.0,0.0,4.317696083636244,4.3176960945129395,0.0,0.0,0.0
PLAIN_FM,5,17,0.0,0.0,0.12144912194861254,0.0,0.0,0.0,1.0258935880358655,1.11435410123244,0.669572049098134,0.02916878576394044,29.16878576394044,8014.121242484506,0.08853324717557644,1.3873034648345668,0.07096257497323677,0.044844610965810716,0.0,0.0,0.0,0.0,0.0,0.0,0.0,0.0,1.0
ORIGINAL_SAFEFLOWMPC,5,17,0.0,0.0,0.17151232322352336,0.0,0.0,0.0,1.1238273949623994,0.713231930819339,0.3374292490557083,0.0025941728434757394,2.5941728434757394,34.56098004184227,0.11254296268234432,1.503499783306567,0.19039662601426244,0.04803658294258639,0.03929641790455207,0.029204753984231502,7.0,0.0,12.569998021495357,0.6261677742004395,0.0,0.0,0.0
POV_L05_ALWAYS,5,17,0.0,0.0,0.07701884097448025,0.0,0.0,0.0,0.7428370049202282,0.9436552271282515,0.45619371917564955,0.012521438508246163,12.521438508246163,2477.1110516270232,0.41312111234780535,1.1099459490488623,1.1540383149986155,0.04965713695855811,1.023268164950423,0.1135322759510018,7.0,0.0,27.195724196331483,2.2696311473846436,0.0,0.0,0.0
POV_L05_ADAPTIVE,5,17,0.0,0.0,0.11968943366871432,0.0,0.0,0.0,1.0100374638621201,1.0642213212377376,0.6475474242253995,0.026221080542408792,26.221080542408796,7144.720355977173,0.07872736831248082,1.3555429535600598,0.9500617029843852,0.04902643198147416,0.8355476899305359,0.0921143478481099,5.0,0.0,19.208704347030896,0.18061953783035278,0.0,0.7142857142857143,0.0
POV_L025_ADAPTIVE,5,17,0.0,0.0,0.1198725688755452,0.0,0.0,0.0,1.0067840092901355,1.0588699858736381,0.6430657414868693,0.026518639180015846,26.518639180015846,7286.137122266024,0.07816184917846161,1.3466568481125445,1.0489055460202508,0.04875342402374372,0.9269355980795808,0.10152475308859721,6.0,0.0,24.270749709793524,0.21104277670383453,0.0,0.8571428571428571,0.0
GOAL_AWARE_FINAL_PROJECTION,5,17,1.0,0.0,-0.03717699333723655,1.1642945185741382e-07,0.0,0.0,0.5611722969262041,1.504692783694016,0.5899258712901909,0.021358358071926042,21.358358071926048,409.4469846267071,0.7637294623792663,1.5497473621480107,0.1740194679587148,0.04402441211277619,0.09280643600504845,0.010501255048438907,1.0,0.0,4.24685028330857,4.246850490570068,0.0,0.0,0.0
PLAIN_FM,5,18,0.0,0.0,0.13636715478625072,0.0,0.0,0.0,1.0539572210563113,1.056125524813487,0.628518225381057,0.022638772103336535,22.638772103336535,6113.155845956975,0.08842161031262774,1.3979164465335794,0.07071668800199404,0.04471180896507576,0.0,0.0,0.0,0.0,0.0,0.0,0.0,0.0,1.0
ORIGINAL_SAFEFLOWMPC,5,18,0.0,0.0,0.17151232322352336,0.0,0.0,0.0,1.124838547435585,0.7115521518742279,0.3389711813966362,0.002593331800994747,2.593331800994747,34.83830821844336,0.1126196816987705,1.5087093203711939,0.18970662902574986,0.04765940603101626,0.03907682100543752,0.029112631862517446,7.0,0.0,13.993704645244865,0.6523064374923706,0.0,0.0,0.0
POV_L05_ALWAYS,5,18,0.0,0.0,0.0843228796735151,0.0,0.0,0.0,0.7428663359975041,0.9225102445423601,0.43967068115631897,0.01162553619065232,11.62553619065232,2265.843306325532,0.41479659789188017,1.1279774336999446,1.1492033260292374,0.04938412207411602,1.0190145330270752,0.11357358802342787,7.0,0.0,24.98465465263478,2.2914085388183594,0.0,0.0,0.0
POV_L05_ADAPTIVE,5,18,0.0,0.0,0.13014486444530848,0.0,0.0,0.0,1.0102873332601763,0.9799987166057261,0.5637790257713842,0.030633152450513457,30.633152450513457,8792.30701956555,0.10728839978816415,1.3090317354738936,1.0569450039765798,0.04993226192891598,0.933012466004584,0.10401203797664493,6.0,0.0,21.1357990963428,0.4240974485874176,0.0,0.8571428571428571,0.0
POV_L025_ADAPTIVE,5,18,0.0,0.0,0.1342072367766707,0.0,0.0,0.0,1.0325512139277304,1.0120270958935866,0.5991528949027028,0.02303150972838086,23.03150972838086,6316.8544780335615,0.08345765635981628,1.357140008294491,1.1408859569928609,0.04890776803949848,1.018673914077226,0.11199648707406595,6.0,0.0,21.041547442750215,0.20557577908039093,0.0,0.8571428571428571,0.0
GOAL_AWARE_FINAL_PROJECTION,5,18,1.0,0.0,-0.038944916914464264,1.1642945185741382e-07,0.0,0.0,0.5396031834201399,1.5331399603459226,0.6368175202671439,0.022003583801787872,22.003583801787876,423.7745927080616,0.7829593025370296,1.6099193050440583,0.17323950701393187,0.04413031495641917,0.09188786201411858,0.009461437002755702,1.0,0.0,4.345041142070812,4.345041275024414,0.0,0.0,0.0
PLAIN_FM,5,19,0.0,0.0,0.12251054287680746,0.0,0.0,2.880878448486328,1.0094391631113901,1.1707519209984756,0.721173996794609,0.031732495297875474,31.732495297875474,7475.569602123413,0.08293118119337789,1.3612820874607252,0.07076701003825292,0.04467591701541096,0.0,0.0,0.0,0.0,0.0,0.0,0.0,0.0,1.0
ORIGINAL_SAFEFLOWMPC,5,19,0.0,0.0,0.17151232322352336,0.0,0.0,0.0,1.1182276286272894,0.6990847803666927,0.33000824656061384,0.0025032999036858072,2.5032999036858072,33.61611451451196,0.11267170572781829,1.4951195029067432,0.18978559999959543,0.047700027062091976,0.039114061975851655,0.02915316104190424,7.0,0.0,14.427189536824363,0.6247245669364929,0.0,0.0,0.0
POV_L05_ALWAYS,5,19,0.0,0.0,0.07619436247946237,0.0,0.0,0.0,0.735715713113065,0.7951869048951955,0.44361588409196656,0.012569412870184316,12.569412870184316,2725.0603050148034,0.4135761193869488,1.0234840774511422,1.2507930989959277,0.049571114883292466,1.1198295070789754,0.12275164888706058,7.0,0.0,26.640386892704186,2.0812292098999023,0.0,0.0,0.0
POV_L05_ADAPTIVE,5,19,0.0,0.0,0.07619436247946237,0.0,0.0,0.0,0.735715713113065,0.7951869048951955,0.44361588409196656,0.012569412870184316,12.569412870184316,2725.0603050148034,0.4135761193869488,1.0234840774511422,1.249045422009658,0.049673527013510466,1.1180584480171092,0.12247988994931802,7.0,0.0,26.640386892704186,2.0812292098999023,0.0,1.0,0.0
POV_L025_ADAPTIVE,5,19,0.0,0.0,0.09500253857475893,0.0,0.0,0.44617176055908203,0.8626532905963823,0.891800479268002,0.5529689603593654,0.01901386797964033,19.013867979640334,4448.923023585305,0.22504949989681813,1.1293772459259743,1.2464704440208152,0.04950278298929334,1.1159114509937353,0.12317715800600126,7.0,0.0,26.886288643496222,1.1274194717407227,0.0,1.0,0.0
GOAL_AWARE_FINAL_PROJECTION,5,19,1.0,0.0,-0.023499956164076984,0.0,0.0,0.0,0.5669137835076797,1.462574661738952,0.5527559260150484,0.020044193017997022,20.04419301799702,378.98302131738757,0.7527145421440808,1.5101407016597754,0.17518525797640905,0.0446721269399859,0.09333511901786551,0.010579866997431964,1.0,0.0,4.092425918738132,4.09242582321167,0.0,0.0,0.0
PLAIN_FM,5,20,0.0,0.0,0.13939879314092704,0.0,0.0,0.0,1.0475136207145448,1.0711812642381275,0.6512319213395242,0.02100427428134566,21.00427428134566,5435.092937882669,0.08701237895180589,1.3945714126813378,0.07095928397029638,0.044703817926347256,0.0,0.0,0.0,0.0,0.0,0.0,0.0,0.0,1.0
ORIGINAL_SAFEFLOWMPC,5,20,0.0,0.0,0.17151232322352336,0.0,0.0,0.0,1.1709923865280318,0.7101263029699453,0.3691999890524989,0.0025896038078032646,2.5896038078032646,34.90391428870865,0.13175073170166945,1.5447611948855198,0.1900271059712395,0.04772163805318996,0.03918545611668378,0.029169799934607,7.0,0.0,14.36379836120588,0.5765246748924255,0.0,0.0,0.0
POV_L05_ALWAYS,5,20,0.0,0.0,0.08356295049787099,0.0,0.0,0.0,0.7455497689863284,0.9364523855903607,0.43324547813377196,0.01354301948884773,13.543019488847728,2825.3044612710055,0.43159629116978016,1.133825426472918,1.0625134650035761,0.0498625329346396,0.9316635369323194,0.10434043797431514,7.0,0.0,27.266670124860994,2.2173209190368652,0.0,0.0,0.0
POV_L05_ADAPTIVE,5,20,0.0,0.0,0.13538385427831187,0.0,0.0,0.0,1.0278580445031111,1.037558776856692,0.6250334541983121,0.023321643336798203,23.321643336798207,6278.526337200141,0.09435246842295812,1.3613391169649829,0.8590290379943326,0.04890971799613908,0.7445454070693813,0.08318545407382771,5.0,0.0,19.425962798696222,0.17705689370632172,0.0,0.7142857142857143,0.0
POV_L025_ADAPTIVE,5,20,0.0,0.0,0.13903855096982456,0.0,0.0,0.0,1.0445381105506848,1.0580843627335386,0.6419368683826427,0.020849613127785993,20.849613127785997,5414.204659956567,0.08886775207567091,1.3867614833677318,0.7552778169629164,0.04712064209161326,0.6504923570319079,0.07103620795533061,4.0,0.0,17.50261832821166,0.05471900478005409,0.0,0.5714285714285714,0.0
GOAL_AWARE_FINAL_PROJECTION,5,20,1.0,0.0,-0.038756125089481466,1.1642945185741382e-07,0.0,0.0,0.5479463816978498,1.5566815097615192,0.6038656132763853,0.022203157843459706,22.203157843459707,420.36747693409984,0.7960570881029904,1.6335957903825415,0.1735709349741228,0.043856487958692014,0.09253690799232572,0.010077293962240219,1.0,0.0,4.274444844217574,4.274445056915283,0.0,0.0,0.0
PLAIN_FM,5,21,0.0,0.0,0.13197784931088635,0.0,0.0,0.0,1.0328898758395564,1.078201447187949,0.6804303572561561,0.02253477280537819,22.534772805378193,5904.706637601098,0.08578386336882078,1.3748251849651896,0.07106257695704699,0.04479911189991981,0.0,0.0,0.0,0.0,0.0,0.0,0.0,0.0,1.0
ORIGINAL_SAFEFLOWMPC,5,21,0.0,0.0,0.17151232322352336,0.0,0.0,0.0,1.1300034220669055,0.7082377155898237,0.3402568551159276,0.002577971251379374,2.577971251379374,34.8408219688956,0.1142250553055565,1.5145647919582406,0.18988243205239996,0.04783661104738712,0.039114443061407655,0.029139691963791847,7.0,0.0,13.660748355387154,0.6085475087165833,0.0,0.0,0.0
POV_L05_ALWAYS,5,21,0.0,0.0,0.08113089781454358,0.0,0.0,0.0,0.7427988405944587,0.8174715019572985,0.469128037401777,0.012205245964961087,12.205245964961087,2653.6086205681822,0.37507380857168326,1.0314588230797728,1.0624337120098062,0.04973836900899187,0.9311580319190398,0.103518973919563,7.0,0.0,24.92102337769081,2.011732339859009,0.0,0.0,0.0
POV_L05_ADAPTIVE,5,21,0.0,0.0,0.12481146307904648,0.0,0.0,0.0,0.9936364656179385,1.0039293406866745,0.6318016710620946,0.03716433739988556,37.16433739988556,10424.670828183127,0.11702331077825821,1.2867273550449931,0.9633541320217773,0.049863513035234064,0.8397134999977425,0.09315308404620737,6.0,0.0,21.5412039682877,0.40280091762542725,0.0,0.8571428571428571,0.0
POV_L025_ADAPTIVE,5,21,0.0,0.0,0.13120219965640229,0.0,0.0,0.0,1.0264505342476706,1.0554941244106164,0.6643383345370566,0.023374654677730256,23.374654677730256,6150.706249364379,0.08753647475227877,1.3604623835406686,0.8569612320279703,0.04807982698548585,0.7433756240061484,0.08335850696312264,5.0,0.0,18.880282374437034,0.10183156281709671,0.0,0.7142857142857143,0.0
GOAL_AWARE_FINAL_PROJECTION,5,21,1.0,0.0,-0.02866253173432732,1.1642945185741382e-07,0.0,0.0,0.547952625229118,1.4514451290446306,0.610481768145269,0.02020819696875952,20.208196968759523,392.1003038087856,0.7465469026703562,1.5259780021574452,0.17348176299128681,0.04409164993558079,0.09212620696052909,0.009461047011427581,1.0,0.0,4.075974584524943,4.075974464416504,0.0,0.0,0.0
PLAIN_FM,5,22,0.0,0.0,0.1400190696399378,0.0,0.0,0.0,1.0615292575118238,1.0906050307423536,0.6758551876602804,0.024327636343722148,24.327636343722148,6815.4698987258125,0.09371391364075793,1.413688024438203,0.07096510502742603,0.044715627969708294,0.0,0.0,0.0,0.0,0.0,0.0,0.0,0.0,1.0
ORIGINAL_SAFEFLOWMPC,5,22,0.0,0.0,0.17151232322352336,0.0,0.0,0.0,1.1315850611868337,0.7032601424954757,0.3397105598792055,0.00254003052657481,2.54003052657481,34.282507173433174,0.11100060421992686,1.505193452492588,0.18976643797941506,0.04765385406790301,0.039104093913920224,0.029123270011041313,7.0,0.0,13.885460798646536,0.5885517597198486,0.0,0.0,0.0
POV_L05_ALWAYS,5,22,0.0,0.0,0.08744181664974121,0.0,0.0,0.0,0.7438256787967711,0.9417827080482709,0.46879117917597174,0.015776700261195487,15.776700261195487,3775.892249914303,0.424699091984173,1.1358260410658607,1.4293195659993216,0.04944434203207493,1.2986735829617828,0.14481749502010643,7.0,0.0,29.104552288745978,2.228351354598999,0.0,0.0,0.0
POV_L05_ADAPTIVE,5,22,0.0,0.0,0.08744181664974121,0.0,0.0,0.0,0.7438256787967711,0.9417827080482709,0.46879117917597174,0.015776700261195487,15.776700261195487,3775.892249914303,0.424699091984173,1.1358260410658607,1.4322099800338037,0.049716079025529325,1.3012243579723872,0.14520705706672743,7.0,0.0,29.104552288745978,2.228351354598999,0.0,1.0,0.0
POV_L025_ADAPTIVE,5,22,0.0,0.0,0.13804240416629718,0.0,0.0,0.0,1.0411581331203246,1.0496855318313618,0.6483899610803276,0.028780055170853025,28.780055170853032,8791.62528570747,0.1032590835350424,1.36993531778113,1.1455187090323307,0.049763308838009834,1.0221885169739835,0.114006738003809,6.0,0.0,24.758540131142134,0.22791124880313873,0.0,0.8571428571428571,0.0
GOAL_AWARE_FINAL_PROJECTION,5,22,1.0,0.0,-0.045458493723350146,1.1642945185741382e-07,0.0,0.0,0.5363693432083679,1.577555541086291,0.6654916801898186,0.022600491771474166,22.600491771474168,430.38932565791396,0.7996925756813538,1.6571076998990832,0.17697886400856078,0.04470639699138701,0.0944127959664911,0.010671579046174884,1.0,0.0,4.348178088506979,4.348177909851074,0.0,0.0,0.0
PLAIN_FM,5,23,0.0,0.0,0.12377824964561984,0.0,0.0,0.0,1.0049267080194686,1.103162203808835,0.6716654219162134,0.02230940672996784,22.30940672996784,5587.77356856437,0.08370329340441163,1.3755725737107396,0.07165122200967744,0.045118246984202415,0.0,0.0,0.0,0.0,0.0,0.0,0.0,0.0,1.0
ORIGINAL_SAFEFLOWMPC,5,23,0.0,0.0,0.17151232322352336,0.0,0.0,0.0,1.1175408232530122,0.7055083016499972,0.3309628685800609,0.0025472598517266576,2.5472598517266576,34.163444899526496,0.11191587043461704,1.497668495900012,0.1904170640045777,0.047845818975474685,0.03930620802566409,0.029243214114103466,7.0,0.0,13.788170681182681,0.6117552518844604,0.0,0.0,0.0
POV_L05_ALWAYS,5,23,0.0,0.0,0.07580975896371961,0.0,0.0,0.0,0.7381304138407555,0.9581514723415767,0.4574699142840006,0.013157820517531116,13.157820517531116,2205.980938602936,0.4159144592228947,1.1002362041962848,1.1532869910006411,0.04944595193956047,1.0222262550378218,0.11460766312666237,7.0,0.0,29.94203249160667,2.187105417251587,0.0,0.0,0.0
POV_L05_ADAPTIVE,5,23,0.0,0.0,0.11701309031536827,0.0,0.0,0.0,0.9702825622230511,1.0282047872923794,0.6306473899006243,0.03520122243637491,35.20122243637491,8853.534090515412,0.1181565999988217,1.2952912073747347,1.0511839620303363,0.04944957297993824,0.9283116909791715,0.10363439505454153,6.0,0.0,26.227349270299626,0.41304323077201843,0.0,0.8571428571428571,0.0
POV_L025_ADAPTIVE,5,23,0.0,0.0,0.12038718327626402,0.0,0.0,0.0,0.9848257772286297,1.0575189325157492,0.6445654933676154,0.024169358373828942,24.169358373828942,5956.141306778929,0.09113418220865514,1.3337233226727838,1.0527636529877782,0.04904048203025013,0.9298382929409854,0.10384863405488431,6.0,0.0,23.701036057543345,0.20708522200584412,0.0,0.8571428571428571,0.0
GOAL_AWARE_FINAL_PROJECTION,5,23,1.0,0.0,-0.025023456083162525,1.1642945185741382e-07,0.0,0.0,0.5713287441108916,1.4821716347609584,0.547443324086464,0.02041663030519679,20.41663030519679,390.03215068728196,0.7509344280172952,1.500216580538282,0.17593130597379059,0.04464284796267748,0.0934219509945251,0.01049760397290811,1.0,0.0,4.079055991183713,4.079056262969971,0.0,0.0,0.0
PLAIN_FM,5,24,0.0,0.0,0.13310987595684623,0.0,0.0,0.0,1.055341158864158,1.0778147675346461,0.6521379763837094,0.025936653270338006,25.93665327033801,7167.983244135634,0.10165621185771176,1.3991550062901605,0.0708599510253407,0.04471899807685986,0.0,0.0,0.0,0.0,0.0,0.0,0.0,0.0,1.0
ORIGINAL_SAFEFLOWMPC,5,24,0.0,0.0,0.17151232322352336,0.0,0.0,0.0,1.1285713338133132,0.7029276765149903,0.33517778032359596,0.0025344631573673837,2.5344631573673837,34.10751505814602,0.11167692870387308,1.5060742422094586,0.19051197700900957,0.048015842970926315,0.03920250607188791,0.029186571948230267,7.0,0.0,13.922011652584825,0.6117985844612122,0.0,0.0,0.0
POV_L05_ALWAYS,5,24,0.0,0.0,0.09617032546567142,0.0,0.0,0.0,0.7340784311859414,0.8157703911617833,0.4317753596235039,0.012975375448847082,12.975375448847082,3359.7379925991427,0.42673489856263036,1.1190237235975202,1.242792175966315,0.04941247997339815,1.111990761011839,0.11985854309750721,7.0,0.0,26.13845322985135,2.1223244667053223,0.0,0.0,0.0
POV_L05_ADAPTIVE,5,24,0.0,0.0,0.09617032546567142,0.0,0.0,0.0,0.7340784311859414,0.8157703911617833,0.4317753596235039,0.012975375448847082,12.975375448847082,3359.7379925991427,0.42673489856263036,1.1190237235975202,1.2476142019731924,0.04999973502708599,1.116227338963654,0.12018587108468637,7.0,0.0,26.13845322985135,2.1223244667053223,0.0,1.0,0.0
POV_L025_ADAPTIVE,5,24,0.0,0.0,0.12981998018584906,0.0,0.0,0.0,1.0346883205713115,1.0425169378609045,0.6199792220657535,0.029676416364708302,29.676416364708302,8354.915588248168,0.11169459406341069,1.3591788570076504,1.2373258230509236,0.04954256291966885,1.1144097209325992,0.12191064178477973,6.0,0.0,22.172410678428633,0.20227739214897156,0.0,0.8571428571428571,0.0
GOAL_AWARE_FINAL_PROJECTION,5,24,1.0,0.0,-0.04641252459186555,0.0,0.0,0.0,0.5609563230020366,1.5715522136487647,0.6254185072210692,0.022255658831524354,22.255658831524357,415.0727125925139,0.808858669125516,1.6610164429939385,0.1740882970043458,0.04380635404959321,0.09314493299461901,0.010545255965553224,1.0,0.0,4.369884886558202,4.369884490966797,0.0,0.0,0.0
PLAIN_FM,5,25,0.0,0.0,0.1366305743120511,0.0,0.0,0.0,1.0666923179307208,1.0785557315163727,0.6771233309508278,0.019511125782474714,19.511125782474714,4827.811503395728,0.09682769714145502,1.4160182935535317,0.07160803099395707,0.0452018209034577,0.0,0.0,0.0,0.0,0.0,0.0,0.0,0.0,1.0
ORIGINAL_SAFEFLOWMPC,5,25,0.0,0.0,0.17151232322352336,0.0,0.0,0.0,1.1505857405832218,0.7270082592772367,0.35126875219656534,0.0027152327757340444,2.7152327757340444,36.614040908133916,0.117744297960439,1.5346376900225682,0.19525849999627098,0.047839119972195476,0.044434922048822045,0.03440219903131947,7.0,0.0,19.567709372649666,0.5950990915298462,0.0,0.0,0.0
POV_L05_ALWAYS,5,25,0.0,0.0,0.08839591051281906,0.0,0.0,0.0,0.7512962458368225,0.9358789927717858,0.4851525865104474,0.013721256998880493,13.721256998880495,2707.8477102497886,0.4193821546586577,1.1405764620084766,0.9655456509790383,0.04944697389146313,0.8351542560267262,0.09149329195497558,7.0,0.0,27.493750759656805,2.224752426147461,0.0,0.0,0.0
POV_L05_ADAPTIVE,5,25,0.0,0.0,0.1350701302070004,0.0,0.0,0.0,1.0489253181916083,1.035357076656867,0.6537939655295412,0.021055676975193727,21.05567697519373,5513.065710908195,0.10020702573010477,1.3822712516041042,0.7609734570141882,0.04887259704992175,0.6467299240175635,0.07038446597289294,5.0,0.0,19.73307486348826,0.19644702970981598,0.0,0.7142857142857143,0.0
POV_L025_ADAPTIVE,5,25,0.0,0.0,0.13566318877259192,0.0,0.0,0.0,1.0562811916979307,1.0569008897731385,0.6660832634471656,0.019192053337759418,19.19205333775942,4823.071792831879,0.09535027799250108,1.3983157682564629,0.7632002650061622,0.04813840606948361,0.6498720039962791,0.07316756196087226,5.0,0.0,20.616992064170905,0.09936616569757462,0.0,0.7142857142857143,0.0
GOAL_AWARE_FINAL_PROJECTION,5,25,1.0,0.0,-0.043158468426608115,1.1642945185741382e-07,0.0,0.0,0.5375302222402978,1.5124807647696497,0.6649377769470611,0.021209432161145257,21.209432161145255,410.318017178588,0.77432961578845,1.5854800581875745,0.17275533196516335,0.043982696952298284,0.09172126604244113,0.009473106998484582,1.0,0.0,4.23545143666761,4.2354512214660645,0.0,0.0,0.0
PLAIN_FM,5,26,0.0,0.0,0.12586131850243307,0.0,0.0,0.0,1.0340093124365326,1.1019297922122353,0.6600821664658026,0.020905200271795543,20.905200271795543,5395.998838712225,0.10520206764046715,1.385989899925772,0.0709465830004774,0.04480097990017384,0.0,0.0,0.0,0.0,0.0,0.0,0.0,0.0,1.0
ORIGINAL_SAFEFLOWMPC,5,26,0.0,0.0,0.17151232322352336,0.0,0.0,0.0,1.1370981024916087,0.7098733185275403,0.34150461909743507,0.002593821077564229,2.593821077564229,35.15357764420912,0.11458995942715494,1.5173381861170747,0.19009099499089643,0.04787618003319949,0.03907493205042556,0.029084959998726845,7.0,0.0,14.465987445938595,0.71830153465271,0.0,0.0,0.0
POV_L05_ALWAYS,5,26,0.0,0.0,0.07981899013882965,0.0,0.0,0.0,0.7383385170283104,0.9738146734161448,0.45255060085161675,0.014890091283869422,14.890091283869422,3136.952377313506,0.4391272402501989,1.1264330234936768,0.966084913990926,0.04933639906812459,0.8360308169503696,0.09340633102692664,7.0,0.0,30.240738358020465,2.2731728553771973,0.0,0.0,0.0
POV_L05_ADAPTIVE,5,26,0.0,0.0,0.07981899013882965,0.0,0.0,0.0,0.7383385170283104,0.9738146734161448,0.45255060085161675,0.014890091283869422,14.890091283869422,3136.952377313506,0.4391272402501989,1.1264330234936768,0.965539438999258,0.04952217312529683,0.8350586719461717,0.09339656209340319,7.0,0.0,30.240738358020465,2.2731728553771973,0.0,1.0,0.0
POV_L025_ADAPTIVE,5,26,0.0,0.0,0.12371486961974967,0.0,0.0,0.0,1.0137258497551043,1.0579169046531116,0.6348235227285696,0.0231340518370855,23.134051837085504,6073.739766950581,0.10912419341349991,1.3440625487733082,0.9574523770133965,0.05094538093544543,0.8335867719724774,0.0912311720312573,6.0,0.0,26.63506623598556,0.22826330363750458,0.0,0.8571428571428571,0.0
GOAL_AWARE_FINAL_PROJECTION,5,26,1.0,0.0,-0.05345439087100615,1.1642945185741382e-07,0.0,0.0,0.5624189919954149,1.6152034973441276,0.60443019408297,0.02326634344102418,23.26634344102418,437.4162712369921,0.8107158378548844,1.6341164417921263,0.17326327599585056,0.04381945409113541,0.09263532899785787,0.010587936034426093,1.0,0.0,4.387693830304323,4.387693881988525,0.0,0.0,0.0
PLAIN_FM,5,27,0.0,0.0,0.12973567537672648,0.0,0.0,0.0,1.0395049501269957,1.1005174794937993,0.6750289835877111,0.019849540596180937,19.849540596180937,4914.663905404027,0.09354213237417795,1.3980223523352204,0.07079766999231651,0.045001984864939004,0.0,0.0,0.0,0.0,0.0,0.0,0.0,0.0,1.0
ORIGINAL_SAFEFLOWMPC,5,27,0.0,0.0,0.17151232322352336,0.0,0.0,0.0,1.1271596032810898,0.7144658791591185,0.3403922877113791,0.0026164243693207467,2.6164243693207467,35.193847195280625,0.11625804612269486,1.5174104584209565,0.18910704896552488,0.048454689036589116,0.03866950992960483,0.028690478997305036,7.0,0.0,14.451551425477712,0.6191786527633667,0.0,0.0,0.0
POV_L05_ALWAYS,5,27,0.0,0.0,0.0833322973919785,0.0,0.0,0.0,0.7471529354073101,0.9444339303415987,0.45921363915595004,0.013090324232891026,13.090324232891028,2631.4805317656064,0.4298562260964961,1.1348065493009998,1.050768744025845,0.05093202105490491,0.9198854350834154,0.10083918296732008,7.0,0.0,27.47368939211775,2.238964796066284,0.0,0.0,0.0
POV_L05_ADAPTIVE,5,27,0.0,0.0,0.1282783716852118,0.0,0.0,0.0,1.0281271846494127,1.0731014454850376,0.658327437258555,0.019377830681112762,19.377830681112762,4916.908909855701,0.09462111906801249,1.3763016236685037,0.7514061250258237,0.050142129068262875,0.6434422750025988,0.07055144110927358,4.0,0.0,15.445014233552289,0.10244616121053696,0.0,0.5714285714285714,0.0
POV_L025_ADAPTIVE,5,27,0.0,0.0,0.12974732701238664,0.0,0.0,0.0,1.0340609293585117,1.083947226282636,0.6651453976927965,0.018990914786664703,18.990914786664703,4712.66741301033,0.09370386604716499,1.388656760502082,0.7523759200121276,0.04944576194975525,0.6448347920086235,0.07225551694864407,4.0,0.0,18.667027542510393,0.06566500663757324,0.0,0.5714285714285714,0.0
GOAL_AWARE_FINAL_PROJECTION,5,27,1.0,0.0,-0.03348127390014698,1.1642945185741382e-07,0.0,0.0,0.5578964918794385,1.5266012143816332,0.6251395640159995,0.021674914182094527,21.67491418209453,414.4257671933883,0.7790206084667284,1.6117999026008594,0.17565684800501913,0.044430460955481976,0.09375676902709529,0.010641357977874577,1.0,0.0,4.234742112101712,4.234742164611816,0.0,0.0,0.0
PLAIN_FM,5,28,0.0,0.0,0.129680420567426,0.0,0.0,0.0,1.052421392209803,1.070607976477776,0.6628559860432801,0.03073604198352875,30.736041983528754,8824.575271971733,0.10183946817390555,1.3886670687792417,0.07078756898408756,0.044705797045025975,0.0,0.0,0.0,0.0,0.0,0.0,0.0,0.0,1.0
ORIGINAL_SAFEFLOWMPC,5,28,0.0,0.0,0.17151232322352336,0.0,0.0,0.0,1.229897305696305,0.7207719561491022,0.4182599850611014,0.0027612833052277352,2.7612833052277352,44.14270186181568,0.18012123298510235,1.606091638518233,0.192396814993117,0.048543646989855915,0.03965555498143658,0.029490331013221294,7.0,0.0,14.646213619218798,0.7312645316123962,0.0,0.0,0.0
POV_L05_ALWAYS,5,28,0.0,0.0,0.08824401911590113,0.0,0.0,0.0,0.7533986326887351,0.9024486185175238,0.46304547900476145,0.016932693375722785,16.932693375722785,4288.54843293216,0.4204641985733318,1.133337058435404,1.235399494995363,0.04947640199679881,1.1053437670925632,0.11955498199677095,7.0,0.0,29.21344542349344,2.095315933227539,0.0,0.0,0.0
POV_L05_ADAPTIVE,5,28,0.0,0.0,0.08824401911590113,0.0,0.0,0.0,0.7533986326887351,0.9024486185175238,0.46304547900476145,0.016932693375722785,16.932693375722785,4288.54843293216,0.4204641985733318,1.133337058435404,1.2325217489851639,0.04940357099985704,1.1025942350388505,0.1192937379819341,7.0,0.0,29.21344542349344,2.095315933227539,0.0,1.0,0.0
POV_L025_ADAPTIVE,5,28,0.0,0.0,0.12594319681058638,0.0,0.0,0.0,1.0336300575106274,1.040390042927124,0.6390366827288683,0.03656603928541635,36.56603928541636,10954.313403737537,0.11508316716024458,1.3532866631863703,1.2244690470397472,0.049410120118409395,1.1021183020202443,0.11888087308034301,6.0,0.0,24.725236938990186,0.19355279207229614,0.0,0.8571428571428571,0.0
GOAL_AWARE_FINAL_PROJECTION,5,28,1.0,0.0,-0.03690569345940269,0.0,0.0,0.0,0.557510639478071,1.5083349901032161,0.6155445986224958,0.021235794643242305,21.235794643242308,403.16166659779157,0.7817390247407139,1.6004854288443455,0.1732928860001266,0.04366221185773611,0.092578208015766,0.01044011302292347,1.0,0.0,4.15598350644896,4.1559834480285645,0.0,0.0,0.0
PLAIN_FM,5,29,0.0,0.0,0.11950760551752534,0.0,0.0,1.3947796821594238,1.0233471255000852,1.187284871767115,0.72881656094256,0.05464236486441987,54.642364864419875,16405.9892496363,0.10999435863755125,1.366117595292436,0.0706585050211288,0.04457724402891472,0.0,0.0,0.0,0.0,0.0,0.0,0.0,0.0,1.0
ORIGINAL_SAFEFLOWMPC,5,29,0.0,0.0,0.17151232322352336,0.0,0.0,0.0,1.1327493225913576,0.7073146845572738,0.3334401327059326,0.00256641250866263,2.56641250866263,34.53042786789595,0.1074083423767086,1.5046933979919401,0.1886782170040533,0.04758756293449551,0.03890011494513601,0.028949925967026502,7.0,0.0,14.902223945020667,0.7141972780227661,0.0,0.0,0.0
POV_L05_ALWAYS,5,29,0.0,0.0,0.0689490105153872,0.0,0.0,0.0,0.5682358481805986,1.26250138033817,0.6596821442843186,0.02507020014546768,25.07020014546768,5919.85591990003,0.6649765035852806,1.5398198403221128,1.4219350119819865,0.04924820497399196,1.291895747068338,0.14426230796379969,7.0,0.0,31.007065872159878,3.420607328414917,0.0,0.0,0.0
POV_L05_ADAPTIVE,5,29,0.0,0.0,0.0689490105153872,0.0,0.0,0.0,0.5682358481805986,1.26250138033817,0.6596821442843186,0.02507020014546768,25.07020014546768,5919.85591990003,0.6649765035852806,1.5398198403221128,1.425007370999083,0.049275745870545506,1.2948315818794072,0.14425825595390052,7.0,0.0,31.007065872159878,3.420607328414917,0.0,1.0,0.0
POV_L025_ADAPTIVE,5,29,0.0,0.0,0.1342286972321599,0.0,0.0,0.44478893280029297,0.8904019000064286,1.0158657684180943,0.5385113760165133,0.03302481789424405,33.02481789424405,9229.052246806901,0.23850210454859194,1.3078091184854683,1.5152527469908819,0.04962733609136194,1.384290826099459,0.14815508906031027,7.0,0.0,26.01202576239495,1.277143120765686,0.0,1.0,0.0
GOAL_AWARE_FINAL_PROJECTION,5,29,1.0,0.0,-0.073257725652497,0.0,0.0,0.0,0.7618422025287032,1.699555498224279,1.100194420606698,0.013813344468126654,13.813344468126656,259.79661328903165,0.9885203392217343,1.900998398121484,0.26642611698480323,0.0445797850843519,0.18466625199653208,0.02085283596534282,1.0,0.0,5.130739483370315,5.130739688873291,0.0,0.0,0.0
PLAIN_FM,5,30,0.0,0.0,0.12383448345619164,0.0,0.0,0.0,1.019522418793495,1.0766578620645655,0.6826888120876918,0.02150550997921652,21.505509979216523,5351.55344651903,0.09410739871252224,1.3625216393447568,0.07043937896378338,0.04435724107315764,0.0,0.0,0.0,0.0,0.0,0.0,0.0,0.0,1.0
ORIGINAL_SAFEFLOWMPC,5,30,0.0,0.0,0.17151232322352336,0.0,0.0,0.0,1.130082261819317,0.7051843432532645,0.3371920846844407,0.0025523535331322122,2.5523535331322122,34.39413543722125,0.11015141927184834,1.5055280512133498,0.18903069599764422,0.04754160199081525,0.03912030108040199,0.029024347895756364,7.0,0.0,14.443570114620918,0.6890169382095337,0.0,0.0,0.0
POV_L05_ALWAYS,5,30,0.0,0.0,0.08127802599029252,0.0,0.0,0.0,0.714344854259196,0.7097555667061131,0.4841351898863633,0.009734403037078287,9.734403037078287,2276.899845386282,0.31533091359050947,1.1021245961434039,1.3323761600186117,0.04971738887252286,1.2016659879591316,0.13254548999248073,7.0,0.0,26.731665924506792,1.6745673418045044,0.0,0.0,0.0
POV_L05_ADAPTIVE,5,30,0.0,0.0,0.08127806896868103,0.0,0.0,0.0,0.7143481185722642,0.70975935759146,0.4841364272401749,0.009734369812041344,9.734369812041344,2276.895097673481,0.31532503895247965,1.102127186404689,1.3365402079652995,0.05057870113523677,1.2049222419736907,0.1329886118764989,7.0,0.0,26.73160780467588,1.6745364665985107,0.0,1.0,0.0
POV_L025_ADAPTIVE,5,30,0.0,0.0,0.12171271821744409,0.0,0.0,0.0,1.001441985162948,1.0386654484221762,0.66084549863321,0.024911618316926898,24.9116183169269,5910.771276402294,0.09578585174222834,1.3251181118826552,1.0539451889926568,0.05038197699468583,0.9302895899745636,0.10328611906152219,6.0,0.0,23.55674919181093,0.21991392970085144,0.0,0.8571428571428571,0.0
GOAL_AWARE_FINAL_PROJECTION,5,30,1.0,0.0,-0.0432140408082575,1.1642945185741382e-07,0.0,0.0,0.5648844747702358,1.5677998674965545,0.5862683217903473,0.022691274072885844,22.691274072885847,432.33148746662437,0.787507307212298,1.5919509155003737,0.17412902700016275,0.043918845942243934,0.09315234201494604,0.01061270700301975,1.0,0.0,4.290772182652599,4.290772438049316,0.0,0.0,0.0
PLAIN_FM,5,31,0.0,0.0,0.12854701785550504,0.0,0.0,0.15999794006347656,1.0401513736625456,1.1103737966329716,0.7086791088663321,0.02831766059352514,28.317660593525144,7607.384799651572,0.10940522568194976,1.3874594186765838,0.07065063499612734,0.044655097008217126,0.0,0.0,0.0,0.0,0.0,0.0,0.0,0.0,1.0
ORIGINAL_SAFEFLOWMPC,5,31,0.0,0.0,0.17151232322352336,0.0,0.0,0.0,1.1296485388152218,0.7113661693347368,0.34244669271202416,0.0025894142724638414,2.5894142724638414,34.72744581687337,0.10999026585739055,1.50413000047232,0.18984642700525,0.04813432594528422,0.0389766170992516,0.028994908090680838,7.0,0.0,14.091039874880519,0.7098702788352966,0.0,0.0,0.0
POV_L05_ALWAYS,5,31,0.0,0.0,0.08580981187184347,0.0,0.0,0.0,0.745618511699751,0.951620032615545,0.4831371756879384,0.01542760717618652,15.42760717618652,3365.2816652863567,0.42006902770499427,1.1198723834749704,1.2463921430171467,0.04987607098883018,1.1154468440217897,0.12434870796278119,7.0,0.0,28.843444643032594,2.2919554710388184,0.0,0.0,0.0
POV_L05_ADAPTIVE,5,31,0.0,0.0,0.12646700900894134,0.0,0.0,0.0,1.0167222923127555,1.0338660290989647,0.6444698194729686,0.043695970921549865,43.69597092154987,13140.189669180558,0.12740120680534386,1.3087480173895925,1.1435034849564545,0.05086243891855702,1.018895769957453,0.11367889808025211,6.0,0.0,25.029663781272088,0.4761190116405487,0.0,0.8571428571428571,0.0
POV_L025_ADAPTIVE,5,31,0.0,0.0,0.12586014845778504,0.0,0.0,0.0,1.0201910116125141,1.063416104852357,0.6795839077807784,0.029530912888680483,29.530912888680486,8290.097880226187,0.10185055181133904,1.345367375382816,1.1411465220153332,0.049809530086349696,1.017673259950243,0.11253384494921193,6.0,0.0,22.38639750273328,0.19977401196956635,0.0,0.8571428571428571,0.0
GOAL_AWARE_FINAL_PROJECTION,5,31,1.0,0.0,-0.0455460863520277,0.0,0.0,0.0,0.5388611998439357,1.5401486982063075,0.6363555651322566,0.021843366621505968,21.843366621505968,417.9139288812121,0.7749849348549274,1.5696435716136865,0.1739026199793443,0.04390583495842293,0.09282629401423037,0.010431442002300173,1.0,0.0,4.301131954054571,4.3011322021484375,0.0,0.0,0.0
