method,task_id,seed,collision,success,min_clearance,joint_limit_violation,velocity_violation,acceleration_violation,terminal_goal_error,joint_path_length,ee_path_length,smoothness,acceleration_cost,jerk_cost,reference_distance,terminal_joint_error,planning_latency_sec,fm_latency_sec,projection_latency_sec,projection_solver_latency_sec,projection_calls,failed_projection_solves,projection_correction_sum,optimizer_latency_sec,trajectory_distortion_vs_plain,projection_failure_rate
PLAIN_FM,0,0,0.0,0.0,0.07128309431491557,0.0,0.26482270326614366,3.9021146297454834,0.4667795981086212,3.2125233831537368,0.8903069096375384,0.0547209868745947,54.7209868745947,12386.080328951233,0.13812201875114405,1.43700027116363,0.06978273100685328,0.043804695014841855,0.0,0.0,0.0,0.0,0.0,0.0,0.0,0.0
L1_REPLACE,0,0,0.0,0.0,0.03621304935841921,0.0,0.00033484067916855764,0.0,0.42710660202425876,2.4821591158196874,0.7664561145033707,0.027080635940691298,27.080635940691298,472.49263741404013,0.3152667022638966,1.8888853228461016,0.496705244993791,0.04456191702047363,0.3730632429360412,0.039787480083759874,3.0,0.0,4.700293914302599,0.3730632429360412,1.7213491201400757,0.0
L1_NO_REPLACE,0,0,0.0,0.0,0.03354029849217738,0.0,0.0,0.0,0.4309465603069602,2.4110492474868024,0.7497191225720907,0.02298285209765466,22.98285209765466,380.0848254823574,0.328367522214476,1.9000433298122996,0.5857326429686509,0.04502922703977674,0.4621318510035053,0.04758200398646295,3.0,0.0,4.623264245266251,0.4621318510035053,1.7929770946502686,0.0
L05_REPLACE,0,0,0.0,0.0,0.038542077863482196,0.0,0.0,0.0,0.41733558050543057,2.5555636001927917,0.7971120337455486,0.03065617624887397,30.656176248873972,560.0106001353105,0.31229933354453554,1.8651497505348533,0.585674652014859,0.044977604935411364,0.46209257101872936,0.047586534928996116,3.0,0.0,4.768005288139589,0.46209257101872936,1.6882882118225098,0.0
L05_NO_REPLACE,0,0,0.0,0.0,0.0426355492335191,0.0,0.019342165851592874,0.0,0.4320710459588303,2.8152697804061955,0.8155816669082684,0.028199771085189784,28.199771085189788,3374.951250234581,0.16730136770219547,1.6404525735662439,0.5862331350217573,0.04493066592840478,0.4626418650150299,0.047594935924280435,3.0,0.0,4.768005288139589,0.4626418650150299,0.9392443895339966,0.0
PLAIN_FM,0,1,0.0,0.0,0.0542539540896924,0.0,0.2275168464660644,0.0,0.448154549978916,3.1815735877522284,0.8986559665992776,0.047675735956651616,47.675735956651614,10510.871320750486,0.1331795841682959,1.3733572617495895,0.06947930197929963,0.04365720186615363,0.0,0.0,0.0,0.0,0.0,0.0,0.0,0.0
L1_REPLACE,0,1,0.0,0.0,0.02879344919263732,0.0,0.0,0.0,0.4388548347501728,2.338793910501121,0.7393670337936419,0.020592608115666218,20.59260811566622,332.4824322676963,0.36171708303001504,1.8608553333860174,0.5855160760111175,0.044414923060685396,0.46237327600829303,0.047228017007000744,3.0,0.0,4.5891976148137426,0.46237327600829303,1.7703981399536133,0.0
L1_NO_REPLACE,0,1,0.0,0.0,0.030547191184878954,0.0,0.0,0.0,0.4245166442870939,2.382175433159404,0.7440243765299248,0.02130865658285776,21.30865658285776,341.7800742535928,0.34818690920474316,1.8314409317053468,0.5868637509993277,0.045093890046700835,0.46295820199884474,0.04708156205015257,3.0,0.0,4.547997156335723,0.46295820199884474,1.6993449926376343,0.0
L05_REPLACE,0,1,0.0,0.0,0.026213556821673506,0.0,0.0,0.0,0.4376939909292777,2.3429223405516404,0.7576590703703132,0.019226828654998508,19.22682865499851,345.9191309308057,0.3622467122949563,1.9014228775614799,0.49602532404242083,0.04508557892404497,0.3723893939750269,0.03948178194696084,3.0,0.0,5.17392462029959,0.3723893939750269,1.7956868410110474,0.0
L05_NO_REPLACE,0,1,0.0,0.0,0.03209713838407728,0.0,0.0032781180381773467,0.0,0.4429368159317832,2.6848835230598422,0.7826181312219846,0.0220861489989157,22.086148998915704,3071.397458634828,0.2069535261542713,1.6396089025359768,0.49605834495741874,0.04523558297660202,0.37211426603607833,0.039382249931804836,3.0,0.0,5.17392462029959,0.37211426603607833,1.0166810750961304,0.0
PLAIN_FM,0,2,0.0,0.0,0.06846092663355709,0.0,0.24138332571983323,0.0,0.4507020561450803,3.2000971500175366,0.8754920496473305,0.038110066969049394,38.11006696904939,7002.454474949251,0.15219075423646974,1.4189390159689457,0.06966296798782423,0.04369816096732393,0.0,0.0,0.0,0.0,0.0,0.0,0.0,0.0
L1_REPLACE,0,2,0.0,0.0,0.03380213327809391,0.0,0.003077846431732034,0.0,0.40789193037554333,2.465949261121494,0.7849558066653722,0.026558104232000668,26.558104232000666,500.0220582513981,0.3337924572994208,1.8481628146285678,0.5869931030320004,0.04458398587303236,0.46353408705908805,0.048998904065229,3.0,0.0,4.950014771479598,0.46353408705908805,1.7668850421905518,0.0
L1_NO_REPLACE,0,2,0.0,0.0,0.0334123742661622,0.0,0.0,0.0,0.4103928256844211,2.439652496056674,0.7838293619310331,0.025105881422666454,25.105881422666457,473.9701916979033,0.3510350604246246,1.8956704075194313,0.5895583410165273,0.04513833101373166,0.4654967979877256,0.048786097031552345,3.0,0.0,4.720156888988193,0.4654967979877256,1.859863519668579,0.0
L05_REPLACE,0,2,0.0,0.0,0.04772603194221374,0.0,0.003491800689697122,0.0,0.4425097735503709,2.3589195538348497,0.7394955606562795,0.018106868625679597,18.106868625679596,365.21429569710733,0.39773621184327623,1.9605752435689179,0.5868171079782769,0.04522853292291984,0.4628205770277418,0.04793957492802292,3.0,0.0,5.203761511957781,0.4628205770277418,2.1166365146636963,0.0
L05_NO_REPLACE,0,2,0.0,0.0,0.03958284218662177,0.0,0.021853607559203958,0.0,0.4445581716992197,2.7031032197921196,0.7656317691231216,0.018498648023301117,18.49864802330112,1898.9719851905172,0.20475702486354924,1.6785036399605207,0.5860199359594844,0.04510553908767179,0.46201263600960374,0.04799342295154929,3.0,0.0,5.203761511957781,0.46201263600960374,1.1550837755203247,0.0
PLAIN_FM,0,3,0.0,0.0,0.07206453917989504,0.0,0.2089800056457518,2.84456729888916,0.45921352991696374,3.2012565841264995,0.9058163467177829,0.04113670616714238,41.13670616714238,7680.173216384212,0.12849558717346254,1.4480022872149885,0.06974922900553793,0.04382277402328327,0.0,0.0,0.0,0.0,0.0,0.0,0.0,0.0
L1_REPLACE,0,3,0.0,0.0,0.036597800243248976,0.0,0.0,0.0,0.422728214437346,2.4476272900650273,0.779387570544906,0.026261799674291007,26.26179967429101,508.7355618395087,0.33583094574888095,1.891598319585244,0.4935342179960571,0.04447518300730735,0.3702470360440202,0.0387149109155871,3.0,0.0,4.735289555958291,0.3702470360440202,1.7815312147140503,0.0
L1_NO_REPLACE,0,3,0.0,0.0,0.03294450073590642,0.0,0.0,0.0,0.4181519540672603,2.425783144070642,0.7706360488601449,0.025859146043807346,25.859146043807346,483.3509487131626,0.33930584294382443,1.9009255191082028,0.4966037080157548,0.045068087929394096,0.37227998999878764,0.03975215688114986,3.0,0.0,4.881344775172287,0.37227998999878764,1.8137423992156982,0.0
L05_REPLACE,0,3,0.0,0.0,0.0402197463694087,0.0,0.00507072772979722,0.0,0.41737764463913846,2.4821426937946973,0.8048469685739276,0.026983427056576605,26.983427056576602,546.1205405642819,0.33577631517240586,1.8846067054055755,0.5879932679818012,0.045582120888866484,0.4636330970097333,0.04731684800935909,3.0,0.0,5.016717858447409,0.4636330970097333,1.7814847230911255,0.0
L05_NO_REPLACE,0,3,0.0,0.0,0.04258051322639686,0.0,0.04103482928276048,0.0,0.43307947873440944,2.775312181697847,0.8249408939783237,0.022007408708188958,22.007408708188958,1985.6266918143683,0.1736084480367795,1.656656634980974,0.5858994820155203,0.045131179969757795,0.46206063602585346,0.04720092401839793,3.0,0.0,5.016717858447409,0.46206063602585346,0.9831725358963013,0.0
PLAIN_FM,0,4,0.0,0.0,0.07344253612534968,0.0,0.31594977941513047,1.2879979610443115,0.4554710032326637,3.227788364615522,0.8601428529939373,0.04661211657227504,46.61211657227504,10484.056012830557,0.15879118864958097,1.4085414392819284,0.06988878297852352,0.043921698932535946,0.0,0.0,0.0,0.0,0.0,0.0,0.0,0.0
L1_REPLACE,0,4,0.0,0.0,0.04302402641577491,0.0,0.0,0.0,0.4204440124244173,2.5199887865364383,0.7835182148323344,0.028122480643308186,28.12248064330819,513.0354271708278,0.32060494153535146,1.8446328683388864,0.6794291289988905,0.04446670203469694,0.5561464380007237,0.05850527295842767,3.0,0.0,4.637487174461122,0.5561464380007237,1.75496506690979,0.0
L1_NO_REPLACE,0,4,0.0,0.0,0.036287288406599325,0.0,0.0,0.0,0.4241094733495655,2.4444478613692135,0.7687842436104714,0.024217108329343155,24.217108329343155,444.27893303195697,0.33517029371040763,1.8641660940642837,0.680887877009809,0.04525916400598362,0.5569540379801765,0.05834119796054438,3.0,0.0,4.744772512931048,0.5569540379801765,1.836211085319519,0.0
L05_REPLACE,0,4,0.0,0.0,0.038686667994716845,0.0,0.0,0.0,0.41034958608140565,2.575462801896347,0.808674484948681,0.03057034691125137,30.57034691125137,585.5854548879114,0.3180515450072974,1.8133270186828374,0.6801467859768309,0.04515207197982818,0.5561549660051242,0.05835979711264372,3.0,0.0,4.871622702189866,0.5561549660051242,1.7107714414596558,0.0
L05_NO_REPLACE,0,4,0.0,0.0,0.05039165387479384,0.0,0.026020493769645547,0.0,0.42383639642000415,2.8349985773740602,0.8071532775704996,0.024804902919697613,24.80490291969761,2728.561154573139,0.17464721262991212,1.6011587394759943,0.6807211119448766,0.04519482102477923,0.556741762033198,0.058323220000602305,3.0,0.0,4.871622702190894,0.556741762033198,0.9461177587509155,0.0
PLAIN_FM,0,5,0.0,0.0,0.06871894711325184,0.0,0.4044778760910033,0.9894442558288574,0.45396397892630014,3.2318001489384773,0.9142575046786916,0.04543701543915146,45.43701543915146,8801.735405676902,0.1358455085866821,1.385202283025336,0.06961054500425234,0.0436711719376035,0.0,0.0,0.0,0.0,0.0,0.0,0.0,0.0
L1_REPLACE,0,5,0.0,0.0,0.028677306670940546,0.0,0.0043546722412108885,0.0,0.35897881140192167,2.6093430752249396,0.8295178010141221,0.039358332221411794,39.35833222141179,884.2051481823164,0.32960509767186014,1.8286046712928274,0.678430030005984,0.044804891862440854,0.5546953378943726,0.05628379399422556,3.0,0.0,4.777435737229024,0.5546953378943726,1.703499674797058,0.0
L1_NO_REPLACE,0,5,0.0,0.0,0.03429874428496445,0.0,0.0,0.0,0.42389314758539065,2.4354431867174315,0.7597909428489289,0.024821083336150296,24.821083336150295,448.56436813516257,0.33246324178963005,1.8639937659498782,0.49602724000578746,0.045110430859494954,0.3724030199809931,0.03975354792783037,3.0,0.0,4.909683491355505,0.3724030199809931,1.7553421258926392,0.0
L05_REPLACE,0,5,0.0,0.0,0.03421278358458857,0.0,0.0,0.0,0.4318553292382565,2.4359621046400783,0.7669345944078576,0.024509629880525012,24.50962988052502,419.10640510205377,0.3401963491913067,1.9055490033895308,0.5869923790451139,0.045194943028036505,0.4630111290025525,0.04796788503881544,3.0,0.0,4.854354783875385,0.4630111290025525,1.7973464727401733,0.0
L05_NO_REPLACE,0,5,0.0,0.0,0.03913015782530453,0.0,0.0,0.0,0.4409415765007931,2.7709211815262003,0.8052251499709122,0.0229304620847657,22.930462084765704,2389.8147723267275,0.1800197585206112,1.6369769907231988,0.5865794770070352,0.0451213390333578,0.4631092610070482,0.04802429798291996,3.0,0.0,4.854354783875385,0.4631092610070482,0.9877889156341553,0.0
PLAIN_FM,0,6,0.0,0.0,0.06484939355565979,0.0,0.2835099514961241,2.738626003265381,0.44167463901593484,3.2023848000459663,0.910502013088369,0.04454768841918677,44.54768841918678,8511.49543714107,0.14292172461080252,1.4344313955465378,0.06954829400638118,0.043679100985173136,0.0,0.0,0.0,0.0,0.0,0.0,0.0,0.0
L1_REPLACE,0,6,0.0,0.0,0.02992223010665327,0.0,0.0,0.0,0.4111289270457144,2.40529418536965,0.7848518643886239,0.024249890535419063,24.249890535419066,447.495475154779,0.3514286875765641,1.9012396367777258,0.49454948998754844,0.044612536032218486,0.37121549795847386,0.039830440073274076,3.0,0.0,5.071469239040821,0.37121549795847386,1.8031460046768188,0.0
L1_NO_REPLACE,0,6,0.0,0.0,0.030554386056956262,0.0,0.0004958675384520994,0.0,0.40325522006500847,2.427678356136267,0.7946462424770278,0.025529983826535096,25.529983826535098,487.03117625507605,0.349149855611241,1.898477742964001,0.49504653294570744,0.045084689976647496,0.3715059550013393,0.03948015003697947,3.0,0.0,5.098518480245163,0.3715059550013393,1.786683201789856,0.0
L05_REPLACE,0,6,0.0,0.0,0.03276973278837736,0.0,0.0,0.0,0.404336380510559,2.487187067255157,0.8004941820539883,0.027075306182522036,27.075306182522038,508.3366819790956,0.3323456601445814,1.8630820620343571,0.4956896299845539,0.04494256409816444,0.372107612027321,0.03992662392556667,3.0,0.0,5.234827856082209,0.372107612027321,1.6878710985183716,0.0
L05_NO_REPLACE,0,6,0.0,0.0,0.038671398323164116,0.0,0.02870197753906245,0.0,0.4156311593961483,2.77041823288579,0.8246592361741383,0.02573535373514521,25.73535373514521,2707.8562934724605,0.19019516528259134,1.6454927215176292,0.49579116195673123,0.045025733998045325,0.37209839100250974,0.03996122401440516,3.0,0.0,5.234827856082209,0.37209839100250974,0.9534044861793518,0.0
PLAIN_FM,0,7,0.0,0.0,0.06774255636681951,0.0,0.28606490459442124,0.2149057388305664,0.4510840570144335,3.2081582566018483,0.9275421565363855,0.04082554702899832,40.82554702899832,7358.138151546002,0.12441299199805718,1.3904349254506188,0.069499431992881,0.04366941103944555,0.0,0.0,0.0,0.0,0.0,0.0,0.0,0.0
L1_REPLACE,0,7,0.0,0.0,0.02957529470311937,0.0,0.0038768466949461455,0.0,0.44380864889289495,2.3929578311186974,0.7376082349743728,0.021546717223650584,21.54671722365059,368.97789902438916,0.3445985179471036,1.867352230259512,0.5883574220351875,0.044621766021009535,0.46485291502904147,0.04771863803034648,3.0,0.0,4.543754565119873,0.46485291502904147,1.7594813108444214,0.0
L1_NO_REPLACE,0,7,0.0,0.0,0.0341057951897612,0.0,0.0,0.0,0.4274382741615195,2.45961266317048,0.761036488215112,0.02452004177947939,24.52004177947939,411.6223549131104,0.33344349730222234,1.8402139999426552,0.5874177369987592,0.04505932901520282,0.46329903398873284,0.047684416989795864,3.0,0.0,4.483878711384363,0.46329903398873284,1.6971935033798218,0.0
L05_REPLACE,0,7,0.0,0.0,0.037379946480922535,0.0,0.0,0.0,0.4233678171326576,2.5245720571562362,0.7789416225370979,0.027941169752183675,27.941169752183676,483.5279569654106,0.31904150595786573,1.8469185126063286,0.5880194130004384,0.04558425099821761,0.46354271000018343,0.04797605401836336,3.0,0.0,4.485725189115535,0.46354271000018343,1.6357874870300293,0.0
L05_NO_REPLACE,0,7,0.0,0.0,0.04147466491885886,0.0,0.03983970146179194,0.0,0.4376819239519104,2.803469969499293,0.8181401044652626,0.026069095782875085,26.06909578287508,2241.9215439986037,0.16784129660857022,1.6202093663626262,0.5872062309645116,0.04524659301387146,0.4629297149949707,0.04798956390004605,3.0,0.0,4.485725189115535,0.4629297149949707,0.8986641764640808,0.0
PLAIN_FM,0,8,0.0,0.0,0.06493468607751472,0.0,0.33966855373382554,1.3835203647613525,0.4525520510612393,3.183833300789873,0.8632210541042896,0.04204791911927297,42.04791911927297,8486.41914696826,0.15207109830735113,1.4250701717156975,0.06964922702172771,0.04376782407052815,0.0,0.0,0.0,0.0,0.0,0.0,0.0,0.0
L1_REPLACE,0,8,0.0,0.0,0.04184802768396252,0.0,0.0,0.0,0.4297147051834336,2.50279299958632,0.7665654870799924,0.027248790258962347,27.248790258962345,481.73402768210553,0.32462510340527917,1.8921862335073347,0.5885453459923156,0.04456315597053617,0.46474922209745273,0.05049226101255044,3.0,0.0,4.46631194877496,0.46474922209745273,1.6901698112487793,0.0
L1_NO_REPLACE,0,8,0.0,0.0,0.03459424061814416,0.0,0.0,0.0,0.43234742818508864,2.4398781148731925,0.744506958195036,0.022418681987334765,22.418681987334764,395.36640552284007,0.33928003047812305,1.893794639720602,0.4925323750358075,0.045819889055565,0.36917985102627426,0.0419191459659487,3.0,0.0,4.703002477346952,0.36917985102627426,1.7810933589935303,0.0
L05_REPLACE,0,8,0.0,0.0,0.033880276364465264,0.0,0.0,0.0,0.4204300795782743,2.531313872538869,0.7809197172685399,0.028866969971309386,28.866969971309388,517.9458067947396,0.32669096143581405,1.8693079682064748,0.49252987501677126,0.04577917593996972,0.36906597996130586,0.041941986070014536,3.0,0.0,4.9745866652248205,0.36906597996130586,1.6844083070755005,0.0
L05_NO_REPLACE,0,8,0.0,0.0,0.035204538760441745,0.0,0.05999044742584214,0.0,0.4341888263578175,2.7795462712658745,0.7911747192520775,0.02508503197257761,25.08503197257761,2842.753173415869,0.1880290825266579,1.647652692305172,0.4939339999691583,0.045708726975135505,0.370689032075461,0.04204545996617526,3.0,0.0,4.9745866652248205,0.370689032075461,0.9547829031944275,0.0
PLAIN_FM,0,9,0.0,0.0,0.07364178948492252,0.0,0.265439536833763,2.3151707649230957,0.43765586741901186,3.256729275238188,0.8856193737404882,0.046621832619168274,46.62183261916827,9462.503938171189,0.19171428829971937,1.3980998517975012,0.06875113199930638,0.04327648103935644,0.0,0.0,0.0,0.0,0.0,0.0,0.0,0.0
L1_REPLACE,0,9,0.0,0.0,0.03462297830601066,0.0,0.0,0.0,0.4002942838638704,2.4679292576458636,0.7894446731707992,0.027377869347760198,27.377869347760203,502.85144533545764,0.34683923464956057,1.8767510756765593,0.5834752609953284,0.04432299901964143,0.46143994299927726,0.05174454191001132,3.0,0.0,5.565381183175985,0.46143994299927726,1.9505620002746582,0.0
L1_NO_REPLACE,0,9,0.0,0.0,0.03212729217664108,0.0,0.0,0.0,0.4022635547283195,2.4904015548907963,0.7891947508021647,0.02770809873802102,27.70809873802102,507.1264343921523,0.33841987994174416,1.8455409138066436,0.5839199220063165,0.045235274941660464,0.4611795859527774,0.05171372496988624,3.0,0.0,5.273595771073738,0.4611795859527774,1.8994405269622803,0.0
L05_REPLACE,0,9,0.0,0.0,0.034480622463222754,0.0,0.0,0.0,0.40536721119999786,2.5268403675910607,0.791949301961958,0.026633299604416447,26.63329960441645,488.71928489979814,0.33373856363965815,1.823458332858432,0.5756047529866919,0.04560204083099961,0.4538083640509285,0.05252069403650239,3.0,0.0,5.228398795296096,0.4538083640509285,1.8430172204971313,0.0
L05_NO_REPLACE,0,9,0.0,0.0,0.042710920725058915,0.0,0.02616391744613633,0.0,0.42010808206695904,2.822958078870624,0.8089627559668567,0.023462523197286894,23.462523197286895,2162.385468900258,0.18391834546950295,1.6017555485184125,0.5716220070025884,0.044640765932854265,0.4507692809565924,0.05105073604499921,3.0,0.0,5.228398795296096,0.4507692809565924,1.0240858793258667,0.0
PLAIN_FM,0,10,0.0,0.0,0.05368686935653379,0.0,0.29797719087600694,1.0349345207214355,0.4259373115424244,3.2093802357701513,0.9072455304795978,0.03842669061557924,38.42669061557925,7829.268188754758,0.16294654301049677,1.3296472575301659,0.06830747000640258,0.04326738399686292,0.0,0.0,0.0,0.0,0.0,0.0,0.0,0.0
L1_REPLACE,0,10,0.0,0.0,0.033525964260055344,0.0,0.0,0.0,0.4045261200584754,2.587184279479252,0.8078383172063527,0.03246304092486343,32.46304092486343,594.7567365927036,0.3258216672714169,1.779243941306842,0.6649034059955738,0.04411008098395541,0.5436528499703854,0.06142281007487327,3.0,0.0,4.419846775806882,0.5436528499703854,1.6444255113601685,0.0
L1_NO_REPLACE,0,10,0.0,0.0,0.03161600963708165,0.0,0.0,0.0,0.40744705272627857,2.5631045206131664,0.8015489879616143,0.031268201142338636,31.26820114233864,579.2140595870187,0.325627148955397,1.7893717023669418,0.5859377240412869,0.045614662987645715,0.4629481630399823,0.05213806696701795,3.0,0.0,4.714248918288986,0.4629481630399823,1.6560664176940918,0.0
L05_REPLACE,0,10,0.0,0.0,0.0327000823388327,0.0,0.0,0.0,0.39576657291799017,2.558962111019369,0.8044872695904088,0.02968050901352226,29.68050901352226,565.0932781905206,0.32942910108772683,1.7749059160497769,0.5852110550040379,0.045762054971419275,0.4619203460169956,0.0520273920847103,3.0,0.0,5.074772500649129,0.4619203460169956,1.663245439529419,0.0
L05_NO_REPLACE,0,10,0.0,0.0,0.02862797436967998,0.0,0.0007005151748655791,0.0,0.4122063367234421,2.8113488800115696,0.8232921332827774,0.02311796159614199,23.11796159614199,2015.6139991571288,0.19088777147744979,1.5475645428628941,0.5852656559436582,0.045560342958197,0.4622794030001387,0.0521422250312753,3.0,0.0,5.074772500649074,0.4622794030001387,0.9352313280105591,0.0
PLAIN_FM,0,11,0.0,0.0,0.06351668339826581,0.0,0.32583491172790513,0.6984424591064453,0.45304711640195483,3.1507387576604042,0.904358574415116,0.05065303451605152,50.65303451605152,11360.561937820377,0.11579828414958314,1.4353376534200826,0.06908695097081363,0.04368112300289795,0.0,0.0,0.0,0.0,0.0,0.0,0.0,0.0
L1_REPLACE,0,11,0.0,0.0,0.029261680019675718,0.0,0.0,0.0,0.43840282970091343,2.3439126224298668,0.7447553879884133,0.020521220588455426,20.521220588455424,335.23596684458175,0.3500160482302108,1.92354911766293,0.6755723649985157,0.044517044036183506,0.5536320909741335,0.06056300597265363,3.0,0.0,4.560426238539825,0.5536320909741335,1.6918785572052002,0.0
L1_NO_REPLACE,0,11,0.0,0.0,0.025446001403098537,0.0,0.0,0.0,0.43941812414267734,2.3145061747880633,0.7552618732917687,0.017317327581350864,17.317327581350863,275.34827603568345,0.37289155691333475,1.971638496654238,0.5847898519714363,0.04547299799742177,0.46202297607669607,0.051877687976229936,3.0,0.0,4.5535840574460815,0.46202297607669607,1.791175127029419,0.0
L05_REPLACE,0,11,0.0,0.0,0.02696785458205047,0.0,0.0,0.0,0.43729616021399864,2.3313668723966106,0.7551711241428573,0.018719182650582554,18.719182650582553,330.0395500955852,0.36529481163269567,1.958743258873699,0.582972864038311,0.045090610918123275,0.46042468398809433,0.05003143899375573,3.0,0.0,4.762229870719621,0.46042468398809433,1.7519254684448242,0.0
L05_NO_REPLACE,0,11,0.0,0.0,0.03826579621138894,0.0,0.0,0.0,0.44764919452980223,2.6807827521909293,0.7964333146469912,0.02444239012613525,24.442390126135248,3196.6023979358883,0.20636319352457033,1.6963222643800762,0.5859781929757446,0.04499399597989395,0.4634203939931467,0.050530631036963314,3.0,0.0,4.762229870719621,0.4634203939931467,0.9663266539573669,0.0
PLAIN_FM,0,12,0.0,0.0,0.06492061496164274,0.0,0.264938187265396,0.1370382308959961,0.4369772954690768,3.212618717005563,0.8868910347527698,0.03327388574892051,33.27388574892051,6167.221060212552,0.16658328097464065,1.3945204352146594,0.06913955201162025,0.04364851291757077,0.0,0.0,0.0,0.0,0.0,0.0,0.0,0.0
L1_REPLACE,0,12,0.0,0.0,0.03654859514705036,0.0,0.0006108101844786162,0.0,0.411337523640371,2.5465112970791948,0.8038839719833915,0.030229417728424652,30.229417728424654,571.9194964141104,0.31940188054993773,1.8334300040483775,0.5826159240095876,0.04428249702323228,0.4607472830102779,0.05003740906249732,3.0,0.0,4.611828601896414,0.4607472830102779,1.7367560863494873,0.0
L1_NO_REPLACE,0,12,0.0,0.0,0.031810713506336685,0.0,0.0,0.0,0.4286045739567715,2.432834687866815,0.7596091999732445,0.023326532188933435,23.326532188933438,438.1323136384285,0.32975748456682263,1.8336736840902002,0.49008281604619697,0.044940303021576256,0.36791264498606324,0.039736088016070426,3.0,0.0,4.820350046517836,0.36791264498606324,1.8184298276901245,0.0
L05_REPLACE,0,12,0.0,0.0,0.0308018774950578,0.0,0.0,0.0,0.4035199196792776,2.545079071369654,0.8094194956493331,0.029360218585733247,29.36021858573325,560.5003346135035,0.32243958023889335,1.8115692915873003,0.581814902019687,0.0450268269632943,0.45924621302401647,0.048636882042046636,3.0,0.0,4.921465040724444,0.45924621302401647,1.7513319253921509,0.0
L05_NO_REPLACE,0,12,0.0,0.0,0.039446539376158746,0.0,0.054277938270568704,0.0,0.4159564675737758,2.816041453116092,0.8231787019280205,0.02197479551005399,21.97479551005399,1794.1398553474428,0.17575237269084965,1.5918546907604953,0.58270657598041,0.04488505993504077,0.460272619035095,0.04871202301001176,3.0,0.0,4.921465040724444,0.460272619035095,0.9693694114685059,0.0
PLAIN_FM,0,13,0.0,0.0,0.07113294680114478,0.0,0.2159177825927734,1.4807653427124023,0.444095637404534,3.197275383910834,0.9065499056103867,0.04140993644571933,41.40993644571933,8083.3017318064485,0.14155669040120888,1.4305117283615716,0.06928491604048759,0.043659210903570056,0.0,0.0,0.0,0.0,0.0,0.0,0.0,0.0
L1_REPLACE,0,13,0.0,0.0,0.03543774787920556,0.0,0.0,0.0,0.4027213999384671,2.4973789301758353,0.8053440742830464,0.029368920600617097,29.368920600617102,558.2681994263411,0.32901714361920453,1.8387559382099028,0.6764356949715875,0.044643347966484725,0.5538386550033465,0.05946442694403231,3.0,0.0,5.417159840861114,0.5538386550033465,1.6791768074035645,0.0
L1_NO_REPLACE,0,13,0.0,0.0,0.03648241143948003,0.0,0.0,0.0,0.4203115620717854,2.4746752460284096,0.790693429454023,0.027501012263165786,27.501012263165787,530.4061219204501,0.3315828237064089,1.885905040921907,0.6773576979758218,0.04507122712675482,0.5549450840335339,0.06172148697078228,3.0,0.0,4.579376649867545,0.5549450840335339,1.698630690574646,0.0
L05_REPLACE,0,13,0.0,0.0,0.03421429902873932,0.0,0.001089137458801126,0.0,0.3845241705643783,2.6145580774980823,0.8362233659958004,0.03541631834558134,35.41631834558134,709.7656170821515,0.3220098564500449,1.802190438673191,0.7670565419830382,0.045169590041041374,0.6444367800140753,0.06963713292498142,3.0,0.0,4.849658021366652,0.6444367800140753,1.6058894395828247,0.0
L05_NO_REPLACE,0,13,0.0,0.0,0.05174939602394245,0.0,0.06080980758666987,0.0,0.4050032112931301,2.837836123797853,0.8420474863893795,0.027101803555566573,27.101803555566576,2247.215992721596,0.18492027900599095,1.6057486184268068,0.767737869056873,0.045056848030071706,0.6452290110173635,0.06964903400512412,3.0,0.0,4.849658021366652,0.6452290110173635,0.8944146037101746,0.0
PLAIN_FM,0,14,0.0,0.0,0.0716337987047947,0.0,0.30351178016662583,0.907893180847168,0.44720908262723413,3.200276295355647,0.8849364252379804,0.04015102516718491,40.15102516718491,8266.04802365811,0.14987025576506852,1.437476800145645,0.06901072803884745,0.043542526953388005,0.0,0.0,0.0,0.0,0.0,0.0,0.0,0.0
L1_REPLACE,0,14,0.0,0.0,0.03603691139642845,0.0,0.0,0.0,0.44343416637401556,2.36067301137881,0.7372842979811184,0.020002152453939742,20.002152453939743,368.88586627171753,0.34160937315547796,1.8902173000097988,0.5813215069938451,0.044348358060233295,0.4591685779741965,0.04784429998835549,3.0,0.0,4.5087903660323985,0.4591685779741965,1.8194911479949951,0.0
L1_NO_REPLACE,0,14,0.0,0.0,0.03161021109918359,0.0,0.0,0.0,0.39097100396079976,2.529737119888676,0.814219315619074,0.031036256409096817,31.036256409096815,597.0954075332338,0.3263693017062871,1.829594467195601,0.4915494410088286,0.04516751202754676,0.3688651989796199,0.03951289190445095,3.0,0.0,4.611173058298197,0.3688651989796199,1.6984000205993652,0.0
L05_REPLACE,0,14,0.0,0.0,0.030771363289753086,0.0,0.0,0.0,0.4306781290604024,2.4462793705530936,0.757592923637963,0.02238051169043904,22.38051169043904,425.5693773645739,0.3441058021186515,1.8490865666446619,0.5817104360321537,0.04516065900679678,0.45914677693508565,0.0479921440128237,3.0,0.0,4.901030045223285,0.45914677693508565,1.7963796854019165,0.0
L05_NO_REPLACE,0,14,0.0,0.0,0.04979014572225886,0.0,0.02446220483779893,0.0,0.43415038833320035,2.7645980019146634,0.7915236505031098,0.021219676277488407,21.219676277488407,2165.2904626833074,0.1902824809204101,1.6313088300493022,0.582317482039798,0.04500452498905361,0.459541998046916,0.04798155400203541,3.0,0.0,4.901030045223285,0.459541998046916,0.9987185001373291,0.0
PLAIN_FM,0,15,0.0,0.0,0.07099371356414787,0.0,0.28241024580001817,1.04286789894104,0.44399104074224555,3.2457227593510094,0.9062841053160228,0.04550298776339942,45.502987763399425,9608.523598733693,0.161204562512827,1.410640902582587,0.06894706701859832,0.04348834604024887,0.0,0.0,0.0,0.0,0.0,0.0,0.0,0.0
L1_REPLACE,0,15,0.0,0.0,0.034911369022456576,0.0,0.0,0.0,0.44887450025177006,2.3626699092627708,0.7404216057994237,0.019673830713530342,19.673830713530347,320.49368666108586,0.3494051087466919,1.8898330833815133,0.5812671939493157,0.044225274003110826,0.45940956397680566,0.047969111998099834,3.0,0.0,4.623442428228991,0.45940956397680566,1.8984990119934082,0.0
L1_NO_REPLACE,0,15,0.0,0.0,0.04735069383868758,0.0,0.004376129913330029,0.0,0.40894610730864045,2.618920484498799,0.8006944235214956,0.03896572003346961,38.96572003346961,883.4300814997158,0.29295792307129337,1.8455126474282688,0.6709575470304117,0.04507838701829314,0.5483227950171567,0.054522946069482714,3.0,0.0,4.5340289097549284,0.5483227950171567,1.628504991531372,0.0
L05_REPLACE,0,15,0.0,0.0,0.04246593035632491,0.0,0.0,0.0,0.4514022174022658,2.3514814732356375,0.7619965229443469,0.018218917304556135,18.218917304556136,321.1414792839034,0.3647744570200464,1.8965613307553397,0.5821911869570613,0.045073297049384564,0.4595411060145125,0.04817595810163766,3.0,0.0,5.078152521728258,0.4595411060145125,1.9646775722503662,0.0
L05_NO_REPLACE,0,15,0.0,0.0,0.04551593087632881,0.0,0.023463921356201123,0.0,0.44748470875090296,2.729114659019067,0.7891230526358034,0.02000094947523967,20.00094947523967,2325.5040791304805,0.18761160520766734,1.645573681157663,0.582228658022359,0.04504856700077653,0.45954973698826507,0.04820608004229143,3.0,0.0,5.078152521728258,0.45954973698826507,1.0784695148468018,0.0
PLAIN_FM,0,16,0.0,0.0,0.06867715632304254,0.0,0.177156489753723,0.41661977767944336,0.4287456098575332,3.2641271188331777,0.8945195399907299,0.038363912317950444,38.363912317950444,7052.389954790783,0.18403995604520557,1.3936387677487476,0.06893574597779661,0.043474056059494615,0.0,0.0,0.0,0.0,0.0,0.0,0.0,0.0
L1_REPLACE,0,16,0.0,0.0,0.0324924603358602,0.0,0.0,0.0,0.40915808331212516,2.4710765111998474,0.7822934906157963,0.026715267187116205,26.715267187116208,481.64533279834615,0.34817331527224193,1.8723379915758316,0.5823604210163467,0.04426830599550158,0.46037561795674264,0.048661941138561815,3.0,0.0,4.921982435710234,0.46037561795674264,1.9340379238128662,0.0
L1_NO_REPLACE,0,16,0.0,0.0,0.033929134026623634,0.0,0.0,0.0,0.41143301061146004,2.475755006578322,0.7809931548900103,0.02712764808260655,27.12764808260655,485.26301658549386,0.3413844539675004,1.8605917178720106,0.5850928630097769,0.04556187894195318,0.46156482002697885,0.04879361396888271,3.0,0.0,4.82516477815343,0.46156482002697885,1.9022586345672607,0.0
L05_REPLACE,0,16,0.0,0.0,0.03358532040798434,0.0,0.0028459843635557647,0.0,0.40834617704704135,2.508544916700186,0.788856106849012,0.02738898911339678,27.388989113396782,511.77362224952424,0.33295729206522884,1.8369399420527082,0.5831106910482049,0.04502576403319836,0.46032302593812346,0.04807010694639757,3.0,0.0,5.071364817430405,0.46032302593812346,1.8458908796310425,0.0
L05_NO_REPLACE,0,16,0.0,0.0,0.04080876854011464,0.0,0.02326593961715684,0.0,0.41338653685770477,2.823558275498188,0.8157723151366997,0.022061825559253928,22.06182555925393,1847.0486579849455,0.18095319328462728,1.6059042828495957,0.5825242040446028,0.04510159697383642,0.45974864094750956,0.04802526399726048,3.0,0.0,5.071364817430405,0.45974864094750956,1.0229936838150024,0.0
PLAIN_FM,0,17,0.0,0.0,0.06344979152423678,0.0,0.26483432617187486,0.858147144317627,0.4411747125904128,3.154291262656695,0.8632335143475767,0.037175329093660614,37.175329093660615,7476.271730054496,0.14676478732675655,1.407868335723604,0.06892083596903831,0.04345819400623441,0.0,0.0,0.0,0.0,0.0,0.0,0.0,0.0
L1_REPLACE,0,17,0.0,0.0,0.029742574126659017,0.0,0.0,0.0,0.4380723972777129,2.3435620951327936,0.7377527578395449,0.01912275629321461,19.12275629321461,323.6522321726957,0.3625596641400237,1.8814198313885842,0.5841284960042685,0.044710176007356495,0.4614314930513501,0.049558696046005934,3.0,0.0,4.568659693548843,0.4614314930513501,1.8322489261627197,0.0
L1_NO_REPLACE,0,17,0.0,0.0,0.034329931581209686,0.0,0.0,0.0,0.42889014882298876,2.4152022855187982,0.7597743769670443,0.02369484219276846,23.694842192768462,390.22291384177015,0.33443691033754536,1.8725343467712656,0.581945908954367,0.04520366108044982,0.45872573199449107,0.04744839109480381,3.0,0.0,4.56731340654389,0.45872573199449107,1.7111902236938477,0.0
L05_REPLACE,0,17,0.0,0.0,0.033529283478564806,0.0,0.0,0.0,0.4024952962708695,2.5117993970988235,0.8017855359267424,0.029289255570340764,29.289255570340767,533.0640060244814,0.3256176550866808,1.8353583333180863,0.5841204260359518,0.04497876489767805,0.4612339380546473,0.04776069999206811,3.0,0.0,4.645897288025045,0.4612339380546473,1.6346683502197266,0.0
L05_NO_REPLACE,0,17,0.0,0.0,0.04582326265537583,0.0,0.03497000198364253,0.0,0.4200444000572975,2.769012767564312,0.8077713545480809,0.024120638276125428,24.120638276125426,2126.415511529212,0.18431329145372446,1.6223982293444277,0.5807830569683574,0.04501823504688218,0.4583472529775463,0.047490288969129324,3.0,0.0,4.645897288025045,0.4583472529775463,0.9008104205131531,0.0
PLAIN_FM,0,18,0.0,0.0,0.07140160264392713,0.0,0.19167498912811265,0.45346736907958984,0.4380958195014154,3.2051829777165004,0.9026434279742913,0.04460979719646874,44.60979719646874,9799.647661475186,0.15392184787559948,1.4470098229610553,0.06875423103338107,0.04333256202517077,0.0,0.0,0.0,0.0,0.0,0.0,0.0,0.0
L1_REPLACE,0,18,0.0,0.0,0.026371333319786812,0.0,0.0,0.0,0.4282891810353604,2.3875598419398796,0.7526637284535038,0.023440783294217723,23.440783294217724,406.8666693915821,0.32704933348181886,1.9567804327473663,0.4928365100058727,0.04410164098953828,0.37129715003538877,0.04166496702237055,3.0,0.0,5.713153744098255,0.37129715003538877,1.8122035264968872,0.0
L1_NO_REPLACE,0,18,0.0,0.0,0.024501714473330452,0.0,0.0,0.0,0.43032478273684277,2.413678112274659,0.7622814851997314,0.02359513912127542,23.595139121275423,406.14395622058373,0.33836662198717493,1.9287551010186823,0.5831751200021245,0.045004664978478104,0.46069507498759776,0.04901117202825844,3.0,0.0,4.791521184297922,0.46069507498759776,1.8440546989440918,0.0
L05_REPLACE,0,18,0.0,0.0,0.03376332027677996,0.0,0.00025795068740830374,0.0,0.39662847958023467,2.571369027765642,0.8192294261343654,0.03208719047119023,32.08719047119023,621.4403544516329,0.3162058236609532,1.8485055211795987,0.5841428649728186,0.04514652898069471,0.4613927719765343,0.049576795019675046,3.0,0.0,4.919704725703494,0.4613927719765343,1.7009247541427612,0.0
L05_NO_REPLACE,0,18,0.0,0.0,0.048241446381801376,0.0,0.025836687946319437,0.0,0.412040651262391,2.821541981897379,0.8329332122112196,0.02582484852660505,25.82484852660505,2620.994726066606,0.17122270922219684,1.642260605085837,0.5836488719796762,0.04504108591936529,0.46087794902268797,0.049500803113915026,3.0,0.0,4.919704725703494,0.46087794902268797,0.9395811557769775,0.0
PLAIN_FM,0,19,0.0,0.0,0.07000662795247797,0.0,0.23133264150619492,3.397620916366577,0.4482918004367699,3.221545166729297,0.8791630803811673,0.057007033081397845,57.00703308139785,10407.71970151035,0.17420580484192721,1.375863987219009,0.06889043399132788,0.04344595497241244,0.0,0.0,0.0,0.0,0.0,0.0,0.0,0.0
L1_REPLACE,0,19,0.0,0.0,0.025631569014371906,0.0,0.0,0.0,0.42181828217999334,2.4155618181704206,0.7720974113335441,0.02250427530125432,22.50427530125432,408.52986266952433,0.35191665500202507,1.9039686962126492,0.582700845960062,0.04427098500309512,0.4608103059581481,0.04902149102417752,3.0,0.0,4.877627798025067,0.4608103059581481,1.956472396850586,0.0
L1_NO_REPLACE,0,19,0.0,0.0,0.02967854639215342,0.0,0.0,0.0,0.42347588222884774,2.3935570194216926,0.7644357180069821,0.021850433644908573,21.850433644908573,368.9269439929088,0.35306697523789343,1.8972140379182743,0.675262653036043,0.045060885953716934,0.5524903910700232,0.057679327903315425,3.0,0.0,5.02596522195526,0.5524903910700232,1.9493156671524048,0.0
L05_REPLACE,0,19,0.0,0.0,0.026370900592975012,1.1642945185741382e-07,0.004241423416137646,0.0,0.36845707786332776,2.6367380109389775,0.8114463177160153,0.03968797000651162,39.68797000651162,880.7697985711501,0.3203664975729355,1.8155230783765082,0.6748228619690053,0.04508799692848697,0.5521715210052207,0.056729351927060634,3.0,0.0,5.011320453074839,0.5521715210052207,1.7183548212051392,0.0
L05_NO_REPLACE,0,19,0.0,0.0,0.05040637093320885,0.0,0.01433656778335557,0.0,0.40981403341377076,2.842496906701126,0.8174395164382642,0.030685206710658997,30.685206710659,2657.9144248449097,0.18463243984083239,1.5835289153793934,0.6742643369943835,0.045055535971187055,0.5516790469991975,0.056886295962613076,3.0,0.0,5.011320453074785,0.5516790469991975,0.9658145308494568,0.0
PLAIN_FM,0,20,0.0,0.0,0.07162984916111693,0.0,0.3706325706481932,1.7930817604064941,0.4516773532939315,3.2371425433779852,0.8636389039188347,0.048348546813383186,48.348546813383194,9949.956706800578,0.1684820301649357,1.4290505795930837,0.06886618304997683,0.043480514956172556,0.0,0.0,0.0,0.0,0.0,0.0,0.0,0.0
L1_REPLACE,0,20,0.0,0.0,0.030593586054656736,0.0,0.0,0.0,0.4054918451753052,2.509216041624407,0.7953396753794532,0.027332927254744236,27.332927254744234,500.96131078272504,0.3277548452749882,1.8645527772674577,0.4936086779925972,0.0442433949210681,0.37171689001843333,0.04183947097044438,3.0,0.0,4.865947243755071,0.37171689001843333,1.8005889654159546,0.0
L1_NO_REPLACE,0,20,0.0,0.0,0.029239332198439154,0.0,0.0,0.0,0.4213941804966775,2.4606997627724416,0.7762553225486138,0.02434766076371042,24.347660763710422,434.20537710565645,0.33305232059966516,1.894231312636969,0.4947063169674948,0.045151750033255666,0.37160389602649957,0.041487242095172405,3.0,0.0,4.868120212008782,0.37160389602649957,1.8402817249298096,0.0
L05_REPLACE,0,20,0.0,0.0,0.03334714634004267,0.0,0.0,0.0,0.4265440025040123,2.4791571831109027,0.769975376692699,0.023972089438839002,23.972089438839003,418.9836805789215,0.32437397759123476,1.8674306146633124,0.58613468502881,0.04499706398928538,0.46329047897597775,0.051418393035419285,3.0,0.0,4.957372414303319,0.46329047897597775,1.7783915996551514,0.0
L05_NO_REPLACE,0,20,0.0,0.0,0.04377742950467253,0.0,0.015878837966918802,0.0,0.4409298509755758,2.793255996620604,0.7814412738572767,0.022195572093774762,22.195572093774764,2355.3430958955346,0.175148197756061,1.637402836613327,0.5901914709829725,0.04492077202303335,0.4669233049498871,0.05180194304557517,3.0,0.0,4.957372414303319,0.4669233049498871,0.9833314418792725,0.0
PLAIN_FM,0,21,0.0,0.0,0.07002323013676652,0.0,0.2783443149566649,1.4070522785186768,0.46121557758097814,3.1598174185436934,0.8903952189388016,0.05061712611285951,50.617126112859516,10981.834129985189,0.12579718724051747,1.4787239989661005,0.0701943680178374,0.0441891408408992,0.0,0.0,0.0,0.0,0.0,0.0,0.0,0.0
L1_REPLACE,0,21,0.0,0.0,0.028003602753163617,0.0,0.0019390996932981963,0.0,0.4279115064642501,2.4065498031488515,0.7651393387978115,0.02171774338018544,21.717743380185443,384.1242621257103,0.34616126198986225,1.946584230322052,0.5859972799662501,0.04501588403945789,0.46237405604915693,0.048758334072772413,3.0,0.0,4.428872732292273,0.46237405604915693,1.787015438079834,0.0
L1_NO_REPLACE,0,21,0.0,0.0,0.03520722653149207,0.0,0.0,0.0,0.43131863344352456,2.4481874265059096,0.7571802521080466,0.024276529455522555,24.276529455522557,401.9963460853468,0.3278802096105392,1.9167294224300413,0.5922983959899284,0.04548480699304491,0.4682759909774177,0.049754438921809196,3.0,0.0,4.435500740665041,0.4682759909774177,1.7081378698349,0.0
L05_REPLACE,0,21,0.0,0.0,0.03329718816590524,0.0,0.0,0.0,0.4279598403109969,2.4756161192037553,0.7630239443660735,0.024616975864705005,24.616975864705008,402.34545776604887,0.3217834893083597,1.8928367819559766,0.5838507729931735,0.045219670922961086,0.4608315539662726,0.04848843801300973,3.0,0.0,4.599656396180314,0.4608315539662726,1.665854811668396,0.0
L05_NO_REPLACE,0,21,0.0,0.0,0.04148956283735554,0.0,0.04647747840881333,0.0,0.44577641399387424,2.7552139021739857,0.7952755387591619,0.02584117835980343,25.84117835980343,2763.60563804422,0.17062202421062683,1.6836903230043443,0.5840738689876162,0.04516399110434577,0.4611645639524795,0.04855862905969843,3.0,0.0,4.599656396180314,0.4611645639524795,0.9181729555130005,0.0
PLAIN_FM,0,22,0.0,0.0,0.0620223838223921,0.0,0.2624182518959044,0.057054758071899414,0.41927223483327686,3.2206597010548537,0.9196491761391966,0.037306087469690524,37.306087469690524,7206.480917255369,0.18228111726157398,1.3845257173657743,0.06935541599523276,0.04372936097206548,0.0,0.0,0.0,0.0,0.0,0.0,0.0,0.0
L1_REPLACE,0,22,0.0,0.0,0.033447813151638875,0.0,0.0,0.0,0.3949194439003718,2.5332154091485175,0.8040740115193009,0.029764003807254174,29.764003807254177,553.3855581865326,0.3365657646693202,1.8072948643058249,0.6765608940040693,0.04441445792326704,0.5542936640558764,0.058892371016554534,3.0,0.0,4.637666920486532,0.5542936640558764,1.781752109527588,0.0
L1_NO_REPLACE,0,22,0.0,0.0,0.03228780948249705,0.0,0.0,0.0,0.4289463621618909,2.3902184108407276,0.7493474532967735,0.020413088216652886,20.413088216652888,427.93284365629233,0.3672141778201231,1.906848837270447,0.6795441720169038,0.046138194971717894,0.5543760859873146,0.059283381910063326,3.0,0.0,4.8886834118520515,0.5543760859873146,1.9881036281585693,0.0
L05_REPLACE,0,22,0.0,0.0,0.03681474248025124,0.0,0.0,0.0,0.39950250514982705,2.556758004285244,0.8028609001444119,0.030311000434019686,30.311000434019686,589.6460790507707,0.33462205997914496,1.8037454512644913,0.68560568097746,0.046195525967050344,0.5609323970275,0.0590970249613747,3.0,0.0,4.883756795239321,0.5609323970275,1.7626018524169922,0.0
L05_NO_REPLACE,0,22,0.0,0.0,0.03874802431811723,0.0,0.0345384643554687,0.0,0.40947936028920523,2.821705873190849,0.8296567598225185,0.02384088395715575,23.840883957155754,1947.2816162950323,0.18602201866468593,1.5928321163528363,0.6815281920135021,0.04581931699067354,0.5569112320663407,0.05973403196549043,3.0,0.0,4.8837567952905685,0.5569112320663407,0.9721618890762329,0.0
PLAIN_FM,0,23,0.0,0.0,0.06539792986587274,0.0,0.23823485937118516,1.789076328277588,0.4477747456337355,3.201307484341164,0.8565091048535909,0.043834981329238354,43.83498132923836,7755.2719384777265,0.16432860329629376,1.3736118019431665,0.07067966996692121,0.0445630339672789,0.0,0.0,0.0,0.0,0.0,0.0,0.0,0.0
L1_REPLACE,0,23,0.0,0.0,0.04482777445979942,0.0,0.0,0.0,0.409806230138245,2.6030926978141022,0.8160916536692906,0.03419015925905859,34.19015925905859,661.1469277716051,0.32016612487713386,1.8113760722025667,0.5950129650300369,0.04520675103412941,0.4706966620287858,0.051773952960502356,3.0,0.0,4.552643629573668,0.4706966620287858,1.7119125127792358,0.0
L1_NO_REPLACE,0,23,0.0,0.0,0.040786022005202385,0.0,0.0,0.0,0.4106653401452294,2.566712519879008,0.8018537362564289,0.031449966583346506,31.44996658334651,590.9078834780646,0.3239520410835878,1.8186864938087977,0.5888716540066525,0.04520338005386293,0.46552538505056873,0.0522459649364464,3.0,0.0,4.614569281799505,0.46552538505056873,1.733917474746704,0.0
L05_REPLACE,0,23,0.0,0.0,0.03557561627090179,0.0,0.0,0.0,0.40606010901163675,2.5610801227569335,0.8073679017985377,0.030210331625977013,30.21033162597702,564.1442328565852,0.33014401193423143,1.795119867064917,0.5881600239663385,0.04513848706847057,0.4651497849263251,0.05208249087445438,3.0,0.0,4.861555511206616,0.4651497849263251,1.7516647577285767,0.0
L05_NO_REPLACE,0,23,0.0,0.0,0.0378588404625069,0.0,0.008516268539428662,0.0,0.421864796532303,2.8102514726840515,0.801734887641908,0.025441658521590832,25.44165852159083,1890.6289890774974,0.1806858649423334,1.5710774315460165,0.5887290589744225,0.04512459598481655,0.4653847520239651,0.052108402946032584,3.0,0.0,4.861555511206616,0.4653847520239651,0.97230064868927,0.0
PLAIN_FM,0,24,0.0,0.0,0.07679039003613604,0.0,0.29680804576873765,2.1831345558166504,0.44901985207285705,3.224582439786497,0.9126718312741037,0.03739914380511378,37.39914380511377,6578.273212991891,0.14631088822592647,1.4792702777248483,0.06965835299342871,0.043934445013292134,0.0,0.0,0.0,0.0,0.0,0.0,0.0,0.0
L1_REPLACE,0,24,0.0,0.0,0.023438442589493513,0.0,0.000765280532836865,0.0,0.42105626448206185,2.405602658567623,0.7617514943544351,0.02300802803210327,23.008028032103272,434.8841192686406,0.35070468613618544,1.9074890622009737,0.5823713510180824,0.04445428302278742,0.4599441280006431,0.04724694503238425,3.0,0.0,4.774394931029768,0.4599441280006431,1.856834888458252,0.0
L1_NO_REPLACE,0,24,0.0,0.0,0.03166034476602361,0.0,0.0,0.0,0.4090927170045775,2.4839635652294207,0.7845467131807573,0.02725438583274012,27.254385832740116,500.936040789246,0.32020000000935095,1.8517989955797654,0.583885251020547,0.04511188896140084,0.46056732401484624,0.0475857630954124,3.0,0.0,4.626010726593549,0.46056732401484624,1.7059593200683594,0.0
L05_REPLACE,0,24,0.0,0.0,0.030850558526530125,0.0,0.0,0.0,0.43376378312737635,2.413692070750728,0.757651564422346,0.023011896984779904,23.011896984779906,408.7806137453583,0.33872550062746754,1.8964552478264656,0.58478939300403,0.045109347032848746,0.46162580203963444,0.04839084396371618,3.0,0.0,4.905184419374068,0.46162580203963444,1.7931931018829346,0.0
L05_NO_REPLACE,0,24,0.0,0.0,0.050942872639723566,0.0,0.005035262966155862,0.0,0.44043727354285617,2.761492150405972,0.7985007730667666,0.019506464938080725,19.506464938080725,1741.0903149329029,0.1804053545348276,1.6761008273256057,0.5849742189748213,0.045050935994368047,0.4617440649890341,0.04844058398157358,3.0,0.0,4.905184419374068,0.4617440649890341,0.9891520142555237,0.0
PLAIN_FM,0,25,0.0,0.0,0.06543413575072539,0.0,0.26190416183471665,0.0,0.44330506320944163,3.183373414893834,0.8871900233669746,0.03899113165358212,38.99113165358212,7286.640056815118,0.14175706261017873,1.4332985864323222,0.06881486100610346,0.04332086903741583,0.0,0.0,0.0,0.0,0.0,0.0,0.0,0.0
L1_REPLACE,0,25,0.0,0.0,0.04244310442011784,0.0,0.0017522391319273467,0.0,0.3978627929036544,2.5554995659687054,0.827717993445721,0.03435954723856745,34.35954723856745,695.5776214486706,0.3165267063642409,1.8766454463847364,0.4920330219902098,0.044219663890544325,0.37014220404671505,0.03976505598984659,3.0,0.0,5.010999180690881,0.37014220404671505,1.6082009077072144,0.0
L1_NO_REPLACE,0,25,0.0,0.0,0.03028182415376974,0.0,0.0,0.0,0.4030031815092689,2.506873467277514,0.8098572343943267,0.03032999169392088,30.32999169392088,607.2109402402561,0.3205069854385726,1.8848317072155432,0.4959618749562651,0.045180800021626055,0.3722571379621513,0.039900717965792865,3.0,0.0,4.900956487179828,0.3722571379621513,1.6415331363677979,0.0
L05_REPLACE,0,25,0.0,0.0,0.02982905617740038,0.0,0.0,0.0,0.3925003706536017,2.552789968137821,0.8218640713116295,0.031861670219450126,31.86167021945013,621.4372053151532,0.31963877827506476,1.8462714820790138,0.49816208198899403,0.04566655185772106,0.3739338609739207,0.040138836950063705,3.0,0.0,4.966460979555667,0.3739338609739207,1.612648844718933,0.0
L05_NO_REPLACE,0,25,0.0,0.0,0.04071289530870392,0.0,0.03237323131561265,0.0,0.4118966179666073,2.7882506566138128,0.8248004743027515,0.02467232676651951,24.67232676651951,1960.7234069641045,0.18697338578890263,1.638118872522053,0.4931523510022089,0.045280061138328165,0.3699383269995451,0.03976618708111346,3.0,0.0,4.966460979555667,0.3699383269995451,0.9183588624000549,0.0
PLAIN_FM,0,26,0.0,0.0,0.07193460736766542,0.0,0.20882920589447007,1.6542387008666992,0.4549346461672903,3.222042573956864,0.8865938581859556,0.04231927094048071,42.31927094048071,8290.096362581957,0.15819728121871668,1.4031129998102796,0.06900487595703453,0.043421582027804106,0.0,0.0,0.0,0.0,0.0,0.0,0.0,0.0
L1_REPLACE,0,26,0.0,0.0,0.04190586033026064,0.0,0.0,0.0,0.4192408316117705,2.5342773887793903,0.7799186772330156,0.02858929577895386,28.589295778953858,511.3084565301351,0.32412661784897373,1.8343488241692376,0.49337205599294975,0.044215263973455876,0.3707280190428719,0.04084316594526172,3.0,0.0,4.666899138755291,0.3707280190428719,1.7576265335083008,0.0
L1_NO_REPLACE,0,26,0.0,0.0,0.04020794983115661,0.0,0.0007595237731932158,0.0,0.4153689295641045,2.549497174694225,0.7871132904228613,0.029828928858056547,29.828928858056543,550.9639265994293,0.3213170269899529,1.825774432605328,0.4995495980256237,0.04594857001211494,0.3742798010352999,0.040040053019765764,3.0,0.0,4.696293538860262,0.3742798010352999,1.7403734922409058,0.0
L05_REPLACE,0,26,0.0,0.0,0.03922404259731248,0.0,6.602373123154592e-05,0.0,0.4127329592853534,2.5703539725848388,0.7976711572773828,0.03003902278794939,30.03902278794939,545.354950947579,0.3256772490760198,1.821822575558025,0.4957484569749795,0.04536225291667506,0.37199494102969766,0.03964709403226152,3.0,0.0,4.886060785904025,0.37199494102969766,1.7422442436218262,0.0
L05_NO_REPLACE,0,26,0.0,0.0,0.04353029892108172,0.0,0.021337227630615185,0.0,0.4264539256912471,2.8327681728032337,0.8128950221287639,0.025225210806294474,25.225210806294474,2477.325101006622,0.17702449302686737,1.6017298508957405,0.49377191602252424,0.04513996705645695,0.3704835919197649,0.03948408993892372,3.0,0.0,4.886060785904025,0.3704835919197649,0.968764066696167,0.0
PLAIN_FM,0,27,0.0,0.0,0.06119693010656406,0.0,0.254404705429077,2.051372528076172,0.46104242537492734,3.1468802345594877,0.8523308843458421,0.043075700493399594,43.0757004933996,7988.67422581332,0.1316671564392975,1.4572267897937152,0.06943845702335238,0.043610197957605124,0.0,0.0,0.0,0.0,0.0,0.0,0.0,0.0
L1_REPLACE,0,27,0.0,0.0,0.0301173084150064,0.0,0.0,0.0,0.4039898399275318,2.439946819541918,0.7855015018828619,0.026306945401178183,26.306945401178183,531.7863929212091,0.3423350896572657,1.884865670221455,0.5842465669848025,0.04441150987986475,0.4614930870011449,0.04879585397429764,3.0,0.0,4.640835728952641,0.4614930870011449,1.7181518077850342,0.0
L1_NO_REPLACE,0,27,0.0,0.0,0.03239594806995363,0.0,0.0,0.0,0.4302404472609739,2.3891277566944633,0.7454545735759321,0.025528383921985587,25.528383921985586,491.41266241757853,0.35180061100723015,1.9205354060428925,0.4940527430153452,0.04524341312935576,0.370433198986575,0.0401117560104467,3.0,0.0,4.87841470586493,0.370433198986575,1.7693698406219482,0.0
L05_REPLACE,0,27,0.0,0.0,0.03219178569092193,0.0,0.0,0.0,0.40901552150531234,2.4764777031739187,0.7831971238320238,0.026163537562275983,26.16353756227598,483.98181370646745,0.32674916677024807,1.8704190527370248,0.5849992459989153,0.045345663907937706,0.46109585399972275,0.04773620603373274,3.0,0.0,4.807683392740806,0.46109585399972275,1.6401171684265137,0.0
L05_NO_REPLACE,0,27,0.0,0.0,0.034347399057195596,0.0,0.0,0.0,0.4267138358603388,2.740594090643947,0.787353693061343,0.023329986392189084,23.329986392189085,1998.8598499719676,0.18922680570907846,1.6566447652595047,0.5829981529968791,0.045069657964631915,0.4600684680044651,0.047769047087058425,3.0,0.0,4.807683392740806,0.4600684680044651,0.9144241809844971,0.0
PLAIN_FM,0,28,0.0,0.0,0.06732369667314327,0.0,0.26792125072479234,0.0,0.4354224763138797,3.2104825964030486,0.8930969492311631,0.04351725906279244,43.51725906279244,9078.06188738232,0.17135464191557148,1.405113073553493,0.06917942099971697,0.043472552963066846,0.0,0.0,0.0,0.0,0.0,0.0,0.0,0.0
L1_REPLACE,0,28,0.0,0.0,0.03944114869182745,0.0,0.0,0.0,0.38889953035987207,2.5258635555009312,0.825500438187996,0.031192527834157064,31.19252783415707,609.9534567927341,0.3445795103470236,1.8062858047045347,0.5854474770021625,0.04419066308764741,0.46318166895071045,0.04841614601900801,3.0,0.0,4.580993447553885,0.46318166895071045,1.709420084953308,0.0
L1_NO_REPLACE,0,28,0.0,0.0,0.035753380813021055,0.0,0.0,0.0,0.3937858622554506,2.5054157069205263,0.8157246263855892,0.029055395476085488,29.055395476085483,578.2412826302209,0.34716583701325665,1.8060919255761976,0.49257485300768167,0.045015054929535836,0.369660947995726,0.039409527904354036,3.0,0.0,4.565237540505118,0.369660947995726,1.7146217823028564,0.0
L05_REPLACE,0,28,0.0,0.0,0.028168508674307632,0.0,0.0,0.0,0.42645919897786755,2.3922085833891322,0.7816986300254983,0.020947879651716357,20.94787965171636,381.81678883711356,0.3549047303651124,1.869297149953794,0.4931606680038385,0.04521778202615678,0.3697561799781397,0.03944414894795045,3.0,0.0,5.326610989256437,0.3697561799781397,1.8249911069869995,0.0
L05_NO_REPLACE,0,28,0.0,0.0,0.03874995956687617,0.0,0.015851216125488232,0.0,0.42905397214184626,2.721702093851295,0.801629027060925,0.02116079240648494,21.16079240648494,2426.133201076958,0.2073998739848642,1.6353716410277985,0.49252082098973915,0.045072336914017797,0.3693627690663561,0.03936828603036702,3.0,0.0,5.326610989256437,0.3693627690663561,1.043922781944275,0.0
PLAIN_FM,0,29,0.0,0.0,0.06930764277947167,0.0,0.2657376345634459,2.3582708835601807,0.46601390579440183,3.1888883558390027,0.8624794802495463,0.052189470682512784,52.18947068251278,11951.653291448938,0.1514968191484495,1.4440740313746527,0.06978751602582633,0.044007427990436554,0.0,0.0,0.0,0.0,0.0,0.0,0.0,0.0
L1_REPLACE,0,29,0.0,0.0,0.03891023868343628,0.0,0.0,0.0,0.4208763904805078,2.5107506442131218,0.7786885620169396,0.02825886321599321,28.258863215993212,490.84805671501704,0.3239611279528388,1.8720355679537362,0.5831749449716881,0.044482820900157094,0.46053352806484327,0.04800970392534509,3.0,0.0,4.3839372645916725,0.46053352806484327,1.692969560623169,0.0
L1_NO_REPLACE,0,29,0.0,0.0,0.03103396789168781,0.0,0.0049840972900390135,0.0,0.37738101284275405,2.6237434426125854,0.8225155745957383,0.038410634189721016,38.410634189721016,871.3614688056201,0.3265437353600419,1.8061365922888362,0.6759700769907795,0.04529231204651296,0.5525932410382666,0.05640431505162269,3.0,0.0,4.387730937642128,0.5525932410382666,1.6355644464492798,0.0
L05_REPLACE,0,29,0.0,0.0,0.023576847274336774,1.1642945185741382e-07,0.004154400634765576,0.0,0.3625860050551343,2.63166887113885,0.8159394350516112,0.03996438635708992,39.96438635708992,912.1895360053895,0.3268001856470504,1.832994686615671,0.6756085570086725,0.04539284604834393,0.5522574429633096,0.05649947898928076,3.0,0.0,4.622659182910811,0.5522574429633096,1.631727695465088,0.0
L05_NO_REPLACE,0,29,0.0,0.0,0.043643177737362635,0.0,0.07317061882019038,0.0,0.41295068432354487,2.830790856696906,0.804994021451639,0.032121138584030956,32.12113858403096,3556.0315166482055,0.19010772610098337,1.627151622474546,0.6779627790092491,0.04546702699735761,0.5542730850283988,0.0568891879520379,3.0,0.0,4.622659182910811,0.5542730850283988,0.9098280668258667,0.0
PLAIN_FM,0,30,0.0,0.0,0.07494434153301345,0.0,0.2333967503547667,1.1172783374786377,0.4627508028600341,3.2260413847837763,0.8835641729931072,0.03645988323529392,36.45988323529392,6076.363164243802,0.1440851181321155,1.4477485159543046,0.06953416898613796,0.043778921070043,0.0,0.0,0.0,0.0,0.0,0.0,0.0,0.0
L1_REPLACE,0,30,0.0,0.0,0.03797036736780236,0.0,0.0,0.0,0.42131762567043085,2.453036775060458,0.7807210841336498,0.02510089726558607,25.10089726558607,483.17069016315736,0.3198807627876701,1.8845861052126613,0.49370940000517294,0.04446645005373284,0.3707803450524807,0.039841418038122356,3.0,0.0,5.024806089692022,0.3707803450524807,1.74008047580719,0.0
L1_NO_REPLACE,0,30,0.0,0.0,0.03173957029096074,0.0,0.0,0.0,0.4274023796334475,2.4306403191997656,0.7552960061531323,0.023075378750548464,23.075378750548467,416.2555722598868,0.32488887515125076,1.8818692010890146,0.4931392549769953,0.04520986904390156,0.3698136809980497,0.039770015864633024,3.0,0.0,5.0007926134287315,0.3698136809980497,1.7583723068237305,0.0
L05_REPLACE,0,30,0.0,0.0,0.0433011187868272,0.0,0.0,0.0,0.44232970895223134,2.437424483349779,0.7366741153014476,0.022667627988398716,22.667627988398717,415.91675526006816,0.3212669218366963,1.900323285586199,0.5887517610099167,0.04527525103185326,0.46513286902336404,0.05032224499154836,3.0,0.0,4.9965501757262025,0.46513286902336404,1.7540315389633179,0.0
L05_NO_REPLACE,0,30,0.0,0.0,0.04667196537262629,0.0,0.0028490589141845213,0.0,0.45428995888417767,2.7656545703541355,0.7711201263689884,0.02023348780116896,20.233487801168963,1620.8108353523266,0.16478914647582288,1.6646345698045077,0.5864198979688808,0.045202889072243124,0.4631595760001801,0.050110729003790766,3.0,0.0,4.9965501757262025,0.4631595760001801,0.9698101878166199,0.0
PLAIN_FM,0,31,0.0,0.0,0.05525623602186401,0.0,0.28507189121246324,0.09185194969177246,0.4455985080199772,3.164932395871164,0.8899415178849265,0.027566878982912435,27.56687898291243,4583.492992645776,0.13459371138430862,1.399058871817501,0.06920181104214862,0.04357328510377556,0.0,0.0,0.0,0.0,0.0,0.0,0.0,0.0
L1_REPLACE,0,31,0.0,0.0,0.029163970994317216,0.0,0.0,0.0,0.3883221966525666,2.4954075217194305,0.8008500323600048,0.028498029090293517,28.498029090293517,549.0036146037284,0.3310980770718827,1.822625810559583,0.5834354599937797,0.044430060079321265,0.460945296974387,0.04810226307017729,3.0,0.0,4.65489070590218,0.460945296974387,1.6609950065612793,0.0
L1_NO_REPLACE,0,31,0.0,0.0,0.026726970633400828,0.0,0.0,0.0,0.42504757051661063,2.3624129705707895,0.7423590219569558,0.020208761415938747,20.20876141593875,382.57076525229917,0.3536332906308173,1.9111631838203564,0.5839899539714679,0.045241329120472074,0.46053033508360386,0.04744599695550278,3.0,0.0,4.785726405979187,0.46053033508360386,1.7869646549224854,0.0
L05_REPLACE,0,31,0.0,0.0,0.02953473976045274,0.0,0.0,0.0,0.38935234881928427,2.561952291604575,0.8177587000713462,0.0311291415308826,31.129141530882602,605.4731850893919,0.32094186208731185,1.8200960112502849,0.5842197799938731,0.045240150939207524,0.4607095210812986,0.048151285969652236,3.0,0.0,4.793540654108654,0.4607095210812986,1.6044031381607056,0.0
L05_NO_REPLACE,0,31,0.0,0.0,0.032020135217821016,0.0,0.020072993302345132,0.0,0.40809335020700543,2.796801701474046,0.8293383827792457,0.020898804812966243,20.898804812966244,1267.7162519546757,0.1853644059416996,1.6014947349645108,0.5840611759922467,0.045067812025081366,0.46096451696939766,0.048114234989043325,3.0,0.0,4.793540654108654,0.46096451696939766,0.9021744132041931,0.0
PLAIN_FM,1,0,0.0,0.0,0.023263957447231254,0.0,0.0,0.43109700083732605,0.47662466265846404,2.2086897000169516,1.1200858245447742,0.04577244242206839,45.772442422068394,10133.282320276972,0.111956956771977,1.7538306089924391,0.06886124098673463,0.04345760395517573,0.0,0.0,0.0,0.0,0.0,0.0,0.0,0.0
L1_REPLACE,1,0,0.0,0.0,0.0232073100692511,0.0,0.0,0.0,0.16635422786246865,1.5801593928832771,0.9418125453539213,0.020665117188901128,20.665117188901128,548.753922231815,0.3345645944791261,1.9197364285637388,0.49398104497231543,0.044141501013655216,0.3720016159932129,0.03928974404698238,3.0,0.0,3.089950722777721,0.3720016159932129,1.113611102104187,0.0
L1_NO_REPLACE,1,0,0.0,0.0,0.022519801677371443,0.0,0.0,0.0,0.173894989893308,1.5362638418783396,0.9276363846744724,0.018438529114391998,18.438529114391997,498.4275776910365,0.3426157868673393,1.9361886466603864,0.495052782993298,0.044868451019283384,0.3721828300622292,0.03930995397968218,3.0,0.0,3.141465292266248,0.3721828300622292,1.1441339254379272,0.0
L05_REPLACE,1,0,0.0,0.0,0.022866309454856876,0.0,0.0,0.0,0.2053611934733111,1.4866817569435886,0.8790763216119927,0.015916955727149407,15.916955727149407,428.2951644218324,0.33871753215714007,1.9619892144540874,0.4951173649751581,0.045072043081745505,0.37201725697377697,0.03936528600752354,3.0,0.0,3.2409333739087796,0.37201725697377697,1.1303291320800781,0.0
L05_NO_REPLACE,1,0,0.0,0.0,0.03225327299541364,0.0,0.0,0.0,0.32651134682681027,1.7797365667966656,0.973209353052203,0.018037595763009062,18.03759576300906,2276.329088525053,0.22595978128732122,1.8474814820434318,0.49499567097518593,0.04503393406048417,0.3719579149619676,0.03929971298202872,3.0,0.0,3.2409333739090984,0.3719579149619676,0.6138884425163269,0.0
PLAIN_FM,1,1,0.0,0.0,0.029226751757445102,0.0,0.0,0.340576171875,0.49592782323463386,2.1396053404908915,1.0738480903454093,0.04470306059039278,44.70306059039279,9513.875025195006,0.12631387586160014,1.8148175337889334,0.06887665198883042,0.04335548001108691,0.0,0.0,0.0,0.0,0.0,0.0,0.0,0.0
L1_REPLACE,1,1,0.0,0.0,0.02733504861492317,0.0,0.0,0.0,0.1825658343588534,1.418815596706315,0.8861909044704623,0.015332074125746914,15.332074125746914,387.9137909338096,0.3649571950830942,1.9987988513598556,0.4936003450420685,0.044377995014656335,0.37120275397319347,0.039285544015001506,3.0,0.0,3.456412793182287,0.37120275397319347,1.1718205213546753,0.0
L1_NO_REPLACE,1,1,0.0,0.0,0.02638207595661521,0.0,0.0,0.0,0.207706640113694,1.2503854376675794,0.7919285149725497,0.00850297956263725,8.50297956263725,311.6723195755636,0.38201903396730386,2.102063542501255,0.5845292659942061,0.04511192603968084,0.46145191899267957,0.04609631298808381,3.0,0.0,3.328278258628854,0.46145191899267957,1.2688987255096436,0.0
L05_REPLACE,1,1,0.0,0.0,0.02773269553947838,0.0,0.0,0.0,0.1499187790074596,1.6745291164603346,0.9675254508990928,0.029574890602457958,29.57489060245796,879.5811066762013,0.32541819207610256,1.9224844756168016,0.5858130800188519,0.0450063229072839,0.46268156997393817,0.04660719505045563,3.0,0.0,3.338985893150719,0.46268156997393817,1.021966576576233,0.0
L05_NO_REPLACE,1,1,0.0,0.0,0.035384826796510394,0.0,0.0,0.0,0.3096480580764151,1.8186909553759982,0.9811306369432535,0.022030593484781535,22.030593484781537,2588.9961462130796,0.22951761760105793,1.857890377763972,0.5880742889712565,0.045644982950761914,0.46466361195780337,0.04884575499454513,3.0,0.0,3.3389858931672505,0.46466361195780337,0.559084951877594,0.0
PLAIN_FM,1,2,0.0,0.0,0.026455756501162553,0.0,0.0,0.05957603454589844,0.4793752044418321,2.226107579916338,1.1022791121549373,0.040185257094313795,40.1852570943138,7890.860343613406,0.10232347084512208,1.7751870256176974,0.06881291000172496,0.043452794081531465,0.0,0.0,0.0,0.0,0.0,0.0,0.0,0.0
L1_REPLACE,1,2,0.0,0.0,0.019285941552731334,0.0,0.0,0.0,0.1791443705297852,1.5908351981310866,0.9335768791591769,0.02283775119555672,22.83775119555672,633.385569391032,0.3307629011281251,1.9404504772373887,0.49533232901012525,0.04450709995580837,0.3731622039922513,0.04026932903798297,3.0,0.0,3.4721325393798916,0.3731622039922513,1.1202366352081299,0.0
L1_NO_REPLACE,1,2,0.0,0.0,0.020245736718846344,0.0,0.0,0.0,0.17133804951598824,1.6668606880360497,0.9579435468290934,0.029313075492895635,29.313075492895635,869.9080887785371,0.3220856070959206,1.9437983196005142,0.4979859280283563,0.04574370395857841,0.37434099812526256,0.041728627926204354,3.0,0.0,3.4041032185876925,0.37434099812526256,1.0895708799362183,0.0
L05_REPLACE,1,2,0.0,0.0,0.025262928056475065,0.0,0.0,0.0,0.20522128034576398,1.470273653764765,0.8690829231024311,0.016206855024727285,16.206855024727286,481.91859787820795,0.3377499797612403,1.9928599584726303,0.49913621897576377,0.04546674498124048,0.37608903099317104,0.04179638886125758,3.0,0.0,3.613104714733185,0.37608903099317104,1.1527743339538574,0.0
L05_NO_REPLACE,1,2,0.0,0.0,0.03368950276191679,0.0,0.0,0.0,0.32678028698595574,1.7667347281647992,0.9535339110378956,0.01707708656659943,17.07708656659943,1773.6528038761762,0.22115746188777285,1.8821996005633852,0.4961959710344672,0.045252421929035336,0.37344094103900716,0.04153867205604911,3.0,0.0,3.6131047147339217,0.37344094103900716,0.6285600066184998,0.0
PLAIN_FM,1,3,0.0,0.0,0.02683456136772272,0.0,0.0,0.841413140296936,0.44957279424024976,2.2087819723976843,1.10537090273446,0.04532112220799921,45.32112220799921,10097.702442013182,0.1152251896274185,1.7465013863692178,0.06893338297959417,0.04358007590053603,0.0,0.0,0.0,0.0,0.0,0.0,0.0,0.0
L1_REPLACE,1,3,0.0,0.0,0.01848106988860264,0.0,0.0,0.0,0.14084548147141537,1.5332293780594823,0.9278234552495335,0.019618521739790437,19.618521739790438,504.92193803668846,0.3543833831058847,1.9185657530455724,0.40446184802567586,0.04424047586508095,0.28255899203941226,0.03174496494466439,3.0,0.0,3.323329928468427,0.28255899203941226,1.1315158605575562,0.0
L1_NO_REPLACE,1,3,0.0,0.0,0.01703707297236126,0.0,0.0,0.0,0.16696267310612847,1.4580806171564749,0.8901311333617352,0.0155064633221257,15.5064633221257,426.90110179340047,0.36450091675074736,1.9407463914714365,0.40344093105522916,0.04513128992402926,0.2805923919659108,0.03150641795946285,3.0,0.0,3.319441482697183,0.2805923919659108,1.1721504926681519,0.0
L05_REPLACE,1,3,0.0,0.0,0.020408032584865246,0.0,0.0,0.0,0.20019174207729568,1.4960388170311052,0.8922664290044217,0.016718234897741387,16.71823489774139,444.16789224217774,0.34678571756366566,1.9366686715310935,0.40329330699751154,0.04508943599648774,0.28075533505761996,0.03147554799215868,3.0,0.0,3.3398393564962685,0.28075533505761996,1.088241696357727,0.0
L05_NO_REPLACE,1,3,0.0,0.0,0.03389268461346945,0.0,0.0,0.0,0.31186766284871387,1.7814948157056467,0.9698550327026652,0.01864894346696895,18.64894346696895,2440.820640339916,0.2368961031920925,1.8343767946054985,0.4060627100407146,0.04543712711893022,0.2826527340221219,0.03158358990913257,3.0,0.0,3.339839356496314,0.2826527340221219,0.5958401560783386,0.0
PLAIN_FM,1,4,0.0,0.0,0.026051634530154855,0.0,0.0,0.5685862898826599,0.45465467611523364,2.206880576482378,1.1175605637776578,0.0370068479919138,37.0068479919138,6615.22641706326,0.12286460729901466,1.7868849240157116,0.06880373897729442,0.043422862014267594,0.0,0.0,0.0,0.0,0.0,0.0,0.0,0.0
L1_REPLACE,1,4,0.0,0.0,0.03192690961120466,0.0,0.0,0.0,0.1257351417853704,1.6775531765669967,0.9659132294801419,0.02930462060110356,29.304620601103558,845.9597627613945,0.33580858158995885,1.9051201398780246,0.5858438379946165,0.04427020205184817,0.46397748205345124,0.048843625001609325,3.0,0.0,3.180365663075033,0.46397748205345124,1.069050908088684,0.0
L1_NO_REPLACE,1,4,0.0,0.0,0.02177121901467681,0.0,0.0,0.0,0.146343101281385,1.6409271703387187,0.9642619347393863,0.026651093202281248,26.651093202281245,742.8888514417711,0.337808131078392,1.9190817989322768,0.4973587009590119,0.045201499946415424,0.37443068803986534,0.04193537391256541,3.0,0.0,3.235556311502455,0.37443068803986534,1.063909649848938,0.0
L05_REPLACE,1,4,0.0,0.0,0.01721300721556361,0.0,0.0,0.0,0.1755133957587885,1.6215979729841379,0.949989491328463,0.02464851133476998,24.64851133476998,676.5873868988285,0.3269884188502371,1.9357887029565164,0.4964427060331218,0.0451240650145337,0.3738619720679708,0.041679784015286714,3.0,0.0,3.4228256318506203,0.3738619720679708,1.0159484148025513,0.0
L05_NO_REPLACE,1,4,0.0,0.0,0.03316305441120575,0.0,0.0,0.0,0.30036593723946653,1.8367517443067745,1.0016147522687662,0.018970466661675844,18.970466661675843,1617.1050864025538,0.22825589924022638,1.8541648529693235,0.4966745419660583,0.045086086029186845,0.37401160702575,0.04176898900186643,3.0,0.0,3.4228256318506967,0.37401160702575,0.5567697882652283,0.0
PLAIN_FM,1,5,0.0,0.0,0.028311981678519837,0.0,0.0,1.1642885208129883,0.4646499558538081,2.155282218033726,1.11072559583367,0.04645483353872114,46.45483353872115,10143.732270500785,0.11955637993532503,1.816588513772786,0.06894891400588676,0.04352086398284882,0.0,0.0,0.0,0.0,0.0,0.0,0.0,0.0
L1_REPLACE,1,5,0.0,0.0,0.016480804528336945,0.0,0.0,0.0,0.18183486254760048,1.5537801124960424,0.9272266230766331,0.02004151380639462,20.04151380639462,518.1413411778548,0.33446020154765355,1.9580303969183865,0.5852923329803161,0.04441580903949216,0.4629380450351164,0.04767296405043453,3.0,0.0,2.8749237637594396,0.4629380450351164,1.0375049114227295,0.0
L1_NO_REPLACE,1,5,0.0,0.0,0.020437164648795567,0.0,0.0,0.0,0.1702080318747593,1.63416797605003,0.964825273080511,0.026848997907843675,26.84899790784367,755.6209278697601,0.3265093102014913,1.960551401186068,0.49346269702073187,0.04506204492645338,0.370883883908391,0.03932058502687141,3.0,0.0,3.197367200997978,0.370883883908391,1.0140633583068848,0.0
L05_REPLACE,1,5,0.0,0.0,0.021620044272856645,0.0,0.0,0.0,0.1811745290869791,1.6031779808977298,0.9399788162208694,0.023622657229608046,23.62265722960805,624.3661249637544,0.3215216392486271,1.9606348405626661,0.4945394449750893,0.04595861810958013,0.37118844996439293,0.03936724492814392,3.0,0.0,3.38623276361214,0.37118844996439293,0.9948364496231079,0.0
L05_NO_REPLACE,1,5,0.0,0.0,0.03490448580301336,0.0,0.0,0.0,0.31103055150357045,1.7941057654128851,0.9852224312151883,0.02106399477667653,21.063994776676534,2515.52555988821,0.22385639157494525,1.8874338721206994,0.49334087304305285,0.04489865998039022,0.37116501096170396,0.0393518649507314,3.0,0.0,3.38623276361214,0.37116501096170396,0.5407402515411377,0.0
PLAIN_FM,1,6,0.0,0.0,0.025604167693278945,0.0,0.0,0.876004695892334,0.4851561533772831,2.1468621024949828,1.0795237967093545,0.041605799965988365,41.60579996598837,8818.212301574375,0.11197684951689854,1.7387161324484277,0.06879703002050519,0.043398672016337514,0.0,0.0,0.0,0.0,0.0,0.0,0.0,0.0
L1_REPLACE,1,6,0.0,0.0,0.03301650761003569,0.0,0.0,0.0,0.2445623237159056,1.2544741834097615,0.7481896577768475,0.0071563930686376976,7.156393068637698,234.12738988255688,0.3719967717736664,2.0249761753576356,0.49223119497764856,0.04448528098873794,0.37036506907315925,0.039241201011464,3.0,0.0,3.4792234976791434,0.37036506907315925,1.2692632675170898,0.0
L1_NO_REPLACE,1,6,0.0,0.0,0.03147886863461201,0.0,0.0,0.0,0.24277120743366026,1.2995641489068537,0.769165771224948,0.008277596402616716,8.277596402616716,261.102499250554,0.364399526749401,1.9771200808057023,0.4929462029831484,0.04504624201217666,0.37049440399277955,0.039195230056066066,3.0,0.0,3.2890585776173324,0.37049440399277955,1.2243887186050415,0.0
L05_REPLACE,1,6,0.0,0.0,0.020863929560145114,0.0,0.0,0.0,0.2291885581235786,1.3979465329161946,0.8383119920706045,0.012746821298361175,12.746821298361176,344.28062468025576,0.34833979633199547,1.9663489113996566,0.49326267099240795,0.0449844129034318,0.370780099008698,0.039086266013327986,3.0,0.0,3.279113991983551,0.370780099008698,1.1444252729415894,0.0
L05_NO_REPLACE,1,6,0.0,0.0,0.03321907789544859,0.0,0.0,0.0,0.34046764313803757,1.698375863582181,0.9323023376826296,0.01566238921846798,15.662389218467979,2011.3288087149751,0.23316788757653237,1.8435025924046966,0.49383749498520046,0.04510966606903821,0.3713523540063761,0.039198430022224784,3.0,0.0,3.279113992406221,0.3713523540063761,0.6222191452980042,0.0
PLAIN_FM,1,7,0.0,0.0,0.02888453433745236,0.0,0.0,0.7495115324854851,0.4677762031772868,2.152781908499099,1.095481463570936,0.056283814131767404,56.2838141317674,12427.19212717758,0.12189560666906007,1.78818154850702,0.06877705798251554,0.043442111054901034,0.0,0.0,0.0,0.0,0.0,0.0,0.0,0.0
L1_REPLACE,1,7,0.0,0.0,0.026067366940467143,0.0,0.0,0.0,0.18407242495798123,1.4257549869816353,0.8876409616707754,0.014375438867648426,14.375438867648427,376.9740105028234,0.3563570618919497,1.9889475816028426,0.5840046859811991,0.04442799900425598,0.46200101799331605,0.04710864892695099,3.0,0.0,2.9688664527140025,0.46200101799331605,1.1103852987289429,0.0
L1_NO_REPLACE,1,7,0.0,0.0,0.029929410334875645,0.0,0.0,0.0,0.20785127891451455,1.3075172894920322,0.8229931526728527,0.009382422805389548,9.382422805389547,293.84553293506923,0.3721924671264023,2.032375798761417,0.5880125110270455,0.04519991809502244,0.4641875550150871,0.04827123001450673,3.0,0.0,3.0813101363752446,0.4641875550150871,1.1934401988983154,0.0
L05_REPLACE,1,7,0.0,0.0,0.030981037660612235,0.0,0.0,0.0,0.22924949512529072,1.3389556169126757,0.8358746929515213,0.010160433108967897,10.160433108967897,285.2848306733451,0.3510638045509297,2.0322995725586295,0.5867953979759477,0.045540416962467134,0.46315902803326026,0.0480817430652678,3.0,0.0,3.101793943048704,0.46315902803326026,1.1000182628631592,0.0
L05_NO_REPLACE,1,7,0.0,0.0,0.03510755910662716,0.0,0.0,0.0,0.33413028414266893,1.6837611497806213,0.9495545139439762,0.01872506184930496,18.72506184930496,2853.377245444558,0.23995142598655853,1.9017297642542288,0.5881246540229768,0.045205649046693,0.46524459298234433,0.048698759987019,3.0,0.0,3.101793944330682,0.46524459298234433,0.5918883085250854,0.0
PLAIN_FM,1,8,0.0,0.0,0.021712685048449865,0.0,0.0,0.7065367698669434,0.5174898734794546,2.2935875693044863,1.1261908959682145,0.043863437843290914,43.86343784329091,8634.710132871482,0.11301238325886348,1.7577975990078771,0.06904900498921052,0.04377242206828669,0.0,0.0,0.0,0.0,0.0,0.0,0.0,0.0
L1_REPLACE,1,8,0.0,0.0,0.018294744739093052,0.0,0.0,0.0,0.10849546815332319,1.778655299764537,1.006618929033595,0.03378827563793115,33.78827563793115,989.056121902891,0.3288158431001639,1.866031866441605,0.6728281709947623,0.04467826394829899,0.5508040639688261,0.0542494070250541,3.0,0.0,3.345474555537435,0.5508040639688261,1.2000712156295776,0.0
L1_NO_REPLACE,1,8,0.0,0.0,0.024517138961148557,0.0,0.0,0.0,0.1003254445189847,1.7597457603817546,1.0022537781268153,0.032687420423568314,32.68742042356831,938.0351189411272,0.32923142074917977,1.8671273029096076,0.5853410389972851,0.045747161959297955,0.4622089330223389,0.04731663496932015,3.0,0.0,3.4152486823444708,0.4622089330223389,1.2124015092849731,0.0
L05_REPLACE,1,8,0.0,0.0,0.04126426158259494,0.0,0.0,0.0,0.26964265681237326,1.3332631568755844,0.7615037438352003,0.009296722130968278,9.296722130968277,328.45109581169135,0.3404624980851951,2.034357396133066,0.4949475629837252,0.04555156995775178,0.3719631190178916,0.03917728102533147,3.0,0.0,3.619240624139011,0.3719631190178916,1.3031983375549316,0.0
L05_NO_REPLACE,1,8,0.0,0.0,0.031822105432201486,0.0,0.0,0.0,0.3745065943801352,1.7471271457902549,0.9274818107591077,0.015508496410304828,15.508496410304828,1867.7401234895585,0.21509300626259012,1.8860996720175118,0.4937162100104615,0.04539125494193286,0.3706782750086859,0.039201289997436106,3.0,0.0,3.619240624133204,0.3706782750086859,0.7039175629615784,0.0
PLAIN_FM,1,9,0.0,0.0,0.02465031951539204,0.0,0.0,0.0,0.4675222526979545,2.137647475053577,1.0590582527037486,0.0391464449230859,39.1464449230859,8039.5213358707715,0.0980966124122456,1.8375387681116864,0.06978305400116369,0.04412654094630852,0.0,0.0,0.0,0.0,0.0,0.0,0.0,0.0
L1_REPLACE,1,9,0.0,0.0,0.015393231444652905,0.0,0.0,0.0,0.18448200889709357,1.6135795565387443,0.960944447655127,0.025226233696451574,25.226233696451576,695.6831986218488,0.3134710329512761,1.97984323270458,0.4033832650166005,0.04485551797552034,0.28099602699512616,0.031708313967101276,3.0,0.0,3.1064437824075797,0.28099602699512616,1.082120656967163,0.0
L1_NO_REPLACE,1,9,0.0,0.0,0.014861978335392517,0.0,0.0,0.0,0.1839613433257584,1.6149689057486685,0.9616267132306446,0.025368196575726976,25.368196575726977,704.0727199893294,0.3138944626518755,1.979283138869488,0.4033458139747381,0.045442206086590886,0.28074567212024704,0.031725334003567696,3.0,0.0,3.145612098859543,0.28074567212024704,1.0838122367858887,0.0
L05_REPLACE,1,9,0.0,0.0,0.011345402791408929,0.0,0.0,0.0,0.17998171598261425,1.6884441506757948,0.9788727296562398,0.03075100788031942,30.75100788031942,927.8555616477915,0.3030717373693703,1.9711151672502518,0.4935026339953765,0.045291409944184124,0.37113025697181,0.03960967098828405,3.0,0.0,3.1567882043266695,0.37113025697181,1.048353910446167,0.0
L05_NO_REPLACE,1,9,0.0,0.0,0.032628931361978586,0.0,0.0,0.0,0.30707071195186864,1.8394423173616374,0.9829090271688011,0.021730144041441517,21.730144041441516,2140.3017207990106,0.20045996139319955,1.8913631630525172,0.4931236939737573,0.04522350791376084,0.3705639129620977,0.039235159929376096,3.0,0.0,3.156788204327314,0.3705639129620977,0.5743610262870789,0.0
PLAIN_FM,1,10,0.0,0.0,0.027875220085218644,0.0,0.0,0.6482911109924316,0.4640792153398366,2.190802550117072,1.097249945133866,0.04328256789140311,43.28256789140311,9101.850284645972,0.10052526416783587,1.7946258032660698,0.06879966898122802,0.04356557404389605,0.0,0.0,0.0,0.0,0.0,0.0,0.0,0.0
L1_REPLACE,1,10,0.0,0.0,0.02629877649764313,0.0,0.0,0.0,0.20874808483408255,1.4276795773681215,0.8586381828627051,0.014749167533075692,14.749167533075692,428.7063481928104,0.34819243153309754,2.013435237885666,0.40326418104814366,0.044702591898385435,0.28104955900926143,0.03179536701645702,3.0,0.0,3.6628161146391522,0.28104955900926143,1.1874866485595703,0.0
L1_NO_REPLACE,1,10,0.0,0.0,0.02339512235103397,0.0,0.0,0.0,0.17923633984409373,1.5776987578057262,0.9368599522254364,0.02290017349121476,22.90017349121476,638.5047906342256,0.32652972945681746,1.9741138776368068,0.40241401898674667,0.045153655926696956,0.2799158690031618,0.03163627302274108,3.0,0.0,3.81238503588147,0.2799158690031618,1.0966153144836426,0.0
L05_REPLACE,1,10,0.0,0.0,0.024222962876897694,0.0,0.0,0.0,0.18370120923125707,1.602336401083751,0.9359793363568066,0.02390419709493927,23.90419709493927,663.5030293164194,0.3161631013962335,1.9659064072764405,0.4020365090109408,0.045070112973917276,0.27963693003403023,0.03159538999898359,3.0,0.0,3.921363980959764,0.27963693003403023,1.0592410564422607,0.0
L05_NO_REPLACE,1,10,0.0,0.0,0.03427969345683145,0.0,0.0,0.0,0.30937077316744277,1.8135035329172164,0.9800573319254685,0.01957184421242464,19.57184421242464,2115.532654583774,0.21134485747930604,1.8761383784407761,0.4067388229887001,0.0453623739304021,0.28312368306797,0.031917928950861096,3.0,0.0,3.9213639809597596,0.28312368306797,0.5800380110740662,0.0
PLAIN_FM,1,11,0.0,0.0,0.021905977617044547,0.0,0.0,1.03543221950531,0.463619861094567,2.1540544985847565,1.1236730509377155,0.043527576026994336,43.52757602699434,9719.101264196566,0.11616225394091051,1.7679536060793428,0.06926080101402476,0.04372534004505724,0.0,0.0,0.0,0.0,0.0,0.0,0.0,0.0
L1_REPLACE,1,11,0.0,0.0,0.01860570202097002,0.0,0.0,0.0,0.19707022571135238,1.4911154542348513,0.9085622869287077,0.018101315423777787,18.101315423777788,490.2510914173408,0.34443795577716974,1.9548544840977011,0.49202857399359345,0.04414280888158828,0.3701503199990839,0.0391137080732733,3.0,0.0,3.1546087101950184,0.3701503199990839,1.0999634265899658,0.0
L1_NO_REPLACE,1,11,0.0,0.0,0.022249821151543087,0.0,0.0,0.0,0.20534278882806997,1.4392722374622384,0.8727000146100957,0.015374677881261595,15.374677881261597,427.02418474539894,0.3560717854760159,1.9643308092075293,0.4924360149889253,0.04497246298706159,0.37001667608274147,0.03913568798452616,3.0,0.0,3.1067925922154638,0.37001667608274147,1.154508352279663,0.0
L05_REPLACE,1,11,0.0,0.0,0.01537116856100855,0.0,0.0,0.0,0.2290587632876799,1.407876115714441,0.8538805571644755,0.013461578580849023,13.461578580849022,370.6795252207878,0.33724822757011086,1.988088490993082,0.4921983079984784,0.045078647090122104,0.36943427100777626,0.03910159791121259,3.0,0.0,3.352359211129354,0.36943427100777626,1.089834213256836,0.0
L05_NO_REPLACE,1,11,0.0,0.0,0.028605711133032716,0.0,0.0,0.0,0.3328707665701676,1.7059685256786414,0.9611362031705984,0.016548872175494833,16.548872175494832,2285.893731927374,0.22839068924019293,1.87661345074369,0.4921966380206868,0.04516730806790292,0.36962362594204023,0.03913300798740238,3.0,0.0,3.3523592111297793,0.36962362594204023,0.5925737619400024,0.0
PLAIN_FM,1,12,0.0,0.0,0.020685431303795243,0.0,0.0,1.1146903783082962,0.47667855891642613,2.207701558874557,1.1074004350613735,0.04357280356875454,43.57280356875454,8898.506902140649,0.09162206516377372,1.774030194350184,0.06889551097992808,0.043547155102714896,0.0,0.0,0.0,0.0,0.0,0.0,0.0,0.0
L1_REPLACE,1,12,0.0,0.0,0.022943516430208533,0.0,0.0,0.0,0.1775296113915194,1.6247900394136912,0.9561624256613055,0.02578964332146828,25.789643321468283,733.8483282869502,0.3229467048301503,1.9318661893658724,0.4006808620179072,0.044158240081742406,0.27903165499446914,0.031526969047263265,3.0,0.0,3.6506661602263537,0.27903165499446914,1.1130198240280151,0.0
L1_NO_REPLACE,1,12,0.0,0.0,0.02393623907596852,0.0,0.0,0.0,0.1898193759692613,1.5311869366075166,0.8966175089071271,0.019959702926812734,19.95970292681273,607.9576758035096,0.3429197603977441,1.943292405410217,0.4938617220032029,0.045078544004354626,0.3712670800741762,0.039841448015067726,3.0,0.0,3.609943716963271,0.3712670800741762,1.187875747680664,0.0
L05_REPLACE,1,12,0.0,0.0,0.0350548319064264,0.0,0.0,0.0,0.2602393523961859,1.255259659401889,0.7460312133456506,0.009026147114151395,9.026147114151396,374.6170058282206,0.36826904020023754,2.1009023612501676,0.49310865096049383,0.04511982703115791,0.3706233019474894,0.03994305094238371,3.0,0.0,3.825002595432767,0.3706233019474894,1.3537315130233765,0.0
L05_NO_REPLACE,1,12,0.0,0.0,0.03068808540233553,0.0,0.0,0.0,0.3502165605748351,1.6475835860741175,0.9094275272411464,0.014719285084428269,14.719285084428272,1976.8193998140116,0.2284583374422779,1.9301824534584235,0.4930729999905452,0.04498366208281368,0.3703657050500624,0.03993645898299292,3.0,0.0,3.825002595434073,0.3703657050500624,0.7222956418991089,0.0
PLAIN_FM,1,13,0.0,0.0,0.027572806905880987,0.0,0.0,1.6930294036865234,0.4693927854290308,2.187748816510927,1.1171075065252827,0.05393936789979159,53.93936789979159,12865.554004954593,0.10258039086322743,1.8101989649913255,0.06856806302675977,0.04331240797182545,0.0,0.0,0.0,0.0,0.0,0.0,0.0,0.0
L1_REPLACE,1,13,0.0,0.0,0.018056971748269285,0.0,0.0,0.0,0.12683053825350576,1.6765771286562126,0.9850595943024184,0.03001938487878217,30.019384878782173,877.7508780577082,0.32522549310096677,1.9286936205527705,0.674243062036112,0.044221592019312084,0.5524888819782063,0.057556782965548337,3.0,0.0,3.3049010349506043,0.5524888819782063,1.095909833908081,0.0
L1_NO_REPLACE,1,13,0.0,0.0,0.01681474639265408,0.0,0.0,0.0,0.12856183889965744,1.676884844422895,0.9852051926365416,0.0301011754778171,30.1011754778171,883.5337167956259,0.32544389908906257,1.929837648255892,0.6751699550077319,0.04520021006464958,0.5522550159948878,0.05742817895952612,3.0,0.0,3.3286765055474774,0.5522550159948878,1.0959876775741577,0.0
L05_REPLACE,1,13,0.0,0.0,0.03636838264895863,0.0,0.0,0.0,0.27682339376209275,1.196381633196703,0.7258253615498957,0.006074686042704738,6.074686042704738,223.6435349680835,0.36500376802743173,2.144001278082919,0.5847932199831121,0.045206218026578426,0.46172558405669406,0.04952314094407484,3.0,0.0,3.61453121144284,0.46172558405669406,1.2757383584976196,0.0
L05_NO_REPLACE,1,13,0.0,0.0,0.03432474123223522,0.0,0.0,0.0,0.3542356341045605,1.6267391740632102,0.9042427896124802,0.01623280500247609,16.23280500247609,2810.185795202519,0.23365429181211417,1.9689995747541074,0.5845722339581698,0.045110276027116925,0.46153947204584256,0.049625074956566095,3.0,0.0,3.6145312115431425,0.46153947204584256,0.6780675053596497,0.0
PLAIN_FM,1,14,0.0,0.0,0.023951204720924324,0.0,0.0,0.5195346474647522,0.45793035478262306,2.16764597281898,1.1038831827132924,0.042769990573270855,42.76999057327086,9194.656797320358,0.10769490435505051,1.7625791515843094,0.06897335301619023,0.043447263014968485,0.0,0.0,0.0,0.0,0.0,0.0,0.0,0.0
L1_REPLACE,1,14,0.0,0.0,0.019616233378902226,0.0,0.0,0.0,0.17335721648568025,1.6211898623312957,0.9517718084005911,0.025275426251443835,25.275426251443832,691.9998736059761,0.3287662219390508,1.923417342319862,0.4941027760505676,0.04440407606307417,0.37176790996454656,0.04115620191441849,3.0,0.0,3.3695507288030226,0.37176790996454656,1.0545552968978882,0.0
L1_NO_REPLACE,1,14,0.0,0.0,0.021876827850258074,0.0,0.0,0.0,0.17826911045364163,1.5799294196793003,0.9378994059835761,0.02274111038922999,22.741110389229988,602.9614488749113,0.33044775973535545,1.9342415856156365,0.49198509100824594,0.04493359086336568,0.36927156400633976,0.03932028106646612,3.0,0.0,3.2440906970839745,0.36927156400633976,1.0610581636428833,0.0
L05_REPLACE,1,14,0.0,0.0,0.022188948878738082,0.0,0.0,0.0,0.18252768001610503,1.595504496937463,0.9360035361815275,0.02306865544807612,23.068655448076118,609.6670646627412,0.32233206645108653,1.9294798782664995,0.49409018497681245,0.0455784680088982,0.3705791080137715,0.039183690038044006,3.0,0.0,3.2865514800332924,0.3705791080137715,1.031285285949707,0.0
L05_NO_REPLACE,1,14,0.0,0.0,0.03241777464724388,0.0,0.0,0.0,0.3071461999102556,1.8026526790799688,0.9830476906445081,0.019636506916226218,19.636506916226217,2195.0356230720918,0.22007544550601282,1.8403974928069513,0.4920723320101388,0.04512054595397785,0.3693368970416486,0.039103078946936876,3.0,0.0,3.2865514800135123,0.3693368970416486,0.5652743577957153,0.0
PLAIN_FM,1,15,0.0,0.0,0.027522040592128427,0.0,0.0,0.3492516279220581,0.4509178203241537,2.192263571435428,1.1056028067604415,0.050936542002225596,50.9365420022256,11541.584259025072,0.08608340871961376,1.786834624231069,0.06906921602785587,0.043628657003864646,0.0,0.0,0.0,0.0,0.0,0.0,0.0,0.0
L1_REPLACE,1,15,0.0,0.0,0.022222084409929302,0.0,0.0,0.0,0.17669491737212495,1.6163760661279603,0.9398397560262174,0.023700389855883637,23.700389855883635,630.6322303668076,0.3192769508691108,1.9394336469294609,0.5867971410043538,0.044247573998291045,0.4649334090645425,0.051879582984838635,3.0,0.0,3.0322030695633133,0.4649334090645425,1.0967321395874023,0.0
L1_NO_REPLACE,1,15,0.0,0.0,0.02745862715698562,0.0,0.0,0.0,0.19952174740560488,1.485507164251048,0.9062062621496583,0.016515074030555854,16.515074030555855,409.2943271559902,0.3247393923568918,1.9815787781838974,0.587362946011126,0.045043231977615505,0.46475490200100467,0.05180940212449059,3.0,0.0,3.028642821191305,0.46475490200100467,1.1242868900299072,0.0
L05_REPLACE,1,15,0.0,0.0,0.028945787800049624,0.0,0.0,0.0,0.24362894820413836,1.409436364153493,0.8776627046314556,0.013222909132540654,13.222909132540654,343.5549396526594,0.31643330295681105,2.0272843028835625,0.5865729249780998,0.0450697960332036,0.46389709098730236,0.05159348697634414,3.0,0.0,2.8794084181028925,0.46389709098730236,1.109904408454895,0.0
L05_NO_REPLACE,1,15,0.0,0.0,0.034301270675833384,0.0,0.0,0.0,0.33895056764123016,1.7370087963508023,0.9706463511917489,0.0188749608208801,18.8749608208801,2776.7738569658563,0.200122069611047,1.901640849138084,0.5868957620114088,0.04502704303013161,0.4638666600221768,0.051575665012933314,3.0,0.0,2.879408418103277,0.4638666600221768,0.585500180721283,0.0
PLAIN_FM,1,16,0.0,0.0,0.027156220144910426,0.0,0.0,2.0816755294799805,0.5152760550087521,2.1653320360053288,1.0733832415358868,0.04675796208472821,46.757962084728206,10489.313955165271,0.08734585610539414,1.8136614272416876,0.0690099640050903,0.04360621701925993,0.0,0.0,0.0,0.0,0.0,0.0,0.0,0.0
L1_REPLACE,1,16,0.0,0.0,0.014978691336456476,0.0,0.0,0.0,0.2175114034167743,1.4238190767165873,0.8654765319417501,0.01503331855149484,15.033318551494842,405.04340572505714,0.3388722067693227,2.010523145316902,0.49120773799950257,0.044272605038713664,0.36931700503919274,0.03883666096953675,3.0,0.0,3.740254593129691,0.36931700503919274,1.1991567611694336,0.0
L1_NO_REPLACE,1,16,0.0,0.0,0.02251276220497664,0.0,0.0,0.0,0.19760291846024433,1.522989286739846,0.9049221297796692,0.018858875753899246,18.858875753899245,527.6447217895483,0.3339960316897843,1.9605408191810088,0.586945163027849,0.04510389396455139,0.4642674209899269,0.05033572210231796,3.0,0.0,3.4400511235579945,0.4642674209899269,1.1728719472885132,0.0
L05_REPLACE,1,16,0.0,0.0,0.021708759540730996,0.0,0.0,0.0,0.2130717695072684,1.5091150499796666,0.9066062065644019,0.018107569715719453,18.107569715719453,489.2641057650134,0.3217898818283822,1.9781130011960595,0.49515181104652584,0.04493712092516944,0.3724802379729226,0.041775399004109204,3.0,0.0,3.7057819454677228,0.3724802379729226,1.1231074333190918,0.0
L05_NO_REPLACE,1,16,0.0,0.0,0.034395191514576096,0.0,0.0,0.0,0.34924953915097895,1.755277801721933,0.9559411869590266,0.01859668272689964,18.59668272689964,2379.8317921585344,0.2079982034804947,1.887139172593812,0.4966529000084847,0.045138687069993466,0.37364602799061686,0.04192557086935267,3.0,0.0,3.7057819452894916,0.37364602799061686,0.6146863698959351,0.0
PLAIN_FM,1,17,0.0,0.0,0.02636175774160271,0.0,0.0,1.6835567355155945,0.43829224475881445,2.2021292273019304,1.107949846330789,0.05199367408940503,51.993674089405026,11917.52273192368,0.12084045429889023,1.7482245755371126,0.06930209102574736,0.04373515909537673,0.0,0.0,0.0,0.0,0.0,0.0,0.0,0.0
L1_REPLACE,1,17,0.0,0.0,0.019979511246793452,0.0,0.0,0.0,0.2263081030862637,1.3444439386041924,0.8562179777125651,0.011739689458239475,11.739689458239475,329.58599614283133,0.3617239115710031,2.0012305213562116,0.4945060239988379,0.04443016805453226,0.3719419230474159,0.04159269301453605,3.0,0.0,3.3583174604203845,0.3719419230474159,1.1577054262161255,0.0
L1_NO_REPLACE,1,17,0.0,0.0,0.026582691591813853,0.0,0.0,0.0,0.24035489983710584,1.2441715633955375,0.7811209029838836,0.007049507796799415,7.049507796799415,247.9462314757153,0.3769610092620257,2.0172397619886198,0.5841155880480073,0.04508783499477431,0.4611030640662648,0.04740210500312969,3.0,0.0,3.284637473533014,0.4611030640662648,1.2509559392929077,0.0
L05_REPLACE,1,17,0.0,0.0,0.019058474229417893,0.0,0.0,0.0,0.22253842012917666,1.358878602950281,0.8547598110029482,0.011775809719801054,11.775809719801055,346.24910720784976,0.34923539918430074,2.0019524193271216,0.4948469719965942,0.04502435296308249,0.3721366469399072,0.039787924906704575,3.0,0.0,3.476902171780174,0.3721366469399072,1.1133322715759277,0.0
L05_NO_REPLACE,1,17,0.0,0.0,0.033778235241094634,0.0,0.0,0.0,0.31753699633590904,1.704831842001551,0.9546270090122305,0.018227706226808096,18.227706226808095,2754.8853495144995,0.2389155386850871,1.8727468965655183,0.49340449401643127,0.04510843602474779,0.3704898049472831,0.03953850897960365,3.0,0.0,3.4769021717810356,0.3704898049472831,0.6100577712059021,0.0
PLAIN_FM,1,18,0.0,0.0,0.024980803336329294,0.0,0.0,1.2352930195629597,0.4645200645544488,2.1691610259476715,1.08737448585871,0.0598547959257803,59.85479592578031,15674.804958179338,0.10397616474182582,1.732391353034695,0.06884902896126732,0.04340528999455273,0.0,0.0,0.0,0.0,0.0,0.0,0.0,0.0
L1_REPLACE,1,18,0.0,0.0,0.032271050068256826,0.0,0.0,0.0,0.26349558896032216,1.2623381282515789,0.7402387226311741,0.008400514305905493,8.400514305905494,286.3227833101611,0.38950417266747084,2.0420821035003827,0.5877492119907402,0.04439259605715051,0.46540341805666685,0.04952122108079493,3.0,0.0,3.331850763556122,0.46540341805666685,1.3805593252182007,0.0
L1_NO_REPLACE,1,18,0.0,0.0,0.030610324575471567,0.0,0.0,0.0,0.2501347607031865,1.3004535212400208,0.7624423579883708,0.008627497162802547,8.627497162802547,254.08717812177156,0.3657315289676709,1.9949910217806954,0.584682171989698,0.04513406497426331,0.4619859689846635,0.04927409294759855,3.0,0.0,3.172291899788431,0.4619859689846635,1.2635693550109863,0.0
L05_REPLACE,1,18,0.0,0.0,0.03034082598925783,0.0,0.0,0.0,0.28120075757327834,1.238010404228946,0.7038271373687878,0.00727835637082791,7.278356370827909,217.75984351637965,0.3578151393256165,2.027475259936158,0.49377672298578545,0.04509739502100274,0.3710197869222611,0.04142124904319644,3.0,0.0,3.4830562486911583,0.3710197869222611,1.2454595565795898,0.0
L05_NO_REPLACE,1,18,0.0,0.0,0.03277768840755774,0.0,0.0,0.0,0.354908027705989,1.621368424755276,0.8663778865254815,0.018163847279452416,18.163847279452416,3584.213074566117,0.23134329798212455,1.8770187302797319,0.49444580101408064,0.04500179295428097,0.37184789893217385,0.041447479045018554,3.0,0.0,3.483056248691542,0.37184789893217385,0.673891007900238,0.0
PLAIN_FM,1,19,0.0,0.0,0.03368940490523259,0.0,0.0,1.337738037109375,0.4358257826107487,2.197242920512959,1.0899039095089404,0.047875777465928374,47.87577746592837,9062.261723915026,0.12564487361546678,1.763017756407039,0.06898541300324723,0.043476740014739335,0.0,0.0,0.0,0.0,0.0,0.0,0.0,0.0
L1_REPLACE,1,19,0.0,0.0,0.026806141120758215,0.0,0.0,0.0,0.2267465925533731,1.3254818424419372,0.8014549533387668,0.00968641219067298,9.68641219067298,313.36093288918113,0.36957379669377977,2.0092704839979767,0.5865346189821139,0.04459090007003397,0.4638956480193883,0.04825431801145896,3.0,0.0,3.2043063002297663,0.4638956480193883,1.1719237565994263,0.0
L1_NO_REPLACE,1,19,0.0,0.0,0.028694698764294452,0.0,0.0,0.0,0.22301988111027923,1.3383453436678394,0.8085217370204092,0.0102967376328707,10.296737632870702,321.45216840674397,0.3650386663093821,1.9947615376579797,0.5848963169846684,0.04540983110200614,0.46120614698156714,0.047539470018818974,3.0,0.0,3.181353603841011,0.46120614698156714,1.1455527544021606,0.0
L05_REPLACE,1,19,0.0,0.0,0.027371325401243138,0.0,0.0,0.0,0.24951484360692253,1.2926697460797192,0.7643305425359385,0.008310766778994064,8.310766778994063,260.4233596894632,0.3520551096579455,2.038642116353406,0.5862798920134082,0.045199007901828736,0.4627460169722326,0.047838374972343445,3.0,0.0,3.212589474189799,0.4627460169722326,1.1209262609481812,0.0
L05_NO_REPLACE,1,19,0.0,0.0,0.03688882597359637,0.0,0.0,0.0,0.32405866244417036,1.6892042028923377,0.9133000029558105,0.016667797414060118,16.667797414060118,2165.554084725392,0.24078733033625377,1.891636847534572,0.5832557230023667,0.04505611286731437,0.46034689398948103,0.047634001064579934,3.0,0.0,3.212589474199134,0.46034689398948103,0.5981568098068237,0.0
PLAIN_FM,1,20,0.0,0.0,0.025174255449216643,0.0,0.0,1.5487585961818695,0.473402877732095,2.139722523520211,1.0474608203261795,0.04302170866774675,43.02170866774676,9634.078161211324,0.10366070761177731,1.7887781281407253,0.06911054597003385,0.043506601941771805,0.0,0.0,0.0,0.0,0.0,0.0,0.0,0.0
L1_REPLACE,1,20,0.0,0.0,0.026874362490961534,0.0,0.0,0.0,0.23199651255309256,1.3359290604075527,0.7790049761869335,0.009595193651368933,9.595193651368934,307.5467776647092,0.3532158565639658,2.0314784934336445,0.5879979970050044,0.044441137986723334,0.4653895149822347,0.05182298307772726,3.0,0.0,3.3220737695866873,0.4653895149822347,1.2047563791275024,0.0
L1_NO_REPLACE,1,20,0.0,0.0,0.03212924022040406,0.0,0.0,0.0,0.2403387453495174,1.279724766152416,0.7658251991933106,0.007829752446415261,7.829752446415262,259.09220576811884,0.3693855044474557,2.063223808653928,0.5835928310407326,0.045083966106176376,0.46068270195974037,0.047467136988416314,3.0,0.0,3.367291360221776,0.46068270195974037,1.2900327444076538,0.0
L05_REPLACE,1,20,0.0,0.0,0.033867214713348553,0.0,0.0,0.0,0.10526113248769652,1.7087409035735268,0.9715603465834567,0.030786896419588115,30.786896419588118,903.3060654715082,0.3208126769621513,1.893094527140816,0.661993759975303,0.04767034196993336,0.5379526420147158,0.05654563591815531,3.0,0.0,3.251988608357669,0.5379526420147158,1.0811982154846191,0.0
L05_NO_REPLACE,1,20,0.0,0.0,0.033109683533708745,0.0,0.0,0.0,0.27346191202596043,1.8535607273025367,0.9804377925167311,0.02151972751300041,21.519727513000408,2468.970470059523,0.2167092452458279,1.8259078358038903,0.6691765480209142,0.04525806789752096,0.5473432369763032,0.05813633598154411,3.0,0.0,3.2519886083575145,0.5473432369763032,0.5885305404663086,0.0
PLAIN_FM,1,21,0.0,0.0,0.02572566216910016,0.0,0.0,0.6092910468578339,0.474717250058616,2.174961817319433,1.0953510561099187,0.04220527782082778,42.20527782082778,9100.055364443982,0.0988673328269742,1.743295795137572,0.06908652500715107,0.04362028505420312,0.0,0.0,0.0,0.0,0.0,0.0,0.0,0.0
L1_REPLACE,1,21,0.0,0.0,0.031180142995531457,0.0,0.0,0.0,0.2397968527192094,1.3191872404318155,0.7744791155744086,0.008892140762941887,8.892140762941887,277.8323706928227,0.34544461009585126,1.9929511519278766,0.4006242229952477,0.04431145399576053,0.2788592859869823,0.031604669988155365,3.0,0.0,3.216329131325501,0.2788592859869823,1.1956944465637207,0.0
L1_NO_REPLACE,1,21,0.0,0.0,0.032516697885919404,0.0,0.0,0.0,0.24211691729863694,1.3297772720226109,0.7676125903334795,0.009525484033699183,9.525484033699184,296.4237815822168,0.34253119101690843,1.9836503760950803,0.4075286449515261,0.0455745670478791,0.2847450589761138,0.032499535009264946,3.0,0.0,3.204261866567088,0.2847450589761138,1.1864663362503052,0.0
L05_REPLACE,1,21,0.0,0.0,0.029561021983580044,0.0,0.0,0.0,0.298517959086694,1.1669262135584657,0.6791662412720776,0.005925167295994589,5.92516729599459,255.4041722246011,0.37291963612879253,2.1163620484799606,0.3929638619883917,0.04522948694648221,0.2721882300102152,0.031138157995883375,3.0,0.0,3.481344581616729,0.2721882300102152,1.3563028573989868,0.0
L05_NO_REPLACE,1,21,0.0,0.0,0.03333479222341612,0.0,0.0,0.0,0.3673308482062121,1.59464288791539,0.8708595235210147,0.01347127211810939,13.47127211810939,2115.323970621108,0.23222414778791856,1.9210758319511176,0.39318840799387544,0.04514294501859695,0.2725149290054105,0.03111695806728676,3.0,0.0,3.481344581616714,0.2725149290054105,0.7192763090133667,0.0
PLAIN_FM,1,22,0.0,0.0,0.02684347812554594,0.0,0.0,1.637328863143921,0.48833057648156974,2.201149774280679,1.0889930032336481,0.04705209085676362,47.05209085676363,9363.767593466058,0.08885099003485437,1.7822159247956313,0.06741220998810604,0.042759381991345435,0.0,0.0,0.0,0.0,0.0,0.0,0.0,0.0
L1_REPLACE,1,22,0.0,0.0,0.0214537201465715,0.0,0.0,0.0,0.1840218600607459,1.6132048812929212,0.9489440756710185,0.02431522293799697,24.315222937996968,659.9063275762027,0.3211137017478026,1.9526977131223608,0.3901004059589468,0.043540193990338594,0.2713003968819976,0.030953542969655246,3.0,0.0,3.4080009353032095,0.2713003968819976,1.1508457660675049,0.0
L1_NO_REPLACE,1,22,0.0,0.0,0.020882343866530872,0.0,0.0,0.0,0.18635995360340749,1.5988585477612784,0.9379060874093313,0.023004432048267742,23.004432048267745,621.2512114845581,0.32456571649234245,1.954251102321436,0.47821003099670634,0.04432459402596578,0.3585967280087061,0.03806434100260958,3.0,0.0,3.2853940147074665,0.3585967280087061,1.1621710062026978,0.0
L05_REPLACE,1,22,0.0,0.0,0.02093050111362227,0.0,0.0,0.0,0.18216372814090792,1.6819585767886915,0.9600657130736739,0.02882887540343923,28.82887540343923,829.5927616638596,0.3078597280782336,1.9363390856166687,0.47798286500619724,0.0442807229119353,0.3587390620377846,0.03808626008685678,3.0,0.0,3.3899005995514573,0.3587390620377846,1.1043812036514282,0.0
L05_NO_REPLACE,1,22,0.0,0.0,0.03343742536023574,0.0,0.0,0.0,0.3179407586680023,1.8528765442785258,0.9863222144428763,0.022089903576491432,22.08990357649143,2391.0831687382174,0.19937777798586914,1.8491502161515383,0.4781176979886368,0.043991754995658994,0.35903776198392734,0.03803642903221771,3.0,0.0,3.389900599551508,0.35903776198392734,0.6047809720039368,0.0
PLAIN_FM,1,23,0.0,0.0,0.033717601322484525,0.0,0.0,0.6524515151977539,0.4496358595394562,2.192116583534929,1.086337016626649,0.044532717689868384,44.532717689868385,9342.861610783335,0.11461617436117627,1.771722101555958,0.06704225100111216,0.04238084296230227,0.0,0.0,0.0,0.0,0.0,0.0,0.0,0.0
L1_REPLACE,1,23,0.0,0.0,0.023751274653565996,0.0,0.0,0.0,0.2061753754682022,1.4199254121434608,0.8768137556809026,0.01431324395581985,14.31324395581985,367.80972845827546,0.3509708734590512,1.9910928292709396,0.3897095660213381,0.04310423298738897,0.2715053900028579,0.030707806057762355,3.0,0.0,3.463622933590599,0.2715053900028579,1.1276127099990845,0.0
L1_NO_REPLACE,1,23,0.0,0.0,0.024558169441125086,0.0,0.0,0.0,0.14276589859855945,1.7021388895499028,0.9715500472983754,0.03133470014193656,31.334700141936562,948.9482558278232,0.3318144809359241,1.900199798970327,0.5660374269937165,0.0440487900050357,0.4466906039742753,0.045249040122143924,3.0,0.0,2.972420044489801,0.4466906039742753,1.0408766269683838,0.0
L05_REPLACE,1,23,0.0,0.0,0.03185285542861449,0.0,0.0,0.0,0.2008506104369584,1.4558485706561546,0.8876721879474251,0.015529847796694547,15.529847796694547,392.7902040189106,0.3407628327868026,1.969374351763875,0.501020758994855,0.04464978014584631,0.3789082919829525,0.03920168895274401,3.0,0.0,3.2217622421261534,0.3789082919829525,1.0806058645248413,0.0
L05_NO_REPLACE,1,23,0.0,0.0,0.03739669617061153,0.0,0.0,0.0,0.31171545923660215,1.7521242073537635,0.958911017684249,0.01775885938091959,17.758859380919592,2166.019624716714,0.23212376169305987,1.8637654219866968,0.4919271100079641,0.04514070495497435,0.36911624402273446,0.03852174192434177,3.0,0.0,3.2217622421262195,0.36911624402273446,0.5890492796897888,0.0
PLAIN_FM,1,24,0.0,0.0,0.021067172536931633,0.0,0.0,0.5594921112060547,0.47285908483409234,2.2248240274325353,1.1143655083493162,0.04349999690693543,43.49999690693543,8408.815201108655,0.0980590021640727,1.7795991456470437,0.06909466499928385,0.04350373201305047,0.0,0.0,0.0,0.0,0.0,0.0,0.0,0.0
L1_REPLACE,1,24,0.0,0.0,0.03259444975415127,0.0,0.0,0.0,0.21968433681461774,1.3729380411448933,0.8542555358074397,0.012519607126869465,12.519607126869467,313.8836033102214,0.3621176876453336,1.9939666301943946,0.49173803499434143,0.044230202096514404,0.37017718196148053,0.039807906025089324,3.0,0.0,3.3825586553067657,0.37017718196148053,1.2758139371871948,0.0
L1_NO_REPLACE,1,24,0.0,0.0,0.03292735012691422,0.0,0.0,0.0,0.2239219116699127,1.357869386299743,0.792474848429637,0.01211569729936892,12.115697299368922,352.26501184895227,0.37002644077950547,2.0029872994343227,0.4925578160327859,0.044957809965126216,0.37032470491249114,0.03968577191699296,3.0,0.0,3.3942186459007724,0.37032470491249114,1.305424690246582,0.0
L05_REPLACE,1,24,0.0,0.0,0.02878255327478063,0.0,0.0,0.0,0.2455407740903454,1.3390366607918518,0.7798202166208316,0.011159460035884411,11.159460035884413,316.1087852775647,0.358894739766937,2.0333379596250114,0.4927801710437052,0.04494390106992796,0.3705735020339489,0.039754104043822736,3.0,0.0,3.4732347122013776,0.3705735020339489,1.261373519897461,0.0
L05_NO_REPLACE,1,24,0.0,0.0,0.031009471823623957,0.0,0.0,0.0,0.3443452177039379,1.7090019569995523,0.9271777974475018,0.015666740195129147,15.66674019512915,1798.0613482733386,0.2298449171004479,1.8980657324718235,0.4928527029696852,0.044854337989818305,0.3703940470004454,0.039806095068342984,3.0,0.0,3.4732347123873106,0.3703940470004454,0.6804555058479309,0.0
PLAIN_FM,1,25,0.0,0.0,0.019213368070447545,0.0,0.0,0.8879226446151733,0.5170006561536735,2.2009472159535526,1.0864953920905063,0.04572146859973546,45.72146859973546,9807.471463024776,0.08090501678939765,1.7935300838345398,0.06876680604182184,0.04341632209252566,0.0,0.0,0.0,0.0,0.0,0.0,0.0,0.0
L1_REPLACE,1,25,0.0,0.0,0.020773867529969972,0.0,0.0,0.0,0.20716722594684434,1.496838460720922,0.9104025974674806,0.017919467420181606,17.919467420181604,467.8012981092924,0.32549684426669484,1.9819428831918025,0.4077455279766582,0.04452044900972396,0.28488796204328537,0.031932388024870306,3.0,0.0,3.884292040718302,0.28488796204328537,1.1894208192825317,0.0
L1_NO_REPLACE,1,25,0.0,0.0,0.030239298139557072,0.0,0.0,0.0,0.2916850360505115,1.2466127657925086,0.7150953189317603,0.007453260503705206,7.453260503705206,218.2134959919812,0.3492412270221871,2.0687013022450524,0.40295254200464115,0.04490666888887063,0.28029091097414494,0.03131863195449114,3.0,0.0,3.788827129376691,0.28029091097414494,1.3103053569793701,0.0
L05_REPLACE,1,25,0.0,0.0,0.020362693953526675,0.0,0.0,0.0,0.2298871240415028,1.5484164055038818,0.9191781918546492,0.019702576364843145,19.702576364843146,506.6385831475718,0.30969440788526525,1.954981465965885,0.40330522099975497,0.04484007798600942,0.28051001601852477,0.031532958964817226,3.0,0.0,3.742292148828989,0.28051001601852477,1.1184848546981812,0.0
L05_NO_REPLACE,1,25,0.0,0.0,0.02986136562466997,0.0,0.0,0.0,0.35983387757091856,1.7923246180246153,0.9700893812337089,0.019555197787859524,19.555197787859527,2285.3053719223303,0.1965961178196423,1.8700992434127615,0.4037369529833086,0.04554009507410228,0.2803372810012661,0.03134580299956724,3.0,0.0,3.742292148829068,0.2803372810012661,0.6118341088294983,0.0
PLAIN_FM,1,26,0.0,0.0,0.030045835384761743,0.0,0.0,1.6082477569580078,0.4760023694648741,2.204524409116786,1.0974611746755858,0.04433544064565013,44.335440645650124,9221.395116203366,0.11386908222962389,1.7865160932312574,0.06893946998752654,0.043516771926078945,0.0,0.0,0.0,0.0,0.0,0.0,0.0,0.0
L1_REPLACE,1,26,0.0,0.0,0.01881083338734768,0.0,0.0,0.0,0.17756295540843592,1.5724638488517428,0.9377490918071223,0.020853516492250056,20.853516492250055,546.1127500711881,0.3371777192497448,1.9567594810094007,0.4957267479621805,0.04422113992040977,0.3735044079949148,0.04189224890433252,3.0,0.0,3.2327975118812224,0.3735044079949148,1.1026694774627686,0.0
L1_NO_REPLACE,1,26,0.0,0.0,0.019918618056528045,0.0,0.0,0.0,0.19749186027441074,1.4697364328520643,0.8832809660613212,0.01559131933406907,15.591319334069073,424.72631409233713,0.35409830392775377,1.9816211463533646,0.49751524499151856,0.04543591296533123,0.3739306689822115,0.04166415403597057,3.0,0.0,3.312398474518634,0.3739306689822115,1.1667397022247314,0.0
L05_REPLACE,1,26,0.0,0.0,0.020436318332991907,0.0,0.0,0.0,0.21343160431164127,1.453709675251099,0.857110283253028,0.014115759654281473,14.115759654281474,385.5870719049903,0.3437476487143308,2.0015056752657734,0.5893741070176475,0.04506060411222279,0.4663239569636062,0.049689806008245796,3.0,0.0,3.266704171537584,0.4663239569636062,1.1331270933151245,0.0
L05_NO_REPLACE,1,26,0.0,0.0,0.03571747492709193,0.0,0.0,0.0,0.3304158446960773,1.7614220661353301,0.9514920326229168,0.01726419292284309,17.26419292284309,2099.070513410739,0.2287669756886759,1.8861076884186367,0.5875269480166025,0.045432765095029026,0.4641527569619939,0.04941760597284883,3.0,0.0,3.2667041715467153,0.4641527569619939,0.6065162420272827,0.0
PLAIN_FM,1,27,0.0,0.0,0.018482866377103557,0.0,0.0,1.6641762852668762,0.4693086044968646,2.1938823598850448,1.1002259438394455,0.0468096757360215,46.8096757360215,10411.700958266023,0.11419166989668161,1.7510120128611526,0.06887694797478616,0.04346627008635551,0.0,0.0,0.0,0.0,0.0,0.0,0.0,0.0
L1_REPLACE,1,27,0.0,0.0,0.020523405267159456,0.0,0.0,0.0,0.18550609712411298,1.534528353803843,0.9065640139487604,0.01849072716535085,18.490727165350854,479.64172951943823,0.3436101292925069,1.9332513578656796,0.4946097480133176,0.04440911504207179,0.3723373769898899,0.04154897102853283,3.0,0.0,3.288442578548679,0.3723373769898899,1.1306232213974,0.0
L1_NO_REPLACE,1,27,0.0,0.0,0.03193389010575605,0.0,0.0,0.0,0.21705319182773117,1.3838954735569244,0.8285051123140794,0.011332186941391431,11.33218694139143,304.35494801673843,0.35815864115661056,1.983357475082397,0.5841114780050702,0.04503488406771794,0.46117422997485846,0.04739690403221175,3.0,0.0,3.24317757433223,0.46117422997485846,1.2081164121627808,0.0
L05_REPLACE,1,27,0.0,0.0,0.025985581344530342,0.0,0.0,0.0,0.1978241562816943,1.5047259849554895,0.8920116625722746,0.017412878842561676,17.41287884256168,469.74489730642193,0.3375322416755766,1.9522915478812586,0.4940538029768504,0.04498371004592627,0.371373820991721,0.039790384005755186,3.0,0.0,3.3195017368440967,0.371373820991721,1.1110796928405762,0.0
L05_NO_REPLACE,1,27,0.0,0.0,0.02958391597537352,0.0,0.0,0.0,0.31824186925727643,1.7772125684415054,0.9647280081083741,0.018486057643210277,18.486057643210277,2436.4023850285494,0.2279183061119851,1.8441712339069436,0.4933911850093864,0.04499816393945366,0.3707458740682341,0.03966673102695495,3.0,0.0,3.3195017368416195,0.3707458740682341,0.6078436970710754,0.0
PLAIN_FM,1,28,0.0,0.0,0.021932994848910148,0.0,0.0,0.34973442554473877,0.4702202180396678,2.1491392479405538,1.0836799769642642,0.04121412191867977,41.21412191867977,8773.898963769198,0.11458901671271966,1.823377815390226,0.06880550604546443,0.04347258294001222,0.0,0.0,0.0,0.0,0.0,0.0,0.0,0.0
L1_REPLACE,1,28,0.0,0.0,0.021800830106582278,0.0,0.0,0.0,0.17821145807664193,1.5903137858646759,0.9348636200570947,0.022493802950371136,22.493802950371137,596.9058898610728,0.3379436711563524,1.9585774865672547,0.5829074060311541,0.04429345310200006,0.46093738300260156,0.04620038199936971,3.0,0.0,3.1953265622553695,0.46093738300260156,1.0946083068847656,0.0
L1_NO_REPLACE,1,28,0.0,0.0,0.021180628383283856,0.0,0.0,0.0,0.17350028983318017,1.6451360372481232,0.9530181683022733,0.027367252600739633,27.367252600739633,772.520138698779,0.3328654581692062,1.9530611978368981,0.49335191299906,0.044901827932335436,0.37075268605258316,0.039458395971450955,3.0,0.0,3.305605414379242,0.37075268605258316,1.0728920698165894,0.0
L05_REPLACE,1,28,0.0,0.0,0.021531582791027473,0.0,0.0,0.0,0.18597701149135154,1.588244888809366,0.9301160468881019,0.022899638214577245,22.89963821457725,619.6121650052537,0.3311443769140502,1.9669090223528782,0.4930953169823624,0.044816488050855696,0.37062673206673935,0.039154817000962794,3.0,0.0,3.300351663930983,0.37062673206673935,1.0653619766235352,0.0
L05_NO_REPLACE,1,28,0.0,0.0,0.03146303052022875,0.0,0.0,0.0,0.3127950829492628,1.7911030247616309,0.9710499768067029,0.019507247820147122,19.507247820147125,2154.119120407749,0.2263854984144148,1.887270613408998,0.4939320179983042,0.04511491395533085,0.37092290906002745,0.03918227000394836,3.0,0.0,3.3003516639430392,0.37092290906002745,0.5827541947364807,0.0
PLAIN_FM,1,29,0.0,0.0,0.027048427446923096,0.0,0.0,1.3145756721496582,0.4641688106142072,2.2390250674711196,1.139028735361056,0.0691123741257755,69.1123741257755,17884.515392862504,0.10860714446380587,1.776553206082437,0.06913213501684368,0.04353331192396581,0.0,0.0,0.0,0.0,0.0,0.0,0.0,0.0
L1_REPLACE,1,29,0.0,0.0,0.030457888088003468,0.0,0.0,0.0,0.2641306087924582,1.4342105398373366,0.7873402427670174,0.0143871555112349,14.387155511234903,387.8097756899887,0.32328377056834723,1.937282486277171,0.7739226490375586,0.044355161022394896,0.6514022139599547,0.0701276520267129,3.0,0.0,2.8873148248075102,0.6514022139599547,1.0686708688735962,0.0
L1_NO_REPLACE,1,29,0.0,0.0,0.026236877848415066,0.0,0.0,0.0,0.12527313908416143,1.7033294245696344,1.0048538265804927,0.03087251777384878,30.87251777384878,891.847935392903,0.32270356436814185,1.876593661943662,0.7723689880222082,0.045700040995143354,0.6483533410355449,0.0670551210641861,3.0,0.0,3.0002320357598715,0.6483533410355449,1.065285325050354,0.0
L05_REPLACE,1,29,0.0,0.0,0.010623683445799115,0.0,0.0,0.0,0.1828631565684894,1.6010125178322663,0.9639504722090021,0.024870157826984006,24.870157826984006,683.5551831259413,0.3125103674200085,1.9428108230551202,0.7812729110009968,0.04575071105500683,0.6568799850647338,0.0699889370589517,3.0,0.0,5.405993525357557,0.6568799850647338,1.0256620645523071,0.0
L05_NO_REPLACE,1,29,0.0,0.0,0.03009761596157126,0.0,0.0,0.004709959030151367,0.3142898514827677,1.8008474325979575,0.9961390931705113,0.028527640627650896,28.527640627650896,5086.080496105794,0.20743053208873843,1.8676843412738715,0.7732812709873542,0.04506477393442765,0.6502223910065368,0.06935388105921447,3.0,0.0,5.405993522603603,0.6502223910065368,0.5685418844223022,0.0
PLAIN_FM,1,30,0.0,0.0,0.025583165720861,0.0,0.0,0.893862247467041,0.4628605688839572,2.1546714850510673,1.103839782372257,0.049759134479488897,49.7591344794889,11580.398922183784,0.12117763511579459,1.7586941960324907,0.06906414398690686,0.04358531103935093,0.0,0.0,0.0,0.0,0.0,0.0,0.0,0.0
L1_REPLACE,1,30,0.0,0.0,0.031070151202949328,0.0,0.0,0.0,0.21836879261515954,1.3591736703910955,0.8635803798601329,0.011693485236413535,11.693485236413537,275.0029220733481,0.35915652666233255,2.039744849631751,0.49208222900051624,0.04522546596126631,0.370057626045309,0.04038821905851364,3.0,0.0,3.3502699905653186,0.370057626045309,1.1541798114776611,0.0
L1_NO_REPLACE,1,30,0.0,0.0,0.02491065885651421,0.0,0.0,0.0,0.19436123641378228,1.4275242072244372,0.8821490465183077,0.013188060557519754,13.188060557519755,345.22749083014673,0.3579646189082039,1.9771106447060196,0.5880628079758026,0.0457518010516651,0.4651372510124929,0.049122268916107714,3.0,0.0,2.975693723788872,0.4651372510124929,1.1267493963241577,0.0
L05_REPLACE,1,30,0.0,0.0,0.027579182094948945,0.0,0.0,0.0,0.1981454515546336,1.4762278367659367,0.91004081380289,0.01667260086353963,16.672600863539635,400.40920080287816,0.33391522433341897,1.9779214918675458,0.49478175898548216,0.04594005603576079,0.3712157870759256,0.03977705503348261,3.0,0.0,3.520704561667209,0.3712157870759256,1.0437270402908325,0.0
L05_NO_REPLACE,1,30,0.0,0.0,0.03361201790154261,0.0,0.0,0.0,0.31736907537251563,1.7297831701334836,0.9679306680185688,0.018849556688266877,18.84955668826688,2636.4192019698526,0.23000448559546421,1.8728624894349075,0.49828770995372906,0.04608725098660216,0.37423076399136335,0.04046279104659334,3.0,0.0,3.5207045616667436,0.37423076399136335,0.5705752372741699,0.0
PLAIN_FM,1,31,0.0,0.0,0.01621748533335919,0.0,0.0,0.09014725685119629,0.5021679172131399,2.224438073340549,1.122578382751641,0.04297012867471117,42.97012867471118,8883.556242357345,0.10155686070342113,1.7391010778359035,0.06925559800583869,0.04387970198877156,0.0,0.0,0.0,0.0,0.0,0.0,0.0,0.0
L1_REPLACE,1,31,0.0,0.0,0.01795957928413297,0.0,0.0,0.0,0.19243536735298564,1.5411367542647287,0.9147100489234812,0.020400245261739593,20.400245261739595,576.2040830723635,0.3326942521963202,1.9421337916465877,0.40271709201624617,0.04509542294545099,0.2800639819470234,0.03163487097481266,3.0,0.0,4.076441587885649,0.2800639819470234,1.1563727855682373,0.0
L1_NO_REPLACE,1,31,0.0,0.0,0.02164406183869451,0.0,0.0,0.0,0.17335360156259438,1.7044742826349362,0.9728994734761838,0.029746436195498605,29.746436195498603,857.7994997407579,0.32188409550693153,1.8704107724930334,0.49507991602877155,0.04580818203976378,0.3720116059994325,0.03986857697600499,3.0,0.0,3.327731148060664,0.3720116059994325,1.10334312915802,0.0
L05_REPLACE,1,31,0.0,0.0,0.024893560370344195,0.0,0.0,0.0,0.20221096095650248,1.5451279148459174,0.8979871664071414,0.018770597244781195,18.770597244781197,490.2860684204632,0.327907087055413,1.9136418034020806,0.497144169989042,0.046149922942277044,0.3734687129035592,0.040383160987403244,3.0,0.0,3.3714618567029033,0.3734687129035592,1.1249828338623047,0.0
L05_NO_REPLACE,1,31,0.0,0.0,0.029212772340224902,0.0,0.0,0.0,0.3356653800146004,1.8160644629063833,0.9864644276055576,0.01872556734730435,18.72556734730435,2056.036382772919,0.21606357374636853,1.8152046442117198,0.49511404702207074,0.04603570804465562,0.3716951370006427,0.040368721005506814,3.0,0.0,3.371461856680381,0.3716951370006427,0.6158112287521362,0.0
PLAIN_FM,2,0,0.0,0.0,0.07063500264935187,0.0,0.24900690879821763,1.6420197486877441,0.38667434017866437,2.741716419869809,1.0881062386334261,0.043845507181279664,43.84550718127966,10936.150125620014,0.07600424416150182,1.4058240343605954,0.0692189970286563,0.04400220594834536,0.0,0.0,0.0,0.0,0.0,0.0,0.0,0.0
L1_REPLACE,2,0,0.0,0.0,0.06461587253489412,0.0,0.0018687662124632354,0.0,0.32840066880234203,2.24616123485624,1.0439146040395473,0.022926420556381014,22.926420556381014,421.1992297146794,0.1973726018290274,1.7420603582510314,0.4944585890043527,0.044757445983123034,0.3722216509631835,0.04389433201868087,3.0,0.0,2.993229567532709,0.3722216509631835,0.9254146218299866,0.0
L1_NO_REPLACE,2,0,0.0,0.0,0.06353979287499062,0.0,0.0,0.0,0.3284992271281531,2.250195582159828,1.0472093015658757,0.023085763750325616,23.085763750325615,416.2606517284672,0.1956131589424121,1.738595566667523,0.49608702096156776,0.045522564032580703,0.3730566730373539,0.042618320032488555,3.0,0.0,2.9768406245561403,0.3730566730373539,0.9153293371200562,0.0
L05_REPLACE,2,0,0.0,0.0,0.06793125028725377,0.0,0.0,0.0,0.32759510914790446,2.2797070808439535,1.0428434686757693,0.024482406231296626,24.482406231296626,448.5168561771682,0.18250979895408204,1.7184125063107307,0.49322202702751383,0.04535566101549193,0.37045681406743824,0.04212114599067718,3.0,0.0,3.198570235958127,0.37045681406743824,0.8475533127784729,0.0
L05_NO_REPLACE,2,0,0.0,0.0,0.06942977678474664,0.0,0.0,0.0,0.3510853583557732,2.466352372986116,1.0516744926775863,0.020647711503892996,20.647711503892996,2668.996792328138,0.10991244961489527,1.5691088182502249,0.49603735003620386,0.045344488869886845,0.3729698889073916,0.042320879991166294,3.0,0.0,3.198570235958127,0.3729698889073916,0.46729791164398193,0.0
PLAIN_FM,2,1,0.0,0.0,0.07867420918136576,0.0,0.2930609997749327,0.824434757232666,0.4082772611323893,2.7891983185732547,1.0986763179926644,0.052024802551934535,52.02480255193453,13903.682651939622,0.07573738829964675,1.398930345084276,0.06887599697802216,0.043518052087165415,0.0,0.0,0.0,0.0,0.0,0.0,0.0,0.0
L1_REPLACE,2,1,0.0,0.0,0.04601479745967435,0.0,0.0,0.0,0.33940338149083293,2.233542811593491,1.075329477830156,0.019251273764839177,19.251273764839176,326.09881722700516,0.18232238583142285,1.7419927795632917,0.5819436750025488,0.04476691596210003,0.4593967880355194,0.04790896794293076,3.0,0.0,2.896518171425736,0.4593967880355194,0.9932419061660767,0.0
L1_NO_REPLACE,2,1,0.0,0.0,0.04553900416604981,0.0,0.0,0.0,0.34301401071927967,2.2056699958112778,1.0771489151767293,0.018055373995992108,18.05537399599211,315.15742185208586,0.19058464681633505,1.764219200221336,0.5832993799704127,0.045320200035348535,0.46034313295967877,0.048437323013786227,3.0,0.0,2.956982807921209,0.46034313295967877,1.0423189401626587,0.0
L05_REPLACE,2,1,0.0,0.0,0.04086769256034076,0.0,0.0,0.0,0.33742588023125175,2.249883482571234,1.0878043433212419,0.019896520350936607,19.89652035093661,364.46913043912264,0.1833743666543241,1.7126936381543245,0.5812440970330499,0.045305668958462775,0.4585136229870841,0.04777911293786019,3.0,0.0,2.9424497103843814,0.4585136229870841,0.969382643699646,0.0
L05_NO_REPLACE,2,1,0.0,0.0,0.07021971299510109,0.0,0.0,0.0,0.3649512851857096,2.474119691278403,1.070267928114419,0.020961510739307965,20.96151073930797,3261.852658301923,0.09466671907980734,1.5532249048706033,0.5811086720204912,0.04515899595571682,0.45854516502004117,0.04768867092207074,3.0,0.0,2.942449710459324,0.45854516502004117,0.5123441815376282,0.0
PLAIN_FM,2,2,0.0,0.0,0.073461331642429,0.0,0.21072284545898423,1.051117181777954,0.3830290054511082,2.7325022650759236,1.0918351900714096,0.04390445708546087,43.90445708546087,11270.671165589352,0.09093122565080956,1.4084843845343251,0.06894067901885137,0.04359233198920265,0.0,0.0,0.0,0.0,0.0,0.0,0.0,0.0
L1_REPLACE,2,2,0.0,0.0,0.04716392028147352,0.0,0.0,0.0,0.33796041464073795,2.2231951280674283,1.0583882051926619,0.020873617526736804,20.873617526736805,355.2633420899972,0.18947556355632275,1.7515765957281078,0.5800828050123528,0.044365604990161955,0.4581028329557739,0.04737494292203337,3.0,0.0,2.900099225834808,0.4581028329557739,0.9594314098358154,0.0
L1_NO_REPLACE,2,2,0.0,0.0,0.04035417102882825,0.0,0.0025691207885740752,0.0,0.3392879204804025,2.1702612971816837,1.0750096589760747,0.018827831568018677,18.827831568018677,349.01876108973113,0.2122816071827252,1.800270449423793,0.5815394330420531,0.04523284797323868,0.45877700101118535,0.04766931210178882,3.0,0.0,2.9180454862148317,0.45877700101118535,1.090412974357605,0.0
L05_REPLACE,2,2,0.0,0.0,0.06841630620852969,0.0,0.0013386772155761228,0.0,0.3277967259773727,2.313641098453754,1.0490930515667087,0.025955451703685094,25.955451703685096,474.0775031188527,0.1810331383031245,1.6919809794283645,0.5839044050080702,0.045595306961331517,0.4608301629777998,0.04789605608675629,3.0,0.0,2.754650441100894,0.4608301629777998,0.8484894037246704,0.0
L05_NO_REPLACE,2,2,0.0,0.0,0.07089043698510948,0.0,0.0,0.0,0.34837081169517303,2.484105059770851,1.0525635602878385,0.02256201726846485,22.562017268464853,3009.8768103623443,0.1105476889003149,1.551336623815762,0.5808299640193582,0.04615881101926789,0.45704446407034993,0.04727211990393698,3.0,0.0,2.7546504410996704,0.45704446407034993,0.45311710238456726,0.0
PLAIN_FM,2,3,0.0,0.0,0.0729750039323545,0.0,0.09039328660964951,1.4463138580322266,0.39751031849516066,2.74281771153341,1.084484567743404,0.04796557420672387,47.96557420672387,13040.93696348554,0.07130108982856201,1.4218841850763118,0.07085386000107974,0.04543725511757657,0.0,0.0,0.0,0.0,0.0,0.0,0.0,0.0
L1_REPLACE,2,3,0.0,0.0,0.057386435143789244,0.0,0.0,0.0,0.33503890863279945,2.1933997288187808,1.0564087256608892,0.019497933036338365,19.497933036338367,360.7120560753922,0.203303706821306,1.7700855820442192,0.4976051890407689,0.044854186999145895,0.3744242759421468,0.04266406106762588,3.0,0.0,3.412952322563513,0.3744242759421468,1.0300763845443726,0.0
L1_NO_REPLACE,2,3,0.0,0.0,0.05159910977860026,0.0,0.0,0.0,0.3480791025478042,2.146840554709799,1.0530424384970873,0.01774530324472469,17.74530324472469,330.82923286106575,0.20677225840927654,1.8009688811442734,0.5886656490038149,0.045800122898072004,0.4648878700681962,0.0523349829018116,3.0,0.0,3.8336360926188586,0.4648878700681962,1.059282660484314,0.0
L05_REPLACE,2,3,0.0,0.0,0.059315156016070944,0.0,0.0,0.0,0.33592686459484716,2.2477683325719555,1.0587409106894177,0.022105998681003693,22.105998681003697,374.1536635883433,0.18436505472211787,1.7227497748526934,0.5869463640265167,0.04560265492182225,0.4637159400153905,0.052124626003205776,3.0,0.0,3.890274284788213,0.4637159400153905,0.9233426451683044,0.0
L05_NO_REPLACE,2,3,0.0,0.0,0.07011366346818977,0.0,0.0,0.0,0.3597817624158356,2.4516309768130733,1.0512623456862618,0.020968261351686723,20.968261351686724,3251.559950470262,0.10190330834388875,1.5756376509941619,0.5865248219924979,0.04534285003319383,0.46372997894650325,0.052181817940436304,3.0,0.0,3.8902742847772207,0.46372997894650325,0.5012296438217163,0.0
PLAIN_FM,2,4,0.0,0.0,0.0753589246552983,0.0,0.3100220974922179,1.82869553565979,0.3765252792696506,2.77450673323758,1.072789104716427,0.06458938031655194,64.58938031655195,18705.999689074186,0.09428879606748837,1.3853208631081062,0.06884247600100935,0.04349927295697853,0.0,0.0,0.0,0.0,0.0,0.0,0.0,0.0
L1_REPLACE,2,4,0.0,0.0,0.043120866055564644,0.0,0.0,0.0,0.36517217628439713,2.1346807629911484,1.0367680217074824,0.016562312297389324,16.562312297389322,319.15682745291105,0.2149393282597976,1.8120940567563253,0.5856909300200641,0.04454154701670632,0.46378647099481896,0.05196850391803309,3.0,0.0,3.5536640041635543,0.46378647099481896,1.1727931499481201,0.0
L1_NO_REPLACE,2,4,0.0,0.0,0.0621292505812797,0.0,0.0,0.0,0.36136792322894495,2.083772952020013,1.005547112571867,0.014335932513613231,14.335932513613233,320.56298350670454,0.2467032286306311,1.8799973009939805,0.5862372539704666,0.045337778923567384,0.4633804499753751,0.0517442780546844,3.0,0.0,4.167019979911133,0.4633804499753751,1.3340083360671997,0.0
L05_REPLACE,2,4,0.0,0.0,0.06647067138063419,0.0,0.006668728256225442,0.0,0.36281674920393175,2.1237979006441883,0.9942110117441215,0.015091296903836336,15.091296903836337,319.61980674615756,0.2175034017092781,1.8209162588987722,0.6759754589875229,0.04530731792328879,0.5531398339662701,0.05952221102779731,3.0,0.0,3.3488467544020297,0.5531398339662701,1.1782984733581543,0.0
L05_NO_REPLACE,2,4,0.0,0.0,0.06898399952416122,0.0,0.0,0.0,0.36656323518669964,2.4042247433114,1.0258008578068851,0.02141885773564342,21.418857735643424,4362.879632989963,0.10969969522674347,1.6039833883051176,0.6766092850011773,0.04527695802971721,0.5538200229639187,0.05947802105220035,3.0,0.0,3.348846754402005,0.5538200229639187,0.6233234405517578,0.0
PLAIN_FM,2,5,0.0,0.0,0.07279547759186845,0.0,0.44455961551666245,1.3078880310058594,0.3993872415493868,2.783114070961412,1.0856798920562498,0.05944193150598043,59.44193150598043,15792.521524302572,0.08231205590001313,1.3902099895889866,0.06894602900138125,0.043570893933065236,0.0,0.0,0.0,0.0,0.0,0.0,0.0,0.0
L1_REPLACE,2,5,0.0,0.0,0.06101059878884711,0.0,0.0,0.0,0.3364960355225422,2.227741878658932,1.0355438873517409,0.020973616325933954,20.973616325933953,377.18132377231007,0.1893864130919563,1.7506527262187934,0.5848064559977502,0.04451748798601329,0.4624390639946796,0.05113277002237737,3.0,0.0,3.871620913319975,0.4624390639946796,1.0217022895812988,0.0
L1_NO_REPLACE,2,5,0.0,0.0,0.05855828650234239,0.0,0.0,0.0,0.3375457485059818,2.1807712877780228,1.0493719209690606,0.01848129220371525,18.48129220371525,367.4794429130324,0.20125051053484477,1.7877603731177147,0.49479026295011863,0.045426850963849574,0.3718866479466669,0.04221292695729062,3.0,0.0,3.956661332805337,0.3718866479466669,1.0977752208709717,0.0
L05_REPLACE,2,5,0.0,0.0,0.058100144329305464,0.0,0.0,0.0,0.33318648071560375,2.2716146578196432,1.0566894218950815,0.02246947215600901,22.469472156009008,397.1007987900076,0.1861007854070244,1.7031189113978995,0.5865444309893064,0.04532321996521205,0.4635647050454281,0.05190224089892581,3.0,0.0,3.980917051266365,0.4635647050454281,0.9610438942909241,0.0
L05_NO_REPLACE,2,5,0.0,0.0,0.06695122558351897,0.0,0.0,0.0,0.35959815076874957,2.4756018322796027,1.0441098101015494,0.02339095867390406,23.390958673904063,3992.7005953382322,0.10009867815944834,1.5509297632458787,0.5859291540109552,0.045228446018882096,0.46316857199417427,0.05192405206616968,3.0,0.0,3.9809170512663643,0.46316857199417427,0.5201202034950256,0.0
PLAIN_FM,2,6,0.0,0.0,0.07927143956467915,0.0,0.1419539865493773,0.7699441909790039,0.4034807353421325,2.7202636889596232,1.1235466859146912,0.04492007983947144,44.92007983947144,11933.42792986858,0.06999074274763119,1.4477037330260478,0.06899306096602231,0.04353851405903697,0.0,0.0,0.0,0.0,0.0,0.0,0.0,0.0
L1_REPLACE,2,6,0.0,0.0,0.06415710799469011,0.0,0.0,0.0,0.3276430876034408,2.225637012079826,1.047292575796417,0.02329693692882307,23.296936928823072,408.1151199839434,0.18875414314429756,1.7727570703789608,0.4930757079855539,0.04431239305995405,0.37135212298016995,0.041924921970348805,3.0,0.0,4.491760025651547,0.37135212298016995,0.9511223435401917,0.0
L1_NO_REPLACE,2,6,0.0,0.0,0.061120672257787015,0.0,0.0,0.0,0.3396071389254065,2.120151688625498,1.0379178871843824,0.017576538319949778,17.576538319949776,310.2332673122779,0.2191497702765598,1.8674412881088516,0.4933156539918855,0.04519358591642231,0.3705783229088411,0.041574060975108296,3.0,0.0,4.589704111997496,0.3705783229088411,1.123572826385498,0.0
L05_REPLACE,2,6,0.0,0.0,0.05691614686096344,0.0,0.0010027107238768096,0.0,0.34357143369147436,2.134420417535492,1.0545977733787744,0.01794909190800763,17.94909190800763,319.4158478818321,0.20861467946479742,1.8421619743085196,0.49390860000858083,0.04529730702051893,0.371146239049267,0.04179540590848774,3.0,0.0,4.62493461143603,0.371146239049267,1.0597586631774902,0.0
L05_NO_REPLACE,2,6,0.0,0.0,0.06964511187623625,0.0,0.0,0.0,0.36622242601895816,2.3719637647400336,1.070038665282069,0.019368344030738505,19.368344030738506,3041.365980518718,0.11593382209046077,1.6550350585508677,0.49409341398859397,0.04514269408537075,0.3715978289837949,0.04185044707264751,3.0,0.0,4.624934611435786,0.3715978289837949,0.5894352793693542,0.0
PLAIN_FM,2,7,0.0,0.0,0.07694875921528589,0.0,0.3027050312995909,1.498253345489502,0.4114622280081535,2.7564157228454307,1.1041202067008313,0.05464770123671455,54.64770123671456,13686.732804071231,0.06915225024126298,1.4185839984102544,0.06880656495923176,0.04338927898788825,0.0,0.0,0.0,0.0,0.0,0.0,0.0,0.0
L1_REPLACE,2,7,0.0,0.0,0.06082181625646389,0.0,0.0,0.0,0.3309516015944602,2.233330972460063,1.0458287131274944,0.022670017150720756,22.67001715072076,422.9726630905318,0.19105249244730105,1.748152448955412,0.5830778389936313,0.04456883913371712,0.4608914930722676,0.0493355369544588,3.0,0.0,4.825814371802931,0.4608914930722676,0.9466111660003662,0.0
L1_NO_REPLACE,2,7,0.0,0.0,0.062031806858972124,0.0,0.0,0.0,0.33598236799624814,2.2443721653468516,1.049081794398696,0.021987293805820513,21.987293805820514,393.03715454009347,0.1844454338460153,1.7360143960057208,0.7667625569738448,0.045413170009851456,0.6436712389113382,0.06802687596064061,3.0,0.0,3.3689566375786844,0.6436712389113382,0.9188603758811951,0.0
L05_REPLACE,2,7,0.0,0.0,0.058026757103806365,0.0,0.0,0.0,0.3356660102633414,2.274415164384105,1.061016967753647,0.023213522623024195,23.213522623024193,436.2826651118853,0.1799939679194147,1.7078935611603787,0.6778342239558697,0.04551063303370029,0.5540955169708468,0.058577155985403806,3.0,0.0,3.3168774988074734,0.5540955169708468,0.8683432340621948,0.0
L05_NO_REPLACE,2,7,0.0,0.0,0.07039515421367747,0.0,0.0,0.0,0.36473813392005655,2.4721928399935944,1.059036053041564,0.02418902241049322,24.189022410493223,3497.2547256407265,0.10218004820578477,1.5641537265807959,0.679814864997752,0.04575166996801272,0.555964635044802,0.05877527187112719,3.0,0.0,3.3168774988074907,0.555964635044802,0.46510595083236694,0.0
PLAIN_FM,2,8,0.0,0.0,0.0649705572307588,0.0,0.28180138435363755,1.9134145975112915,0.40201098393169693,2.7170568881699153,1.0980149411401126,0.046741063227308643,46.74106322730864,11425.280750398837,0.10114107312565959,1.419182290254685,0.06902410095790401,0.043551653041504323,0.0,0.0,0.0,0.0,0.0,0.0,0.0,0.0
L1_REPLACE,2,8,0.0,0.0,0.05815422530937352,0.0,0.0,0.0,0.33869366544823676,2.171629609589489,1.0350880832863663,0.01861561973480732,18.61561973480732,370.07829965216985,0.20839833727706225,1.791740601984357,0.49252676201285794,0.0443683949415572,0.3704929800587706,0.04132847394794226,3.0,0.0,2.973658226531121,0.3704929800587706,1.0631234645843506,0.0
L1_NO_REPLACE,2,8,0.0,0.0,0.057086052243855295,0.0,0.0,0.0,0.33934958587177527,2.2011105636117216,1.0492115998286833,0.01914596442503421,19.14596442503421,338.6488671281454,0.19724923982554404,1.760638365948732,0.4926899249549024,0.04525252594612539,0.3697862199624069,0.04076304903719574,3.0,0.0,2.919022698915144,0.3697862199624069,1.0044952630996704,0.0
L05_REPLACE,2,8,0.0,0.0,0.0568680683377549,0.0,0.0,0.0,0.3361344261464457,2.21521428871101,1.04915284196407,0.020023317077306417,20.023317077306416,387.4544816785674,0.19827225410642504,1.7420198250939496,0.4923154750140384,0.045230235904455185,0.3695309949689545,0.040724047052208334,3.0,0.0,2.9712019069979148,0.3695309949689545,0.9809346199035645,0.0
L05_NO_REPLACE,2,8,0.0,0.0,0.06358511124585707,0.0,0.0,0.0,0.3618455835842314,2.4206102832344643,1.0579971578774394,0.020265089526309565,20.265089526309566,2934.893338819422,0.1180463880395341,1.5810709012223876,0.4922014329931699,0.045175665873102844,0.3695245949202217,0.040751158026978374,3.0,0.0,2.971201906989517,0.3695245949202217,0.5247465372085571,0.0
PLAIN_FM,2,9,0.0,0.0,0.07524606992358,0.0,0.22022442188262925,1.6836118698120117,0.38161244257045185,2.809105367825503,1.0970814034080028,0.053400102184699566,53.40010218469956,14056.74194064648,0.12740031249827932,1.3585854142535911,0.06887148699024692,0.043475531914737076,0.0,0.0,0.0,0.0,0.0,0.0,0.0,0.0
L1_REPLACE,2,9,0.0,0.0,0.06893731364676368,0.0,0.0,0.0,0.35049810844636387,2.1728382204337233,1.0161961096417058,0.017924779340785804,17.924779340785808,336.8104180376124,0.20303295171510072,1.8120123855756416,0.6779895660001785,0.044364882982335985,0.5555335529497825,0.06090548692736775,3.0,0.0,3.8923025195203715,0.5555335529497825,1.2523800134658813,0.0
L1_NO_REPLACE,2,9,0.0,0.0,0.05816763341527666,0.0,0.0,0.0,0.33135419122501886,2.28683875898463,1.0544262888218447,0.02379455939792765,23.79455939792765,428.7335906822592,0.19271365932851808,1.7067792924482452,0.5848509820061736,0.04568767797900364,0.4613805030239746,0.04970277298707515,3.0,0.0,3.8984233413700444,0.4613805030239746,1.027333378791809,0.0
L05_REPLACE,2,9,0.0,0.0,0.05626836423605272,0.0,0.0,0.0,0.336895019057298,2.2630495676747677,1.0606409403455475,0.022311332228182233,22.311332228182234,399.75172505770377,0.18950124809726868,1.7201629795668592,0.5841699950397015,0.045238826889544725,0.4613313910085708,0.049627263040747494,3.0,0.0,4.002120104810063,0.4613313910085708,1.0478512048721313,0.0
L05_NO_REPLACE,2,9,0.0,0.0,0.07219102222457828,0.0,0.0,0.0,0.3546591202354791,2.484051665080525,1.0590768446350212,0.02218984343871311,22.189843438713112,3435.7278934736496,0.11008795338146285,1.5453183850154946,0.5838671359815635,0.04531746794236824,0.46075709693832323,0.0497759860008955,3.0,0.0,4.0021201048081005,0.46075709693832323,0.5670207142829895,0.0
PLAIN_FM,2,10,0.0,0.0,0.07470187813473596,0.0,0.2714662369728087,0.0,0.40103772414788375,2.7656862208347177,1.124686607368513,0.05029280628527655,50.29280628527655,13736.298937507408,0.1011916137462467,1.3629360061695972,0.06900404999032617,0.04363071592524648,0.0,0.0,0.0,0.0,0.0,0.0,0.0,0.0
L1_REPLACE,2,10,0.0,0.0,0.06372457157122703,0.0,0.0,0.0,0.368197112016319,2.1273743287771443,1.0239904661471584,0.014918044000597938,14.91804400059794,260.4342727149533,0.2315218938458693,1.8229945695272818,0.585493107966613,0.04440298507688567,0.46346851700218394,0.05185715004336089,3.0,0.0,4.339626092740575,0.46346851700218394,1.2527276277542114,0.0
L1_NO_REPLACE,2,10,0.0,0.0,0.05659176555115754,0.0,0.0,0.0,0.33612950519744,2.258504004343064,1.0617309605325569,0.021420565934376412,21.420565934376413,363.1367622677462,0.1913619221009813,1.6988041758229642,0.5862473580054939,0.0452815480530262,0.46332118299324065,0.051760867005214095,3.0,0.0,3.721262481567743,0.46332118299324065,0.9673285484313965,0.0
L05_REPLACE,2,10,0.0,0.0,0.052441996676131336,0.0,0.0,0.0,0.3558333406190642,2.180960577051573,1.062918712991173,0.016546932379071386,16.546932379071386,277.5433386573372,0.21014224485157257,1.7699439311399183,0.5847814489970915,0.0452168271294795,0.46175800304627046,0.04979483602801338,3.0,0.0,3.919924832208583,0.46175800304627046,1.1383293867111206,0.0
L05_NO_REPLACE,2,10,0.0,0.0,0.06460326397214396,0.0,0.0,0.0,0.37408099024459646,2.4251436120943817,1.0747997700133984,0.019214045881651987,19.214045881651987,3150.4763302349747,0.1106122623824602,1.5732648710629829,0.5844283300102688,0.04511189094046131,0.4612746690399945,0.049768814991693944,3.0,0.0,3.919924832208583,0.4612746690399945,0.6185891032218933,0.0
PLAIN_FM,2,11,0.0,0.0,0.07882076165923273,0.0,0.1857374724388121,0.17554283142089844,0.4050858867935445,2.717019172369966,1.1170841125037028,0.05592947649830715,55.929476498307146,15632.882792240556,0.06821552991278113,1.4546372147864728,0.06877770402934402,0.04344045894686133,0.0,0.0,0.0,0.0,0.0,0.0,0.0,0.0
L1_REPLACE,2,11,0.0,0.0,0.05767734609169112,0.0,0.0,0.0,0.3383154769270813,2.1794435569021093,1.0565608307499392,0.01906059648603617,19.060596486036168,321.8667460068291,0.20032250220197875,1.7869972765276039,0.7673063959809951,0.044474577996879816,0.6448475939687341,0.07037307793507352,3.0,0.0,3.03672667369401,0.6448475939687341,0.961138904094696,0.0
L1_NO_REPLACE,2,11,0.0,0.0,0.04755384555044252,0.0,0.0,0.0,0.34400209853950425,2.1703160655822447,1.068658282502832,0.01851359129640351,18.513591296403508,328.6515343686236,0.20247323076406132,1.7822061209290343,0.7678461999748833,0.04531299998052418,0.6448839450022206,0.06983341102022678,3.0,0.0,2.8954355402916883,0.6448839450022206,0.9632762670516968,0.0
L05_REPLACE,2,11,0.0,0.0,0.053473528315977126,0.0,0.0,0.0,0.36171070776686975,2.1172154914064993,1.0542887317832053,0.015443460473441917,15.443460473441917,278.50485354835143,0.22677054743921377,1.8339483448029583,0.7682272390229627,0.04521611507516354,0.645381057925988,0.06969463801942766,3.0,0.0,2.9496659029650423,0.645381057925988,1.0534534454345703,0.0
L05_NO_REPLACE,2,11,0.0,0.0,0.07218615906350541,0.0,0.0,0.0,0.3765992301705229,2.3774721048865057,1.0659613206379766,0.02054716004233259,20.547160042332592,3809.9735829720144,0.126034935148169,1.6432913656318173,0.7709933510050178,0.04569312901003286,0.6472035039914772,0.06981998099945486,3.0,0.0,2.94966590296464,0.6472035039914772,0.5548222064971924,0.0
PLAIN_FM,2,12,0.0,0.0,0.07627190653001047,0.0,0.1950584467887877,0.8129549026489258,0.3877052283910041,2.7756144802386946,1.1103564800418546,0.04361601325706024,43.616013257060246,12251.115157609693,0.09782638861268986,1.3816636452845397,0.06894710898632184,0.04347759112715721,0.0,0.0,0.0,0.0,0.0,0.0,0.0,0.0
L1_REPLACE,2,12,0.0,0.0,0.05242812094662044,0.0,0.0,0.0,0.33177084241864213,2.27090830047876,1.067245674738437,0.022734147379107228,22.73414737910723,402.14986637398255,0.18740426904155036,1.7053396222520034,0.6790288790361956,0.044571367907337844,0.5563510711072013,0.05837180983508006,3.0,0.0,3.134154037198772,0.5563510711072013,0.9491618871688843,0.0
L1_NO_REPLACE,2,12,0.0,0.0,0.06424890141231164,0.0,0.0,0.0,0.3286193994435698,2.281487648633119,1.0475425020291373,0.024575751552734865,24.575751552734868,443.2824944120117,0.18498347371513738,1.714890619542892,0.587131139007397,0.0454280900885351,0.4636795509723015,0.04966420104028657,3.0,0.0,3.9312282599387585,0.4636795509723015,0.9365696310997009,0.0
L05_REPLACE,2,12,0.0,0.0,0.0566791919304606,0.0,0.0,0.0,0.3336337610231017,2.2605024492131474,1.0641782390994774,0.022051083431317606,22.051083431317608,392.5132226631607,0.1848565674382616,1.707285410824082,0.584275923029054,0.045256728888489306,0.4613951909705065,0.04979739704867825,3.0,0.0,4.033644049592821,0.4613951909705065,0.9480727314949036,0.0
L05_NO_REPLACE,2,12,0.0,0.0,0.06805157373495045,0.0,0.0,0.0,0.354197118402923,2.4724512462393395,1.0660542221627824,0.01948471411064026,19.48471411064026,3055.391385600681,0.10652243126097853,1.5496287666430235,0.5839899959973991,0.04515324393287301,0.4611882750177756,0.04982850793749094,3.0,0.0,4.033644049591498,0.4611882750177756,0.5175024271011353,0.0
PLAIN_FM,2,13,0.0,0.0,0.07977161514261431,0.0,0.26203469600677476,0.5779904127120972,0.3953617833056586,2.749902410523554,1.0878890167532382,0.04290226395792007,42.90226395792007,10823.04748100824,0.0795273070877859,1.423984251239212,0.06934911897405982,0.04370683588786051,0.0,0.0,0.0,0.0,0.0,0.0,0.0,0.0
L1_REPLACE,2,13,0.0,0.0,0.05487192996273638,0.0,0.0,0.0,0.33882382375249914,2.1860121990409302,1.048022159588196,0.019604215976238078,19.60421597623808,385.05397349995894,0.20417826716647638,1.7743028689275855,0.4006551170023158,0.04438873392064124,0.27832207694882527,0.031462534912861884,3.0,0.0,3.676337479597212,0.27832207694882527,1.0547696352005005,0.0
L1_NO_REPLACE,2,13,0.0,0.0,0.05292036136542355,0.0,0.0,0.0,0.33889449724059745,2.1957915838091306,1.0501448385042784,0.020546673979149166,20.546673979149165,430.1913324398721,0.20003245897855437,1.7715460594918997,0.40203799394657835,0.045338519965298474,0.27898688602726907,0.03154272597748786,3.0,0.0,3.5628883961281614,0.27898688602726907,1.0301305055618286,0.0
L05_REPLACE,2,13,0.0,0.0,0.07075179759628024,0.0,0.003786043930053662,0.0,0.3263305751149295,2.3169149850916058,1.045573980747042,0.026276063768266446,26.27606376826645,519.2859492476998,0.17615351907561527,1.7029443726554236,0.4015913410112262,0.0450366620789282,0.27888868300942704,0.031437053927220404,3.0,0.0,3.7784645327955717,0.27888868300942704,0.8718514442443848,0.0
L05_NO_REPLACE,2,13,0.0,0.0,0.07398108974875937,0.0,0.0,0.0,0.3538550779414644,2.477644809581701,1.0483599502503183,0.02204605522899783,22.04605522899783,2871.8898272525275,0.1004402705101801,1.575001871834774,0.4008636529906653,0.04540159011958167,0.27788027696078643,0.03138188301818445,3.0,0.0,3.7784645327955717,0.27788027696078643,0.4856174886226654,0.0
PLAIN_FM,2,14,0.0,0.0,0.08029844905819371,0.0,0.2787633356094359,0.2709519863128662,0.38305929723034815,2.7431285282304163,1.096802739931839,0.03827970837326444,38.27970837326444,9657.34915989217,0.0855699194665233,1.420542978787611,0.06936956901336089,0.0437371070147492,0.0,0.0,0.0,0.0,0.0,0.0,0.0,0.0
L1_REPLACE,2,14,0.0,0.0,0.06788977183818745,0.0,0.0005509075164793487,0.0,0.3443022378419067,2.17735639541303,1.0280263279585664,0.018949537760475844,18.949537760475845,340.2701194198375,0.19844632952581742,1.789604437171101,0.49183276697294787,0.044451216992456466,0.3693991669570096,0.03947815595893189,3.0,0.0,2.9961362388421455,0.3693991669570096,1.0237845182418823,0.0
L1_NO_REPLACE,2,14,0.0,0.0,0.05701904671945798,0.0,0.0,0.0,0.3431328211321874,2.2052112857141397,1.0525578270628184,0.0199233583704906,19.9233583704906,304.2186016439194,0.19095011675875706,1.7660161291115544,0.49108360800892115,0.04529138805810362,0.367969129991252,0.03951761493226513,3.0,0.0,2.9388496135228652,0.367969129991252,0.9813911318778992,0.0
L05_REPLACE,2,14,0.0,0.0,0.059982773098234216,0.0,0.001216691398620462,0.0,0.33145841001630627,2.2735381516708077,1.0554889232537612,0.02345480807803892,23.454808078038923,411.1883842683111,0.187228592143029,1.7099929900390076,0.5816815439611673,0.04520468495320529,0.4584056199528277,0.04707116191275418,3.0,0.0,2.8872427183706106,0.4584056199528277,0.8958759903907776,0.0
L05_NO_REPLACE,2,14,0.0,0.0,0.07464986314939674,0.0,0.0,0.0,0.3493080137154961,2.4701137045336354,1.0602218384735214,0.0194811797826277,19.4811797826277,2473.3595278840035,0.10989336581536194,1.5638181831881044,0.5824578430037946,0.04525025695329532,0.4592012210050598,0.04738365107914433,3.0,0.0,2.887242718370502,0.4592012210050598,0.4752155840396881,0.0
PLAIN_FM,2,15,0.0,0.0,0.0761278540351444,0.0,0.29238299694061265,1.0472458600997925,0.38302502237493063,2.769428041800891,1.103317695935822,0.04167882860432792,41.67882860432792,9921.520874736434,0.08969331408312725,1.3948213055342205,0.06896664894884452,0.043424528965260834,0.0,0.0,0.0,0.0,0.0,0.0,0.0,0.0
L1_REPLACE,2,15,0.0,0.0,0.06418993330200032,0.0,0.0,0.0,0.3359541576044006,2.2563601144353647,1.0493673161846868,0.022095840830315315,22.095840830315318,382.601691534279,0.18491730387245686,1.7133778608945789,0.5835744730429724,0.044340424006804824,0.4612739749136381,0.050265497935470194,3.0,0.0,2.976643562548644,0.4612739749136381,0.9137200713157654,0.0
L1_NO_REPLACE,2,15,0.0,0.0,0.05984187416745691,0.0,0.0,0.0,0.35237244341744517,2.1602790382832096,0.994360628008688,0.0184328232802565,18.4328232802565,369.02462560521184,0.21479736827651494,1.8691871050830302,0.5819152990006842,0.04528262506937608,0.45880096894688904,0.04740150202997029,3.0,0.0,2.8943046020420296,0.45880096894688904,1.1616778373718262,0.0
L05_REPLACE,2,15,0.0,0.0,0.062377412095481324,0.0,0.0,0.0,0.3473755312184763,2.17590080526129,1.033818539288388,0.01710995403389017,17.109954033890173,324.2600798648875,0.20394304100863794,1.803048814763148,0.5870940549648367,0.04545716312713921,0.4636448780656792,0.04983333603013307,3.0,0.0,2.8713667597233954,0.4636448780656792,1.0928409099578857,0.0
L05_NO_REPLACE,2,15,0.0,0.0,0.07006385251105036,0.0,0.0,0.0,0.35994070385668236,2.426828365319039,1.0584043279826418,0.01785796821892882,17.85796821892882,2356.4775715785304,0.10779715400850212,1.5989576167606085,0.5842160689644516,0.045330499939154834,0.4608153720619157,0.04951056791469455,3.0,0.0,2.8713667597163903,0.4608153720619157,0.5752516388893127,0.0
PLAIN_FM,2,16,0.0,0.0,0.07602000219636303,0.0,0.19098923768997178,0.876508355140686,0.40059468379293833,2.7875133348305834,1.0903709258997794,0.048560960288381194,48.560960288381196,12627.882893819431,0.09829972461969055,1.397899479541792,0.06931628799065948,0.04381142894271761,0.0,0.0,0.0,0.0,0.0,0.0,0.0,0.0
L1_REPLACE,2,16,0.0,0.0,0.0644522829790334,0.0,0.0,0.0,0.352087481255987,2.1010548357454417,0.9953036606656996,0.017401124953379764,17.401124953379764,296.5762318581341,0.2182356464919299,1.8527939052599274,0.5865618999814615,0.04466262995265424,0.4635432160575874,0.05119887203909457,3.0,0.0,4.678341830918611,0.4635432160575874,1.2046396732330322,0.0
L1_NO_REPLACE,2,16,0.0,0.0,0.06404011452593115,0.0,0.0,0.0,0.3326310473436304,2.25870736045702,1.0421980895758185,0.022201577055781796,22.201577055781797,375.7455761053741,0.18897496804295172,1.708048701763169,0.5837661660043523,0.04576461802935228,0.45993318903492764,0.047163006966002285,3.0,0.0,2.824873234108715,0.45993318903492764,0.9771618843078613,0.0
L05_REPLACE,2,16,0.0,0.0,0.06935323942231862,0.0,0.003913597869872998,0.0,0.3260363992402669,2.329742765712405,1.0425279312589228,0.026854043321427993,26.854043321427994,538.331742985203,0.1771829926653848,1.6891536225479857,0.5836165719665587,0.04518932697828859,0.46073239092947915,0.049312971939798445,3.0,0.0,3.295884189596995,0.46073239092947915,0.9055632948875427,0.0
L05_NO_REPLACE,2,16,0.0,0.0,0.07147814025114989,0.0,0.0,0.0,0.35360202386163264,2.506409625679321,1.0419248669648982,0.023762454493480134,23.762454493480135,3462.6446139890413,0.10274695009887837,1.5467724333271655,0.5836013319785707,0.04528353683417663,0.46029525803169236,0.0492585010943003,3.0,0.0,3.2958841896292035,0.46029525803169236,0.489766925573349,0.0
PLAIN_FM,2,17,0.0,0.0,0.08307380343811298,0.0,0.23114190664291367,0.2533864974975586,0.38056958254461015,2.734354457238412,1.1151111175743778,0.04139666534179287,41.396665341792875,10547.672902106562,0.08261124610782014,1.4212987591273054,0.06941194995306432,0.04368462593993172,0.0,0.0,0.0,0.0,0.0,0.0,0.0,0.0
L1_REPLACE,2,17,0.0,0.0,0.040254299615311434,0.0,0.0,0.0,0.3479332563729549,2.122874384829997,1.0747205491899379,0.016834732986622008,16.83473298662201,313.7962999592086,0.22480347115025245,1.840181452271409,0.49296178499935195,0.04449490597471595,0.3704975540167652,0.041622532065957785,3.0,0.0,3.2614156526990943,0.3704975540167652,1.1323744058609009,0.0
L1_NO_REPLACE,2,17,0.0,0.0,0.03213034455930266,0.0,1.4465713500833033e-05,0.0,0.3463844832932089,2.1462685771981076,1.0777198829424475,0.018506211171622808,18.50621117162281,341.8139624119316,0.2141309629141016,1.8188956701678325,0.49492853600531816,0.04524135804967955,0.37169856496620923,0.040981675032526255,3.0,0.0,3.181493232320896,0.37169856496620923,1.0717953443527222,0.0
L05_REPLACE,2,17,0.0,0.0,0.04522249214193799,0.0,0.0,0.0,0.34748668609942945,2.1905363179711426,1.0735840847552782,0.018773391528459672,18.773391528459673,331.31771736699125,0.19836095989360975,1.7708038943094324,0.4934053760371171,0.045411380007863045,0.36998190003214404,0.04069642600370571,3.0,0.0,3.123951540154728,0.36998190003214404,0.9787880182266235,0.0
L05_NO_REPLACE,2,17,0.0,0.0,0.06852004120349511,0.0,0.0,0.0,0.3588497339781007,2.4146557708445466,1.0788683958795562,0.018331425704986387,18.33142570498639,2580.0427822782467,0.11382618404898838,1.6030444661881844,0.49309205799363554,0.045227206021081656,0.3698862090241164,0.04070988710736856,3.0,0.0,3.123951540154728,0.3698862090241164,0.5347931981086731,0.0
PLAIN_FM,2,18,0.0,0.0,0.07492354445174106,0.0,0.11241154041290269,0.0,0.38994788453352347,2.754867774490261,1.1151129952507215,0.04058833710575316,40.58833710575316,10127.735397268478,0.08792913211493167,1.4351584751221766,0.06918754399521276,0.043592463014647365,0.0,0.0,0.0,0.0,0.0,0.0,0.0,0.0
L1_REPLACE,2,18,0.0,0.0,0.04439268367539115,0.0,0.0,0.0,0.35123093542032974,2.0997974009942753,1.0443196021055674,0.01625093037990706,16.250930379907064,355.2016620659308,0.23615306994870908,1.882647028261963,0.40114016697043553,0.0443425620906055,0.27863387600518763,0.031381162989418954,3.0,0.0,3.4395401034354105,0.27863387600518763,1.2393065690994263,0.0
L1_NO_REPLACE,2,18,0.0,0.0,0.051839595569814004,0.0,0.0,0.0,0.33459309222096556,2.152987504246177,1.0567851465980942,0.018887430975303945,18.887430975303946,366.1598748404133,0.22212175035350318,1.8067726994639515,0.4016948309727013,0.0452488959999755,0.2784840799868107,0.031325782008934766,3.0,0.0,3.856291216392164,0.2784840799868107,1.125738263130188,0.0
L05_REPLACE,2,18,0.0,0.0,0.0435166386752895,0.0,0.0,0.0,0.33358097918751073,2.189415859740718,1.0684523932051104,0.017776455178367533,17.77645517836753,384.36846673617356,0.22247979019634265,1.7860623906321462,0.40149717702297494,0.045221904991194606,0.2785289529711008,0.03148616605903953,3.0,0.0,3.938911618095771,0.2785289529711008,1.1453421115875244,0.0
L05_NO_REPLACE,2,18,0.0,0.0,0.06424058873735002,0.0,0.0,0.0,0.35151604906952083,2.4078019573174894,1.0775746841031604,0.017090358194310484,17.090358194310483,2489.8927725846006,0.12244592835844456,1.6142814911459096,0.40153484704205766,0.04539598000701517,0.2784091089852154,0.03130584105383605,3.0,0.0,3.938911618095771,0.2784091089852154,0.6270262598991394,0.0
PLAIN_FM,2,19,0.0,0.0,0.08039597726436491,0.0,0.2309204753875731,5.768306255340576,0.37846174109111613,2.795933428751267,1.1372402530659673,0.08351416089583863,83.51416089583864,20171.969852072525,0.10803459236391974,1.3891938587140304,0.06936905905604362,0.043775154976174235,0.0,0.0,0.0,0.0,0.0,0.0,0.0,0.0
L1_REPLACE,2,19,0.0,0.0,0.05026017922756082,0.0,0.0,0.0,0.34338112851873215,2.20498496623895,1.0708209843443075,0.01945993208370276,19.459932083702757,325.15447891741206,0.2007733239793734,1.7484873866424158,0.6746013060328551,0.044560326961800456,0.5520620540482923,0.0578212559921667,3.0,0.0,3.0463360124196956,0.5520620540482923,1.0585929155349731,0.0
L1_NO_REPLACE,2,19,0.0,0.0,0.04897623198035804,1.1642945185741382e-07,0.0061916873931884275,0.0,0.3241792515309967,2.287761738404939,1.0541922736831373,0.029353510496114902,29.3535104961149,683.4940789314156,0.20212502543955274,1.833433317690372,0.5851430600159802,0.04527585505275056,0.461790895962622,0.04963795200455934,3.0,0.0,4.059939164340214,0.461790895962622,1.1151338815689087,0.0
L05_REPLACE,2,19,0.0,0.0,0.06709684985459817,1.1642945185741382e-07,0.005183176803588818,0.0,0.33063351955178033,2.3294362992682602,1.072203576847812,0.02867852702260603,28.678527022606033,656.7103848882649,0.18123757488306266,1.7386410333760076,0.5841599939740263,0.04522222495870665,0.4610851580509916,0.04914782993728295,3.0,0.0,3.842130340685049,0.4610851580509916,0.9334256649017334,0.0
L05_NO_REPLACE,2,19,0.0,0.0,0.07033310327266455,0.0,0.0,0.7457566261291504,0.35238473684341154,2.495372802047555,1.078912506128069,0.031544548848058906,31.54454884805891,4959.1444165849825,0.10801905424084002,1.5747776074298312,0.5840111389989033,0.04515948396874592,0.4608412309898995,0.04933246405562386,3.0,0.0,3.842130340685049,0.4608412309898995,0.5152403116226196,0.0
PLAIN_FM,2,20,0.0,0.0,0.07243080819675672,0.0,0.23281560506820664,1.3799858093261719,0.38350295233352466,2.7955287267417743,1.0769843008006752,0.055808512208656125,55.808512208656126,14566.08786207287,0.09763710893222269,1.3882424662458233,0.07036428496940061,0.04440342407906428,0.0,0.0,0.0,0.0,0.0,0.0,0.0,0.0
L1_REPLACE,2,20,0.0,0.0,0.05710514944132265,1.1642945185741382e-07,0.005202250289916943,0.0,0.32171775376059975,2.3534281272459388,1.0383872466893072,0.03053617566660144,30.53617566660144,678.3075815677747,0.19904477340732238,1.751052444733768,0.6736005180282518,0.045018432021606714,0.5503022568882443,0.05725529999472201,3.0,0.0,3.558355837401349,0.5503022568882443,0.9779325723648071,0.0
L1_NO_REPLACE,2,20,0.0,0.0,0.0596971695886397,1.1642945185741382e-07,0.0074886844635009275,0.0,0.3253297366914601,2.3389868023669185,1.030989259845385,0.029936272330290115,29.936272330290116,658.3279232070582,0.19174060344655994,1.7471483245173514,0.6772147020092234,0.045327948057092726,0.5540399539750069,0.06004081398714334,3.0,0.0,4.4851613666603525,0.5540399539750069,0.9527353048324585,0.0
L05_REPLACE,2,20,0.0,0.0,0.06758838933019508,0.0,0.0005924270629882322,0.0,0.32679356262563564,2.318478196265776,1.0430933067341552,0.026023113449500625,26.023113449500627,475.6364240547654,0.18230387262330222,1.6946956210704827,0.5844838210032322,0.04528037604177371,0.4610374449403025,0.049872766074258834,3.0,0.0,3.3989843975004255,0.4610374449403025,0.8964696526527405,0.0
L05_NO_REPLACE,2,20,0.0,0.0,0.0704698086995303,0.0,0.0,0.0,0.348661872776807,2.5112650864817296,1.0408273731293063,0.02507993554342236,25.079935543422366,3749.521597031135,0.10845970665414505,1.5447525237581796,0.587419407966081,0.045567464898340404,0.46384388901060447,0.050220917037222534,3.0,0.0,3.3989843975004255,0.46384388901060447,0.4838673174381256,0.0
PLAIN_FM,2,21,0.0,0.0,0.07013513377911697,0.0,0.22506610717773423,0.3630948066711426,0.4045462411639627,2.6984325493128023,1.0980092317764327,0.046781319308014324,46.78131930801433,12268.803982336252,0.06659766412045448,1.4680365326808131,0.06923216499853879,0.04364783508935943,0.0,0.0,0.0,0.0,0.0,0.0,0.0,0.0
L1_REPLACE,2,21,0.0,0.0,0.05742667019593313,0.0,0.0,0.0,0.33003145637671516,2.1449820484331767,1.0450227149315867,0.02061803300307299,20.618033003072995,374.34240013799604,0.22184632877012195,1.8371488448143465,0.490694213018287,0.04483441502088681,0.3679896649555303,0.03877737501170486,3.0,0.0,3.4662800621194583,0.3679896649555303,1.0313900709152222,0.0
L1_NO_REPLACE,2,21,0.0,0.0,0.06212158783165282,0.0,0.005403917694091653,0.0,0.328883885182035,2.2287997199132477,1.0529484235226798,0.022251221049869783,22.251221049869784,405.2062149538252,0.198650539800166,1.7651291490532521,0.580424165003933,0.04523852496640757,0.457418859063182,0.04658019193448126,3.0,0.0,2.7131323095301876,0.457418859063182,0.9150752425193787,0.0
L05_REPLACE,2,21,0.0,0.0,0.06374600496115045,0.0,0.0,0.0,0.33683923068400945,2.196670120248425,1.0420633131367476,0.020109149154744786,20.109149154744784,353.29256222947777,0.19698014478582762,1.7808195859897211,0.5831572660245001,0.04525790602201596,0.46007443900452927,0.048548753024078906,3.0,0.0,2.8248264550324578,0.46007443900452927,0.921096920967102,0.0
L05_NO_REPLACE,2,21,0.0,0.0,0.06716508452284052,0.0,0.0,0.0,0.3626307244480171,2.4073590792930104,1.0506623088935805,0.021323481688084622,21.323481688084623,3188.8631221919095,0.11390774637448642,1.6220403497850453,0.5822160399984568,0.04529781814198941,0.4591905959532596,0.04841404897160828,3.0,0.0,2.8248264550009345,0.4591905959532596,0.48704665899276733,0.0
PLAIN_FM,2,22,0.0,0.0,0.07374438784537062,0.0,0.29348359670639024,1.597176194190979,0.40413397974748705,2.769388931417554,1.136277175316424,0.06265947881961109,62.65947881961111,17583.84480118834,0.11406180158242868,1.397144676343582,0.06936485704500228,0.04366393305826932,0.0,0.0,0.0,0.0,0.0,0.0,0.0,0.0
L1_REPLACE,2,22,0.0,0.0,0.04110405572094128,0.0,0.0,0.0,0.3563279734757505,2.025987230070759,0.9752262914867101,0.013786176843649817,13.78617684364982,318.9756144713275,0.28567923956750385,1.969149221821676,0.49388984497636557,0.04466301895445213,0.3709603540482931,0.04167554306332022,3.0,0.0,3.989150994072909,0.3709603540482931,1.5715916156768799,0.0
L1_NO_REPLACE,2,22,0.0,0.0,0.06033845427750113,1.1642945185741382e-07,0.007207350540161084,0.0,0.32295648856515874,2.334679922462891,1.073028425538934,0.029147991601878198,29.1479916018782,642.3033104879628,0.19189930634384667,1.7511046906808514,0.6767819590168074,0.04524526500608772,0.5530929359956644,0.057252102997154,3.0,0.0,3.010562631308645,0.5530929359956644,0.986024022102356,0.0
L05_REPLACE,2,22,0.0,0.0,0.06193497260135934,0.0,0.0,0.0,0.3627186098715754,2.076059108180408,1.022241878112813,0.014111020027769592,14.111020027769593,291.89549097695345,0.2516976159835584,1.8880186119007776,0.585804873961024,0.04570993990637362,0.46207649097777903,0.049721372954081744,3.0,0.0,3.5259068580099124,0.46207649097777903,1.3908565044403076,0.0
L05_NO_REPLACE,2,22,0.0,0.0,0.06483520505693026,0.0,0.0,0.0,0.37718441471466113,2.3630451721230883,1.0655867019885863,0.021311035348404,21.311035348404,4160.9540507199445,0.12476463427432304,1.6493860525279214,0.5843091849819757,0.045331295987125486,0.4609714010148309,0.049651911947876215,3.0,0.0,3.525906858014545,0.4609714010148309,0.7520277500152588,0.0
PLAIN_FM,2,23,0.0,0.0,0.07715221748215757,0.0,0.2491651591300963,2.5935721397399902,0.38455987635419425,2.768806807714907,1.0874400490495422,0.05371037734171899,53.710377341718996,12887.779623358736,0.09300722657022042,1.3781679157440352,0.06904028001008555,0.04356769204605371,0.0,0.0,0.0,0.0,0.0,0.0,0.0,0.0
L1_REPLACE,2,23,0.0,0.0,0.047978637739729726,0.0,0.0,0.0,0.3479506381632491,2.2674718712840307,0.985752796748444,0.027091474945002025,27.091474945002023,540.6098651681124,0.190332694778091,1.7815103265301988,0.6787595190107822,0.04453694709809497,0.5559286100324243,0.06193373491987586,3.0,0.0,3.807648128716166,0.5559286100324243,0.9777269959449768,0.0
L1_NO_REPLACE,2,23,0.0,0.0,0.04891999130963798,0.0,0.0,0.0,0.3454900079562788,2.1632687149418497,1.053887538870367,0.019867714461202023,19.867714461202027,412.38211987553314,0.203478786346179,1.8205270409366652,0.5847944869892672,0.04537434893427417,0.46125210903119296,0.049993981956504285,3.0,0.0,3.8532803189728133,0.46125210903119296,1.0991445779800415,0.0
L05_REPLACE,2,23,0.0,0.0,0.05935701330472812,0.0,0.0,0.0,0.331847987375715,2.2815924210854206,1.0621783241648115,0.02418671576989058,24.18671576989058,446.4142266793376,0.18316166042909116,1.7114849401856995,0.49384457303676754,0.04530366801191121,0.37069015501765534,0.04171135200886056,3.0,0.0,4.180980694230628,0.37069015501765534,0.8971457481384277,0.0
L05_NO_REPLACE,2,23,0.0,0.0,0.07430891404111285,0.0,0.0,0.0,0.35446973411764426,2.4647944079241393,1.056000731005456,0.023982330791204404,23.982330791204404,3191.786378894335,0.10811750032715643,1.5634358666071928,0.4939400950097479,0.04527789505664259,0.37086071900557727,0.04176540591288358,3.0,0.0,4.180980694230627,0.37086071900557727,0.5106937289237976,0.0
PLAIN_FM,2,24,0.0,0.0,0.07795016223562744,0.0,0.35474376049041734,1.340014934539795,0.3789092076162667,2.7538173782129425,1.0964201016733892,0.05308106112326616,53.08106112326616,14827.009700238466,0.08846838498190725,1.4304442933437966,0.06910252099623904,0.0435860829311423,0.0,0.0,0.0,0.0,0.0,0.0,0.0,0.0
L1_REPLACE,2,24,0.0,0.0,0.06127868812506909,0.0,0.0,0.0,0.32540452363094,2.1981746175349786,1.0152763527335666,0.021746397633964805,21.746397633964804,425.40924220333983,0.20261614223187224,1.7689119657362407,0.40085057500982657,0.044535535969771445,0.2784914780058898,0.03140331304166466,3.0,0.0,3.8246082235029735,0.2784914780058898,1.010972499847412,0.0
L1_NO_REPLACE,2,24,0.0,0.0,0.06340254657859833,0.0,0.0,0.0,0.3289259530912455,2.220964231857795,1.0277984293239473,0.02218604827533477,22.18604827533477,425.645322190972,0.19199860785368578,1.7479476991277891,0.40192102297442034,0.04523403407074511,0.2787724659428932,0.031605779950041324,3.0,0.0,3.4007906518490767,0.2787724659428932,0.9653069972991943,0.0
L05_REPLACE,2,24,0.0,0.0,0.06891924808828305,0.0,0.004662232208251904,0.0,0.32554068253334256,2.289006974815435,1.0248331722261799,0.025793219614964336,25.793219614964336,532.2691631596349,0.1808039306219253,1.7189544958132001,0.4010845010052435,0.04523597506340593,0.2778526420588605,0.0315004339790903,3.0,0.0,3.4989934780746195,0.2778526420588605,0.90120530128479,0.0
L05_NO_REPLACE,2,24,0.0,0.0,0.0714806662141166,0.0,0.0,0.0,0.3440574844927551,2.468434481758335,1.0422905561571831,0.02329516794143216,23.295167941432158,3802.333851457218,0.10666086560559067,1.5842417876572956,0.40171398798702285,0.04541842988692224,0.2784218770102598,0.031691810057964176,3.0,0.0,3.4989934780746212,0.2784218770102598,0.49568554759025574,0.0
PLAIN_FM,2,25,0.0,0.0,0.07550205992852614,0.0,0.284578364753723,0.9311389923095703,0.4057563339554267,2.723584530500579,1.1109527858287649,0.041810098397341205,41.81009839734121,10385.713081528009,0.07838171344079688,1.442371878142471,0.06910771096590906,0.04363523400388658,0.0,0.0,0.0,0.0,0.0,0.0,0.0,0.0
L1_REPLACE,2,25,0.0,0.0,0.05660862559523873,0.0,0.0,0.0,0.33072043593875944,2.210463332063754,1.0546770929528602,0.019243291585230186,19.243291585230185,364.21660898224854,0.21119078701168895,1.7529038226521454,0.5805282240035012,0.04470938304439187,0.45794789103092626,0.0466180409421213,3.0,0.0,3.0556235311725666,0.45794789103092626,1.007192611694336,0.0
L1_NO_REPLACE,2,25,0.0,0.0,0.05004582879358402,0.0,0.0,0.0,0.3395958594764028,2.1509588432222584,0.9969528314505401,0.015362243071944393,15.362243071944391,291.46189863853425,0.24551149148038387,1.820607286214395,0.49244801502209157,0.04531465598847717,0.3689125769888051,0.03947048500413075,3.0,0.0,3.313743040677269,0.3689125769888051,1.168033242225647,0.0
L05_REPLACE,2,25,0.0,0.0,0.06158704767263519,0.0,0.0030113872528074737,0.0,0.3357249992080512,2.2221641939236565,1.041341731220025,0.02022837298120047,20.228372981200472,370.20110939313537,0.1908414827802872,1.7487666195926754,0.4906374979764223,0.04535154905170202,0.36731160595081747,0.038758546055760235,3.0,0.0,3.159459344808684,0.36731160595081747,0.9309911131858826,0.0
L05_NO_REPLACE,2,25,0.0,0.0,0.06706008731074252,0.0,0.0,0.0,0.3622748911973853,2.432358305595125,1.06026258156747,0.01895740724347106,18.957407243471057,2573.2353006128415,0.11127225945144574,1.595579362451012,0.4903532399912365,0.04526280902791768,0.36722279293462634,0.03880314604612067,3.0,0.0,3.15945934480865,0.36722279293462634,0.5006124377250671,0.0
PLAIN_FM,2,26,0.0,0.0,0.0718052727477468,0.0,0.22048042383193955,1.5477252006530762,0.3921886159032357,2.7565480674482252,1.0914313088890073,0.04603507640757121,46.03507640757121,11530.340079833113,0.08709661284844213,1.4053780894200114,0.0690288390032947,0.04356672102585435,0.0,0.0,0.0,0.0,0.0,0.0,0.0,0.0
L1_REPLACE,2,26,0.0,0.0,0.06777196687808602,0.0,0.00554199676513667,0.0,0.32478369445298455,2.3394186613958903,1.0526032765371651,0.027299230999576818,27.299230999576817,535.9209570267781,0.1799872427048885,1.688409341183859,0.49066000699531287,0.0445191950420849,0.3683198898797855,0.039304669946432114,3.0,0.0,2.7644770302570314,0.3683198898797855,0.8761005997657776,0.0
L1_NO_REPLACE,2,26,0.0,0.0,0.0652023706579891,0.0,0.0,0.0,0.32955081655732626,2.3008735963291076,1.0462725102085924,0.025234295105895505,25.234295105895505,464.2953973865383,0.17918791738761938,1.6961043826003794,0.4919238410075195,0.045248826034367085,0.3684346540248953,0.03969056002097204,3.0,0.0,2.8146595026219314,0.3684346540248953,0.8877182602882385,0.0
L05_REPLACE,2,26,0.0,0.0,0.06287813114324366,0.0,0.0,0.0,0.33211284487380033,2.2719179993630596,1.045641087635921,0.022273125104498047,22.27312510449805,397.2578695197779,0.1887098510433351,1.6942327885623183,0.4922571190400049,0.04530676786089316,0.3689749300247058,0.03984100389061496,3.0,0.0,3.0506305415277666,0.3689749300247058,0.9402597546577454,0.0
L05_NO_REPLACE,2,26,0.0,0.0,0.0680366457977639,0.0,0.0,0.0,0.35446249502179805,2.4705878479228627,1.0546806305637673,0.02037812927632221,20.378129276322213,2817.3363101553496,0.10730057023148183,1.5495006843372974,0.49194594100117683,0.04517929401481524,0.36882212600903586,0.03982024308061227,3.0,0.0,3.0506305415549333,0.36882212600903586,0.5043299198150635,0.0
PLAIN_FM,2,27,0.0,0.0,0.07458849794355758,0.0,0.18569008674621568,1.5639376640319824,0.3905735362401349,2.731721054433581,1.105295255263302,0.05113596396381137,51.13596396381137,13375.964807015725,0.07894096603296555,1.431550949149827,0.06913754198467359,0.043619951989967376,0.0,0.0,0.0,0.0,0.0,0.0,0.0,0.0
L1_REPLACE,2,27,0.0,0.0,0.06295926841088327,0.0,0.0,0.0,0.35087710485696183,2.0996610323681937,1.0127370743645108,0.017254099944392302,17.2540999443923,317.38843828491076,0.22401077724148072,1.8775903175366708,0.6774146700045094,0.04474042204674333,0.5546724839950912,0.06193915294716135,3.0,0.0,3.5525112337876354,0.5546724839950912,1.1155747175216675,0.0
L1_NO_REPLACE,2,27,0.0,0.0,0.05947344938666527,0.0,0.0,0.0,0.3456451894909636,2.182703498083428,1.0445990420429603,0.019577434460863477,19.577434460863476,313.1776432718475,0.20488870724177694,1.7863750651857961,0.6771152630099095,0.04536746791563928,0.5539720660308376,0.06180668104207143,3.0,0.0,4.181782641774458,0.5539720660308376,0.9849035739898682,0.0
L05_REPLACE,2,27,0.0,0.0,0.05735100595405279,0.0,0.0,0.0,0.3319637550294306,2.2540851916681857,1.0596378288701074,0.02230776169447446,22.30776169447446,370.92729980293757,0.18938295570203592,1.7182793840912707,0.5885685030370951,0.04542869905708358,0.4645183740067296,0.051948101026937366,3.0,0.0,3.506317007512492,0.4645183740067296,0.8688546419143677,0.0
L05_NO_REPLACE,2,27,0.0,0.0,0.06925821910189782,0.0,0.0,0.0,0.3552097632643533,2.4445806644246453,1.0634215620931429,0.02275456535438966,22.754565354389662,3335.9677991199433,0.11316529157929926,1.5828973442528855,0.5903851890470833,0.04595440404955298,0.4656947319745086,0.05189525010064244,3.0,0.0,3.506317007512492,0.4656947319745086,0.4714650809764862,0.0
PLAIN_FM,2,28,0.0,0.0,0.08012475142715784,0.0,0.19464300241470323,0.4125666618347168,0.39615475121121463,2.786211928597446,1.095773467151584,0.04934578444145754,49.345784441457546,12317.148958788282,0.10673753506656618,1.401388575927097,0.06953176198294386,0.04381811700295657,0.0,0.0,0.0,0.0,0.0,0.0,0.0,0.0
L1_REPLACE,2,28,0.0,0.0,0.06214098761121646,0.0,0.0,0.0,0.3487040360245115,2.1637713021695766,1.031146592146345,0.017497564123564315,17.497564123564317,349.71058933985506,0.2019896765942225,1.7924568859503105,0.5864487559883855,0.04483242495916784,0.4632052460219711,0.04953001596732065,3.0,0.0,4.985681581238145,0.4632052460219711,1.1387256383895874,0.0
L1_NO_REPLACE,2,28,0.0,0.0,0.06537677003604028,0.0,0.0,0.0,0.3395688891735367,2.2657900917057217,1.0452816406359007,0.022078265558097776,22.078265558097776,387.50394825678995,0.18147687125736126,1.7017174853033714,0.5872415459598415,0.045551934046670794,0.4634690629900433,0.05197555205086246,3.0,0.0,3.907357356361395,0.4634690629900433,0.9624831080436707,0.0
L05_REPLACE,2,28,0.0,0.0,0.0677543016980579,0.0,0.0028719123840330596,0.0,0.334623092260823,2.2714576081039106,1.0428902212565159,0.023839109433743226,23.83910943374323,441.78095266006744,0.17846516623598144,1.7173632612294953,0.4978066830080934,0.04544633108889684,0.3740307500702329,0.042188115941826254,3.0,0.0,5.2983775672409825,0.3740307500702329,0.955581545829773,0.0
L05_NO_REPLACE,2,28,0.0,0.0,0.07230436605576553,0.0,0.0,0.0,0.361811965620702,2.4575140161968094,1.048239993239336,0.021554149289023106,21.554149289023105,2966.1714878213456,0.10287923788818656,1.5844482375378206,0.4949479269562289,0.04536595899844542,0.37153323396341875,0.041866275947541,3.0,0.0,5.2983775672409825,0.37153323396341875,0.5728815793991089,0.0
PLAIN_FM,2,29,0.0,0.0,0.07446201117604119,0.0,0.16270772781372056,1.3470721244812012,0.38654080196756985,2.735607077134057,1.066581384300574,0.06563782861965406,65.63782861965406,18347.009443456063,0.08268954913254947,1.4371101818826848,0.06934771698433906,0.043823448999319226,0.0,0.0,0.0,0.0,0.0,0.0,0.0,0.0
L1_REPLACE,2,29,0.0,0.0,0.06098226020373247,0.0,0.0,0.0,0.3582254981968939,2.161603493337758,1.0192093137726335,0.018279649942957832,18.279649942957832,333.655098847363,0.20556364983954445,1.7917500842360048,0.5836402910063043,0.044659269973635674,0.4610487199970521,0.049218999047297984,3.0,0.0,2.829469827633454,0.4610487199970521,1.0221009254455566,0.0
L1_NO_REPLACE,2,29,0.0,0.0,0.062360924247456664,1.1642945185741382e-07,0.006459908294677685,0.0,0.32920820761635494,2.3232022074197394,1.0643351969465513,0.028361465051511936,28.36146505151194,653.5915368489187,0.1796262121398278,1.7341343449445685,0.5836625520023517,0.04513338103424758,0.4606126290746033,0.04950141691369936,3.0,0.0,3.0226360834577197,0.4606126290746033,0.8647462129592896,0.0
L05_REPLACE,2,29,0.0,0.0,0.0672134047579275,1.1642945185741382e-07,0.004299835968017529,0.0,0.32626429562006004,2.3419243836277284,1.0705369648854441,0.02927104655445569,29.27104655445569,661.1809712052067,0.18161015023813418,1.7308680981791447,0.5842966880300082,0.04532118601491675,0.46108134993119165,0.04964271903736517,3.0,0.0,3.0852298740634794,0.46108134993119165,0.8671696186065674,0.0
L05_NO_REPLACE,2,29,0.0,0.0,0.06841085435153367,0.0,0.0,0.0,0.35296493286209357,2.483355126825477,1.0444447249123594,0.028838622866343644,28.838622866343645,4871.673743635597,0.10685188458972292,1.586202853559624,0.584359499043785,0.045357418013736606,0.4613013550406322,0.04977877502096817,3.0,0.0,3.0852298740634794,0.4613013550406322,0.4642644226551056,0.0
PLAIN_FM,2,30,0.0,0.0,0.07586114812437174,0.0,0.23737267818450913,0.5748879909515381,0.39185614355985715,2.7338634420017813,1.077118611633034,0.04863820163843924,48.638201638439234,12586.807640898534,0.07074715693579545,1.441045824645159,0.06928460497874767,0.04369086504448205,0.0,0.0,0.0,0.0,0.0,0.0,0.0,0.0
L1_REPLACE,2,30,0.0,0.0,0.05577717401786804,0.0,0.0,0.0,0.3402596620404293,2.2007361843552897,1.058169305633874,0.019273627800341645,19.273627800341647,339.26526251494846,0.2001951815768206,1.7492640567572846,0.49217442399822176,0.04468541103415191,0.36950928007718176,0.04010923102032393,3.0,0.0,2.7165587232701105,0.36950928007718176,0.9962544441223145,0.0
L1_NO_REPLACE,2,30,0.0,0.0,0.049317912173254305,0.0,0.0,0.0,0.33781633155444424,2.2024112898684125,1.0628620158936992,0.01961672428251432,19.616724282514323,354.32885021519087,0.19889189540623042,1.751477200463301,0.49264661699999124,0.04563264496391639,0.3689630260341801,0.04003337898757309,3.0,0.0,2.747537571438376,0.3689630260341801,0.9940345883369446,0.0
L05_REPLACE,2,30,0.0,0.0,0.06301556353955454,0.0,0.0004871305465696807,0.0,0.3311532703203198,2.264632979967865,1.0499735630568672,0.023315348099647804,23.315348099647807,439.4383583574273,0.18139180403251368,1.7075278169669097,0.4917132920236327,0.04542524099815637,0.36859444598667324,0.040024770016316324,3.0,0.0,2.819972966720021,0.36859444598667324,0.8862309455871582,0.0
L05_NO_REPLACE,2,30,0.0,0.0,0.07156607401737568,0.0,0.0,0.0,0.3538971003730862,2.4575870397902824,1.0459090541360787,0.022401497837140294,22.401497837140298,3201.7498633864607,0.10157205403701562,1.5772928638377266,0.4948907949728891,0.04532298695994541,0.371039199992083,0.040485860023181885,3.0,0.0,2.819972966720021,0.371039199992083,0.47912588715553284,0.0
PLAIN_FM,2,31,0.0,0.0,0.07254921814889832,0.0,0.24672583904266343,1.408160924911499,0.4093543855815451,2.7095429406521925,1.127384449889025,0.05354271438438915,53.54271438438914,15055.927547627947,0.06851496271719525,1.4337899910469722,0.06959691294468939,0.043899609008803964,0.0,0.0,0.0,0.0,0.0,0.0,0.0,0.0
L1_REPLACE,2,31,0.0,0.0,0.04924267352812632,0.0,0.0016851839065550323,0.0,0.3322277024876087,2.1931322803120983,1.0852532403591229,0.02017134799573054,20.171347995730542,352.44009213524475,0.20619859604671809,1.776879003382104,0.4951079599559307,0.044907816976774484,0.3716128160012886,0.041654883010778576,3.0,0.0,3.1675196118135758,0.3716128160012886,0.9778150320053101,0.0
L1_NO_REPLACE,2,31,0.0,0.0,0.05794004206452172,0.0,0.0,0.0,0.3294813442371533,2.2427163328183353,1.0708987418608453,0.022728329173086592,22.728329173086593,399.83743775403036,0.1866428538752866,1.7407112552433652,0.49456401501083747,0.045339647855143994,0.3711222519632429,0.04161339107668027,3.0,0.0,2.8032442027445934,0.3711222519632429,0.9001649022102356,0.0
L05_REPLACE,2,31,0.0,0.0,0.053385164856890446,0.0,0.0,0.0,0.3371251682071692,2.222124692034216,1.0717480890726283,0.020433897700167673,20.433897700167673,343.5199399507372,0.18684183897683754,1.7502390174752973,0.5843115470488556,0.04529116704361513,0.4611105390358716,0.04989657801343128,3.0,0.0,2.8306992753962574,0.4611105390358716,0.903049111366272,0.0
L05_NO_REPLACE,2,31,0.0,0.0,0.06606762551756905,0.0,0.0,0.0,0.36525665237426413,2.425398563068377,1.0779894839428508,0.02087600780911189,20.87600780911189,3486.707377627974,0.10656156117822277,1.5902168795534537,0.5848048590123653,0.0453055280377157,0.4613194949924946,0.049960419069975615,3.0,0.0,2.830699275292733,0.4613194949924946,0.4806711971759796,0.0
PLAIN_FM,3,0,0.0,0.0,0.10010414359172834,0.0,0.1594936416625976,0.1974773406982422,0.9139086089876021,2.331255434261303,0.8897540892355044,0.03854135302258421,38.54135302258422,8290.035833511,0.08285301264346928,1.4351735307648656,0.06922469299752265,0.04371628601802513,0.0,0.0,0.0,0.0,0.0,0.0,0.0,0.0
L1_REPLACE,3,0,1.0,0.0,-0.02878275271762703,0.0,0.005659025573730325,0.0,0.5357099449531596,1.9069548803849854,0.8384577804603547,0.028804687809669716,28.80468780966972,749.3331094881482,0.24397548863107327,1.2577330374070785,0.40098748303717,0.04470471106469631,0.2781379769439809,0.03153840493177995,3.0,0.0,4.209369354459177,0.2781379769439809,1.2268569469451904,0.0
L1_NO_REPLACE,3,0,1.0,0.0,-0.029848011811579922,0.0,0.006116789245605325,0.0,0.5274301403749235,1.8582287452460318,0.8182967308172804,0.02796458276547842,27.96458276547842,724.3537919998212,0.2477092971848719,1.2702694247785935,0.40118027897551656,0.045273436000570655,0.2781559170107357,0.031521576980594546,3.0,0.0,4.950783974042354,0.2781559170107357,1.2971194982528687,0.0
L05_REPLACE,3,0,1.0,0.0,-0.03178623340537827,0.0,0.004456799888610696,0.0,0.5363040444918091,1.944052498558145,0.8561654252674149,0.029552950010953483,29.55295001095348,764.4243086776692,0.24079091591262664,1.2509714390181703,0.4012143000145443,0.04515670199180022,0.27816835697740316,0.031562916992697865,3.0,0.0,4.272583860791316,0.27816835697740316,1.1902704238891602,0.0
L05_NO_REPLACE,3,0,0.0,0.0,0.10290109943798886,0.0,0.0,0.0,0.7275784702772321,2.0561284470095207,0.808028856945961,0.021850202737215163,21.850202737215167,2321.883726384843,0.14634025332519315,1.3008612806791902,0.40228083700640127,0.04530848696595058,0.27856996696209535,0.03174046095227823,3.0,0.0,4.272583860791316,0.27856996696209535,0.6423993706703186,0.0
PLAIN_FM,3,1,0.0,0.0,0.10539370839583456,0.0,0.04855688076019282,0.0,0.9074296389313632,2.2996835142954124,0.878929025821997,0.03968958478642204,39.689584786422046,8596.777101910737,0.08055134879619588,1.4193914263204839,0.07051182701252401,0.044380360981449485,0.0,0.0,0.0,0.0,0.0,0.0,0.0,0.0
L1_REPLACE,3,1,1.0,0.0,-0.016903494644254738,0.0,0.0,0.0,0.5485152862381094,1.767083001415158,0.7641891834234318,0.018461973207278826,18.461973207278827,413.0046653992193,0.28037692783710255,1.2765682829644316,0.4021173730143346,0.0449425270780921,0.2791606219834648,0.03162416897248477,3.0,0.0,4.071192696662077,0.2791606219834648,1.2451989650726318,0.0
L1_NO_REPLACE,3,1,1.0,0.0,-0.019052696945132327,0.0,0.0,0.0,0.5431476294312824,1.8474147734268362,0.8052526775152348,0.02370037400686531,23.70037400686531,531.9153632864726,0.25904027489945747,1.2696396417736535,0.401345832971856,0.04548657202394679,0.27803305303677917,0.03146302403183654,3.0,0.0,4.126678473197475,0.27803305303677917,1.195655107498169,0.0
L05_REPLACE,3,1,1.0,0.0,-0.023026458523910796,0.0,0.004053276443481302,0.0,0.5423935590425449,1.9138925333691916,0.831415637021155,0.02672267945691109,26.72267945691109,645.1207775435508,0.25190525776466877,1.2555473728442985,0.4015539580141194,0.045333268062677234,0.2783777420409024,0.03149210405535996,3.0,0.0,4.158960089539759,0.2783777420409024,1.1502182483673096,0.0
L05_NO_REPLACE,3,1,0.0,0.0,0.09583692672729072,0.0,0.0,0.0,0.7261664425810789,2.03280426482449,0.7900222984850519,0.020999648873496923,20.999648873496923,2424.3275539150845,0.15734710019818218,1.2979293373867797,0.4018416949547827,0.0455208609928377,0.2784884949796833,0.03150753700174391,3.0,0.0,4.158960089539759,0.2784884949796833,0.6186158061027527,0.0
PLAIN_FM,3,2,0.0,0.0,0.10383387535960573,0.0,0.18573279838562007,0.12506365776062012,0.9028525020835896,2.300516820537894,0.8675831097606802,0.03957675656381987,39.57675656381987,9247.619982970613,0.0731575604655351,1.4110432807140518,0.06927894498221576,0.04375228495337069,0.0,0.0,0.0,0.0,0.0,0.0,0.0,0.0
L1_REPLACE,3,2,1.0,0.0,-0.02509921739243197,0.0,0.005343120956420755,0.0,0.5343306779355711,1.887277804596155,0.8302528093095605,0.02896686671100568,28.96686671100568,758.239204672062,0.24407053067718104,1.2516831880154624,0.4909603300038725,0.04451767698628828,0.3685458129621111,0.03967552998801693,3.0,0.0,3.8653430761090433,0.3685458129621111,1.1869146823883057,0.0
L1_NO_REPLACE,3,2,1.0,0.0,-0.022673511739867293,0.0,0.0,0.0,0.5365560843048616,1.8204592122192946,0.8139673071457195,0.023488864106062657,23.48886410606266,561.007931951707,0.2538421812759416,1.2619133818312105,0.4918276320095174,0.04529881605412811,0.3685623840428889,0.039727549999952316,3.0,0.0,3.8554677916639974,0.3685623840428889,1.2074620723724365,0.0
L05_REPLACE,3,2,1.0,0.0,-0.027263569042202312,0.0,0.0,0.0,0.5337982978453983,1.8425870728464433,0.8294716573553643,0.023444426839104304,23.444426839104306,546.0731469650648,0.2502118997057148,1.2522828624524909,0.4926411840133369,0.045399369031656533,0.36912408692296594,0.039858863048721105,3.0,0.0,4.045107397187552,0.36912408692296594,1.1806946992874146,0.0
L05_NO_REPLACE,3,2,0.0,0.0,0.10385371151267048,0.0,0.0,0.0,0.7203648684164958,2.0002996975728062,0.7870760589805363,0.019176448187313788,19.176448187313788,2097.6230327523385,0.15126249351973284,1.2916569704310699,0.4923138750018552,0.045505342073738575,0.36875208700075746,0.039779782004188746,3.0,0.0,4.045107397187552,0.36875208700075746,0.6356983780860901,0.0
PLAIN_FM,3,3,0.0,0.0,0.0954623785003828,0.0,0.1406800315856933,0.10819554328918457,0.881358940358716,2.288508898856787,0.8527948533379283,0.03896568972462977,38.965689724629776,9738.08298172234,0.08874381767325547,1.3574346809952795,0.06936142599442974,0.04380027606384829,0.0,0.0,0.0,0.0,0.0,0.0,0.0,0.0
L1_REPLACE,3,3,1.0,0.0,-0.022111663085389484,0.0,0.0,0.0,0.5331110877297673,1.820470507071378,0.802875396576777,0.02335930601435887,23.359306014358875,539.152583462421,0.25806606767686896,1.2063077260466024,0.49337179196299985,0.04474423109786585,0.3703465209691785,0.03924787708092481,3.0,0.0,4.015046206749367,0.3703465209691785,1.1806808710098267,0.0
L1_NO_REPLACE,3,3,1.0,0.0,-0.021383562386392545,0.0,0.0,0.0,0.5343894423347982,1.767157547629289,0.799605660490428,0.019502656576036337,19.50265657603634,423.58545296368175,0.2715285431744333,1.2130056698768852,0.4952613210189156,0.04554795299191028,0.3711552799795754,0.04031409596791491,3.0,0.0,4.059194808429968,0.3711552799795754,1.2083512544631958,0.0
L05_REPLACE,3,3,1.0,0.0,-0.027194967328062328,0.0,0.0,0.0,0.5335530775817054,1.8719293698253767,0.822598055257602,0.025719651184431536,25.719651184431537,615.3632324183754,0.24998208114742101,1.2039897129642807,0.4970122770173475,0.04590926307719201,0.3724897649954073,0.04010032903170213,3.0,0.0,4.116826000613816,0.3724897649954073,1.1345953941345215,0.0
L05_NO_REPLACE,3,3,0.0,0.0,0.10128489048658619,0.0,0.0,0.0,0.706656088269344,2.006193050459876,0.7779075879185317,0.020420276604085075,20.420276604085075,2647.117726980763,0.15874185013519035,1.2384428145309103,0.4951928799855523,0.045482002024073154,0.3711431010160595,0.04004830896155909,3.0,0.0,4.116826000613816,0.3711431010160595,0.6156564950942993,0.0
PLAIN_FM,3,4,0.0,0.0,0.09776501227621112,0.0,0.21538014869689937,2.2811663150787354,0.8821636338016628,2.328751479676833,0.9077685961472793,0.037738612899031576,37.73861289903157,7404.421611005386,0.08323161914646657,1.3953370886487253,0.06988890102365986,0.044167686079163104,0.0,0.0,0.0,0.0,0.0,0.0,0.0,0.0
L1_REPLACE,3,4,1.0,0.0,-0.015951300475677534,0.0,0.00011996593475327444,0.0,0.5406701570916908,1.7542189863544217,0.7960266231762798,0.019890462139985132,19.890462139985132,466.35108603600986,0.26676928316528736,1.2821869054501611,0.49446868000086397,0.04476080200402066,0.371441979019437,0.041701651993207633,3.0,0.0,4.814294849128047,0.371441979019437,1.2243680953979492,0.0
L1_NO_REPLACE,3,4,1.0,0.0,-0.017960473661753233,0.0,0.0,0.0,0.5391993965684855,1.7747078270928667,0.7908758557182995,0.022113119890554422,22.113119890554422,506.40274137299104,0.25989066792016213,1.2784047859877459,0.4975087799830362,0.04546768992440775,0.3736955569474958,0.04183760494925082,3.0,0.0,5.092396175452184,0.3736955569474958,1.222206950187683,0.0
L05_REPLACE,3,4,1.0,0.0,-0.0117688594602528,0.0,0.0,0.0,0.5446930856653008,1.650831926728009,0.7338664846649237,0.012000789026235026,12.000789026235026,317.1789626565946,0.30842366019647127,1.316304592143954,0.49578214396024123,0.04558448598254472,0.37225150800077245,0.041709502052981406,3.0,0.0,5.205724484411112,0.37225150800077245,1.383170247077942,0.0
L05_NO_REPLACE,3,4,0.0,0.0,0.09717197261942773,0.0,0.0,0.0,0.7159501254131432,1.9201236561994368,0.7600279163290351,0.014958552694676719,14.958552694676719,1742.9336785925288,0.18033493212425317,1.3112946971089114,0.49564431997714564,0.045549974020104855,0.372056455060374,0.04172317299526185,3.0,0.0,5.205724484411112,0.372056455060374,0.7471848130226135,0.0
PLAIN_FM,3,5,0.0,0.0,0.10764332230777149,0.0,0.15893037776947017,1.1915814876556396,0.9133602468504705,2.2738447564762816,0.8525739465189008,0.03828755798692107,38.28755798692108,8345.277539017903,0.07645885401137097,1.4098733742764702,0.06942174799041823,0.043752736994065344,0.0,0.0,0.0,0.0,0.0,0.0,0.0,0.0
L1_REPLACE,3,5,1.0,0.0,-0.02780202425171715,0.0,0.00612513389587388,0.0,0.5217302739293845,1.84321448444274,0.8139830708689111,0.026599584726808345,26.599584726808345,690.5316785044135,0.25371255076384513,1.2447898944057862,0.40084156702505425,0.044604306924156845,0.2780869919806719,0.03147570404689759,3.0,0.0,4.434624112726028,0.2780869919806719,1.2429999113082886,0.0
L1_NO_REPLACE,3,5,1.0,0.0,-0.026262831947543794,0.0,0.0,0.0,0.520615031364142,1.7077804480488816,0.7731727341438659,0.019471634473735122,19.471634473735122,444.1142258888142,0.2728099969600538,1.2771243862880302,0.4016016779933125,0.04556250205496326,0.2781271729618311,0.03156719607068226,3.0,0.0,5.394419947595036,0.2781271729618311,1.3183603286743164,0.0
L05_REPLACE,3,5,1.0,0.0,-0.03360910390817826,0.0,0.0,0.0,0.5192643594277423,1.8333662250052278,0.8218387949123547,0.02449641499665578,24.49641499665578,575.6680006724579,0.2521884907242694,1.24783014087114,0.402090749994386,0.04543853009818122,0.27854493394261226,0.03153742599533871,3.0,0.0,5.420306667024729,0.27854493394261226,1.2225842475891113,0.0
L05_NO_REPLACE,3,5,0.0,0.0,0.10305560079085421,0.0,0.0,0.0,0.7227056723443853,1.9574397408074178,0.760754275981742,0.019431513918416243,19.431513918416243,2141.4370540362884,0.15612975288581202,1.2877758375569424,0.40193511598045006,0.045442169008310884,0.2786657779943198,0.03154808602994308,3.0,0.0,5.420306667024729,0.2786657779943198,0.6709915399551392,0.0
PLAIN_FM,3,6,0.0,0.0,0.10720517945232022,0.0,0.09503777484893794,0.0,0.9236036260438636,2.2686403987095005,0.8646146314083094,0.03616816477282514,36.16816477282514,8913.541232790069,0.0886692732832983,1.4120422263553252,0.06936121598118916,0.04378348507452756,0.0,0.0,0.0,0.0,0.0,0.0,0.0,0.0
L1_REPLACE,3,6,1.0,0.0,-0.030357356046206464,0.0,0.0,0.0,0.5236226749365183,1.849229787715636,0.840880902701566,0.024249672976997205,24.249672976997203,575.8132311203257,0.2654960398204942,1.2165363542174696,0.4005211580079049,0.044604097958654165,0.2779144480009563,0.03138212097110227,3.0,0.0,4.01295473521582,0.2779144480009563,1.2752950191497803,0.0
L1_NO_REPLACE,3,6,1.0,0.0,-0.029689464546755702,0.0,0.005552333259582376,0.0,0.5227163327889959,1.8884381124479346,0.8470042418186975,0.027442967172812693,27.44296717281269,712.7878065895211,0.260424421870366,1.2127594419497092,0.4011107240221463,0.04536156798712909,0.27798666001763195,0.031400732055772096,3.0,0.0,4.01504698307844,0.27798666001763195,1.2694242000579834,0.0
L05_REPLACE,3,6,1.0,0.0,-0.03386871205397125,0.0,0.0,0.0,0.5246196575991604,1.8610931857518525,0.8504471304815521,0.022856037906896498,22.856037906896503,522.1532710440124,0.26226132546093556,1.216146685385786,0.401388181024231,0.045467890973668545,0.27800919098081067,0.03150676592485979,3.0,0.0,4.100825521898732,0.27800919098081067,1.2397000789642334,0.0
L05_NO_REPLACE,3,6,0.0,0.0,0.10134597731595169,0.0,0.0,0.0,0.724578026149233,1.988604847177278,0.7883950948406102,0.017880204222009866,17.880204222009866,2265.2308146557943,0.16274676274083577,1.2667325653753718,0.40139399201143533,0.04527449392480776,0.27826806699158624,0.0313982919906266,3.0,0.0,4.100825521898732,0.27826806699158624,0.670629620552063,0.0
PLAIN_FM,3,7,0.0,0.0,0.09859138742247422,0.0,0.07179613571166987,1.3440680503845215,0.9059337484816671,2.2752610682437013,0.8348534867530691,0.0396509954319999,39.65099543199991,9304.642476370971,0.08262430478080357,1.4243977324306338,0.06928728398634121,0.043648533057421446,0.0,0.0,0.0,0.0,0.0,0.0,0.0,0.0
L1_REPLACE,3,7,1.0,0.0,-0.025217947029100407,0.0,0.0,0.0,0.5210190776385667,1.816770960985626,0.8339267671192333,0.023983388233682845,23.983388233682845,542.3488823136146,0.2679177865455437,1.2797659142078768,0.5877218609675765,0.045189133961685,0.46399115992244333,0.04975599201861769,3.0,0.0,4.896006535514542,0.46399115992244333,1.2645902633666992,0.0
L1_NO_REPLACE,3,7,1.0,0.0,-0.02682562504691466,0.0,0.0,0.0,0.5274295626267861,1.8079995183151016,0.8247017937382495,0.0223342717902959,22.3342717902959,484.80662107275305,0.2634386893036559,1.2654447641830284,0.4919360619969666,0.04547332099173218,0.3683075260487385,0.03918375598732382,3.0,0.0,4.196465665388805,0.3683075260487385,1.2211624383926392,0.0
L05_REPLACE,3,7,1.0,0.0,-0.027401696999164275,0.0,0.0,0.0,0.5362699431219798,1.7801126610881302,0.8091998875557089,0.017366280778277954,17.366280778277954,355.77759264207026,0.27250671694105494,1.2616005387513802,0.49186765996273607,0.04537739895749837,0.36833347601350397,0.0390853940625675,3.0,0.0,4.222136297803477,0.36833347601350397,1.2050106525421143,0.0
L05_NO_REPLACE,3,7,0.0,0.0,0.10243037644468614,0.0,0.0,0.0,0.7245035892764093,1.9668390999320393,0.7620933144056039,0.01794477160780339,17.94477160780339,2450.762781995497,0.16806936276199141,1.3045104397479679,0.4928789859986864,0.045519163948483765,0.36889712006086484,0.039109455072321,3.0,0.0,4.222136297803477,0.36889712006086484,0.6538009643554688,0.0
PLAIN_FM,3,8,0.0,0.0,0.11658034755871524,0.0,0.15836294155120845,0.0,0.9351946490077432,2.302478456437022,0.9056876913936985,0.037150548249728965,37.15054824972897,8627.092602019306,0.10940531814596903,1.4265476253573586,0.06941869802540168,0.04370696406112984,0.0,0.0,0.0,0.0,0.0,0.0,0.0,0.0
L1_REPLACE,3,8,1.0,0.0,-0.01851517344786037,0.0,0.0,0.0,0.5464698546891156,1.7255080991493459,0.8072427924592462,0.018203144027255647,18.203144027255647,424.06305830686716,0.2746427270254643,1.293838244523655,0.40187668398721144,0.04475574288517237,0.27875634899828583,0.03174798103282228,3.0,0.0,4.6729708777542385,0.27875634899828583,1.3076443672180176,0.0
L1_NO_REPLACE,3,8,1.0,0.0,-0.022759388339635103,0.0,0.003237884902953958,0.0,0.545420515370422,1.8406864933090306,0.8446233157804613,0.025059976844000076,25.059976844000076,600.6151441175333,0.2549957110745469,1.2721508620289999,0.495683879009448,0.04545748996315524,0.37187250703573227,0.042074340977706015,3.0,0.0,3.9191329470582588,0.37187250703573227,1.2531191110610962,0.0
L05_REPLACE,3,8,1.0,0.0,-0.025765304207599683,0.0,0.003537696266174173,0.0,0.5448383959730222,1.87756817317986,0.8604523200254734,0.026186055392390273,26.186055392390273,641.1767928205414,0.24988078164526162,1.2615102993284275,0.49376685899915174,0.0453364469576627,0.3704197800834663,0.04157605906948447,3.0,0.0,3.992766133953165,0.3704197800834663,1.219022274017334,0.0
L05_NO_REPLACE,3,8,0.0,0.0,0.10463714822623521,0.0,0.021753268051147412,0.0,0.7387237753104198,2.0147016635606434,0.8251770482943457,0.01968554170470771,19.68554170470771,2295.7277694827912,0.15824305545654702,1.3021074514335447,0.4943976750364527,0.04530609707580879,0.37105327600147575,0.04174958198564127,3.0,0.0,3.992766133953165,0.37105327600147575,0.6553282141685486,0.0
PLAIN_FM,3,9,0.0,0.0,0.11802224575909864,0.0,0.13486023406982417,1.460791826248169,0.9449422676072591,2.2676653525639137,0.8550794446974774,0.035380139915994535,35.38013991599453,7968.015644310112,0.08695008772339809,1.4330156012183262,0.06935394596075639,0.04367692401865497,0.0,0.0,0.0,0.0,0.0,0.0,0.0,0.0
L1_REPLACE,3,9,1.0,0.0,-0.035671688181560156,0.0,0.0,0.0,0.5005466306746894,1.7913620517363231,0.8081267194635046,0.027122417877685656,27.122417877685656,717.1605170497309,0.26373556587907954,1.2748228007741058,0.40111036301823333,0.04463125788606703,0.278559064026922,0.03165784903103486,3.0,0.0,4.832730250639003,0.278559064026922,1.3792275190353394,0.0
L1_NO_REPLACE,3,9,1.0,0.0,-0.03709007000370788,0.0,0.0,0.0,0.5040779542099687,1.8288978744276434,0.8304333317811489,0.027102388638541974,27.102388638541978,688.602725298626,0.26121864635015235,1.2332173627801004,0.40072054200572893,0.04522070486564189,0.2777990929898806,0.031400482926983386,3.0,0.0,4.243617199019454,0.2777990929898806,1.341489315032959,0.0
L05_REPLACE,3,9,1.0,0.0,-0.04368962777008216,0.0,0.0,0.0,0.5052685611889063,1.7650520848374756,0.8276652329481122,0.020165424218607342,20.165424218607342,482.98171721334876,0.2705600836162766,1.2369365313166933,0.4015555839869194,0.045462782960385084,0.2782526149530895,0.03150111500872299,3.0,0.0,4.325499238876183,0.2782526149530895,1.3298404216766357,0.0
L05_NO_REPLACE,3,9,0.0,0.0,0.10854423438277827,0.0,0.0,0.0,0.7274536692171756,1.937328616832937,0.7620861289105372,0.016894295701225026,16.894295701225026,1922.9341429034544,0.16222495306332435,1.2837518181270478,0.4017492089769803,0.04554426297545433,0.2782917460426688,0.031478424032684416,3.0,0.0,4.325499238876183,0.2782917460426688,0.71955406665802,0.0
PLAIN_FM,3,10,0.0,0.0,0.09373816333156912,0.0,0.05904968242645259,0.7102084159851074,0.9096805528968193,2.3433807547848926,0.9113681337683515,0.041650679213128594,41.6506792131286,9924.377687397402,0.08314705351067961,1.4240513342320584,0.0694488079752773,0.04374901397386566,0.0,0.0,0.0,0.0,0.0,0.0,0.0,0.0
L1_REPLACE,3,10,1.0,0.0,-0.0296589695524626,0.0,0.0,0.0,0.5243993390099682,1.6735773594573553,0.7763759783411291,0.014349610931953194,14.349610931953194,326.26710079863835,0.3035243644064033,1.2674499236429806,0.4937034969916567,0.04443239205284044,0.3711989900912158,0.04173163196537644,3.0,0.0,5.348594430022564,0.3711989900912158,1.4653887748718262,0.0
L1_NO_REPLACE,3,10,1.0,0.0,-0.033575441659969556,0.0,0.0,0.0,0.5174817857383537,1.736766266116307,0.8258660430357336,0.017624190019887465,17.624190019887465,369.5428902658726,0.28239651737817395,1.2563620332527616,0.5847191089997068,0.045492551173083484,0.46108777198242024,0.050135212019085884,3.0,0.0,6.041580370904203,0.46108777198242024,1.3966237306594849,0.0
L05_REPLACE,3,10,1.0,0.0,-0.0335426545428836,0.0,0.0012238439559935088,0.0,0.5309500023932642,1.737851827367008,0.7719232617331485,0.01567379174706862,15.673791747068623,350.5164035664032,0.29238254911527023,1.2653771171112216,0.5846631670137867,0.04544301796704531,0.4613085070159286,0.04974356206366792,3.0,0.0,6.143447988734618,0.4613085070159286,1.3988314867019653,0.0
L05_NO_REPLACE,3,10,0.0,0.0,0.09972733743968015,0.0,0.0,0.0,0.7258400975093897,1.9641025162689454,0.7576202453068634,0.017586364603267235,17.58636460326724,2548.8826169935305,0.16188932733108052,1.2996732819925128,0.5857924370211549,0.04540869896300137,0.46234499500133097,0.049735473992768675,3.0,0.0,6.143447988734618,0.46234499500133097,0.7527278065681458,0.0
PLAIN_FM,3,11,0.0,0.0,0.10551089680659514,0.0,0.057683543968200635,0.2728891372680664,0.9101096104472169,2.2725071459529564,0.8580999982626213,0.04500861545401347,45.008615454013466,12132.094268095207,0.1007183526410631,1.3961991736481614,0.06938034598715603,0.043843456893227994,0.0,0.0,0.0,0.0,0.0,0.0,0.0,0.0
L1_REPLACE,3,11,1.0,0.0,-0.03091908919768841,0.0,0.0,0.0,0.5172759851060694,1.8035137979961715,0.8162650577651431,0.02292028053370032,22.92028053370032,521.9170210861712,0.27102424084445553,1.2440567168697858,0.49289911502273753,0.04443393292604014,0.3704488080693409,0.041802166029810905,3.0,0.0,4.385201039986372,0.3704488080693409,1.2714804410934448,0.0
L1_NO_REPLACE,3,11,1.0,0.0,-0.030710764805817466,0.0,0.005786579513549661,0.0,0.517285657598166,1.8631593352082454,0.8304053508736482,0.02633788003358717,26.33788003358717,667.443892726638,0.26774260249605975,1.221409788208762,0.49302888702368364,0.04536135698435828,0.36969968903576955,0.04183038498740643,3.0,0.0,4.005353739771713,0.36969968903576955,1.2510055303573608,0.0
L05_REPLACE,3,11,1.0,0.0,-0.035827585394967415,0.0,0.0,0.0,0.515852083164416,1.8658968328604686,0.839644076218955,0.02543494852996453,25.43494852996453,613.018914589869,0.2624939465439141,1.226243618846884,0.5008237120346166,0.04573668510420248,0.3757736360421404,0.04377658694284037,3.0,0.0,4.569120546758111,0.3757736360421404,1.2253776788711548,0.0
L05_NO_REPLACE,3,11,0.0,0.0,0.10016297131603258,0.0,0.0,0.0,0.7197091813832512,1.9695026874632982,0.7715920887501321,0.02083770450076372,20.83770450076372,2979.031680837441,0.16687900679769666,1.2707459728316517,0.49430176097666845,0.045607881096657366,0.37009069899795577,0.04181067505851388,3.0,0.0,4.569120546758111,0.37009069899795577,0.6708316206932068,0.0
PLAIN_FM,3,12,0.0,0.0,0.1114027174882758,0.0,0.1129674480438232,0.21892309188842773,0.9305339127321893,2.27870924411857,0.8686581728812339,0.0342442199264692,34.244219926469206,7175.719287586179,0.07505843993137744,1.4364478131189815,0.0694906489807181,0.04383243003394455,0.0,0.0,0.0,0.0,0.0,0.0,0.0,0.0
L1_REPLACE,3,12,1.0,0.0,-0.028713365219037792,0.0,0.0,0.0,0.5249683519181761,1.8313376993674289,0.8328538597755833,0.024128005097346694,24.128005097346694,573.2523346202889,0.2577533503321439,1.2402368256617042,0.4029319090186618,0.04456252802629024,0.2799447280121967,0.031787732033990324,3.0,0.0,3.9683080883226562,0.2799447280121967,1.2708699703216553,0.0
L1_NO_REPLACE,3,12,1.0,0.0,-0.028964415454286324,0.0,0.0,0.0,0.5249310140186266,1.8251509438791664,0.8324925738264224,0.02376734600116137,23.76734600116137,575.5581603020587,0.2589097059674095,1.2412659919667364,0.40449394000461325,0.04608955705771223,0.2797523829503916,0.03171092097181827,3.0,0.0,3.96877254629678,0.2797523829503916,1.2745306491851807,0.0
L05_REPLACE,3,12,1.0,0.0,-0.033273760221859655,0.0,0.0,0.0,0.5221630006428871,1.862084762871482,0.8473126936572057,0.024984494365830168,24.98449436583017,587.3674791527118,0.2541089774967872,1.2334376436939538,0.40301959100179374,0.04536230809753761,0.2790286249946803,0.03180927399080247,3.0,0.0,4.082394048686807,0.2790286249946803,1.2453579902648926,0.0
L05_NO_REPLACE,3,12,0.0,0.0,0.10473290891854656,0.0,0.0,0.0,0.727226817761845,1.9935658626917427,0.7937163839916853,0.018927347432414088,18.927347432414088,1843.842267420115,0.15233516653002374,1.2887405893206918,0.40406100801192224,0.04603767493972555,0.2797106020152569,0.031640349014196545,3.0,0.0,4.082394048686807,0.2797106020152569,0.6720879077911377,0.0
PLAIN_FM,3,13,0.0,0.0,0.10963966463829497,0.0,0.11418040256500239,0.745929479598999,0.9124557525586215,2.2675854117831538,0.8359904240896475,0.04100700210200903,41.00700210200903,10466.58748000957,0.07377936679749839,1.4191645811112208,0.0696060320478864,0.04386851895833388,0.0,0.0,0.0,0.0,0.0,0.0,0.0,0.0
L1_REPLACE,3,13,1.0,0.0,-0.027549539345525648,0.0,0.0,0.0,0.5159278872016458,1.7477793487303925,0.8080579783552593,0.021866682433930862,21.866682433930862,521.610571809017,0.27085404362222765,1.307246731288009,0.4935227300156839,0.044614208047278225,0.37070544611196965,0.041598669020459056,3.0,0.0,4.971629768653919,0.37070544611196965,1.299096703529358,0.0
L1_NO_REPLACE,3,13,1.0,0.0,-0.026778153341348615,0.0,0.0,0.0,0.5206486289859424,1.8329926652076083,0.8266806719578836,0.025369857622909997,25.36985762291,609.5504721257861,0.260422379204363,1.2647615388407292,0.493580031034071,0.04526370484381914,0.36995395499980077,0.04171237099217251,3.0,0.0,4.079208537213425,0.36995395499980077,1.240063190460205,0.0
L05_REPLACE,3,13,1.0,0.0,-0.033601965930466625,0.0,0.0,0.0,0.5177601842884146,1.8790518256468547,0.8459480445698887,0.02698068848125068,26.98068848125068,665.9530295645587,0.2553309632060248,1.2499921107205019,0.49531208601547405,0.045309434994123876,0.371663769998122,0.04184213402913883,3.0,0.0,4.135454669404481,0.371663769998122,1.210442304611206,0.0
L05_NO_REPLACE,3,13,0.0,0.0,0.09959300898991122,0.0,0.0,0.0,0.7172846137735016,1.9860178221598086,0.7742219284528499,0.021110859645434132,21.110859645434132,2792.880732058123,0.1570380431587204,1.290024709747791,0.49360239098314196,0.045427449920680374,0.36994661402422935,0.041688492987304926,3.0,0.0,4.135454669404481,0.36994661402422935,0.6521252393722534,0.0
PLAIN_FM,3,14,0.0,0.0,0.10604030453536731,0.0,0.11108930568695063,1.7453086376190186,0.9119593970485486,2.2863296596332114,0.8699926171787646,0.039236010903006324,39.23601090300633,8849.234378179459,0.07840370220655277,1.415726668852447,0.06936848600162193,0.043762896908447146,0.0,0.0,0.0,0.0,0.0,0.0,0.0,0.0
L1_REPLACE,3,14,1.0,0.0,-0.027018565852168108,0.0,0.0,0.0,0.523594070658798,1.6747524154879387,0.7810657393895127,0.01597908710203466,15.979087102034663,391.26048779403175,0.3016794283541215,1.28893995122166,0.4006680879974738,0.04448541591409594,0.27794447605265304,0.03146532195387408,3.0,0.0,4.252134877437948,0.27794447605265304,1.372992992401123,0.0
L1_NO_REPLACE,3,14,1.0,0.0,-0.02680369176749406,0.0,0.0,0.0,0.5245281257514549,1.6711733690967374,0.7708501812445108,0.015823663832849277,15.823663832849277,383.4951360403238,0.3038897451882397,1.2876132965696547,0.40126088401302695,0.045585612941067666,0.2777653310331516,0.03144843294285238,3.0,0.0,4.226507248218633,0.2777653310331516,1.3808552026748657,0.0
L05_REPLACE,3,14,1.0,0.0,-0.03032825180092532,0.0,0.0,0.0,0.5233814256737869,1.6847498053703946,0.763705053813716,0.015849728305227906,15.849728305227906,388.2762290988495,0.30394974614332093,1.2890555958994936,0.40156760200625286,0.045445009076502174,0.2781459399848245,0.03147758397972211,3.0,0.0,4.411298517245854,0.2781459399848245,1.3734359741210938,0.0
L05_NO_REPLACE,3,14,0.0,0.0,0.10513651407878846,0.0,0.0,0.0,0.7211792741436278,1.906461435645609,0.7434977602173168,0.016158478919187758,16.158478919187758,2033.5636413769896,0.17877988608195505,1.3036546308421926,0.40113408997422084,0.045269216992892325,0.2778009609901346,0.03147868299856782,3.0,0.0,4.411298517245854,0.2778009609901346,0.7416784167289734,0.0
PLAIN_FM,3,15,0.0,0.0,0.10215726732500346,0.0,0.0758277938842773,0.8844208717346191,0.9001318672385981,2.3019165439025318,0.8784354121923331,0.04504887196440377,45.048871964403766,11084.87255635271,0.07322230058201705,1.404435212742432,0.06921746098669246,0.043629852996673435,0.0,0.0,0.0,0.0,0.0,0.0,0.0,0.0
L1_REPLACE,3,15,1.0,0.0,-0.03931188795252118,0.0,0.0,0.0,0.51259656508737,1.795004117571824,0.8503236526525478,0.023154277286583813,23.154277286583813,530.7199939474039,0.2638574703249099,1.2978768242005336,0.5855083970236592,0.044662289845291525,0.46262319904053584,0.05178425699705258,3.0,0.0,4.580914251994363,0.46262319904053584,1.296047329902649,0.0
L1_NO_REPLACE,3,15,1.0,0.0,-0.041927913100802586,0.0,0.0,0.0,0.5080522565094026,1.8354346356154003,0.8545270804102078,0.026168342967963554,26.168342967963554,630.4419170209741,0.2579316218662773,1.2668684355789028,0.6769118490046822,0.045562673010863364,0.5530879579600878,0.0605816759634763,3.0,0.0,4.101365475126138,0.5530879579600878,1.2931889295578003,0.0
L05_REPLACE,3,15,1.0,0.0,-0.03912666845578629,0.0,0.0,0.0,0.514751332046336,1.8063883473917826,0.8418925642982836,0.02170489549382726,21.70489549382726,493.5751634069341,0.2610792621664279,1.2547210286548305,0.6758986019995064,0.04550122300861403,0.5522353839478455,0.058491529896855354,3.0,0.0,4.107256396437398,0.5522353839478455,1.2642813920974731,0.0
L05_NO_REPLACE,3,15,0.0,0.0,0.10443838925561165,0.0,0.0,0.0,0.7122998301754422,1.9759975195644526,0.7908524378887926,0.02043801415578983,20.43801415578983,2999.5969927782085,0.15178069606927028,1.2861395718533775,0.674453234008979,0.04557933402247727,0.5508915500249714,0.058517152967397124,3.0,0.0,4.107256396437398,0.5508915500249714,0.6734108924865723,0.0
PLAIN_FM,3,16,0.0,0.0,0.11883796038773767,0.0,0.1983326242446899,1.7368149757385254,0.9508287732575146,2.2791504214843457,0.8672684136998519,0.043407537894013304,43.4075378940133,10512.601713099066,0.07346486647959916,1.4622626597061625,0.0692646829993464,0.043712593091186136,0.0,0.0,0.0,0.0,0.0,0.0,0.0,0.0
L1_REPLACE,3,16,1.0,0.0,-0.02434195870387787,0.0,0.0056190904617308135,0.0,0.5218901911047621,1.649836309675634,0.7779171147602348,0.01459144763814102,14.59144763814102,336.33976750255806,0.30414591425373394,1.2841015195300787,0.4905212090234272,0.04450946598080918,0.36805423302575946,0.03956755599938333,3.0,0.0,4.994107203280145,0.36805423302575946,1.44216787815094,0.0
L1_NO_REPLACE,3,16,1.0,0.0,-0.028870218283275125,0.0,0.0,0.0,0.5201486908732381,1.646219742249741,0.7691480753852331,0.013706321718559344,13.706321718559344,331.3713397089301,0.3094081855137538,1.2724706026074086,0.584360896027647,0.04563358402810991,0.46051335404627025,0.04934606305323541,3.0,0.0,4.841960659854296,0.46051335404627025,1.446029543876648,0.0
L05_REPLACE,3,16,1.0,0.0,-0.03293557534257503,0.0,0.0,0.0,0.5212062833612244,1.7401068189715334,0.832728475388439,0.017591407220061805,17.591407220061807,398.4721956117321,0.27828493061709114,1.265094849915321,0.5829713380080648,0.04552844219142571,0.45931445294991136,0.048326394986361265,3.0,0.0,4.8590363907748175,0.45931445294991136,1.332460880279541,0.0
L05_NO_REPLACE,3,16,0.0,0.0,0.10719433511506093,0.0,0.0,0.0,0.7392045815472049,1.9275271283043836,0.76440364116929,0.017923204336797838,17.923204336797838,2445.539794380735,0.16212697929138625,1.3168465722548195,0.5830844310112298,0.045746246993076056,0.45887225889600813,0.04825096298009157,3.0,0.0,4.859036390747604,0.45887225889600813,0.71285080909729,0.0
PLAIN_FM,3,17,0.0,0.0,0.09376863793523463,0.0,0.08770163516998286,0.7152986526489258,0.8907089311977537,2.3504183419609648,0.9044231730475888,0.03898940587398014,38.98940587398015,8917.486050353695,0.1133673173763563,1.4080497158942362,0.06944401800865307,0.04373054299503565,0.0,0.0,0.0,0.0,0.0,0.0,0.0,0.0
L1_REPLACE,3,17,1.0,0.0,-0.02852257608126396,0.0,0.0,0.0,0.5285698599541458,1.7612324426175983,0.8129851360229545,0.01792130221414734,17.921302214147342,396.93990895903755,0.3021050691902504,1.2655143116293304,0.5829634279944003,0.04467016103444621,0.46010498102987185,0.0494234639336355,3.0,0.0,4.253616965907688,0.46010498102987185,1.3427791595458984,0.0
L1_NO_REPLACE,3,17,1.0,0.0,-0.030106997972848132,0.0,0.0,0.0,0.5253932260558075,1.7751167861828645,0.8246776471793076,0.018835797974810164,18.835797974810163,424.29131936743136,0.2979654640950414,1.2600029314814394,0.5864591299905442,0.04546150000533089,0.4627109100110829,0.05074066697852686,3.0,0.0,4.283751172755795,0.4627109100110829,1.3322726488113403,0.0
L05_REPLACE,3,17,1.0,0.0,-0.036157296279534935,0.0,0.0,0.0,0.5293449314012935,1.8520890850136447,0.8539763213143423,0.020794182610750944,20.794182610750944,440.7612478131817,0.28082527574980154,1.2296623384448881,0.49392630701186135,0.045399589056614786,0.3707115330034867,0.041605727979913354,3.0,0.0,4.217353609561623,0.3707115330034867,1.2367517948150635,0.0
L05_NO_REPLACE,3,17,0.0,0.0,0.09776473392739897,0.0,0.0,0.0,0.7148039231807298,2.026877601751422,0.809000948516693,0.018356816834375067,18.356816834375067,2250.597412832889,0.17886577534457743,1.2774069154594596,0.4991330140037462,0.045895240968093276,0.3748329500085674,0.04318975901696831,3.0,0.0,4.217353609561623,0.3748329500085674,0.6658332347869873,0.0
PLAIN_FM,3,18,0.0,0.0,0.11059615937426334,0.0,0.16378398399353022,0.6184172630310059,0.931305517224047,2.273095175249484,0.8681331662431666,0.051032695980132825,51.03269598013283,14144.425165856368,0.08516472909381893,1.4335769597140502,0.07001535297604278,0.04418382706353441,0.0,0.0,0.0,0.0,0.0,0.0,0.0,0.0
L1_REPLACE,3,18,1.0,0.0,-0.03212830246669127,0.0,0.0,0.0,0.5138736746476255,1.6515231989202155,0.7538871672640245,0.015143696719094102,15.143696719094102,343.2898221228165,0.30344590624507944,1.2266666536046664,0.6820701410179026,0.04484084201976657,0.5585378689575009,0.0625342259882018,3.0,0.0,5.125596843935568,0.5585378689575009,1.4403644800186157,0.0
L1_NO_REPLACE,3,18,1.0,0.0,-0.030228494805952265,0.0,0.0,0.0,0.519418465236834,1.659033119950922,0.761691417260458,0.015441154328292406,15.441154328292408,339.9308674747026,0.3018461737933251,1.236246745621636,0.676463894022163,0.0453608279931359,0.5519064150284976,0.0624566639889963,3.0,0.0,4.840778953255484,0.5519064150284976,1.4066120386123657,0.0
L05_REPLACE,3,18,1.0,0.0,-0.03743936171748862,0.0,0.0,0.0,0.5215436239599688,1.6330647753641652,0.7178111798204806,0.011587714328930687,11.587714328930687,269.1390198357623,0.3233022043224234,1.2853893816083082,0.6792721070232801,0.04635893309023231,0.5553533740458079,0.06460320006590337,3.0,0.0,4.678057267261943,0.5553533740458079,1.4621431827545166,0.0
L05_NO_REPLACE,3,18,0.0,0.0,0.10747499710124549,0.0,0.0,0.0,0.7287064078804976,1.877334992552058,0.7074628452698593,0.01834378175805451,18.343781758054515,3394.283703921008,0.1903029457457459,1.3073118504771049,0.6813811219763011,0.046688242873642594,0.5565084750414826,0.06280804402194917,3.0,0.0,4.678057267261943,0.5565084750414826,0.788976788520813,0.0
PLAIN_FM,3,19,0.0,0.0,0.09286393311005442,0.0,0.15216346244812007,0.73883056640625,0.8838358721850941,2.319786224231514,0.9243478755626304,0.0395353240580163,39.5353240580163,9360.827602241017,0.09292580760565589,1.3860371684482646,0.06926231301622465,0.0438108469825238,0.0,0.0,0.0,0.0,0.0,0.0,0.0,0.0
L1_REPLACE,3,19,1.0,0.0,-0.02926266548322004,0.0,0.0,0.0,0.5328859381592097,1.7799998426925678,0.8017013194150403,0.018549563989114226,18.54956398911423,405.9831671356484,0.2787879752215947,1.2217194902847723,0.4925053789629601,0.04473425995092839,0.37001114402664825,0.04180511407321319,3.0,0.0,3.8919080686120253,0.37001114402664825,1.2389028072357178,0.0
L1_NO_REPLACE,3,19,1.0,0.0,-0.029865255586897482,0.0,0.0,0.0,0.5275822469552107,1.833135605703563,0.8290468001352165,0.022908307444193143,22.908307444193145,537.2206441135896,0.2685001197418153,1.2152799068275615,0.4965468049631454,0.045723935996647924,0.372837416944094,0.0420337810064666,3.0,0.0,4.034735425462623,0.372837416944094,1.222176194190979,0.0
L05_REPLACE,3,19,1.0,0.0,-0.028138404617808484,0.0,0.0,0.0,0.5381495078221832,1.786729247754381,0.7919899154196791,0.017507492841309258,17.507492841309258,371.874946699613,0.2787529753320849,1.2072408752264674,0.49354398500872776,0.045566193060949445,0.3701479260344058,0.0417235610075295,3.0,0.0,4.1755294182167395,0.3701479260344058,1.220984697341919,0.0
L05_NO_REPLACE,3,19,0.0,0.0,0.09770972145257185,0.0,0.02802725296020503,0.0,0.7128540891854878,1.9902857877440159,0.7891785888255245,0.017483974726339113,17.483974726339113,2363.0109100673203,0.17382819209782524,1.2575018282965413,0.49358110601315275,0.04539943690178916,0.37011180497938767,0.041666990087833256,3.0,0.0,4.1755294182167395,0.37011180497938767,0.6603550314903259,0.0
PLAIN_FM,3,20,0.0,0.0,0.11430032434381338,0.0,0.1834046409606933,1.222754716873169,0.9326423973329556,2.24179204623663,0.8638288509974569,0.03777499796453054,37.77499796453054,8624.968306587833,0.07735768065600035,1.4320902603452499,0.06928362301550806,0.04373531398596242,0.0,0.0,0.0,0.0,0.0,0.0,0.0,0.0
L1_REPLACE,3,20,1.0,0.0,-0.02831260667221501,0.0,0.0,0.0,0.5201440212784488,1.6686224038010464,0.8006615685390885,0.01579132352088397,15.79132352088397,360.8555465446805,0.2980427392789099,1.2534732073774533,0.4007468369673006,0.04448668396798894,0.27848686900688335,0.03162153699668124,3.0,0.0,4.072726462838185,0.27848686900688335,1.360482096672058,0.0
L1_NO_REPLACE,3,20,1.0,0.0,-0.02998126347349775,0.0,0.0,0.0,0.5163614499166632,1.746413270983007,0.8196241393139673,0.020334999772940954,20.334999772940957,471.2031552337237,0.26881755082577197,1.2472010313458137,0.49220437003532425,0.045342826982960105,0.36901778599713,0.04029160406207666,3.0,0.0,4.159602993896125,0.36901778599713,1.3015216588974,0.0
L05_REPLACE,3,20,1.0,0.0,-0.03294019830689992,0.0,0.0,0.0,0.5129905238771139,1.6419355798034132,0.8022038162055166,0.015236868264917547,15.236868264917547,345.3939690310826,0.30648347819284094,1.2894625378165099,0.4922204710310325,0.04540646797977388,0.36889592302031815,0.04041647701524198,3.0,0.0,5.10753434788743,0.36889592302031815,1.3907526731491089,0.0
L05_NO_REPLACE,3,20,0.0,0.0,0.11249787152228682,0.0,0.0,0.0,0.7291483771842471,1.8422059272755569,0.7386071283515155,0.015491845447495045,15.491845447495047,2031.0895934676055,0.18492514079526928,1.3151134977074304,0.492265691049397,0.045389707083813846,0.368936845974531,0.04053143097553402,3.0,0.0,5.10753434788743,0.368936845974531,0.7582943439483643,0.0
PLAIN_FM,3,21,0.0,0.0,0.11485145816547263,0.0,0.10851319293975825,0.0,0.9364060141836514,2.2681856196899157,0.8513399246933362,0.035488056600455176,35.488056600455174,8488.899356437994,0.08163221965361053,1.4177025580805331,0.06930728402221575,0.04374960495624691,0.0,0.0,0.0,0.0,0.0,0.0,0.0,0.0
L1_REPLACE,3,21,1.0,0.0,-0.03288939740357277,0.0,0.0063820299148558135,0.0,0.5204272228376603,1.8834247245555613,0.8333721154286311,0.02827234555004665,28.27234555004665,749.0369185399359,0.25099633423001183,1.2299013156613572,0.40085530997021124,0.044597996049560606,0.2783450140268542,0.03151499503292143,3.0,0.0,4.310040019880402,0.2783450140268542,1.274040699005127,0.0
L1_NO_REPLACE,3,21,1.0,0.0,-0.03242306711112443,0.0,0.00602440204620347,0.0,0.5215623828873415,1.8987546880002746,0.8417928896399648,0.028597195559375344,28.597195559375344,755.4751589106346,0.25153348055102936,1.2252922544020672,0.40163715998642147,0.045415767992381006,0.2784361460362561,0.03147418407024816,3.0,0.0,3.9008313976873876,0.2784361460362561,1.26384699344635,0.0
L05_REPLACE,3,21,1.0,0.0,-0.03812953302040116,0.0,0.004806679153442239,0.0,0.5207987041266943,1.9163499566207598,0.8514287707248975,0.028307469547187658,28.307469547187665,726.8374799719977,0.24890520613417677,1.2206244007527378,0.4012819699710235,0.04535167699214071,0.2779940359760076,0.03147284302394837,3.0,0.0,3.986140032589149,0.2779940359760076,1.2396292686462402,0.0
L05_NO_REPLACE,3,21,0.0,0.0,0.10534245916433915,0.0,0.007457690048217724,0.0,0.7270892719417104,2.0119032651558375,0.785781541868132,0.02036409930691807,20.36409930691807,2396.1675876571494,0.1509733575400955,1.2707438389239476,0.40174511197255924,0.04534455807879567,0.2784781060181558,0.03143247205298394,3.0,0.0,3.986140032589149,0.2784781060181558,0.6687894463539124,0.0
PLAIN_FM,3,22,0.0,0.0,0.11874411437334567,0.0,0.10696645240783687,0.09581565856933594,0.9548949355137405,2.2918228715182805,0.8793279903735264,0.034796027811093255,34.79602781109326,7618.657400610607,0.07809299354781724,1.4553148921188324,0.0691615900141187,0.04371446400182322,0.0,0.0,0.0,0.0,0.0,0.0,0.0,0.0
L1_REPLACE,3,22,1.0,0.0,-0.03288917045039433,0.0,0.0015629943847654815,0.0,0.5149661938691589,1.8175634513784258,0.8454349076267921,0.023973233782524694,23.973233782524698,562.0076302420783,0.2610581236706477,1.2491028107875364,0.4938916540122591,0.04473033105023205,0.3711849129758775,0.041936416062526405,3.0,0.0,4.664938374570854,0.3711849129758775,1.3582566976547241,0.0
L1_NO_REPLACE,3,22,1.0,0.0,-0.03178568578457178,0.0,0.0,0.0,0.5188150745482878,1.8092324298261995,0.8367962892676588,0.022215800861590473,22.215800861590473,518.6667772352216,0.2616535738150212,1.2384641405456338,0.4932417770032771,0.045323075086344033,0.37003600294701755,0.04179390304489061,3.0,0.0,4.104571762634425,0.37003600294701755,1.3443725109100342,0.0
L05_REPLACE,3,22,1.0,0.0,-0.03648207035309878,0.0,0.0,0.0,0.5157791269026843,1.8295429281688238,0.8420956664292444,0.02238917272192964,22.38917272192964,520.0098209018122,0.25757944121946724,1.242263126473256,0.49354539398336783,0.04543702001683414,0.3700712851132266,0.0417016219580546,3.0,0.0,4.444496672943366,0.3700712851132266,1.324121356010437,0.0
L05_NO_REPLACE,3,22,0.0,0.0,0.10666805461456269,0.0,0.020270304489135693,0.0,0.7372157952713484,1.973463680255201,0.785031137923014,0.017184540236016232,17.184540236016232,1854.0279363167936,0.1490361682588997,1.3000678480742787,0.4931434239842929,0.04544663097476587,0.36984399904031307,0.04168328095693141,3.0,0.0,4.444496672943366,0.36984399904031307,0.7176766991615295,0.0
PLAIN_FM,3,23,0.0,0.0,0.08754901591312897,0.0,0.13413722972869868,0.0,0.8809282544880098,2.316490182783231,0.8835153046807538,0.03735455714763192,37.35455714763192,8950.653623785285,0.07737560080869986,1.3949162998779254,0.06930644303793088,0.04364922392414883,0.0,0.0,0.0,0.0,0.0,0.0,0.0,0.0
L1_REPLACE,3,23,1.0,0.0,-0.02980538803214347,0.0,0.0,0.0,0.5223591471718741,1.8092339443280212,0.8176726452680715,0.022809393207694484,22.809393207694484,545.2486148559643,0.2604116926933936,1.249012291421349,0.49447576800594106,0.0447998009622097,0.37109482899541035,0.041606508020777255,3.0,0.0,5.3010249806053755,0.37109482899541035,1.2573546171188354,0.0
L1_NO_REPLACE,3,23,1.0,0.0,-0.030378790671694793,0.0,0.003696244621276712,0.0,0.5200793190463033,1.8719307232856581,0.8360928435796661,0.02792079880494036,27.92079880494036,712.9286860762641,0.253316641095336,1.2436713608679584,0.4963159159524366,0.04560444108210504,0.3727786529925652,0.04194596805609763,3.0,0.0,5.292511211497364,0.3727786529925652,1.2397304773330688,0.0
L05_REPLACE,3,23,1.0,0.0,-0.03074881979418883,0.0,0.0043667968749998565,0.0,0.5303661684271656,1.778648854095192,0.8144400923045909,0.017974504791585133,17.974504791585133,395.69274825179696,0.2744115475615608,1.241264584728359,0.4967127660056576,0.04537059698486701,0.37310793198412284,0.04192563705146313,3.0,0.0,5.401716032013489,0.37310793198412284,1.2503418922424316,0.0
L05_NO_REPLACE,3,23,0.0,0.0,0.09895711357358102,0.0,0.0,0.0,0.7118368212614289,1.9760310030136405,0.7749368017690017,0.017009900600303496,17.009900600303496,2212.7468958239583,0.1629392426401161,1.280765601759917,0.4948543270002119,0.045441947993822396,0.37109009898267686,0.04160444904118776,3.0,0.0,5.40171603200397,0.37109009898267686,0.6756666302680969,0.0
PLAIN_FM,3,24,0.0,0.0,0.11706977646990521,0.0,0.09616132240295405,0.7311415672302246,0.9122129885190735,2.2571646037466864,0.8531788927732653,0.039748164705388556,39.748164705388554,9545.500707521758,0.08212815942849334,1.4074096597049972,0.06964251201134175,0.04390568699454889,0.0,0.0,0.0,0.0,0.0,0.0,0.0,0.0
L1_REPLACE,3,24,1.0,0.0,-0.025290426006898903,0.0,0.0057841953277586455,0.0,0.5295384653299516,1.836493520221584,0.813231163617413,0.02720219513481492,27.202195134814918,683.0366252263076,0.2502688959943078,1.2708849902327037,0.5837247930467129,0.04462009604321793,0.46088461799081415,0.04963714996119961,3.0,0.0,3.8346988406150926,0.46088461799081415,1.2042113542556763,0.0
L1_NO_REPLACE,3,24,1.0,0.0,-0.025588883571576966,0.0,0.005474251174926614,0.0,0.5263750853794286,1.8319700305097022,0.8125444049303835,0.02763542087627613,27.63542087627613,709.2564675734714,0.2515050365667254,1.2731629915438667,0.5851962610031478,0.0456441919086501,0.4616147769847885,0.0503067760146223,3.0,0.0,4.025046557725121,0.4616147769847885,1.2219704389572144,0.0
L05_REPLACE,3,24,1.0,0.0,-0.0295957488418426,0.0,0.002042811775207376,0.0,0.5300268183478487,1.8642298337082486,0.8238205337297382,0.027223137777706796,27.223137777706796,680.3338338415621,0.24747275695051552,1.2563211779899692,0.5839640880003572,0.045406047080177814,0.46064244193257764,0.049594376934692264,3.0,0.0,3.8792767089650217,0.46064244193257764,1.172203540802002,0.0
L05_NO_REPLACE,3,24,0.0,0.0,0.10038448845159631,0.0,0.0,0.0,0.7238453715555587,1.9778565762298825,0.7747645709436506,0.02065061365038723,20.65061365038723,2450.056460236194,0.15252675874551735,1.2947301748090638,0.588306411053054,0.04562017280841246,0.46412078296998516,0.05000797798857093,3.0,0.0,3.8792767089650217,0.46412078296998516,0.6256534457206726,0.0
PLAIN_FM,3,25,0.0,0.0,0.12023189719636501,0.0,0.12073631744384761,0.5369138717651367,0.9581014750374627,2.3026090358947178,0.8835442722853541,0.041769187935619234,41.769187935619236,10541.68158415678,0.08932326264056081,1.452452234888461,0.06911364797269925,0.04364313097903505,0.0,0.0,0.0,0.0,0.0,0.0,0.0,0.0
L1_REPLACE,3,25,1.0,0.0,-0.03514045152549493,0.0,0.004329841995239114,0.0,0.5120372193217119,1.879730322078517,0.852959262351763,0.028032724255360186,28.03272425536019,708.4957099996459,0.2585617132836483,1.2345995434429098,0.4923197309835814,0.044741449935827404,0.369612570037134,0.040343095024582,3.0,0.0,4.2925719944031275,0.369612570037134,1.3505815267562866,0.0
L1_NO_REPLACE,3,25,1.0,0.0,-0.030992257137749866,0.0,0.0,0.0,0.5127658285595312,1.5310036311824182,0.6885433071806171,0.00788905374577542,7.889053745775421,228.97572796924953,0.3722082640479694,1.359558325109256,0.4947830240125768,0.04547353007365018,0.37141933699604124,0.04190362605731934,3.0,0.0,4.835723161469853,0.37141933699604124,1.7413315773010254,0.0
L05_REPLACE,3,25,1.0,0.0,-0.0026344844892086106,0.0,0.0,0.0,0.5409406157370319,1.8445212984720376,0.8732884627795015,0.0302587094757909,30.258709475790905,828.936169781347,0.24680875931841612,1.2848872125573816,0.491853576968424,0.045381916977930814,0.36863591498695314,0.040127489948645234,3.0,0.0,4.601176102544775,0.36863591498695314,1.3267812728881836,0.0
L05_NO_REPLACE,3,25,0.0,0.0,0.11254868230099693,0.0,0.012725548553466748,0.0,0.756696443328769,1.9494368615676914,0.7900020031600454,0.021753563355829897,21.753563355829897,2899.341418773638,0.15155831736881653,1.3114737586871752,0.49212220503250137,0.04532392410328612,0.36872985697118565,0.04006996896350756,3.0,0.0,4.601176102544775,0.36872985697118565,0.7221097946166992,0.0
PLAIN_FM,3,26,0.0,0.0,0.10372934811748535,0.0,0.18978829841613765,1.316131353378296,0.9008944259456733,2.297940483474094,0.8882025136705322,0.039969510771066474,39.969510771066474,9308.076628811168,0.07484342165119315,1.415932915336743,0.0692791219917126,0.04380553594091907,0.0,0.0,0.0,0.0,0.0,0.0,0.0,0.0
L1_REPLACE,3,26,1.0,0.0,-0.01695292020998032,0.0,0.0,0.0,0.5415162825082825,1.6437524914295831,0.7270507914920478,0.013628083496439736,13.628083496439736,304.72108631443007,0.3205102907813375,1.2995863599955193,0.4942759310360998,0.04468096006894484,0.371425915916916,0.04162349895341322,3.0,0.0,4.3343622832211395,0.371425915916916,1.4171301126480103,0.0
L1_NO_REPLACE,3,26,1.0,0.0,-0.014764215319690285,0.0,0.0,0.0,0.5451563020446945,1.6895000485148421,0.7650297793830028,0.014880300638282051,14.880300638282051,306.5271403276171,0.29402239575155115,1.2797307827930273,0.4944117239792831,0.04539475589990616,0.371141528012231,0.041602576966397464,3.0,0.0,3.9605717288759217,0.371141528012231,1.3127989768981934,0.0
L05_REPLACE,3,26,1.0,0.0,-0.019652257306122446,0.0,0.0,0.0,0.5444096533014697,1.7072698423004136,0.7404195113325426,0.014689191717646821,14.689191717646821,328.0747783798609,0.30500144271714047,1.278346843241597,0.4965223490144126,0.045355425972957164,0.37322573392884806,0.041871635999996215,3.0,0.0,4.066095628270032,0.37322573392884806,1.3391703367233276,0.0
L05_NO_REPLACE,3,26,0.0,0.0,0.10200207057650953,0.0,0.014567332077026318,0.0,0.7231340989228124,1.9304617338772185,0.7420031455033695,0.016052935385047817,16.052935385047817,2100.923776512342,0.17736071073730175,1.3052732150129736,0.49428708996856585,0.04544492805143818,0.37069833802524954,0.04168142093112692,3.0,0.0,4.066095628270032,0.37069833802524954,0.7175183892250061,0.0
PLAIN_FM,3,27,0.0,0.0,0.10478172361571561,0.0,0.12384827594757075,1.0880064964294434,0.9011231582539747,2.27650834407282,0.8796007427127059,0.03870462334092828,38.70462334092828,9152.079419979398,0.08217548238157357,1.3975215947394082,0.06930442299926654,0.043776503996923566,0.0,0.0,0.0,0.0,0.0,0.0,0.0,0.0
L1_REPLACE,3,27,1.0,0.0,-0.024789007845395963,0.0,0.0,0.0,0.5289169100897284,1.784571053038975,0.805045713519746,0.021909706236614923,21.909706236614927,502.54746469518,0.2671231101100197,1.238188661561011,0.4040220190072432,0.04480959102511406,0.2807620730018243,0.03196274599758908,3.0,0.0,3.8730281311239785,0.2807620730018243,1.2573491334915161,0.0
L1_NO_REPLACE,3,27,1.0,0.0,-0.022851864692992017,0.0,0.0,0.0,0.5331221779744704,1.711134665942231,0.7783391996146297,0.017776844620686738,17.77684462068674,405.8088003033866,0.28997185246945156,1.2484193434825432,0.4019950259826146,0.04536005493719131,0.2786767799407244,0.03167846001451835,3.0,0.0,3.9256376066746186,0.2786767799407244,1.3126236200332642,0.0
L05_REPLACE,3,27,1.0,0.0,-0.026616762250660925,0.0,0.0,0.0,0.5308035209790728,1.7451518104568162,0.7811322513828493,0.018326078362285614,18.326078362285614,400.7585067354214,0.27859400771042453,1.2304764053547048,0.4015125830192119,0.04531848611077294,0.27822393795941025,0.031543825927656144,3.0,0.0,4.115641630947602,0.27822393795941025,1.2735912799835205,0.0
L05_NO_REPLACE,3,27,0.0,0.0,0.10486844136489812,0.0,0.0,0.0,0.7167981201487366,1.9388859870867527,0.7604762645490543,0.017686027537699545,17.686027537699545,2375.209603837636,0.1678747657917918,1.2729752477600833,0.40248367900494486,0.04547242901753634,0.2787006889702752,0.03158895601518452,3.0,0.0,4.115641630947602,0.2787006889702752,0.6898283362388611,0.0
PLAIN_FM,3,28,0.0,0.0,0.11561523592016693,0.0,0.17140026550292964,0.40187954902648926,0.9133382257322549,2.2186508572865122,0.8516420020080709,0.04154952693388836,41.54952693388836,10704.854721647194,0.10024609777110777,1.3830327349786142,0.0694502760306932,0.04387478897115216,0.0,0.0,0.0,0.0,0.0,0.0,0.0,0.0
L1_REPLACE,3,28,1.0,0.0,-0.0022373921680996847,0.0,0.0,0.0,0.531687040295018,1.7372008039559905,0.8101018484762238,0.027139758576374184,27.139758576374188,743.1285195509396,0.2671618666921692,1.3137283942246067,0.6761700580245815,0.044691697985399514,0.5533903860487044,0.05967885197605938,3.0,0.0,4.211436909035448,0.5533903860487044,1.2879704236984253,0.0
L1_NO_REPLACE,3,28,1.0,0.0,-0.01775548501639236,0.0,0.0,0.0,0.5332149687413094,1.5462449041069417,0.7023324762144613,0.010484949032363744,10.484949032363744,238.54003230958654,0.3532472250550689,1.3253770754237653,0.5872511320048943,0.045718824898358434,0.46319836599286646,0.05180427507730201,3.0,0.0,4.050496849756324,0.46319836599286646,1.454485297203064,0.0
L05_REPLACE,3,28,1.0,0.0,-0.03267571189257111,0.0,0.0,0.0,0.5115713806877545,1.7465803175650108,0.8154949639608525,0.019856522236698204,19.856522236698204,450.1541641667827,0.2807278518615127,1.2293055468112362,0.5899049600120634,0.04573829792207107,0.46544540498871356,0.05202735908096656,3.0,0.0,4.14772442084208,0.46544540498871356,1.2384834289550781,0.0
L05_NO_REPLACE,3,28,0.0,0.0,0.0999970136730988,0.0,0.05168195228576655,0.0,0.7181397710705634,1.8968081957884362,0.7600046904811686,0.019437945126564493,19.437945126564497,2989.1964191810057,0.18068713842935258,1.2664600971976365,0.5884186819894239,0.04618211806518957,0.4638440620037727,0.0517727350234054,3.0,0.0,4.14772442084208,0.4638440620037727,0.6663329005241394,0.0
PLAIN_FM,3,29,0.0,0.0,0.10535271244347075,0.0,0.13962979774475093,0.9386134147644043,0.8911663251548215,2.301073321352543,0.9084836482507911,0.04585958702409676,45.859587024096754,11059.255157733118,0.08541285287654646,1.4067948082485617,0.06930493301479146,0.04377934511285275,0.0,0.0,0.0,0.0,0.0,0.0,0.0,0.0
L1_REPLACE,3,29,1.0,0.0,-0.017156108261625162,0.0,0.0,0.0,0.5483489110211921,1.6678488016199073,0.7300222653914176,0.014746376788814075,14.746376788814075,351.24468092577746,0.3043061843905646,1.3130294863859413,0.6774784000008367,0.0446591570507735,0.5546138669596985,0.05984713602811098,3.0,0.0,5.380784863157063,0.5546138669596985,1.3247870206832886,0.0
L1_NO_REPLACE,3,29,1.0,0.0,-0.010664423511620419,0.0,0.0,0.0,0.5480044935957872,1.6064152756561423,0.7041841035151376,0.013561182395400273,13.561182395400273,319.5048566208669,0.3113369800527805,1.3480222567236366,0.7705788160092197,0.045433926046825945,0.6473017309908755,0.07032604800770059,3.0,0.0,6.711356992429896,0.6473017309908755,1.4010603427886963,0.0
L05_REPLACE,3,29,1.0,0.0,-0.019565435457447433,0.0,0.0,0.0,0.5481163863172552,1.6981719087809934,0.7627366923310971,0.014879236348264158,14.879236348264158,344.99274858141854,0.2930128874138076,1.311613087669115,0.6782564110471867,0.04548107011942193,0.5549601460224949,0.06004591000964865,3.0,0.0,6.1017414497936215,0.5549601460224949,1.268631100654602,0.0
L05_NO_REPLACE,3,29,0.0,0.0,0.0998822087178653,0.0,0.0,0.0,0.7263590145098453,1.9196391524120089,0.7575890978214059,0.017908468750240658,17.908468750240658,2692.2181641489296,0.17909185086704876,1.3264230112733866,0.6784104849793948,0.04534348507877439,0.5545550250099041,0.060029199987184256,3.0,0.0,6.1017414497936215,0.5545550250099041,0.6921009421348572,0.0
PLAIN_FM,3,30,0.0,0.0,0.10100871036590886,0.0,0.2241676614761352,0.0,0.9007621000340574,2.266487085278264,0.8686925464577582,0.03201015832909393,32.01015832909393,7245.598069926527,0.07127931362913129,1.4167100338797485,0.07514019502559677,0.04962724697543308,0.0,0.0,0.0,0.0,0.0,0.0,0.0,0.0
L1_REPLACE,3,30,1.0,0.0,-0.024986050554746828,0.0,0.0013513978958128448,0.0,0.5303861799145166,1.873811804016719,0.8445480070586648,0.026772127254552913,26.772127254552913,659.0814637625897,0.25582000652328923,1.250935031288426,0.4948386930045672,0.04456088395090774,0.37204027106054127,0.041706199990585446,3.0,0.0,3.82853632275776,0.37204027106054127,1.2101858854293823,0.0
L1_NO_REPLACE,3,30,1.0,0.0,-0.025045422636545536,0.0,0.0033231195449827666,0.0,0.529215578589611,1.8819150405336367,0.8466007855537045,0.027564666415988093,27.564666415988093,691.7366920958124,0.2547066390641836,1.2527718400490082,0.49515193997649476,0.04550583107629791,0.37145976501051337,0.041644769080448896,3.0,0.0,3.9112511018174096,0.37145976501051337,1.2119630575180054,0.0
L05_REPLACE,3,30,1.0,0.0,-0.031219494220677588,0.0,0.0011386093139647002,0.0,0.527460852428379,1.8926781222066462,0.8612778571335682,0.026817003680484897,26.8170036804849,654.8121940193719,0.2530284939603388,1.2488162317887537,0.4954211680451408,0.04539781506173313,0.37168865103740245,0.04161765909520909,3.0,0.0,3.979507596278777,0.37168865103740245,1.1857627630233765,0.0
L05_NO_REPLACE,3,30,0.0,0.0,0.10205598873665053,0.0,0.028161959457397412,0.0,0.7162643460701669,2.0015396781932893,0.8037591111338265,0.018876002073398013,18.876002073398013,1968.3978999899487,0.15469227015887654,1.289109097124143,0.4954718389781192,0.04553469200618565,0.3718613059609197,0.04174777102889493,3.0,0.0,3.979507596278777,0.3718613059609197,0.6358151435852051,0.0
PLAIN_FM,3,31,0.0,0.0,0.10046099962223642,0.0,0.14627094726562495,1.1811208724975586,0.9264428189810407,2.3373369130622166,0.9220072465888741,0.041870357100546096,41.8703571005461,9579.916663900123,0.09378858848186533,1.4228447732016714,0.06926654203562066,0.04370259289862588,0.0,0.0,0.0,0.0,0.0,0.0,0.0,0.0
L1_REPLACE,3,31,1.0,0.0,-0.028746234605084228,0.0,0.0030942377090452666,0.0,0.5329558350188236,1.9261716153654551,0.855321087651798,0.028799076816207192,28.79907681620719,750.8198710908908,0.25205125656502847,1.2219777523053081,0.5827084299526177,0.04471826000371948,0.4597347639501095,0.047800329979509115,3.0,0.0,4.631166545650931,0.4597347639501095,1.2768020629882812,0.0
L1_NO_REPLACE,3,31,1.0,0.0,-0.03130571663795942,0.0,0.0035382923126219268,0.0,0.5276219849827541,1.8976805353638158,0.8564175831465441,0.02708033409534427,27.080334095344273,666.6200582539304,0.2546529305506299,1.224263852768343,0.5839554819976911,0.0460273019853048,0.45958738995250314,0.04799310700036585,3.0,0.0,4.480563091591133,0.45958738995250314,1.2899645566940308,0.0
L05_REPLACE,3,31,1.0,0.0,-0.03420929228885926,0.0,0.002215665245056009,0.0,0.5322283255119405,1.9611180392083918,0.8719348428193615,0.028973645729650777,28.973645729650777,744.5739977453236,0.2501261078014991,1.206734922611859,0.5822779089794494,0.04545067896833643,0.4587181980605237,0.047247075010091066,3.0,0.0,4.327263229988038,0.4587181980605237,1.2318214178085327,0.0
L05_NO_REPLACE,3,31,0.0,0.0,0.10155689917826413,0.0,0.05706186752319331,0.0,0.7339454311147388,2.06645918537408,0.8297524958668845,0.022484759932119402,22.484759932119402,2611.804743270962,0.14966088167467959,1.2743780364233532,0.5830816689995117,0.04563021194189787,0.45906891499180347,0.04723501607077196,3.0,0.0,4.327263229988038,0.45906891499180347,0.6564722061157227,0.0
PLAIN_FM,4,0,1.0,0.0,-0.005844888557082026,0.0,0.23970172967910752,0.0,0.24972484841178322,3.4457609961769826,1.6377409784793,0.02853179191625839,28.531791916258392,4916.5879851465215,0.0894916101308036,0.48674407393253377,0.06949224800337106,0.04381751595064998,0.0,0.0,0.0,0.0,0.0,0.0,0.0,0.0
L1_REPLACE,4,0,0.0,0.0,0.044731363143366926,0.0,0.0,0.0,0.20240721153197674,2.899865987099724,1.5891584161049828,0.0334566318255384,33.4566318255384,598.5140840054082,0.3777289194783934,1.0810941355073527,0.40356480400078,0.044929444906301796,0.2800308639998548,0.03144803107716143,3.0,0.0,5.153266773599582,0.2800308639998548,1.8428876399993896,0.0
L1_NO_REPLACE,4,0,0.0,0.0,0.045120999326509786,0.0,0.0,0.0,0.2050006952293696,2.8891551652855085,1.5823487498065498,0.032973659873525796,32.9736598735258,590.6252961563717,0.3823654132238643,1.095255806997586,0.4030795709695667,0.045450027915649116,0.2795767020434141,0.0314544839784503,3.0,0.0,5.198603887808016,0.2795767020434141,1.8671836853027344,0.0
L05_REPLACE,4,0,0.0,0.0,0.0492600948516034,0.0,0.0,0.0,0.20681676973343574,2.95569192413015,1.6324661325962306,0.037837040835072375,37.83704083507237,653.3372205030045,0.35869427894916894,1.0361867683644925,0.4034274209989235,0.04554287198698148,0.2796455040224828,0.031460881989914924,3.0,0.0,5.409083646885458,0.2796455040224828,1.7573975324630737,0.0
L05_NO_REPLACE,4,0,0.0,0.0,0.02212357019386886,0.0,0.10316060152053819,0.0,0.23085535759917492,3.123207974050386,1.6213736176901885,0.025169485513451925,25.169485513451928,1403.47841387454,0.211027865719949,0.745123766047828,0.40272744197864085,0.04526762408204377,0.2792497729533352,0.031405670975800604,3.0,0.0,5.409083646885341,0.2792497729533352,1.0171290636062622,0.0
PLAIN_FM,4,1,1.0,0.0,-0.018424877420045213,0.0,0.21849260892868028,1.074535846710205,0.2787190937092429,3.4424825932277936,1.6197147154154938,0.03939154114677798,39.39154114677798,8629.80761697012,0.09388675550325468,0.533956463720449,0.06912382697919384,0.04368526302278042,0.0,0.0,0.0,0.0,0.0,0.0,0.0,0.0
L1_REPLACE,4,1,0.0,0.0,0.04110676671792815,0.0,0.0,0.0,0.18779542759649384,2.883051130994907,1.6156519348628446,0.03585028076897029,35.850280768970286,604.5653459712793,0.3873173086122226,1.1295368391726839,0.4942084039794281,0.04457359592197463,0.3711640960536897,0.04036208608886227,3.0,0.0,5.104609686656495,0.3711640960536897,1.7732080221176147,0.0
L1_NO_REPLACE,4,1,0.0,0.0,0.04587140562067947,0.0,0.0,0.0,0.19436495303667434,2.874380464831054,1.6010838979935558,0.03392645057710175,33.926450577101754,566.9747170527039,0.3909498228215599,1.1214517578323884,0.4949515829794109,0.04560643300646916,0.37105404306203127,0.04032020608428866,3.0,0.0,5.007937402356488,0.37105404306203127,1.7829616069793701,0.0
L05_REPLACE,4,1,0.0,0.0,0.0408158158834718,0.0,0.0,0.0,0.19908456232711197,2.9463074394154067,1.6288478102922055,0.03622351986721917,36.223519867219174,615.6511650979884,0.3691635770406534,1.062909451412169,0.4956272409763187,0.045590573048684746,0.3715547859319486,0.04065941408043727,3.0,0.0,5.012575363269463,0.3715547859319486,1.6816579103469849,0.0
L05_NO_REPLACE,4,1,0.0,0.0,0.012487142351874383,0.0,0.09335504140853867,0.0,0.24432559853226077,3.117118571633263,1.6074975352836296,0.027075914059202344,27.075914059202344,2409.6506387017607,0.22791781991152466,0.7926423402181668,0.5000015649711713,0.04610238503664732,0.37495252600638196,0.04085649998160079,3.0,0.0,5.0125753625048475,0.37495252600638196,0.9743729829788208,0.0
PLAIN_FM,4,2,1.0,0.0,-0.0052603122103150185,0.0,0.15950829949378953,0.3120732307434082,0.2228166864862344,3.4569295577883743,1.6167055093867881,0.029769529173934717,29.769529173934718,3656.3022060597013,0.09099553978871347,0.4491363701424563,0.07014411402633414,0.044220146955922246,0.0,0.0,0.0,0.0,0.0,0.0,0.0,0.0
L1_REPLACE,4,2,0.0,0.0,0.03621301415582448,0.0,0.0,0.0,0.18894018112399838,2.924104389335035,1.6145740607147647,0.037226846469128966,37.22684646912897,670.3728380073258,0.3765344404709382,1.0764735145036957,0.40296898799715564,0.04498263506684452,0.27966297400416806,0.03162149706622586,3.0,0.0,5.260370296616742,0.27966297400416806,1.8856006860733032,0.0
L1_NO_REPLACE,4,2,0.0,0.0,0.028026806483682415,0.0,0.0,0.0,0.19843950420658418,2.9160273255298113,1.5848433497206809,0.03533528750874171,35.33528750874171,649.0356551971665,0.37927875157547875,1.0627462850378462,0.40522334701381624,0.04561494296649471,0.28117763198679313,0.032003688043914735,3.0,0.0,5.204683662151164,0.28117763198679313,1.8919448852539062,0.0
L05_REPLACE,4,2,0.0,0.0,0.03416763571008266,0.0,0.002009731197357034,0.0,0.22244922779460072,2.933720255829864,1.579000524605395,0.033816525102408804,33.816525102408804,591.5380628727443,0.3793717351099629,1.030064481083656,0.40358250396093354,0.045577863056678325,0.27982037706533447,0.03159270592732355,3.0,0.0,5.558108166523007,0.27982037706533447,1.8675254583358765,0.0
L05_NO_REPLACE,4,2,0.0,0.0,0.028381814476626938,0.0,0.05183623399734483,0.0,0.22589979608254174,3.1223944754180324,1.580923601498606,0.024568355651752805,24.568355651752803,989.5736518780507,0.2173895068250137,0.7368753990677154,0.4026540089980699,0.045633052999619395,0.27905305702006444,0.031593186024110764,3.0,0.0,5.55810816652294,0.27905305702006444,1.0873452425003052,0.0
PLAIN_FM,4,3,1.0,0.0,-0.0028637871023844824,0.0,0.1975323375701903,0.5185914039611816,0.24739857238283544,3.496557900060944,1.607074175484205,0.0343680638713004,34.36806387130039,6936.664238854556,0.07287046922975032,0.509936273497224,0.06924307002918795,0.04360917798476294,0.0,0.0,0.0,0.0,0.0,0.0,0.0,0.0
L1_REPLACE,4,3,0.0,0.0,0.03446156650448662,0.0,0.0,0.0,0.1844971628226642,2.9510256091596587,1.6574650801991844,0.039501151170019275,39.501151170019284,697.8814354581823,0.3661965811641149,1.0777864306644749,0.495436395984143,0.04465944803087041,0.37252966105006635,0.03972125006839633,3.0,0.0,4.974188263753111,0.37252966105006635,1.8004162311553955,0.0
L1_NO_REPLACE,4,3,0.0,0.0,0.03508474091986122,0.0,0.0,0.0,0.18634072975960958,2.9485271658795242,1.654789956512405,0.039146019292638584,39.146019292638584,687.5310012832202,0.36720129102899046,1.077551021004344,0.49305025301873684,0.0453622960485518,0.3696131350006908,0.039385710028000176,3.0,0.0,4.977600926721644,0.3696131350006908,1.803360104560852,0.0
L05_REPLACE,4,3,0.0,0.0,0.04820450979268168,0.0,0.0016857799530027862,0.0,0.21451990810275218,2.9281631048624153,1.5922597260790405,0.034625594567257875,34.62559456725788,601.7916888469767,0.3635450341169464,1.0396756987283304,0.4976395620033145,0.04564103303709999,0.37325809901813045,0.04000911599723622,3.0,0.0,5.207208619147583,0.37325809901813045,1.759826898574829,0.0
L05_NO_REPLACE,4,3,0.0,0.0,0.0283820097391166,0.0,0.07671968307495103,0.0,0.23213075171270836,3.1438371971634878,1.5891366365415307,0.024716914332291506,24.71691433229151,1652.8212976068216,0.21067613360556503,0.7511555857050731,0.4993038359680213,0.04626310896128416,0.37365841009886935,0.039930585015099496,3.0,0.0,5.207208619147304,0.37365841009886935,1.002689242362976,0.0
PLAIN_FM,4,4,1.0,0.0,-0.02050593685982132,0.0,0.14109895792007432,0.6216716766357422,0.2713204905122053,3.4120036525414212,1.6148177801150436,0.03620950757918269,36.209507579182684,6175.889299285321,0.09639480542633222,0.505238761178439,0.07037628098623827,0.044361508975271136,0.0,0.0,0.0,0.0,0.0,0.0,0.0,0.0
L1_REPLACE,4,4,0.0,0.0,0.02796819094205255,0.0,0.00016645755767807913,0.0,0.1564010259513571,2.9292159674632594,1.678460656251847,0.04425563422420213,44.255634224202126,951.7554957950496,0.37409400595099795,1.1155333512731487,0.5924695609719492,0.045414087013341486,0.4674603419844061,0.04890367807820439,3.0,0.0,4.8994484646638075,0.4674603419844061,1.6864986419677734,0.0
L1_NO_REPLACE,4,4,0.0,0.0,0.047114707023787256,0.0,0.0,0.0,0.2015208287366987,2.8815567066625603,1.5803238358447558,0.034704759211244746,34.70475921124475,583.3030160749923,0.3863743076942631,1.1036280321817575,0.5934704780229367,0.04607917310204357,0.4679250749759376,0.05037087696837261,3.0,0.0,5.131898188407339,0.4679250749759376,1.7110345363616943,0.0
L05_REPLACE,4,4,0.0,0.0,0.0445468726391087,0.0,0.0,0.0,0.20225132377103258,2.9008982905835485,1.6012189366454297,0.03616000574146307,36.16000574146307,611.0998363081613,0.3750953926252994,1.0804858865573237,0.5036460889969021,0.04620882897870615,0.37777999899117276,0.042407048924360424,3.0,0.0,6.032464560075288,0.37777999899117276,1.6549478769302368,0.0
L05_NO_REPLACE,4,4,0.0,0.0,0.023269372807773706,0.0,0.0440003093719481,0.0,0.2617098057803695,3.040616297865108,1.5500949919458997,0.022854302985812272,22.85430298581227,1435.6876261517618,0.26081874682485906,0.8185153837285811,0.5018789730384015,0.04611907509388402,0.376254727889318,0.0421904640388675,3.0,0.0,5.567359156208598,0.376254727889318,1.0443276166915894,0.0
PLAIN_FM,4,5,1.0,0.0,-0.006958070097130051,0.0,0.20631836023330674,0.20595908164978027,0.2329517085289863,3.509277021784588,1.6023004641666192,0.04265026997109783,42.65026997109783,8828.829801676777,0.09355103541403899,0.49784540008673256,0.0702620770316571,0.0442207150044851,0.0,0.0,0.0,0.0,0.0,0.0,0.0,0.0
L1_REPLACE,4,5,0.0,0.0,0.047174155617645624,0.0,0.0,0.0,0.22323110660291198,2.878352342069607,1.533461023826022,0.029629487702070013,29.62948770207001,545.0295319459877,0.3876374913681786,1.0861410863106649,0.5907375559909269,0.045454529055859894,0.46574845898430794,0.047927303006872535,3.0,0.0,5.307130363103196,0.46574845898430794,1.986077904701233,0.0
L1_NO_REPLACE,4,5,0.0,0.0,0.0459565324264847,0.0,0.0,0.0,0.22636254637910455,2.881764595670109,1.5266728423352165,0.030024702625499222,30.02470262549922,549.4287529388574,0.388735203241838,1.0881195688481846,0.5916969499667175,0.0460227929870598,0.4661158879753202,0.04724231502041221,3.0,0.0,5.30702911800248,0.4661158879753202,1.9883960485458374,0.0
L05_REPLACE,4,5,0.0,0.0,0.04768902020473173,0.0,0.0,0.0,0.21429367380495,2.942170223296906,1.5825719160172511,0.033466147080457295,33.46614708045729,589.7423029763844,0.3657427347095852,1.0248943895202567,0.5899341650074348,0.04589038109406829,0.46483899501618,0.04784594103693962,3.0,0.0,5.52527764205747,0.46483899501618,1.8854286670684814,0.0
L05_NO_REPLACE,4,5,0.0,0.0,0.02449837590384947,0.0,0.07899360027313218,0.0,0.22871538722683038,3.1486375639330864,1.5779226651872282,0.026503833663997528,26.50383366399753,2076.9237003578855,0.19977167787694586,0.7465488945502488,0.5908760890015401,0.04623615794116631,0.4655418539769016,0.047698897018563,3.0,0.0,5.525277642053053,0.4655418539769016,1.0846924781799316,0.0
PLAIN_FM,4,6,1.0,0.0,-0.0012662675417094843,0.0,0.16229407157897935,2.290470600128174,0.21711988102292024,3.5033985456359376,1.6434782903575036,0.0362070517719278,36.2070517719278,7286.543891116176,0.08044570865358583,0.4744546672852493,0.06948568701045588,0.043805973895359784,0.0,0.0,0.0,0.0,0.0,0.0,0.0,0.0
L1_REPLACE,4,6,0.0,0.0,0.040368821143133254,0.0,0.00022159185409531545,0.0,0.18512312710503603,2.9207948744668655,1.6218101132881662,0.036749681327897535,36.74968132789754,625.1036740202665,0.3778589830841222,1.0886238932546421,0.4952717390260659,0.044789550942368805,0.37151131400605664,0.03962329606292769,3.0,0.0,5.039222136630276,0.37151131400605664,1.8612322807312012,0.0
L1_NO_REPLACE,4,6,0.0,0.0,0.04504427290946793,0.0,4.63094711289358e-06,0.0,0.18660669856565393,2.9284681957511056,1.6275316025580528,0.03738730692858566,37.38730692858566,637.0391561509036,0.37758509769084536,1.086847583552124,0.4947015249636024,0.045641882985364646,0.3704299249802716,0.039839070988819,3.0,0.0,5.0593434888644335,0.3704299249802716,1.858709692955017,0.0
L05_REPLACE,4,6,0.0,0.0,0.03137752724389378,0.0,0.004806608438491455,0.0,0.18534871383727433,2.988310299439914,1.6705653910202085,0.04064219584351318,40.64219584351318,765.2776281936016,0.35689943988199846,1.037925655830349,0.4937350390246138,0.04536316794110462,0.3701343759894371,0.03990483388770372,3.0,0.0,5.440192415079187,0.3701343759894371,1.770065426826477,0.0
L05_NO_REPLACE,4,6,0.0,0.0,0.014351457011486282,0.0,0.062381785774230814,0.5112242698669434,0.20463807480222823,3.162330282985125,1.6406608776489646,0.028919111998866986,28.91911199886699,2212.9971821085614,0.21024945944733933,0.7422045414002748,0.49417059996630996,0.04553001100430265,0.3703705730731599,0.03991504304576665,3.0,0.0,5.440192415075967,0.3703705730731599,1.03397536277771,0.0
PLAIN_FM,4,7,1.0,0.0,-0.013359383723830956,0.0,0.1756536331415175,0.5966496467590332,0.2536525358919743,3.5127044904321023,1.6029505468902652,0.035902318009454384,35.90231800945438,6418.824896274075,0.07288603945834396,0.4827561552140545,0.06932778202462941,0.0437057189992629,0.0,0.0,0.0,0.0,0.0,0.0,0.0,0.0
L1_REPLACE,4,7,0.0,0.0,0.044264444523596874,0.0,0.0,0.0,0.20228911452083936,2.8977301177943464,1.5938050549233256,0.03434626162163831,34.34626162163831,610.9926169019994,0.38379987757008327,1.0973293294278594,0.4994137060130015,0.04498070600675419,0.3756469499785453,0.042211733059957623,3.0,0.0,5.308221144080454,0.3756469499785453,1.8547353744506836,0.0
L1_NO_REPLACE,4,7,0.0,0.0,0.03770888832694558,0.0,0.0,0.0,0.19004539440263818,2.9402590241884057,1.639034480114898,0.03805085370623368,38.050853706233674,662.6437487456393,0.37383510329930464,1.076588527363133,0.4964944600360468,0.04552275803871453,0.3726976640173234,0.04165211890358478,3.0,0.0,4.90907349534767,0.3726976640173234,1.8123838901519775,0.0
L05_REPLACE,4,7,0.0,0.0,0.04699873210774731,0.0,0.0,0.0,0.21133534276399868,2.961244552879716,1.6130535695642378,0.03587108818819966,35.87108818819966,600.2453630335192,0.3623608070494362,1.023470492573116,0.5872529430198483,0.045545550994575024,0.4633098340127617,0.049686350917909294,3.0,0.0,4.981600527671508,0.4633098340127617,1.7377891540527344,0.0
L05_NO_REPLACE,4,7,0.0,0.0,0.018367427513425197,0.0,0.0393546115994452,0.0,0.23559137275221945,3.161601795535595,1.5973312068985952,0.027112438976370987,27.11243897637099,1753.5429139682121,0.2118271185354017,0.7301889735963871,0.5869355850154534,0.04552766086999327,0.46274901897413656,0.04968025808921084,3.0,0.0,4.981600527667407,0.46274901897413656,0.9928627610206604,0.0
PLAIN_FM,4,8,1.0,0.0,-0.01977000371346542,0.0,0.18201575841903672,0.7207465171813965,0.22479977693170117,3.5533133105436923,1.670879079572982,0.0390319700378613,39.0319700378613,7586.8748075207395,0.15210035222265905,0.4083809684674512,0.06945840601110831,0.04372648400021717,0.0,0.0,0.0,0.0,0.0,0.0,0.0,0.0
L1_REPLACE,4,8,0.0,0.0,0.044781231578192,0.0,0.0,0.0,0.21104613098890176,2.9283750310622056,1.5932872638376168,0.0345771915684366,34.5771915684366,597.513871731331,0.37964387142415884,1.0481810907072011,0.4974008940043859,0.04480584186967462,0.37390991498250514,0.041976087959483266,3.0,0.0,5.580623337726808,0.37390991498250514,2.143740653991699,0.0
L1_NO_REPLACE,4,8,0.0,0.0,0.0421040680614552,0.0,0.0,0.0,0.21636943399381173,2.9196216314762182,1.5812797262862879,0.03400438017233287,34.00438017233287,589.5352769318796,0.37501021207011176,1.0482151537363162,0.4966615840094164,0.04562410298967734,0.3727520439424552,0.04190197493880987,3.0,0.0,5.709738136785171,0.3727520439424552,2.1236002445220947,0.0
L05_REPLACE,4,8,0.0,0.0,0.023841032853699193,0.0,0.007368565082549683,0.0,0.20209715731082645,3.0441038792529613,1.7026680969233183,0.042373700048772944,42.373700048772946,821.9669954458386,0.35186048579391227,0.9855581294838038,0.49898882396519184,0.04555582097964361,0.375147117942106,0.04249195195734501,3.0,0.0,5.864537913843838,0.375147117942106,1.9999394416809082,0.0
L05_NO_REPLACE,4,8,1.0,0.0,-0.0013269414112871275,0.0,0.08057848777770982,0.0,0.21777079746279715,3.202703348018289,1.6675108384575645,0.028419273621533375,28.419273621533378,1957.7300196978897,0.18546390346472552,0.6727905994565012,0.49868142599007115,0.04682484606746584,0.3736522569670342,0.04367013194132596,3.0,0.0,5.8645379138582,0.3736522569670342,1.161683201789856,0.0
PLAIN_FM,4,9,0.0,0.0,0.011978233675302444,0.0,0.1776295271158217,0.14985918998718262,0.19049627058993823,3.5567153758534653,1.6199362086160325,0.028181763094097048,28.18176309409705,3859.0828974189217,0.12553459829816685,0.42056415757113064,0.06943386496277526,0.04400272906059399,0.0,0.0,0.0,0.0,0.0,0.0,0.0,0.0
L1_REPLACE,4,9,0.0,0.0,0.034622924503318525,0.0,0.004107516670226907,0.0,0.22904239597263018,2.935937591948158,1.5244042745505195,0.031247268293324876,31.24726829332488,547.069281249047,0.39341449392477834,1.0427348457978833,0.4075144029920921,0.0469490981195122,0.2816488629905507,0.03225220198510215,3.0,0.0,5.64180319537322,0.2816488629905507,2.1036605834960938,0.0
L1_NO_REPLACE,4,9,0.0,0.0,0.028469693846796845,0.0,0.003595214748382425,0.0,0.22814538150628164,2.950162116907756,1.5301414328067495,0.03349180368611,33.49180368611,588.5379262085058,0.38729929447852185,1.0247716647612233,0.40428072900976986,0.0459547609789297,0.2800408300245181,0.0320478769717738,3.0,0.0,5.617142627399432,0.2800408300245181,2.0667614936828613,0.0
L05_REPLACE,4,9,0.0,0.0,0.04465277899666299,0.0,0.0016872738599773562,0.0,0.2012542925836742,2.993885823156323,1.6226703286918973,0.038031524272419195,38.0315242724192,643.4613633299641,0.36138974287026865,0.9997504135350522,0.40317977004451677,0.04572467698017135,0.27956934907706454,0.03195530496304855,3.0,0.0,5.923154055190126,0.27956934907706454,1.964436411857605,0.0
L05_NO_REPLACE,4,9,0.0,0.0,0.028852701511574555,0.0,0.06941572990417466,0.0,0.19963159424434337,3.1923778855304317,1.6058078920878927,0.02555081240342391,25.550812403423915,952.6371500933437,0.1971502981656681,0.6881530536193945,0.403287552006077,0.04562903108308092,0.27960975997848436,0.03182362095685676,3.0,0.0,5.9231540551900475,0.27960975997848436,1.140704870223999,0.0
PLAIN_FM,4,10,1.0,0.0,-0.0007048311141902158,0.0,0.16871736612319932,1.67649507522583,0.20886485401913424,3.540582306571953,1.631516928548048,0.02982996555273254,29.829965552732542,4228.140639621164,0.12226419361553452,0.48896273939253143,0.06927362101851031,0.04378716496285051,0.0,0.0,0.0,0.0,0.0,0.0,0.0,0.0
L1_REPLACE,4,10,0.0,0.0,0.04528983304134594,0.0,0.0,0.0,0.19039816017832825,2.9317226725364356,1.6271114989095243,0.037082182927877905,37.0821829278779,623.1220279764416,0.3771857168646346,1.0907139210904935,0.4035505690262653,0.04476196103496477,0.2806558670126833,0.031995647004805505,3.0,0.0,6.086958348933686,0.2806558670126833,2.057765245437622,0.0
L1_NO_REPLACE,4,10,0.0,0.0,0.0494543301597106,0.0,0.0,0.0,0.20252348291212924,2.8929122206776046,1.591544657402652,0.03312845682342258,33.12845682342258,566.1608936072467,0.3887186827137302,1.099920739992188,0.40339920500991866,0.04570105409948155,0.27959623804781586,0.031672718992922455,3.0,0.0,6.339740217136612,0.27959623804781586,2.1137328147888184,0.0
L05_REPLACE,4,10,0.0,0.0,0.04406118730201988,0.0,0.0,0.0,0.2091922419208045,2.963470860013593,1.6251453535452496,0.035761999598528105,35.76199959852811,602.1163723414644,0.36728891612566594,1.026578165899353,0.40326447202824056,0.04550773202208802,0.2795498870545998,0.03175013902364299,3.0,0.0,6.724438194718147,0.2795498870545998,1.995227575302124,0.0
L05_NO_REPLACE,4,10,0.0,0.0,0.023117606083072076,0.0,0.05892829265594468,0.0,0.21901951273534187,3.160223919379758,1.6093182443752125,0.024836247360341096,24.8362473603411,1262.3365417230802,0.20156306897271453,0.7453161554609524,0.40354402898810804,0.04563495295587927,0.2797968939412385,0.03180299198720604,3.0,0.0,6.724438194719102,0.2797968939412385,1.2041398286819458,0.0
PLAIN_FM,4,11,1.0,0.0,-0.008502405898571805,0.0,0.2853648480415343,0.0,0.21488124665418784,3.487864136245995,1.6324932555318126,0.036372121093139476,36.37212109313948,7956.715440154766,0.09990920187725814,0.5111815729049254,0.06935325299855322,0.04377463413402438,0.0,0.0,0.0,0.0,0.0,0.0,0.0,0.0
L1_REPLACE,4,11,0.0,0.0,0.03103612891308318,0.0,0.0,0.0,0.20707268942907076,2.8973038920803647,1.5837985771722722,0.033700270273525776,33.700270273525774,587.7357295543146,0.38878983611165957,1.0942155871781736,0.49321466201217845,0.04463612596737221,0.3704169019474648,0.039815000956878066,3.0,0.0,5.202221301284858,0.3704169019474648,1.9363107681274414,0.0
L1_NO_REPLACE,4,11,0.0,0.0,0.0353854263272497,0.0,0.0004159029960630889,0.0,0.17770939362343005,2.9162270529159735,1.6213077814550083,0.03671457956785501,36.71457956785501,642.0893628004632,0.3828896395061709,1.0982065988433718,0.4935558309662156,0.04559025197522715,0.36991006997413933,0.03983069205423817,3.0,0.0,5.1414225627191765,0.36991006997413933,1.9280810356140137,0.0
L05_REPLACE,4,11,0.0,0.0,0.042376357391163216,0.0,0.0,0.0,0.18758952371427265,2.9537114758044676,1.6374378932338194,0.03690459866352576,36.90459866352576,648.048463846554,0.3678810531933818,1.0470105218630577,0.4932606340153143,0.045533579075708985,0.369747955002822,0.03987182193668559,3.0,0.0,5.400177594896114,0.369747955002822,1.8594034910202026,0.0
L05_NO_REPLACE,4,11,0.0,0.0,0.018849296003699847,0.0,0.12279943790435777,0.0,0.20723645638224933,3.144195415946926,1.6210867855920892,0.02718918194207004,27.189181942070043,2084.254826898185,0.20644330029348018,0.766816599846426,0.4937637069961056,0.045607191044837236,0.3702113880426623,0.03987348196096718,3.0,0.0,5.400177595010351,0.3702113880426623,1.0711089372634888,0.0
PLAIN_FM,4,12,1.0,0.0,-0.005423443005116921,0.0,0.14922120835781083,1.4456820487976074,0.19342052782014943,3.5238948445478644,1.6692448242880862,0.03617456997621872,36.17456997621871,6974.137483501203,0.10417550116128768,0.45084330254331456,0.06923007901059464,0.043717492022551596,0.0,0.0,0.0,0.0,0.0,0.0,0.0,0.0
L1_REPLACE,4,12,0.0,0.0,0.035587141793855,0.0,0.0012059625625608916,0.0,0.20950244684296265,2.9119997578761065,1.5863094774665247,0.034427271468204595,34.4272714682046,583.9555286535062,0.3855113423309729,1.0722121465852192,0.402331896009855,0.0444759841193445,0.27974912198260427,0.03170347900595516,3.0,0.0,5.3370459365551985,0.27974912198260427,1.9694318771362305,0.0
L1_NO_REPLACE,4,12,0.0,0.0,0.043555726252043764,0.0,0.0,0.0,0.1841480905507702,2.9438720980100834,1.6390872203630689,0.038243127323377674,38.24312732337767,648.829631121077,0.3784291570213074,1.0739311894710928,0.40282838902203366,0.045551610994152725,0.2791258350480348,0.03166202799184248,3.0,0.0,5.229898027934725,0.2791258350480348,1.9478484392166138,0.0
L05_REPLACE,4,12,0.0,0.0,0.03521356144876844,0.0,0.0,0.0,0.2350449923226865,2.9422130787708465,1.558673790866358,0.03288517496328407,32.88517496328407,567.8987985317428,0.37759884316495457,1.0300523684098324,0.4033602430135943,0.04536252509569749,0.2797745830612257,0.03194293403066695,3.0,0.0,5.540484632924407,0.2797745830612257,1.9138233661651611,0.0
L05_NO_REPLACE,4,12,0.0,0.0,0.031566841824718986,0.0,0.04405574169158921,0.011594295501708984,0.2183499356214746,3.1623766311680397,1.5984093532608308,0.02464952103178346,24.649521031783458,1696.0055574869975,0.21136873231065795,0.7359502876597156,0.4032476499560289,0.04543949704384431,0.27978832297958434,0.031718337966594845,3.0,0.0,5.540484632924412,0.27978832297958434,1.1081633567810059,0.0
PLAIN_FM,4,13,1.0,0.0,-0.009534288963808299,0.0,0.25655002560615525,1.9409668445587158,0.22603457933552862,3.4861034623674576,1.624299959826255,0.03693635720108451,36.93635720108451,7474.086284551267,0.09139779657828759,0.4653985533017774,0.07014427403919399,0.044257749046664685,0.0,0.0,0.0,0.0,0.0,0.0,0.0,0.0
L1_REPLACE,4,13,0.0,0.0,0.025804326686880485,0.0,0.0010556881427761233,0.0,0.15074836576570982,2.9614091203757233,1.690271581538887,0.04375483150150608,43.75483150150608,921.6985552542454,0.3697568839905646,1.0903974661495364,0.5839947939966805,0.04508430795976892,0.4605204979889095,0.04747743997722864,3.0,0.0,5.055157000708903,0.4605204979889095,1.8524504899978638,0.0
L1_NO_REPLACE,4,13,0.0,0.0,0.04820768065106959,0.0,0.0,0.0,0.198403834492583,2.8958894856695507,1.5830203085451318,0.03250059443611576,32.50059443611576,540.0011348053471,0.39928310196009803,1.0722046289372318,0.4991374459932558,0.04567182407481596,0.37407189805526286,0.04042155505158007,3.0,0.0,5.232803570457925,0.37407189805526286,1.9421578645706177,0.0
L05_REPLACE,4,13,0.0,0.0,0.03978871466840869,0.0,0.0,0.0,0.20872691386240164,2.936535686386479,1.5883827023343744,0.03326134028031863,33.261340280318635,595.8129783144972,0.38328500239760743,1.0125867713947352,0.496766033989843,0.04609921405790374,0.3718416790361516,0.040010116004850715,3.0,0.0,5.511519071334003,0.3718416790361516,1.8621832132339478,0.0
L05_NO_REPLACE,4,13,0.0,0.0,0.024734932753789865,0.0,0.10825471248626695,0.0,0.22444348165077815,3.135701759364244,1.5870292936600507,0.025705070617438278,25.705070617438277,2014.5281076034098,0.2208444471284985,0.7370565266921318,0.4990621539764106,0.045690443948842585,0.3747582550277002,0.04049051704350859,3.0,0.0,5.5115190713141855,0.3747582550277002,1.0876988172531128,0.0
PLAIN_FM,4,14,1.0,0.0,-0.006653150713833031,0.0,0.08895904984474168,0.0,0.20908340666777983,3.47239093790961,1.6325987675404765,0.02720955677329881,27.209556773298814,4602.858406126669,0.09331328799853535,0.47159655396672895,0.06948430597549304,0.04382538492791355,0.0,0.0,0.0,0.0,0.0,0.0,0.0,0.0
L1_REPLACE,4,14,0.0,0.0,0.03746989005786153,0.0,0.0,0.0,0.17122827163355123,2.9407493633327415,1.6506574171360886,0.039577915409935605,39.57791540993561,683.9433093794838,0.37698657846807254,1.0891864372246758,0.4034003720153123,0.04458293505012989,0.28051247098483145,0.03168612899025902,3.0,0.0,5.0723332852728,0.28051247098483145,1.8520803451538086,0.0
L1_NO_REPLACE,4,14,0.0,0.0,0.03291283931203556,0.0,0.0006036576271055694,0.0,0.19060643572776986,2.9017647469166734,1.605720331639708,0.03633210136850257,36.33210136850257,628.6604244692295,0.3896187149295942,1.1150136051242217,0.4035158270271495,0.04539448005380109,0.27979068097192794,0.031725468987133354,3.0,0.0,5.278797743698066,0.27979068097192794,1.900691032409668,0.0
L05_REPLACE,4,14,0.0,0.0,0.04089246603839798,0.0,0.0,0.0,0.1835191330288906,2.967768969754853,1.6521856562396318,0.03941826232686982,39.41826232686982,693.9586192143715,0.3641508520705178,1.0464788360528807,0.40359074802836403,0.045668774109799415,0.27967039099894464,0.03157551499316469,3.0,0.0,5.541009628087226,0.27967039099894464,1.7876662015914917,0.0
L05_NO_REPLACE,4,14,0.0,0.0,0.016671855853716847,0.0,0.023544889354705667,0.0,0.20103244592381503,3.1380518603084,1.626875871545779,0.024997050190690887,24.997050190690885,1203.183553344248,0.21417365193061896,0.7553281522823535,0.4036129380110651,0.045514929050114006,0.2796482990379445,0.031553425011225045,3.0,0.0,5.541009628099262,0.2796482990379445,1.043663501739502,0.0
PLAIN_FM,4,15,0.0,0.0,0.005867903779087594,0.0,0.15119487094879114,0.2288532257080078,0.2143932728773241,3.525025614784417,1.6094433440525258,0.03881919145097751,38.81919145097751,7010.686020104484,0.09992187774972885,0.4478541262801775,0.06953490700107068,0.043740102963056415,0.0,0.0,0.0,0.0,0.0,0.0,0.0,0.0
L1_REPLACE,4,15,0.0,0.0,0.033073447560747066,0.0,0.0,0.0,0.17539761869747575,2.9555498465835393,1.6451820330179383,0.03935730112261196,39.357301122611965,696.1156342637803,0.3710987737009821,1.0649856081191422,0.4022095419932157,0.04477954894537106,0.27929580898489803,0.03144033096032217,3.0,0.0,5.729271684166579,0.27929580898489803,1.9603066444396973,0.0
L1_NO_REPLACE,4,15,0.0,0.0,0.03459914253020893,0.0,0.0,0.0,0.17476311398485647,2.958947155674678,1.6484764653756012,0.03974701442138212,39.747014421382126,695.4543845827889,0.3690839230676063,1.0654114781309434,0.4031568769714795,0.0454746590112336,0.27940268197562546,0.031406881054863334,3.0,0.0,5.721942519438226,0.27940268197562546,1.9536105394363403,0.0
L05_REPLACE,4,15,0.0,0.0,0.04259011216866346,0.0,0.0023558889627453006,0.0,0.1910361631571283,2.977189588805333,1.6274243522312224,0.03824096404886285,38.24096404886285,671.5810654081416,0.35838449284147417,1.0175558258963766,0.40731752500869334,0.0457757260883227,0.2825246330467053,0.03176187101053074,3.0,0.0,6.093968994046049,0.2825246330467053,1.8893414735794067,0.0
L05_NO_REPLACE,4,15,0.0,0.0,0.026052821145028784,0.0,0.03448964703083002,0.0,0.2084826585208438,3.1641833754169957,1.6029616335242893,0.028775528381134008,28.77552838113401,1839.6855187048477,0.19965911355537944,0.7235654443010842,0.4043144260067493,0.04593896906590089,0.2797673210152425,0.03152301406953484,3.0,0.0,6.093968994047382,0.2797673210152425,1.1074814796447754,0.0
PLAIN_FM,4,16,1.0,0.0,-0.006288067989006316,0.0,0.15409411158561692,1.0525178909301758,0.22173102946503315,3.5108830579227135,1.6591294629634643,0.03641842964375441,36.418429643754415,6018.0702571146385,0.0967399989688968,0.4182197686366873,0.06926939997356385,0.0436349919764325,0.0,0.0,0.0,0.0,0.0,0.0,0.0,0.0
L1_REPLACE,4,16,0.0,0.0,0.038684858221075896,0.0,0.0021846708297728057,0.0,0.23786921067303377,2.8474403434379334,1.5322257002870028,0.026501907834363184,26.50190783436318,448.2028613892262,0.4054239446336825,1.0974527450109324,0.5863165730261244,0.044613175035919994,0.46325926698045805,0.0501342510106042,3.0,0.0,5.127126846523441,0.46325926698045805,1.9904427528381348,0.0
L1_NO_REPLACE,4,16,0.0,0.0,0.0204966550216807,0.0,0.0003718738555904544,0.0,0.16231697836965456,2.9666580783070033,1.6873233923160385,0.04390119451403236,43.90119451403236,925.626323508591,0.3648297270110271,1.0723296817030437,0.6766708840150386,0.04557492199819535,0.5528404479264282,0.057099111028946936,3.0,0.0,5.159781602548703,0.5528404479264282,1.850555181503296,0.0
L05_REPLACE,4,16,0.0,0.0,0.041858175492707345,0.0,0.0,0.0,0.24807911413828398,2.873001770981491,1.5191324132894426,0.026254311667303343,26.25431166730334,444.9815659010613,0.4009819434477744,1.0720801225104797,0.68093047500588,0.04570742399664596,0.5564322220161557,0.06053982104640454,3.0,0.0,5.590228461743074,0.5564322220161557,1.960170865058899,0.0
L05_NO_REPLACE,4,16,0.0,0.0,0.02550870119965605,0.0,0.06978170242309556,0.0,0.23962981723562074,3.12287316093027,1.5723820538017739,0.023577591495057837,23.577591495057835,1676.8138883427873,0.23045590000165617,0.7486525209346325,0.6806589079787955,0.04571120499167591,0.5562653270317242,0.06051139294868335,3.0,0.0,5.590228892133374,0.5562653270317242,1.127340316772461,0.0
PLAIN_FM,4,17,1.0,0.0,-0.00013835224624995923,0.0,0.19226283993720994,0.10445833206176758,0.23668088289195896,3.4218937151943134,1.6116838324795717,0.03564708535842802,35.64708535842802,7557.531864221447,0.09132853027134244,0.5619432456659931,0.06959344900678843,0.04393831902416423,0.0,0.0,0.0,0.0,0.0,0.0,0.0,0.0
L1_REPLACE,4,17,0.0,0.0,0.02863329829605124,0.0,0.0,0.0,0.19651845028880016,2.8971057225752492,1.5888535335849052,0.03356677129253478,33.56677129253478,609.9136021796861,0.38709650414418867,1.097404520352343,0.40326699800789356,0.04469857696676627,0.28026258398313075,0.031711708987131715,3.0,0.0,4.667670580208093,0.28026258398313075,1.7068605422973633,0.0
L1_NO_REPLACE,4,17,0.0,0.0,0.03316013940563714,0.0,0.0,0.0,0.191781583415005,2.883121050400286,1.5939979542499192,0.03418949345961089,34.189493459610894,608.3851883940991,0.3884497948049678,1.1079480882134234,0.4036768890218809,0.04559182206867263,0.27984446100890636,0.03147299203556031,3.0,0.0,4.97906671697203,0.27984446100890636,1.7160789966583252,0.0
L05_REPLACE,4,17,0.0,0.0,0.03754770558560208,0.0,1.1485481262063502e-05,0.0,0.19434825142323062,2.924632846849606,1.5993141073213208,0.035583579647185656,35.583579647185665,629.4188315833754,0.37274425939991895,1.0624482397858417,0.40383621299406514,0.045536450983490795,0.2800571889965795,0.031313539016991854,3.0,0.0,5.1420893222022155,0.2800571889965795,1.6410017013549805,0.0
L05_NO_REPLACE,4,17,0.0,0.0,0.02779789170807452,0.0,0.08123324480056748,0.0,0.21913704541395773,3.1005224663572974,1.5923877845800385,0.026402232968114087,26.402232968114085,2087.3576177706186,0.23322037771007686,0.8077631394214431,0.40394494601059705,0.04547286010347307,0.27982966403942555,0.03139560099225491,3.0,0.0,5.1420893222021515,0.27982966403942555,0.9553539156913757,0.0
PLAIN_FM,4,18,1.0,0.0,-0.0003291817436836125,0.0,0.28295622434616075,1.565392017364502,0.19980483631927606,3.492767834294836,1.6634480173123496,0.03188210768577639,31.882107685776386,5671.542890573223,0.08620856095177198,0.4699040913810438,0.06943090498680249,0.04369632090674713,0.0,0.0,0.0,0.0,0.0,0.0,0.0,0.0
L1_REPLACE,4,18,0.0,0.0,0.035629801124149235,0.0,0.0,0.0,0.19535755872790553,2.901260957603112,1.5938497522543984,0.03419908029373607,34.19908029373607,616.1104291778144,0.3836563668346211,1.0975344890032592,0.4938242849893868,0.044585307012312114,0.37070194695843384,0.04037948598852381,3.0,0.0,5.07909679812753,0.37070194695843384,1.8500093221664429,0.0
L1_NO_REPLACE,4,18,0.0,0.0,0.0440819697677933,0.0,0.0,0.0,0.1926563014739523,2.9124858275229704,1.6167993570126344,0.03575691630002738,35.75691630002738,608.8424692233322,0.38235601026270133,1.0936397660800548,0.4955050980206579,0.04563624394359067,0.3714457270107232,0.040903589979279786,3.0,0.0,4.998260826522108,0.3714457270107232,1.8506227731704712,0.0
L05_REPLACE,4,18,0.0,0.0,0.028650789037811625,0.0,0.0036658872961994327,0.0,0.18680887716469682,2.990175438100986,1.6815310508130006,0.041367676246367516,41.36767624636752,802.8993436527868,0.3554705618617543,1.0445550447496161,0.4972769349697046,0.04586909699719399,0.3724716829601675,0.041079311980865896,3.0,0.0,5.263342368034387,0.3724716829601675,1.743457317352295,0.0
L05_NO_REPLACE,4,18,0.0,0.0,0.01306171931593865,0.0,0.1136501249313353,0.0,0.1950019243656035,3.1615007777525856,1.6595357502680348,0.026984868190433012,26.98486819043301,1515.68857475501,0.2113281325228799,0.7500965530705013,0.49618930503493175,0.04584065795643255,0.3716499719885178,0.04090043005999178,3.0,0.0,5.263342367692998,0.3716499719885178,1.0119792222976685,0.0
PLAIN_FM,4,19,0.0,0.0,0.01461100020969859,0.0,0.19530968036651597,3.874410390853882,0.25156308047956566,3.45943028213541,1.5550125746666579,0.046917092297625654,46.91709229762566,5535.521378160282,0.08934249052329224,0.5134540407340488,0.06951694696908817,0.043823373038321733,0.0,0.0,0.0,0.0,0.0,0.0,0.0,0.0
L1_REPLACE,4,19,0.0,0.0,0.03960246912130207,0.0,0.0011113439798351443,0.0,0.16973993686025315,2.945818019584721,1.6509845883233998,0.040716292169411195,40.716292169411204,763.3906575037395,0.371716539732339,1.0926432776066728,0.40288813796360046,0.04464691592147574,0.2799745869706385,0.03145629999926314,3.0,0.0,5.2965561785508655,0.2799745869706385,1.834708333015442,0.0
L1_NO_REPLACE,4,19,0.0,0.0,0.03411542169568413,0.0,0.0,0.0,0.18372443778336062,2.9193740670609336,1.611701935435615,0.03732448249447948,37.324482494479476,668.8443052135938,0.3784223626590487,1.0877657145766721,0.49505114601925015,0.04567689495161176,0.37092085200129077,0.03950577287469059,3.0,0.0,5.059254574950593,0.37092085200129077,1.845996618270874,0.0
L05_REPLACE,4,19,0.0,0.0,0.03191976852244545,0.0,0.007027999043464295,0.0,0.18255771375517058,2.9975451328836638,1.6727899055173068,0.04263628701509545,42.63628701509545,881.4747211510972,0.3541055606160549,1.0387671587945688,0.49429139599669725,0.04555998306022957,0.37059268297161907,0.039373910054564476,3.0,0.0,5.31643865699362,0.37059268297161907,1.749710202217102,0.0
L05_NO_REPLACE,4,19,0.0,0.0,0.022065347564770146,0.0,0.07618502941131577,0.0,0.22126656145289705,3.144161551680863,1.6038013684686943,0.03275961051224335,32.759610512243356,1591.1102454326701,0.2097669254726281,0.765480808232773,0.49456320295576006,0.045485638023819774,0.370672615012154,0.03938960004597902,3.0,0.0,5.316438656994293,0.370672615012154,1.0143688917160034,0.0
PLAIN_FM,4,20,1.0,0.0,-0.0011614944150798862,0.0,0.24638452794551835,1.196683645248413,0.22048728199071926,3.5103257954405382,1.6490607420977992,0.035994844968347345,35.994844968347344,5985.10596273875,0.09845877955266527,0.42529209225175946,0.069538717973046,0.04370481806108728,0.0,0.0,0.0,0.0,0.0,0.0,0.0,0.0
L1_REPLACE,4,20,0.0,0.0,0.03091282996757652,0.0,0.0,0.0,0.19234640497990982,2.935584179322399,1.6121966449162735,0.03677737058074053,36.777370580740524,632.4510201279221,0.37486625702903104,1.0594990875062171,0.4032808269839734,0.04482468205969781,0.28005104791373014,0.03176797990454361,3.0,0.0,5.216774395096517,0.28005104791373014,1.9202998876571655,0.0
L1_NO_REPLACE,4,20,0.0,0.0,0.03760887725304021,0.0,0.0,0.0,0.18619500433063385,2.957942223684782,1.6373181922421394,0.03871043047774311,38.71043047774311,666.3414275939292,0.3711782073845564,1.0544705357701225,0.4036477269837633,0.04550542891956866,0.27967730804812163,0.03172144101699814,3.0,0.0,5.1917357234656105,0.27967730804812163,1.904847502708435,0.0
L05_REPLACE,4,20,0.0,0.0,0.0402870097219217,0.0,0.0,0.0,0.2139252304469029,2.933940466783807,1.580646134943383,0.03418291632956319,34.18291632956319,596.0454770472801,0.3656043399705987,1.034833209960249,0.403903073980473,0.04551752901170403,0.2799840649822727,0.03180857194820419,3.0,0.0,5.613287118085456,0.2799840649822727,1.869181752204895,0.0
L05_NO_REPLACE,4,20,0.0,0.0,0.02961272866613414,0.0,0.09791062440872178,0.0,0.22159567372985145,3.1425336879161363,1.595689402672505,0.025745263676602903,25.745263676602903,1478.7597704766454,0.21077139080540638,0.7230029811331405,0.4046018320368603,0.04555628105299547,0.28031500399811193,0.03180731099564582,3.0,0.0,5.6132871180855135,0.28031500399811193,1.0902372598648071,0.0
PLAIN_FM,4,21,1.0,0.0,-0.0016758354579521767,0.0,0.22886411514282212,1.25801682472229,0.22809660169816676,3.5022489760983393,1.6242262027111323,0.03215521950780166,32.15521950780166,5977.285926716588,0.09233520738195036,0.47921636098663056,0.0695930480142124,0.04387146595399827,0.0,0.0,0.0,0.0,0.0,0.0,0.0,0.0
L1_REPLACE,4,21,0.0,0.0,0.037716607467108504,0.0,0.0,0.0,0.2292454529024939,2.884955700186772,1.5265130315409223,0.030316032514390065,30.316032514390066,516.3246161346058,0.41175792508782477,1.1166871354766597,0.4027272429666482,0.04466853698249906,0.2797682089731097,0.031835792993661016,3.0,0.0,5.60671483367089,0.2797682089731097,2.1206095218658447,0.0
L1_NO_REPLACE,4,21,0.0,0.0,0.03906219435414718,0.0,0.0,0.0,0.20003429661010041,2.928265741322768,1.6031259601140047,0.03595517442205383,35.95517442205383,610.7351557344404,0.3737130232106182,1.0643518187081435,0.40380316105438396,0.04568675602786243,0.27968546701595187,0.03163234697422013,3.0,0.0,5.338842560597713,0.27968546701595187,1.947415828704834,0.0
L05_REPLACE,4,21,0.0,0.0,0.04517799658073077,0.0,0.0034253825545307315,0.0,0.22339515050133124,2.9423803324319064,1.5704661601663892,0.03425092201623357,34.250922016233574,587.0642583999191,0.36871706811711985,1.0228755691770195,0.4034187009674497,0.045457208063453436,0.2798271320643835,0.031620535999536514,3.0,0.0,5.6214361835272895,0.2798271320643835,1.9085979461669922,0.0
L05_NO_REPLACE,4,21,0.0,0.0,0.030373909775455246,0.0,0.09489135112762437,0.0,0.2281576529239411,3.1472471726050206,1.5834292263471124,0.024884358036571033,24.884358036571037,1483.514333547649,0.20127073232106235,0.7238971237499499,0.4035753349890001,0.045541876985225827,0.27964107698062435,0.03160173603100702,3.0,0.0,5.621436183527257,0.27964107698062435,1.0985568761825562,0.0
PLAIN_FM,4,22,1.0,0.0,-0.004657204579988569,0.0,0.19029707875251756,0.36295175552368164,0.1853644082608466,3.5530212612992536,1.6650424038851064,0.03924590970657103,39.24590970657104,7920.957372293259,0.13043616859279555,0.43295272448322236,0.06944801396457478,0.043718384054955095,0.0,0.0,0.0,0.0,0.0,0.0,0.0,0.0
L1_REPLACE,4,22,0.0,0.0,0.03479633397414891,0.0,0.0,0.0,0.22432212201557872,2.9147872083555306,1.5569309835771676,0.031789619018023615,31.789619018023615,527.8307730436096,0.3810942908167347,1.0394317755234543,0.5864446429768577,0.04471162584377453,0.4631265200441703,0.050166981061920524,3.0,0.0,5.56929756601447,0.4631265200441703,2.108936309814453,0.0
L1_NO_REPLACE,4,22,0.0,0.0,0.03241969355522359,0.0,0.0,0.0,0.24871476618764093,2.870710585067855,1.495808436077667,0.025636265267276304,25.636265267276304,437.3077114547985,0.4071302827725677,1.0452156723175365,0.5862671080394648,0.04553674010094255,0.4624828940141015,0.04951483401237056,3.0,0.0,5.629327512573448,0.4624828940141015,2.2268381118774414,0.0
L05_REPLACE,4,22,0.0,0.0,0.02418980372837376,0.0,0.007580981135367981,0.0,0.19713961453437667,3.0361244746810727,1.69045432105051,0.04212057783013144,42.120577830131445,816.0083982321169,0.34900625565118215,0.9976110630517941,0.586927475000266,0.04546575801214203,0.46295480494154617,0.04998955596238375,3.0,0.0,5.765727833029555,0.46295480494154617,1.9682178497314453,0.0
L05_NO_REPLACE,4,22,0.0,0.0,0.0074600808281335,0.0,0.08787648048400865,0.0,0.19166934628844123,3.209724844021306,1.6670623707609495,0.029400088721725913,29.40008872172591,1984.492569716025,0.17991643090118709,0.6881664468239406,0.5873106049839407,0.045552627940196544,0.4633792480453849,0.0499116750434041,3.0,0.0,5.765727833128979,0.4633792480453849,1.1367584466934204,0.0
PLAIN_FM,4,23,1.0,0.0,-0.0012591750883454295,0.0,0.15158073272705064,2.0246636867523193,0.24091427506090873,3.4635154287016494,1.6130359125051326,0.03446426494310312,34.464264943103124,5639.142235950246,0.08048237002764722,0.5168434642458452,0.0696893609710969,0.04388243908761069,0.0,0.0,0.0,0.0,0.0,0.0,0.0,0.0
L1_REPLACE,4,23,0.0,0.0,0.03336128838910454,0.0,0.0,0.0,0.26161376919186846,2.784800702358365,1.517945692719671,0.025437967185787065,25.437967185787063,475.14214666349864,0.4584547739210727,1.1798065478661153,0.4040040450054221,0.04473556095035747,0.2807487560203299,0.031731671013403684,3.0,0.0,6.051206939883477,0.2807487560203299,2.1740353107452393,0.0
L1_NO_REPLACE,4,23,0.0,0.0,0.04762213141339147,0.0,0.0,0.0,0.20682824891339413,2.852219276943081,1.5788702901659715,0.03293376024575728,32.933760245757284,548.5427860972226,0.3995297306075477,1.142181637263195,0.40411879803286865,0.045455266954377294,0.28012879006564617,0.03159154503373429,3.0,0.0,5.893943220687893,0.28012879006564617,1.905846118927002,0.0
L05_REPLACE,4,23,0.0,0.0,0.04512820543126719,0.0,0.0,0.0,0.21490165868709454,2.9088542146611807,1.5836643372777066,0.033498501387153046,33.49850138715305,578.7215831316278,0.37371320257708357,1.0716682530131103,0.40438044496113434,0.045482876943424344,0.2803820449626073,0.031634586048312485,3.0,0.0,6.206675844700183,0.2803820449626073,1.780982255935669,0.0
L05_NO_REPLACE,4,23,0.0,0.0,0.03032827444690507,0.0,0.04317150678634629,0.0,0.23907592283568593,3.0977440500184548,1.5767667150232045,0.026735003000743995,26.735003000743998,1770.466316046837,0.2321434601997588,0.8008363479026321,0.40405612700851634,0.04558752087177709,0.27996477496344596,0.031635287043172866,3.0,0.0,6.206675844700179,0.27996477496344596,1.07486093044281,0.0
PLAIN_FM,4,24,1.0,0.0,-0.020867092643654203,0.0,0.26334868040084825,0.0,0.20234671021777462,3.472009161977143,1.6523326195685395,0.03247744134026827,32.47744134026828,5167.1814678700985,0.10807899108646814,0.4249811318284191,0.06945936399279162,0.0437428840668872,0.0,0.0,0.0,0.0,0.0,0.0,0.0,0.0
L1_REPLACE,4,24,0.0,0.0,0.040932188356933824,0.0,0.0,0.0,0.20166654327844977,2.887049646750018,1.5641605298107426,0.03220158619413786,32.20158619413787,576.9998447672626,0.3899701964527376,1.0810523907411973,0.4939817460253835,0.044740448996890336,0.3707769170287065,0.039823741011787206,3.0,0.0,5.0326960328042025,0.3707769170287065,1.894587516784668,0.0
L1_NO_REPLACE,4,24,0.0,0.0,0.05172554515479058,0.0,0.0,0.0,0.2117437220052701,2.8349381398245157,1.5499097145315597,0.02943665740625223,29.436657406252234,537.8916248858501,0.4108967336905065,1.1321149621510185,0.4946462229709141,0.045402875053696334,0.3709547510370612,0.039827202970627695,3.0,0.0,5.118246420259671,0.3709547510370612,1.9895663261413574,0.0
L05_REPLACE,4,24,0.0,0.0,0.03850846644324199,0.0,0.0,0.0,0.20370668323063199,2.9245556508498285,1.5803464586502036,0.033638337421955156,33.63833742195516,614.8033162776901,0.3719305112119,1.0296679211980295,0.4981456540408544,0.045833337935619056,0.37358577898703516,0.04026588308624923,3.0,0.0,5.259995377690438,0.37358577898703516,1.8064579963684082,0.0
L05_NO_REPLACE,4,24,0.0,0.0,0.021142600447770457,0.0,0.10857717361450181,0.0,0.2043174021781504,3.1251570478750734,1.5987462617856356,0.024587237680482044,24.587237680482044,1312.4006207203556,0.21696657522181056,0.7354173800775505,0.49532844102941453,0.04561204096535221,0.3713489820365794,0.040019425039645284,3.0,0.0,5.259995377692393,0.3713489820365794,1.0417540073394775,0.0
PLAIN_FM,4,25,1.0,0.0,-0.010693770250714524,0.0,0.2304932590961455,0.40416836738586426,0.19859614633760556,3.536252681775852,1.6724888135464067,0.030479219466104296,30.479219466104293,4732.622331040564,0.11091674148204345,0.4354921140726216,0.06934153195470572,0.04370918503263965,0.0,0.0,0.0,0.0,0.0,0.0,0.0,0.0
L1_REPLACE,4,25,0.0,0.0,0.03796848328386651,0.0,0.0,0.0,0.21969082681734625,2.8936469069622555,1.577542760767317,0.032039200073001074,32.039200073001076,536.8787587367522,0.40014336455769295,1.1243614150497305,0.40313164104009047,0.0446630860096775,0.28012556792236865,0.03191937500378117,3.0,0.0,5.527099704836135,0.28012556792236865,2.1015422344207764,0.0
L1_NO_REPLACE,4,25,0.0,0.0,0.03820729667868425,0.0,0.0,0.0,0.18206826219057284,2.938518507753139,1.6393104624263828,0.03783277707324556,37.83277707324556,629.1261815949746,0.3809258842691665,1.0878243325733148,0.4041039670119062,0.04563733300892636,0.2800517249852419,0.03175769001245499,3.0,0.0,5.455438025418971,0.2800517249852419,2.01788067817688,0.0
L05_REPLACE,4,25,0.0,0.0,0.04687147674301971,0.0,0.0,0.0,0.20991664063104276,2.954924953787382,1.5992731681889065,0.035054345445760624,35.054345445760625,578.9980232594555,0.3733169180374053,1.03305652679923,0.40329546603607014,0.04531400400446728,0.2796115450328216,0.03173413797048852,3.0,0.0,5.626665551327646,0.2796115450328216,1.967930793762207,0.0
L05_NO_REPLACE,4,25,0.0,0.0,0.018961654887702364,0.0,0.0903649744033812,0.0,0.206815787242705,3.168578437148054,1.620859130925814,0.02511037990922349,25.11037990922349,1341.2373679219882,0.2021315818860096,0.7132578567370842,0.40420481900218874,0.04551960912067443,0.2801304589956999,0.03174288902664557,3.0,0.0,5.626665551310435,0.2801304589956999,1.1322110891342163,0.0
PLAIN_FM,4,26,1.0,0.0,-0.009538686791458556,0.0,0.16986848082542405,0.0,0.254853303258109,3.460109479645126,1.6065559812325636,0.031052324288950973,31.05232428895098,5070.009247925536,0.09025147648187236,0.469816208149799,0.0695676680188626,0.04377218196168542,0.0,0.0,0.0,0.0,0.0,0.0,0.0,0.0
L1_REPLACE,4,26,0.0,0.0,0.04430351819994929,0.0,0.0,0.0,0.2045850139359966,2.9059957668148617,1.5846147750356872,0.03568992423568833,35.68992423568832,610.7559604232482,0.3832336943335348,1.077360454485586,0.4061932109761983,0.044731429079547524,0.2825950020342134,0.03200456703780219,3.0,0.0,5.350462069433593,0.2825950020342134,1.806213140487671,0.0
L1_NO_REPLACE,4,26,0.0,0.0,0.049354619815862144,0.0,0.0,0.0,0.2239316952062299,2.859461070019257,1.5398497047236814,0.029915197528499693,29.915197528499693,530.759264572478,0.40571422860681516,1.0902401494651874,0.4045522080268711,0.045505060988944024,0.28026995196705684,0.03177879995200783,3.0,0.0,5.3263222201487235,0.28026995196705684,1.8980062007904053,0.0
L05_REPLACE,4,26,0.0,0.0,0.033801478238956434,0.0,0.0,0.0,0.20199885188781364,2.9826150234827655,1.64819513155952,0.039823998710057845,39.82399871005785,689.7570102910145,0.35990773583850166,1.0237627482936322,0.40346218895865604,0.04548865894321352,0.27961054496699944,0.031656527949962765,3.0,0.0,5.490497527659096,0.27961054496699944,1.6983832120895386,0.0
L05_NO_REPLACE,4,26,0.0,0.0,0.013914677258784883,0.0,0.06595687236785874,0.0,0.22971996888103127,3.142474466704198,1.6157010078841492,0.026354842141595225,26.354842141595228,1422.0148476506836,0.2192507669191175,0.7378735747223942,0.4038310389732942,0.04548604699084535,0.2799334729788825,0.03169865801464766,3.0,0.0,5.490497527657974,0.2799334729788825,0.9867334961891174,0.0
PLAIN_FM,4,27,1.0,0.0,-0.010807698514891745,0.0,0.2203609165191649,0.6045889854431152,0.2059828371228668,3.5044453940201166,1.6676680378506072,0.036667685334229955,36.66768533422995,6112.842600271345,0.12002476863283784,0.45804145828800497,0.06950201600557193,0.04381847695913166,0.0,0.0,0.0,0.0,0.0,0.0,0.0,0.0
L1_REPLACE,4,27,0.0,0.0,0.03751652368308697,0.0,1.625385284409475e-05,0.0,0.1782729355361919,2.9592002935062554,1.6748378757517028,0.04041564799798361,40.41564799798361,717.6554396299148,0.36907799204206787,1.0838848972422994,0.402544406009838,0.044610407028812915,0.27957200299715623,0.03143899101996794,3.0,0.0,5.505560784455369,0.27957200299715623,2.01491117477417,0.0
L1_NO_REPLACE,4,27,0.0,0.0,0.031025867868379173,0.0,0.0019403700828548587,0.0,0.17262195234292652,2.982840171892496,1.7000842667470208,0.04296111430512167,42.961114305121676,858.096376718259,0.36387705222676325,1.078389558658862,0.40324501402210444,0.04533899493981153,0.27975322905695066,0.03132068790728226,3.0,0.0,5.490685744742827,0.27975322905695066,1.9990947246551514,0.0
L05_REPLACE,4,27,0.0,0.0,0.045520053951111444,0.0,0.00046954717636094045,0.0,0.20806961977188262,2.9571410595617644,1.6254925623753989,0.03710919510927704,37.109195109277046,644.6305457031385,0.36458726582790835,1.041226426231544,0.403616722964216,0.045413108135107905,0.2797581380000338,0.03157128603197634,3.0,0.0,5.974437635509638,0.2797581380000338,1.979772686958313,0.0
L05_NO_REPLACE,4,27,0.0,0.0,0.019458866030081692,0.0,0.08662627305984483,0.0,0.2106995275539222,3.144352058945059,1.6290033011675211,0.02737849802352372,27.37849802352372,1520.8270999665738,0.19593180360260823,0.7454728113854444,0.4041971680126153,0.04549874895019457,0.28015772701473907,0.03165934793651104,3.0,0.0,5.974437635509724,0.28015772701473907,1.1640812158584595,0.0
PLAIN_FM,4,28,1.0,0.0,-0.007166250041776442,0.0,0.15141860809326158,0.8612525463104248,0.2018190910956391,3.545308244137483,1.6363341153854072,0.03577702040317828,35.77702040317828,6417.397921015046,0.12502401681256287,0.45012176534554754,0.06945155502762645,0.0438008340424858,0.0,0.0,0.0,0.0,0.0,0.0,0.0,0.0
L1_REPLACE,4,28,0.0,0.0,0.02102422064770984,0.0,0.002196591758727884,0.0,0.2502126906864097,2.8614544829589406,1.5053286142747433,0.027444920292192632,27.444920292192638,485.50732521748307,0.38149121733252567,1.0884706887986662,0.49358617299003527,0.0447195470915176,0.3705659290426411,0.039895922993309796,3.0,0.0,5.391602191469907,0.3705659290426411,2.0079867839813232,0.0
L1_NO_REPLACE,4,28,0.0,0.0,0.038094364919681406,0.0,0.0006599840164183135,0.0,0.179380936715685,2.9417955148554316,1.618993924174784,0.03715080128997805,37.150801289978055,643.5671187523584,0.3800703811734092,1.0719672316086855,0.4936183140380308,0.045530809089541435,0.36986710206838325,0.039228435955010355,3.0,0.0,5.442024533347751,0.36986710206838325,1.9981578588485718,0.0
L05_REPLACE,4,28,0.0,0.0,0.0315904153166406,0.0,0.00565515506267511,0.0,0.18357910911854372,3.004172315922491,1.6587485068111223,0.03988590448985771,39.885904489857715,703.6362599609033,0.3634004936926357,1.0241725251547351,0.49771176098147407,0.045809895906131715,0.3731430660118349,0.039527481014374644,3.0,0.0,5.736342287672117,0.3731430660118349,1.9275379180908203,0.0
L05_NO_REPLACE,4,28,0.0,0.0,0.012157741548258175,0.0,0.0566198047637938,0.0,0.1935119598618492,3.193131299086439,1.634602077830626,0.02809186211576864,28.09186211576864,1681.3114112336161,0.1994987504206599,0.7187453278665588,0.49422747001517564,0.04554441099753603,0.37027088092872873,0.0392119440366514,3.0,0.0,5.736342287671841,0.37027088092872873,1.1072248220443726,0.0
PLAIN_FM,4,29,1.0,0.0,-0.0073988287696328675,0.0,0.40083931055068955,1.552758812904358,0.2805520865656443,3.382386705642702,1.567841736248971,0.05250101607526049,52.50101607526049,12238.643431250988,0.10906914205324014,0.49898855953561394,0.06970447098137811,0.0439486070536077,0.0,0.0,0.0,0.0,0.0,0.0,0.0,0.0
L1_REPLACE,4,29,0.0,0.0,0.025778635743529885,0.0,0.0,0.0,0.20720953781784932,2.9098548435706144,1.6186504244444293,0.03794178629791005,37.94178629791005,667.1788526834519,0.37540283612381037,1.0794498256462677,0.5897125539486296,0.04472615791019052,0.46648056502453983,0.05226310406578705,3.0,0.0,4.3117667647468405,0.46648056502453983,1.6299012899398804,0.0
L1_NO_REPLACE,4,29,0.0,0.0,0.03945360162272113,0.0,0.0,0.0,0.22610117686914405,2.802539059884778,1.5152659491485565,0.027804443630744538,27.804443630744533,518.1470870177187,0.4239399807534745,1.1514356907602759,0.681631034007296,0.04547137697227299,0.5577169159078039,0.0605596509994939,3.0,0.0,4.713423620269334,0.5577169159078039,1.8483774662017822,0.0
L05_REPLACE,4,29,0.0,0.0,0.04526034381001587,0.0,0.0,0.0,0.2000571211595142,2.918402554484382,1.5976780997937592,0.036247373109494246,36.24737310949425,617.4771225494924,0.3772037918222023,1.0625532704371035,0.6826099589816295,0.04586211696732789,0.5581053280038759,0.060766818933188915,3.0,0.0,4.8487966930112805,0.5581053280038759,1.6484856605529785,0.0
L05_NO_REPLACE,4,29,0.0,0.0,0.019234883996105026,0.0,0.18248961534500108,0.0,0.24167659322111676,3.0718115906706314,1.5694404231730346,0.03227875423095401,32.278754230954014,3439.8171265591104,0.23946910286576625,0.7829944053330755,0.6823361120186746,0.04557205003220588,0.5582482710015029,0.06064649287145585,3.0,0.0,4.848796693013041,0.5582482710015029,0.9465757012367249,0.0
PLAIN_FM,4,30,1.0,0.0,-0.02053418137713127,0.0,0.2054835971832274,1.5272748470306396,0.26140600953259774,3.441091767884564,1.598866171198022,0.0380845092990276,38.084509299027594,6836.8930633082855,0.08646870156232528,0.45879354641511355,0.06955064699286595,0.04394945804961026,0.0,0.0,0.0,0.0,0.0,0.0,0.0,0.0
L1_REPLACE,4,30,0.0,0.0,0.05210699213837505,0.0,0.0,0.0,0.21713033942772864,2.836187961641409,1.565091439071849,0.03138197275858298,31.38197275858299,509.7713820638387,0.4064079469674129,1.1238028972715561,0.4035181389772333,0.044861602014862,0.28026399097871035,0.031619967019651085,3.0,0.0,5.513035741213669,0.28026399097871035,1.819568157196045,0.0
L1_NO_REPLACE,4,30,0.0,0.0,0.016368964635373795,0.0,0.00013903942108139944,0.0,0.17077781815293724,2.9063207612386615,1.6657867664754573,0.0422651160041953,42.265116004195306,880.2892513362411,0.37407054598395767,1.1244482710293655,0.49830773496069014,0.046251009043771774,0.37356927688233554,0.03985701204510406,3.0,0.0,5.368618066574542,0.37356927688233554,1.730126976966858,0.0
L05_REPLACE,4,30,0.0,0.0,0.032681923823131384,0.0,0.002593935012817017,0.0,0.18597356704262605,2.982802246407042,1.667665553500657,0.042356836600017655,42.35683660001766,851.0612156175711,0.3545288117313516,1.0289603567948529,0.4047811320051551,0.04600024194223806,0.2803507430362515,0.03156907396623865,3.0,0.0,5.493792780004423,0.2803507430362515,1.6233350038528442,0.0
L05_NO_REPLACE,4,30,0.0,0.0,0.007944514481933104,0.0,0.08564845886230454,0.0,0.2282378937031429,3.121541774937764,1.6141990799387467,0.0300351401380079,30.0351401380079,2060.381344373252,0.22970833191672357,0.7419497076470546,0.4051744229509495,0.04585612699156627,0.2807765039615333,0.03161036496749148,3.0,0.0,5.493792780004663,0.2807765039615333,0.9509779214859009,0.0
PLAIN_FM,4,31,1.0,0.0,-0.027399160688772684,0.0,0.2979058143138884,0.03469705581665039,0.2177805590137626,3.541454402291851,1.6812994500738339,0.03299445290897521,32.99445290897521,5629.963159417018,0.09859968283117376,0.4849055785677919,0.06999188801273704,0.044119863072410226,0.0,0.0,0.0,0.0,0.0,0.0,0.0,0.0
L1_REPLACE,4,31,0.0,0.0,0.05294215536972294,0.0,0.0,0.0,0.2183184868466095,2.887294701835854,1.5739046395128293,0.029900901848793838,29.900901848793836,492.7184335626478,0.40203795217606736,1.084985734051468,0.4965463589760475,0.04505841695936397,0.3726175230112858,0.03971473599085584,3.0,0.0,5.43232965153953,0.3726175230112858,2.0368521213531494,0.0
L1_NO_REPLACE,4,31,0.0,0.0,0.04345652243403372,0.0,0.00045434799194321585,0.0,0.22136129723508796,2.873677933162504,1.5492121764277662,0.029101807087207457,29.10180708720746,506.97355684648784,0.40425369220542773,1.0769116709158792,0.49478184297913685,0.04566842212807387,0.370740503014531,0.039364988973829895,3.0,0.0,5.418595481954237,0.370740503014531,2.040475368499756,0.0
L05_REPLACE,4,31,0.0,0.0,0.04704870381328362,0.0,0.0,0.0,0.21231690911833676,2.9784456072466132,1.6345302347729098,0.037010926812650224,37.010926812650226,647.2439365930809,0.359161539329466,1.0174911240723954,0.49488274595933035,0.04549358907388523,0.3709832899621688,0.03948563995072618,3.0,0.0,5.515486593212334,0.3709832899621688,1.840407133102417,0.0
L05_NO_REPLACE,4,31,0.0,0.0,0.01053393779368035,0.0,0.1393057521820067,0.0,0.21702198352366656,3.1863741238879455,1.646385838859154,0.02698159920441858,26.981599204418583,1630.6465328386378,0.2019872797430835,0.7259348602635693,0.49513697100337595,0.045493189070839435,0.37098815897479653,0.03943405993049964,3.0,0.0,5.515486593213213,0.37098815897479653,1.0578261613845825,0.0
PLAIN_FM,5,0,0.0,0.0,0.12957097332088224,0.0,0.0,0.0,1.022117422700205,1.1164828773471513,0.6803267121456349,0.017545730807246862,17.545730807246862,4111.026188510803,0.0906913099653544,1.3879079496764932,0.06992205599090084,0.04407589207403362,0.0,0.0,0.0,0.0,0.0,0.0,0.0,0.0
L1_REPLACE,5,0,1.0,0.0,-0.035070036792053325,0.0,0.0,0.0,0.45546593109442934,1.292633111704076,0.9366504152754758,0.018109809809795208,18.109809809795205,529.1649961944255,0.269897280685007,0.780878869358933,0.4023395480471663,0.04471304011531174,0.27899278700351715,0.031202764017507434,3.0,0.0,4.894378601281278,0.27899278700351715,1.542375087738037,0.0
L1_NO_REPLACE,5,0,1.0,0.0,-0.035217515087328455,0.0,0.0,0.0,0.4554134839455764,1.2928621868591963,0.9371135773258972,0.018117575662034868,18.11757566203487,529.3538189290902,0.2699746780103557,0.7808309601405087,0.40290851198369637,0.04562886216444895,0.2787927699973807,0.03092268796171993,3.0,0.0,4.8944477046642145,0.2787927699973807,1.5426241159439087,0.0
L05_REPLACE,5,0,1.0,0.0,-0.05364904791321708,0.0,0.0,0.0,0.43772938123053207,1.325784703698164,0.9633776278169537,0.018890528690951217,18.890528690951218,554.5690813489892,0.2755928825109303,0.7728374139997807,0.40276001900201663,0.04574113502167165,0.27878195099765435,0.031245974998455495,3.0,0.0,5.059113744474422,0.27878195099765435,1.5711768865585327,0.0
L05_NO_REPLACE,5,0,0.0,0.0,0.07748278294057592,0.0,0.0,0.0,0.7283708197281018,1.065504620064669,0.7295595985056622,0.009813171927072872,9.813171927072872,1173.3024498233212,0.16530430344202543,1.0270665556958298,0.4028569210204296,0.04559315100777894,0.2790540390415117,0.03128163696965203,3.0,0.0,5.059113744474422,0.2790540390415117,0.8433132171630859,0.0
PLAIN_FM,5,1,0.0,0.0,0.12050742472120246,0.0,0.0,0.9047162532806396,1.0450651345343036,1.156846975839974,0.7004637719845057,0.04215204332185518,42.15204332185519,12247.108248056727,0.10941835242591517,1.405498145135396,0.06933159998152405,0.04379877302562818,0.0,0.0,0.0,0.0,0.0,0.0,0.0,0.0
L1_REPLACE,5,1,1.0,0.0,-0.04802524719889885,0.0,0.0,0.0,0.4524524153357784,1.2425608190943753,0.9222433411149104,0.016177159516062356,16.177159516062357,461.3998383157847,0.2889231558506357,0.77867378907935,0.40224330499768257,0.044586852949578315,0.27917431900277734,0.031384719943162054,3.0,0.0,5.360510787792839,0.27917431900277734,1.6322141885757446,0.0
L1_NO_REPLACE,5,1,1.0,0.0,-0.04752341050783668,0.0,0.0,0.0,0.4559333500179518,1.2945734950647756,0.9557832695086054,0.01786676279550342,17.866762795503423,520.5253019553546,0.2853832796372645,0.7820982323674565,0.4936195409973152,0.04545866709668189,0.37007401598384604,0.03977242799010128,3.0,0.0,5.0780449949649675,0.37007401598384604,1.5926978588104248,0.0
L05_REPLACE,5,1,1.0,0.0,-0.06700400979467631,0.0,0.0,0.0,0.4338785652100775,1.311126854160451,0.9783806033980135,0.01800762231393191,18.00762231393191,524.5483716276133,0.29024033358877127,0.7625134310427755,0.402752768015489,0.04547675792127848,0.27902101597283036,0.03164189698873088,3.0,0.0,5.359685871470511,0.27902101597283036,1.621154546737671,0.0
L05_NO_REPLACE,5,1,0.0,0.0,0.07133837226749007,0.0,0.0,0.0,0.742287889635974,1.0457170668243445,0.7236367136786066,0.015700747344859822,15.70074734485982,3344.862564165773,0.17929349156581748,1.0291631939429582,0.40261212398763746,0.04531718208454549,0.27916440094122663,0.03168921696487814,3.0,0.0,5.359685871470511,0.27916440094122663,0.8733160495758057,0.0
PLAIN_FM,5,2,0.0,0.0,0.12885557788941335,0.0,0.0,0.0,1.0336687510767517,1.0716581411983679,0.6536235858108681,0.01694439445479734,16.94439445479734,3996.3871920305046,0.08620262255488792,1.3893002013188587,0.06957953702658415,0.04371051397174597,0.0,0.0,0.0,0.0,0.0,0.0,0.0,0.0
L1_REPLACE,5,2,1.0,0.0,-0.037786181205086186,0.0,0.0,0.0,0.449138979662892,1.2283543724156294,0.9114898372892104,0.015695965782664037,15.695965782664036,432.7750827955959,0.27345562072106094,0.7734597910580887,0.40472242899704725,0.046300548943690956,0.2793386150733568,0.03208937798626721,3.0,0.0,5.027749949373341,0.2793386150733568,1.5660433769226074,0.0
L1_NO_REPLACE,5,2,1.0,0.0,-0.038634658341609465,0.0,0.0,0.0,0.45049598834053534,1.1605807118440616,0.8798023454541636,0.013230572965650778,13.230572965650778,408.1672456503816,0.2775748103128279,0.7774511461431765,0.40514372003963217,0.04647945397300646,0.28013375506270677,0.0322861919994466,3.0,0.0,5.016136795471658,0.28013375506270677,1.5643924474716187,0.0
L05_REPLACE,5,2,1.0,0.0,-0.05816484641823509,0.0,0.0,0.0,0.4290896298464321,1.2980240928859013,0.95014849984351,0.01827176479367787,18.27176479367787,532.3898561574447,0.2811534443736606,0.7655471424534811,0.40640814299695194,0.04589243791997433,0.2815999329322949,0.03213579999282956,3.0,0.0,5.2100284302594515,0.2815999329322949,1.6034551858901978,0.0
L05_NO_REPLACE,5,2,0.0,0.0,0.07446250117205153,0.0,0.0,0.0,0.7299320785781567,1.0169035269757356,0.7091016656402734,0.008249014402000654,8.249014402000654,993.9486010771325,0.16932438618144863,1.0188696445706351,0.4073108570300974,0.04648501402698457,0.2818358700023964,0.03184817096916959,3.0,0.0,5.2100284302594515,0.2818358700023964,0.859923779964447,0.0
PLAIN_FM,5,3,0.0,0.0,0.11956509617451458,0.0,0.0,0.0,1.0067554564581673,1.0817916043803142,0.6568110565760475,0.016109130698293228,16.109130698293228,3548.538871274864,0.09432017604012172,1.3439951106261947,0.07020898401970044,0.04411626298679039,0.0,0.0,0.0,0.0,0.0,0.0,0.0,0.0
L1_REPLACE,5,3,1.0,0.0,-0.023191213930957702,0.0,0.0,0.0,0.4663993910650938,1.142387336775875,0.8723594258121775,0.012115732918277625,12.115732918277624,346.2916631009075,0.27455967874681364,0.7804011252034802,0.4050376770319417,0.045702182105742395,0.2803991219843738,0.03373556100996211,3.0,0.0,4.902103000896414,0.2803991219843738,1.5007990598678589,0.0
L1_NO_REPLACE,5,3,1.0,0.0,-0.021504067914126956,0.0,0.0,0.0,0.4697112339756929,1.0621169266306243,0.8319390674898708,0.00938903917621442,9.38903917621442,287.1846050575721,0.2798170632311179,0.7843304207446197,0.40796351298922673,0.04640339204343036,0.28286536707310006,0.032233952020760626,3.0,0.0,4.91294248512537,0.28286536707310006,1.5127705335617065,0.0
L05_REPLACE,5,3,1.0,0.0,-0.0443249202165312,0.0,0.0,0.0,0.4478981653312182,1.2443233955787503,0.9248367135369154,0.015854915272074388,15.854915272074388,449.7429189730839,0.2750388198221923,0.7729392192827562,0.4015435960027389,0.045722255075816065,0.277524107019417,0.03189592302078381,3.0,0.0,5.066491466714069,0.277524107019417,1.5072660446166992,0.0
L05_NO_REPLACE,5,3,0.0,0.0,0.07491434813346953,0.0,0.0,0.0,0.7248726940395324,1.0284984817701055,0.7101120290110581,0.00889591532652112,8.89591532652112,1090.82548363606,0.17161524556694024,1.0071981901620788,0.4067687719943933,0.04508568701567128,0.2829859889461659,0.031820652016904205,3.0,0.0,5.066491466714069,0.2829859889461659,0.8142496347427368,0.0
PLAIN_FM,5,4,0.0,0.0,0.12002174603988203,0.0,0.0,0.0,1.0186488474379949,1.1156055301634478,0.6657330090138256,0.024067912260905544,24.067912260905548,5853.926269629373,0.09426867265377828,1.3693979545731974,0.06955188699066639,0.0438389049959369,0.0,0.0,0.0,0.0,0.0,0.0,0.0,0.0
L1_REPLACE,5,4,1.0,0.0,-0.031215600510460934,0.0,0.0,0.0,0.4567355115906603,1.2760603657852982,0.9272744398879781,0.017665944713159187,17.66594471315919,519.06773184765,0.27728541407954005,0.7755877162013177,0.4046235560090281,0.04534838494146243,0.28072593099204823,0.03211486904183403,3.0,0.0,4.971079403278822,0.28072593099204823,1.515097737312317,0.0
L1_NO_REPLACE,5,4,1.0,0.0,-0.03148965984386455,0.0,0.0,0.0,0.4564647593057418,1.2723098571798928,0.9242424369148068,0.01755258614872912,17.55258614872912,516.4269462915039,0.27766191888535363,0.7754962080319224,0.4052299420000054,0.046357700950466096,0.28076474205590785,0.03241092595271766,3.0,0.0,5.038476876980243,0.28076474205590785,1.5190640687942505,0.0
L05_REPLACE,5,4,1.0,0.0,-0.051910782743495865,0.0,0.0,0.0,0.43671456531474334,1.3181079114314234,0.954393828081616,0.018784326720798605,18.784326720798607,554.8879252346262,0.2851284077828151,0.7659457090968504,0.4055115090450272,0.04608696495415643,0.2808544739964418,0.032330193964298815,3.0,0.0,5.219352572104375,0.2808544739964418,1.5537328720092773,0.0
L05_NO_REPLACE,5,4,0.0,0.0,0.07239602077017271,0.0,0.0,0.0,0.7262635933523819,1.0534803595489448,0.7124994735666725,0.011085497075452366,11.085497075452366,1676.179667299316,0.17591530475056572,1.0141521319832094,0.40797909296816215,0.04588823800440878,0.2829390579718165,0.032399786927271634,3.0,0.0,5.219352572104375,0.2829390579718165,0.8347862958908081,0.0
PLAIN_FM,5,5,0.0,0.0,0.12506265262684443,0.0,0.0,0.0,1.024111589195384,1.1134464589320625,0.6794110244132979,0.028927031792266078,28.92703179226608,7491.359719395606,0.0806604657728384,1.3826478225538388,0.06978093204088509,0.04405882995342836,0.0,0.0,0.0,0.0,0.0,0.0,0.0,0.0
L1_REPLACE,5,5,1.0,0.0,-0.0414289963327852,0.0,0.0,0.0,0.4491381316356298,1.2300261482704713,0.9341351358519445,0.0162485503059749,16.2485503059749,463.26248462281313,0.273013903830266,0.8024592145579716,0.40153376501984894,0.044770867039915174,0.27852183394134045,0.03157711506355554,3.0,0.0,5.201109440433879,0.27852183394134045,1.5733412504196167,0.0
L1_NO_REPLACE,5,5,1.0,0.0,-0.04069779038531027,0.0,0.0,0.0,0.4500976095801597,1.2014840264221758,0.9247485028487462,0.014803058387255597,14.803058387255597,401.624060190997,0.27358942968536787,0.800705977783478,0.40250516100786626,0.04558253096183762,0.27885021205293015,0.03167762700468302,3.0,0.0,5.205998980553413,0.27885021205293015,1.574465036392212,0.0
L05_REPLACE,5,5,1.0,0.0,-0.05435807068789568,0.0,0.0,0.0,0.4382238821021664,1.180390968097801,0.9325978112531623,0.012808570761104601,12.808570761104603,349.9945443782474,0.2764346996112784,0.7786410371991924,0.4020072169951163,0.045356163987889886,0.27866729599190876,0.03173017798690125,3.0,0.0,5.344570383228389,0.27866729599190876,1.5841913223266602,0.0
L05_NO_REPLACE,5,5,0.0,0.0,0.07601927907637412,0.0,0.0,0.0,0.7316300548779927,0.9915766810510055,0.7110226564192655,0.010999690822113273,10.999690822113273,1909.7468087624138,0.1629321526969984,1.0289590235843329,0.40165332797914743,0.0455118280951865,0.2779977489844896,0.031727836991194636,3.0,0.0,5.344570383228389,0.2779977489844896,0.8557747006416321,0.0
PLAIN_FM,5,6,0.0,0.0,0.13137678208655726,0.0,0.0,0.5483579635620117,1.0551989008686762,1.0897883294912807,0.6756903938331393,0.026591382312920686,26.591382312920686,7245.565441021285,0.10036865705570959,1.3879844989543602,0.06931191001785919,0.04378159291809425,0.0,0.0,0.0,0.0,0.0,0.0,0.0,0.0
L1_REPLACE,5,6,1.0,0.0,-0.04761415761303088,0.0,0.0,0.0,0.43761487208392963,1.2926519625315098,0.9359559263459419,0.018656304386743594,18.656304386743596,544.12872453935,0.28706789352294493,0.7487718982089765,0.4014600330265239,0.04464774706866592,0.27862356492551044,0.031815210939385,3.0,0.0,5.322757177431587,0.27862356492551044,1.6747726202011108,0.0
L1_NO_REPLACE,5,6,1.0,0.0,-0.04759581016523254,0.0,0.0,0.0,0.4375559826807718,1.2936944220867066,0.9362080234505866,0.018703126682575233,18.70312668257523,546.5663570559886,0.28700620649733155,0.7490761228440326,0.4023712969501503,0.045672720996662974,0.27878072898602113,0.03212400898337364,3.0,0.0,5.315888760155982,0.27878072898602113,1.6739718914031982,0.0
L05_REPLACE,5,6,1.0,0.0,-0.07166935647257763,0.0,0.0,0.0,0.41539368140676575,1.327887358953763,0.9753756723734213,0.0194228879874125,19.4228879874125,566.5213498152146,0.29221594197135053,0.7367041285603,0.40290769998682663,0.04551162611460313,0.2792449209955521,0.03182726202066988,3.0,0.0,5.477488491891101,0.2792449209955521,1.7013028860092163,0.0
L05_NO_REPLACE,5,6,0.0,0.0,0.07438143461643618,0.0,0.0,0.0,0.7350167396397762,1.0209249673681777,0.7076809836463478,0.010192541232905583,10.192541232905583,1622.7275287755028,0.1743602816673086,0.9991961015485207,0.4035277459770441,0.04570985405007377,0.2795546389534138,0.03187929198611528,3.0,0.0,5.477488491891101,0.2795546389534138,0.911760687828064,0.0
PLAIN_FM,5,7,0.0,0.0,0.12067860612920084,0.0,0.0,1.5700232982635498,1.011406730825788,1.131606928041124,0.6934784162688625,0.03888610385704361,38.88610385704361,10488.130298858157,0.09802681047335225,1.3800213287044023,0.06934840098256245,0.04375753499334678,0.0,0.0,0.0,0.0,0.0,0.0,0.0,0.0
L1_REPLACE,5,7,1.0,0.0,-0.01809885987234877,0.0,0.0,0.0,0.47946557202715034,1.058114785210481,0.8235313190485106,0.009893177965039749,9.893177965039749,412.12900970946686,0.28838986855336757,0.7953694739909811,0.4910960519919172,0.04459797398885712,0.3683312390348874,0.038260208966676146,3.0,0.0,4.588906548278205,0.3683312390348874,1.5512608289718628,0.0
L1_NO_REPLACE,5,7,1.0,0.0,-0.018830657033508474,0.0,0.0,0.0,0.47742903961217803,1.1140522009998828,0.8651192849776471,0.011586423764283593,11.586423764283595,435.1051689977292,0.27763474085557144,0.7950095608125214,0.4930041719926521,0.04575402499176562,0.3687644790043123,0.038318960985634476,3.0,0.0,4.552235258039146,0.3687644790043123,1.5149505138397217,0.0
L05_REPLACE,5,7,1.0,0.0,-0.04275781232252024,0.0,0.0,0.0,0.45466080914735396,1.2631597392306184,0.9558698438364556,0.016026114305433783,16.026114305433783,469.6230065719079,0.2703979304424631,0.791099225020787,0.4927175449556671,0.04570047289598733,0.36820504401111975,0.03819427901180461,3.0,0.0,4.690728688068911,0.36820504401111975,1.4871119260787964,0.0
L05_NO_REPLACE,5,7,0.0,0.0,0.07562915823012775,0.0,0.0,0.0,0.7314533063637122,1.0558585309479471,0.7505406302831519,0.014012352527023708,14.012352527023708,2657.5999532965075,0.168136961565393,1.0378523664531878,0.49549358704825863,0.046243726974353194,0.37033759901532903,0.03834548994200304,3.0,0.0,4.690728688068911,0.37033759901532903,0.7996169924736023,0.0
PLAIN_FM,5,8,0.0,0.0,0.13226127258045572,0.0,0.0,0.0,1.0563640269119563,1.143354611595043,0.6981493207231017,0.02422673226453398,24.22673226453398,5708.10011694931,0.13175506948199328,1.3931919810340503,0.06972096004756168,0.04394062701612711,0.0,0.0,0.0,0.0,0.0,0.0,0.0,0.0
L1_REPLACE,5,8,1.0,0.0,-0.045386758600241356,0.0,0.0,0.0,0.44915835827470396,1.227216804203959,0.9308656933356517,0.015300434098428309,15.30043409842831,443.85444844542576,0.29613961631242813,0.7607401732370521,0.40278188697993755,0.044850809092167765,0.2792752920649946,0.03176815895130858,3.0,0.0,5.26125941803778,0.2792752920649946,1.6649391651153564,0.0
L1_NO_REPLACE,5,8,1.0,0.0,-0.04538146069228839,0.0,0.0,0.0,0.448863106616995,1.2980219703124214,0.9618539248655108,0.01857680594452149,18.576805944521492,540.5074066561655,0.2953933305258024,0.764793597359699,0.40374007099308074,0.045842676947358996,0.2793910740292631,0.03177984990179539,3.0,0.0,5.234338469188118,0.2793910740292631,1.6541311740875244,0.0
L05_REPLACE,5,8,1.0,0.0,-0.06459297963234324,0.0,0.0,0.0,0.4285284455321335,1.290972792565666,0.9857858937598611,0.016692824043229762,16.692824043229763,449.2768528909299,0.29936181974973286,0.7439293354154068,0.4033442409709096,0.04562218097271398,0.279436037002597,0.0318887330358848,3.0,0.0,5.4067274944345,0.279436037002597,1.6793450117111206,0.0
L05_NO_REPLACE,5,8,0.0,0.0,0.07439766318558841,0.0,0.0,0.0,0.7414879017913003,1.0530913924592804,0.7460976064783666,0.011174043363600283,11.174043363600283,1809.0240334979412,0.19077102378752747,1.0097428234850039,0.40337928204098716,0.045566700922790915,0.2795222969725728,0.031747448025271297,3.0,0.0,5.4067274944345,0.2795222969725728,0.9020451903343201,0.0
PLAIN_FM,5,9,0.0,0.0,0.14043157986084392,0.0,0.0,0.0,1.0438763916096945,1.0387363170264607,0.6427461930393862,0.01164575953047553,11.64575953047553,2297.5316525174703,0.07764887988688458,1.3991922719483345,0.06954963598400354,0.04389699496096,0.0,0.0,0.0,0.0,0.0,0.0,0.0,0.0
L1_REPLACE,5,9,1.0,0.0,-0.04689255317478212,0.0,0.0,0.0,0.43094851184517496,1.2446326831612076,0.9264327658881135,0.017536159329479717,17.536159329479716,509.72629971422487,0.27766737652142015,0.8012680564723221,0.4010944520123303,0.04465672600781545,0.27809436997631565,0.030585289001464844,3.0,0.0,5.294695787524629,0.27809436997631565,1.6422338485717773,0.0
L1_NO_REPLACE,5,9,1.0,0.0,-0.04696707456757124,0.0,0.0,0.0,0.43087394749593627,1.2440685145247687,0.9259931230812315,0.017512417167031613,17.51241716703161,509.12279630708764,0.27771430667920904,0.8013978028091068,0.4013232180150226,0.04550616699270904,0.27767812000820413,0.03047930489992723,3.0,0.0,5.295574093388855,0.27767812000820413,1.6425470113754272,0.0
L05_REPLACE,5,9,1.0,0.0,-0.06879761073385293,0.0,0.0,0.0,0.40977828498750923,1.2961912237311917,0.9580158073106269,0.019025563759387965,19.025563759387964,551.043052182304,0.2859851884343523,0.7894130189485158,0.40264646301511675,0.045681052026338875,0.2785699420492165,0.031408319948241115,3.0,0.0,5.490445444428174,0.2785699420492165,1.6896884441375732,0.0
L05_NO_REPLACE,5,9,0.0,0.0,0.07853910558504795,0.0,0.0,0.0,0.7254570161606385,0.9905786899179617,0.7022371696036271,0.008322750296383852,8.322750296383852,818.8166753279269,0.16646678115056032,1.0271816748347697,0.40367374900961295,0.04583758697845042,0.2789261220023036,0.031509572989307344,3.0,0.0,5.490445444428174,0.2789261220023036,0.904291033744812,0.0
PLAIN_FM,5,10,0.0,0.0,0.12736707763224725,0.0,0.0,0.0,1.0138863933437379,1.0904809662410313,0.6780003033806468,0.01772321143752187,17.72321143752187,4429.1205757503785,0.08942539588070322,1.3821667818093752,0.07081269903574139,0.04471288697095588,0.0,0.0,0.0,0.0,0.0,0.0,0.0,0.0
L1_REPLACE,5,10,1.0,0.0,-0.03138609922331191,0.0,0.0,0.0,0.4536830618877811,1.2394287859021982,0.9315616556794262,0.015651360524308988,15.651360524308988,447.3603703081086,0.270280838621694,0.7842361340081104,0.4068928729975596,0.04547451593680307,0.28218244697200134,0.03172763797920197,3.0,0.0,4.937641166156779,0.28218244697200134,1.537057876586914,0.0
L1_NO_REPLACE,5,10,1.0,0.0,-0.032191770454915336,0.0,0.0,0.0,0.4523125022186433,1.2695043459693753,0.9391739062110738,0.017331682626866407,17.331682626866407,513.8046455944122,0.27129318841161637,0.7844772456822968,0.4022210109978914,0.04564118210691959,0.2784494600491598,0.031307047058362514,3.0,0.0,4.941516489633834,0.2784494600491598,1.5389759540557861,0.0
L05_REPLACE,5,10,1.0,0.0,-0.050464470129928274,0.0,0.0,0.0,0.4371723900328052,1.3109890083335967,0.9687989912481108,0.01841121096546225,18.41121096546225,544.0650989649423,0.2776478327014931,0.7741000982766029,0.4036831689882092,0.04562537104357034,0.2796899729873985,0.031256204936653376,3.0,0.0,5.1100770657112555,0.2796899729873985,1.5646770000457764,0.0
L05_NO_REPLACE,5,10,0.0,0.0,0.07941218848940185,0.0,0.0,0.0,0.7227823004207561,1.048594312963982,0.7385857681813603,0.009143756948580384,9.143756948580384,1191.5001504220204,0.1672960310334966,1.0243673330204646,0.40271473402390257,0.045660250005312264,0.27857911196770146,0.03126003604847938,3.0,0.0,5.1100770657112555,0.27857911196770146,0.8395805358886719,0.0
PLAIN_FM,5,11,0.0,0.0,0.12414633673894798,0.0,0.0,0.0,1.0389437348363448,1.095945147372332,0.6704444468464524,0.024090072216807812,24.090072216807812,6634.55075813637,0.08778220732537623,1.3868349925024481,0.06948488397756591,0.04391498595941812,0.0,0.0,0.0,0.0,0.0,0.0,0.0,0.0
L1_REPLACE,5,11,1.0,0.0,-0.03513664677799022,0.0,0.0,0.0,0.4604634208153352,1.009379292844803,0.7967013745599939,0.007753193127142621,7.75319312714262,254.0823854819907,0.28869544414358145,0.778149627866432,0.4013211270212196,0.04455654299817979,0.27847167098661885,0.03159529308322817,3.0,0.0,5.222738357241877,0.27847167098661885,1.6198700666427612,0.0
L1_NO_REPLACE,5,11,1.0,0.0,-0.03550165290536983,0.0,0.0,0.0,0.460270227392261,1.0234018683673454,0.8079320916576137,0.008256618208715871,8.25661820871587,266.9901223463944,0.28594192593551776,0.7756674398172662,0.4051685379818082,0.04583398508839309,0.28070221800589934,0.031849561957642436,3.0,0.0,5.142849392556502,0.28070221800589934,1.6137176752090454,0.0
L05_REPLACE,5,11,1.0,0.0,-0.06228488632325761,0.0,0.0,0.0,0.43153570011620784,1.2888932416197836,0.9761667462179289,0.017458867515169577,17.458867515169576,491.6042120840194,0.28250917618245164,0.7745122507849609,0.4057150420267135,0.04579422407550737,0.2809035850223154,0.032133628032170236,3.0,0.0,5.320717978626556,0.2809035850223154,1.6306689977645874,0.0
L05_NO_REPLACE,5,11,0.0,0.0,0.0728178385493618,0.0,0.0,0.0,0.7346296361809512,1.0148068136124726,0.7277814319208469,0.010642268973993119,10.642268973993119,1922.6135099242647,0.16754583826219122,1.0205119017784152,0.4034138519782573,0.04571568395476788,0.27925170096568763,0.032337845070287585,3.0,0.0,5.320717978626556,0.27925170096568763,0.8762454986572266,0.0
PLAIN_FM,5,12,0.0,0.0,0.13352759275806877,0.0,0.0,0.0,1.0492554882105656,1.0856201191749169,0.6522166787634698,0.01853771639613022,18.53771639613022,4399.668772795361,0.09687233426015826,1.4030506430047995,0.06964965799124911,0.04395790694979951,0.0,0.0,0.0,0.0,0.0,0.0,0.0,0.0
L1_REPLACE,5,12,1.0,0.0,-0.04668152354539766,0.0,0.0,0.0,0.43638219394489725,1.2379426663012827,0.9246449027446415,0.01540885475486281,15.40885475486281,423.38685203143217,0.28562808631220643,0.7670893340790894,0.4038622129592113,0.04491355299251154,0.2802267959341407,0.03195452404906973,3.0,0.0,5.255967710548527,0.2802267959341407,1.6499773263931274,0.0
L1_NO_REPLACE,5,12,1.0,0.0,-0.048929773801264675,0.0,0.0,0.0,0.4342800870777685,1.2993518007073661,0.9441031068861394,0.018784287253400367,18.784287253400368,545.143836695422,0.28611041492200107,0.7764912192047165,0.40316798497224227,0.045641571981832385,0.27904045407194644,0.031644445029087365,3.0,0.0,5.256758907979054,0.27904045407194644,1.648317575454712,0.0
L05_REPLACE,5,12,1.0,0.0,-0.07248386634884157,0.0,0.0,0.0,0.4119023526954048,1.342032289745815,0.9804918487152701,0.020011178073062647,20.01117807306265,581.94161143164,0.2937522462625398,0.7635578617389301,0.402626961003989,0.045756154984701425,0.2784932510112412,0.03141575900372118,3.0,0.0,5.42357149959175,0.2784932510112412,1.6850720643997192,0.0
L05_NO_REPLACE,5,12,0.0,0.0,0.07556586127884873,0.0,0.0,0.0,0.7313458077598214,1.0462849294725647,0.7253964829630807,0.009968875345601091,9.968875345601091,1320.9631824442347,0.17698907445961878,1.0211437572539714,0.407432766049169,0.046087533060926944,0.28212111396715045,0.0318418710376136,3.0,0.0,5.42357149959175,0.28212111396715045,0.9016305804252625,0.0
PLAIN_FM,5,13,0.0,0.0,0.12745007840998718,0.0,0.0,0.0,1.043334084162802,1.0769816991570154,0.6626184654248416,0.023291995851923986,23.291995851923986,6670.6103797084625,0.08746526114362514,1.3967351125599872,0.06971022003563121,0.04397522012004629,0.0,0.0,0.0,0.0,0.0,0.0,0.0,0.0
L1_REPLACE,5,13,1.0,0.0,-0.04023305646654164,0.0,0.0,0.0,0.4482333668607432,1.2715857806797073,0.9288955577043805,0.01792685709522658,17.92685709522658,526.3536080423305,0.27757714772321446,0.8016527257829699,0.40267640200909227,0.044959472957998514,0.27928083000006154,0.03153801301959902,3.0,0.0,5.2015361341512225,0.27928083000006154,1.6003663539886475,0.0
L1_NO_REPLACE,5,13,1.0,0.0,-0.040151293695542864,0.0,0.0,0.0,0.44822942930783677,1.2680635307477668,0.9276971824566228,0.01770969759497687,17.70969759497687,512.8539725246295,0.2776788965283784,0.8008739013590689,0.4030603519640863,0.04563505109399557,0.2792146290303208,0.03152453404618427,3.0,0.0,5.202742012409634,0.2792146290303208,1.6014354228973389,0.0
L05_REPLACE,5,13,1.0,0.0,-0.06223548102925462,0.0,0.0,0.0,0.4265470084671516,1.3190259109002558,0.9603594034161002,0.019211861389354743,19.211861389354745,564.994535153682,0.2855330273262813,0.7875310616354422,0.4024908670107834,0.04547564598033205,0.2788053179974668,0.03142879100050777,3.0,0.0,5.386081919565561,0.2788053179974668,1.6387596130371094,0.0
L05_NO_REPLACE,5,13,0.0,0.0,0.07253244424358415,0.0,0.0,0.0,0.7337702795374786,1.024985502175891,0.7118110042455232,0.010993487426265602,10.993487426265602,1887.3757716850296,0.17077755516049678,1.0293877466548418,0.4027292730170302,0.04545706807402894,0.27880184701643884,0.031463111052289605,3.0,0.0,5.386081919565561,0.27880184701643884,0.8791452646255493,0.0
PLAIN_FM,5,14,0.0,0.0,0.1329804731903166,0.0,0.0,0.0,1.0442958947746432,1.06789544059692,0.6469307142423485,0.021968065970684236,21.968065970684236,5876.6174102621535,0.08220868336700622,1.3971959296716019,0.06948982400353998,0.0438720160163939,0.0,0.0,0.0,0.0,0.0,0.0,0.0,0.0
L1_REPLACE,5,14,1.0,0.0,-0.046580561330332684,0.0,0.0,0.0,0.43563566339389304,1.2683643046364295,0.9331531645077522,0.017633718817012492,17.63371881701249,506.715390049374,0.27954026665266335,0.7822264075844826,0.40232312196167186,0.04486054094741121,0.2790208729566075,0.031578083988279104,3.0,0.0,5.216700936727294,0.2790208729566075,1.6253023147583008,0.0
L1_NO_REPLACE,5,14,1.0,0.0,-0.045890036013837024,0.0,0.0,0.0,0.4364386314155523,1.2537447442761316,0.9274598259250464,0.016773554584041284,16.773554584041285,466.883464695722,0.27956692618449497,0.7788744734058042,0.4029265280114487,0.045649301959201694,0.2788523000199348,0.031566654972266406,3.0,0.0,5.214359166822315,0.2788523000199348,1.6236600875854492,0.0
L05_REPLACE,5,14,1.0,0.0,-0.06835794298667887,0.0,0.0,0.0,0.4153056059196195,1.3189570112579863,0.9701848174116943,0.019105743241531113,19.105743241531112,549.1916684820634,0.286300882478844,0.7717064058089077,0.40259795903693885,0.0455431281006895,0.2786553850164637,0.031412429991178215,3.0,0.0,5.381999022603273,0.2786553850164637,1.6569433212280273,0.0
L05_NO_REPLACE,5,14,0.0,0.0,0.0752834519255621,0.0,0.0,0.0,0.730302337102622,1.0196987324522884,0.7123562260132608,0.010328640860008065,10.328640860008065,1588.210334659301,0.16867504111971915,1.0225679707293869,0.4025393879855983,0.04557251988444477,0.2785887219943106,0.03140121104661375,3.0,0.0,5.381999022603273,0.2785887219943106,0.8858616352081299,0.0
PLAIN_FM,5,15,0.0,0.0,0.12475338578692405,0.0,0.0,0.0,1.0097927349631268,1.0957450424609099,0.6997088622556523,0.025226998378444776,25.226998378444776,6771.982145466992,0.08598495340997601,1.351080360867846,0.06972615997074172,0.04389904596609995,0.0,0.0,0.0,0.0,0.0,0.0,0.0,0.0
L1_REPLACE,5,15,1.0,0.0,-0.03499002400633848,0.0,0.0,0.0,0.4463201399324828,1.1728497413055854,0.8855276542323179,0.013804918202475591,13.80491820247559,399.1294255586309,0.277494585065563,0.7895531193366104,0.49498611100716516,0.04455795488320291,0.3719065770274028,0.042265791969839483,3.0,0.0,5.204952003346745,0.3719065770274028,1.5812956094741821,0.0
L1_NO_REPLACE,5,15,1.0,0.0,-0.03988599869220827,0.0,0.0,0.0,0.4430101354071919,1.2595317334252494,0.9236266430619866,0.01785244157576238,17.85244157576238,523.549950419211,0.2770466439661068,0.7715000228426363,0.49606560898246244,0.045577719050925225,0.37215595599263906,0.042168669984675944,3.0,0.0,5.221319481567718,0.37215595599263906,1.5863025188446045,0.0
L05_REPLACE,5,15,1.0,0.0,-0.04800500788043503,0.0,0.0,0.0,0.43665357882058803,1.2281131990402168,0.9310894820563818,0.015097098895759678,15.097098895759679,418.1614144899884,0.2724259962951496,0.7799627883534415,0.40351707296213135,0.04589956603012979,0.27911837497958913,0.031768209009896964,3.0,0.0,5.467457082770503,0.27911837497958913,1.5676307678222656,0.0
L05_NO_REPLACE,5,15,0.0,0.0,0.07669036414365804,0.0,0.0,0.0,0.7212915577866742,1.0164783831969233,0.7248529688873829,0.011150521034097416,11.150521034097416,2082.0139677655725,0.16394618503666344,1.0109771291073555,0.40336623904295266,0.045598510070703924,0.2792349589872174,0.03176453005289659,3.0,0.0,5.467457082770503,0.2792349589872174,0.8454949855804443,0.0
PLAIN_FM,5,16,0.0,0.0,0.13919052849147426,0.0,0.0,0.0,1.0682793121791567,1.0822743568308646,0.6552415359076245,0.020892055243454166,20.892055243454166,5368.343948950649,0.09767876874563142,1.4101907662987312,0.06965421797940508,0.04397730797063559,0.0,0.0,0.0,0.0,0.0,0.0,0.0,0.0
L1_REPLACE,5,16,1.0,0.0,-0.061793066015960005,0.0,0.0,0.0,0.41799099715510174,1.3042242752415376,0.9359932199518829,0.019053521102213866,19.053521102213868,543.5076076653389,0.29494908594834274,0.7630415332205236,0.4023864929913543,0.04472264798823744,0.2790284429793246,0.03151592402718961,3.0,0.0,5.421668764524544,0.2790284429793246,1.7424378395080566,0.0
L1_NO_REPLACE,5,16,1.0,0.0,-0.06209521342995608,0.0,0.0,0.0,0.4176172730420289,1.3077838977234735,0.9370856430654693,0.01926810898748671,19.268108987486713,553.1803507615174,0.2953738302166079,0.7633842530263212,0.4040213060216047,0.04593036702135578,0.2792506479891017,0.03150655300123617,3.0,0.0,5.42195248905558,0.2792506479891017,1.7448525428771973,0.0
L05_REPLACE,5,16,1.0,0.0,-0.07045729027863545,0.0,0.0,0.0,0.41104699557606816,1.3291118846516439,0.9677608155138849,0.01986836323061808,19.868363230618083,575.6976282853653,0.2940829988711249,0.7654159193582505,0.40685456997016445,0.04589879896957427,0.28200330201070756,0.03185283194761723,3.0,0.0,5.53370408916873,0.28200330201070756,1.7291501760482788,0.0
L05_NO_REPLACE,5,16,0.0,0.0,0.07745584883109347,0.0,0.0,0.0,0.7394365506931946,1.0150402943319072,0.6946318664834383,0.01001932940559147,10.01932940559147,1350.3327312142767,0.17328793255887492,1.0167247406423021,0.40285471495008096,0.045646229991689324,0.2787714170408435,0.03144124994287267,3.0,0.0,5.53370408916873,0.2787714170408435,0.9266190528869629,0.0
PLAIN_FM,5,17,0.0,0.0,0.12144912194861254,0.0,0.0,0.0,1.0258935880358655,1.11435410123244,0.669572049098134,0.02916878576394044,29.16878576394044,8014.121242484506,0.08853324717557644,1.3873034648345668,0.06961361702997237,0.04390411707572639,0.0,0.0,0.0,0.0,0.0,0.0,0.0,0.0
L1_REPLACE,5,17,1.0,0.0,-0.036918677813792294,0.0,0.0,0.0,0.4482623515794685,1.2848189153967537,0.9361847377208857,0.01778340054807044,17.783400548070443,509.69579614800887,0.27438461730344965,0.7899530442857216,0.40240495395846665,0.04471714695682749,0.2792468089610338,0.031682578031904995,3.0,0.0,5.034704403524101,0.2792468089610338,1.5651216506958008,0.0
L1_NO_REPLACE,5,17,1.0,0.0,-0.037211126987159476,0.0,0.0,0.0,0.4479663420977406,1.2796804463648292,0.9337814190016135,0.01754537473198542,17.54537473198542,499.2976122492776,0.2745384236236238,0.7897638528305144,0.40311495104106143,0.045411126979161054,0.2791997080203146,0.031675717036705464,3.0,0.0,5.032918113139647,0.2791997080203146,1.5677164793014526,0.0
L05_REPLACE,5,17,1.0,0.0,-0.05649263472311744,0.0,0.0,0.0,0.4314022968907132,1.3323015474216287,0.966591671602073,0.01910750371741931,19.10750371741931,555.2688039296336,0.28168919480954097,0.7793595502859267,0.4031939440174028,0.045682500989641994,0.2791428860509768,0.03155619406607002,3.0,0.0,5.194094841509778,0.2791428860509768,1.5913996696472168,0.0
L05_NO_REPLACE,5,17,0.0,0.0,0.07326134999802511,0.0,0.0,0.0,0.7272346766200902,1.055526992157585,0.7163665352760779,0.01194188544371344,11.94188544371344,2072.2118963467874,0.16789987179786528,1.0280414179992758,0.4061095300130546,0.04583550593815744,0.2813633640180342,0.0322015110286884,3.0,0.0,5.194094841509778,0.2813633640180342,0.8523116707801819,0.0
PLAIN_FM,5,18,0.0,0.0,0.13636715478625072,0.0,0.0,0.0,1.0539572210563113,1.056125524813487,0.628518225381057,0.022638772103336535,22.638772103336535,6113.155845956975,0.08842161031262774,1.3979164465335794,0.06952209497103468,0.04383661493193358,0.0,0.0,0.0,0.0,0.0,0.0,0.0,0.0
L1_REPLACE,5,18,1.0,0.0,-0.052495645278775455,0.0,0.0,0.0,0.4261246032201297,1.3008145416943337,0.9488863055111854,0.019133641948436975,19.133641948436974,553.3440099058151,0.2852560641261773,0.7705634158674497,0.4024113040068187,0.04474565596319735,0.27900324104120955,0.03158839500974864,3.0,0.0,5.293767452643051,0.27900324104120955,1.6860119104385376,0.0
L1_NO_REPLACE,5,18,1.0,0.0,-0.05287077950955932,0.0,0.0,0.0,0.4258214397744414,1.2986726325822158,0.9474070065144548,0.019048820152684,19.048820152683998,549.8032859943546,0.285765911355185,0.7699759667289983,0.4033144370187074,0.04562151897698641,0.27898725197883323,0.03158444497967139,3.0,0.0,5.2991155113831265,0.27898725197883323,1.6899088621139526,0.0
L05_REPLACE,5,18,1.0,0.0,-0.07518342347213501,0.0,0.0,0.0,0.4067985206240161,1.329873444399243,0.9830373628573769,0.01961157503466078,19.61157503466078,564.1929862669274,0.2896892850685361,0.7618495680830419,0.4033271470107138,0.04558200907194987,0.2793005299754441,0.0315315630286932,3.0,0.0,5.45639913444235,0.2793005299754441,1.7110878229141235,0.0
L05_NO_REPLACE,5,18,0.0,0.0,0.07656261399550135,0.0,0.0,0.0,0.7292978885774603,1.0138915410483025,0.7015605198076004,0.010250056180577616,10.250056180577616,1558.0624452145032,0.1681418179118543,1.0132597354091337,0.4035016010166146,0.04571151308482513,0.27922765794210136,0.03158898500259966,3.0,0.0,5.45639913444235,0.27922765794210136,0.9171379804611206,0.0
PLAIN_FM,5,19,0.0,0.0,0.12251054287680746,0.0,0.0,2.880878448486328,1.0094391631113901,1.1707519209984756,0.721173996794609,0.031732495297875474,31.732495297875474,7475.569602123413,0.08293118119337789,1.3612820874607252,0.06933440896682441,0.043715510924812406,0.0,0.0,0.0,0.0,0.0,0.0,0.0,0.0
L1_REPLACE,5,19,1.0,0.0,-0.030259656860428585,0.0,0.0,0.0,0.45644754360315004,1.1688757452201444,0.8836918231232359,0.013953720469075892,13.953720469075893,402.6481496845036,0.2731033859505033,0.7751717990030659,0.4020597040071152,0.04465355502907187,0.27878208598122,0.031673657067585737,3.0,0.0,5.437889544800701,0.27878208598122,1.5412474870681763,0.0
L1_NO_REPLACE,5,19,1.0,0.0,-0.03030667643016935,0.0,0.0,0.0,0.45635842180661074,1.1642649614426628,0.8891758998073109,0.013760267469077159,13.760267469077162,414.8572750670321,0.2725212496851751,0.7735099754978317,0.40299574803793803,0.045705783006269485,0.2790273140417412,0.03169594705104828,3.0,0.0,5.358499244207767,0.2790273140417412,1.5375758409500122,0.0
L05_REPLACE,5,19,1.0,0.0,-0.049829796699381035,0.0,0.0,0.0,0.4367843002235228,1.2682324107498006,0.9438155571193333,0.017128683682959903,17.128683682959903,486.7757218220372,0.2762621489793036,0.769011823100904,0.4025277960463427,0.04562833107775077,0.2787198050064035,0.03145821997895837,3.0,0.0,5.530397455458376,0.2787198050064035,1.5573309659957886,0.0
L05_NO_REPLACE,5,19,0.0,0.0,0.07582632971444686,0.0,0.0,0.0,0.7216711584586268,1.0440730962618632,0.728975653178904,0.012413304750879428,12.413304750879428,2046.8958720078813,0.16594084306511797,1.0109117339263012,0.40286359400488436,0.04563793196575716,0.2785706599825062,0.03147943096701056,3.0,0.0,5.530397455458376,0.2785706599825062,0.8398922681808472,0.0
PLAIN_FM,5,20,0.0,0.0,0.13939879314092704,0.0,0.0,0.0,1.0475136207145448,1.0711812642381275,0.6512319213395242,0.02100427428134566,21.00427428134566,5435.092937882669,0.08701237895180589,1.3945714126813378,0.06967818801058456,0.04393610794795677,0.0,0.0,0.0,0.0,0.0,0.0,0.0,0.0
L1_REPLACE,5,20,1.0,0.0,-0.041366020391787287,0.0,0.0,0.0,0.43886695084294863,1.0801353782729592,0.842638164250174,0.01074101167648267,10.741011676482671,356.7928602755733,0.2934897154340558,0.801280090857057,0.40186977898702025,0.0448060900089331,0.27851300995098427,0.030803303990978748,3.0,0.0,5.29255976570837,0.27851300995098427,1.6590725183486938,0.0
L1_NO_REPLACE,5,20,1.0,0.0,-0.04564435267710207,0.0,0.0,0.0,0.43397435345767993,1.2213316096821931,0.9110003731045819,0.01584712851645348,15.847128516453479,445.586994618774,0.2834063096728374,0.7905647857542917,0.4023453809786588,0.04546868591569364,0.2784942989819683,0.030745362979359925,3.0,0.0,5.293177560165001,0.2784942989819683,1.6545805931091309,0.0
L05_REPLACE,5,20,1.0,0.0,-0.06797848615666861,0.0,0.0,0.0,0.412337539631635,1.2899197173566193,0.9474953779272994,0.018186220010007262,18.18622001000726,522.9995939496926,0.29153808881989207,0.7790648009933073,0.4030768299708143,0.04574649495771155,0.27896348998183385,0.03125231701415032,3.0,0.0,5.470117700399199,0.27896348998183385,1.6961649656295776,0.0
L05_NO_REPLACE,5,20,0.0,0.0,0.07752171582241954,0.0,0.0,0.0,0.7285707796859963,0.9957642829809528,0.6818010005951063,0.009767973044624512,9.767973044624512,1494.3509456839088,0.1727473194856902,1.0205991408508817,0.40482812601840124,0.04553715803194791,0.2807821589522064,0.03150062100030482,3.0,0.0,5.470117700399199,0.2807821589522064,0.9079349040985107,0.0
PLAIN_FM,5,21,0.0,0.0,0.13197784931088635,0.0,0.0,0.0,1.0328898758395564,1.078201447187949,0.6804303572561561,0.02253477280537819,22.534772805378193,5904.706637601098,0.08578386336882078,1.3748251849651896,0.06942365202121437,0.04379649314796552,0.0,0.0,0.0,0.0,0.0,0.0,0.0,0.0
L1_REPLACE,5,21,1.0,0.0,-0.04156010515681187,0.0,0.0,0.0,0.4461667982474314,1.2784579633556772,0.9489810146030421,0.018350706218657087,18.350706218657088,530.9270785341769,0.2696626311639705,0.7977693323368228,0.49240252102026716,0.04475721693597734,0.3691578139550984,0.03884624398779124,3.0,0.0,4.875008092409856,0.3691578139550984,1.5930519104003906,0.0
L1_NO_REPLACE,5,21,1.0,0.0,-0.04047153832509473,0.0,0.0,0.0,0.446730545793249,1.2719868714155211,0.9444745349632048,0.01816195194671666,18.16195194671666,526.3799759643194,0.27048289594443253,0.7928746975006534,0.4064916289644316,0.04590363911120221,0.28124644001945853,0.0315049720229581,3.0,0.0,5.118976661662716,0.28124644001945853,1.5984762907028198,0.0
L05_REPLACE,5,21,1.0,0.0,-0.05985088368785896,0.0,0.0,0.0,0.42962925007744074,1.3068375352996693,0.9721615356458092,0.01895155740960336,18.95155740960336,549.9938956851137,0.27577728968429194,0.7822434858928963,0.40303996799048036,0.04570942290592939,0.27871425298508257,0.03126138495281339,3.0,0.0,5.29281211596126,0.27871425298508257,1.6267679929733276,0.0
L05_NO_REPLACE,5,21,0.0,0.0,0.07702738620636188,0.0,0.0,0.0,0.7293487594789007,1.0274114695599124,0.7300309309016266,0.010783652219995332,10.783652219995332,1654.6854161844312,0.16072249190066093,1.0161502160317466,0.40354654198745266,0.0458332949783653,0.2791740749962628,0.03135247895261273,3.0,0.0,5.29281211596126,0.2791740749962628,0.8725081086158752,0.0
PLAIN_FM,5,22,0.0,0.0,0.1400190696399378,0.0,0.0,0.0,1.0615292575118238,1.0906050307423536,0.6758551876602804,0.024327636343722148,24.327636343722148,6815.4698987258125,0.09371391364075793,1.413688024438203,0.06949867395451292,0.04383089701877907,0.0,0.0,0.0,0.0,0.0,0.0,0.0,0.0
L1_REPLACE,5,22,1.0,0.0,-0.05002197095806572,0.0,0.0,0.0,0.4322534917141547,1.268561808192989,0.9411572407396631,0.017587386901378343,17.587386901378345,493.268542934816,0.2846031125324779,0.7755261585981341,0.40316519199404866,0.0448543808888644,0.2797706709825434,0.03151803195942193,3.0,0.0,5.525265375928816,0.2797706709825434,1.701509714126587,0.0
L1_NO_REPLACE,5,22,1.0,0.0,-0.05018242838758437,0.0,0.0,0.0,0.4321013981822582,1.2816017975219114,0.9466069867195592,0.01823290683540013,18.232906835400133,525.3192600347401,0.28435617666983654,0.7762235151650809,0.4036530940211378,0.04558401001850143,0.27985870302654803,0.03154172393260524,3.0,0.0,5.444298941758736,0.27985870302654803,1.6987794637680054,0.0
L05_REPLACE,5,22,1.0,0.0,-0.07441874199072893,0.0,0.0,0.0,0.41017767165595204,1.3326974203062463,0.9879967774391981,0.019784794360793945,19.784794360793946,572.9480659162845,0.2921445906077015,0.7656385527293974,0.4068903890438378,0.045727784920018166,0.2824804030242376,0.03184202895499766,3.0,0.0,5.614431555318562,0.2824804030242376,1.732740879058838,0.0
L05_NO_REPLACE,5,22,0.0,0.0,0.07762772620999037,0.0,0.0,0.0,0.7348857023106237,1.0208113287411518,0.725165450922712,0.011034835852831826,11.034835852831826,2042.6852646115103,0.17225010987271908,1.0209512813949055,0.40352306101704016,0.0456367899896577,0.27953778399387375,0.03164095594547689,3.0,0.0,5.614431555318562,0.27953778399387375,0.9300922155380249,0.0
PLAIN_FM,5,23,0.0,0.0,0.12377824964561984,0.0,0.0,0.0,1.0049267080194686,1.103162203808835,0.6716654219162134,0.02230940672996784,22.30940672996784,5587.77356856437,0.08370329340441163,1.3755725737107396,0.06961094698635861,0.043873155082110316,0.0,0.0,0.0,0.0,0.0,0.0,0.0,0.0
L1_REPLACE,5,23,1.0,0.0,-0.0271078076153409,0.0,0.0,0.0,0.4619142989517661,1.208115544489008,0.8882346753579037,0.01458006796497037,14.580067964970368,414.20690554577897,0.2678732682819201,0.8041900633752939,0.40337826701579615,0.044840500922873616,0.27988778601866215,0.03158317500492558,3.0,0.0,4.805277068354998,0.27988778601866215,1.480305790901184,0.0
L1_NO_REPLACE,5,23,1.0,0.0,-0.02706728337227579,0.0,0.0,0.0,0.4621497092687407,1.1968699517366086,0.8836474523271766,0.014112258844074535,14.112258844074535,403.85787316577074,0.2675231429223095,0.8050974416789461,0.4033874869928695,0.045834714954253286,0.27927443792577833,0.031414239027071744,3.0,0.0,4.8037719462848445,0.27927443792577833,1.4795689582824707,0.0
L05_REPLACE,5,23,1.0,0.0,-0.041328458016905836,0.0,0.0,0.0,0.4503751430528029,1.1428889754457328,0.8543231154826756,0.011339868141347867,11.339868141347868,328.8420460894461,0.27428916447440926,0.7949847778028006,0.4034179470036179,0.045694431057199836,0.27931651001563296,0.03155097394483164,3.0,0.0,4.959256149851463,0.27931651001563296,1.4961426258087158,0.0
L05_NO_REPLACE,5,23,0.0,0.0,0.0783869873008323,0.0,0.0,0.0,0.7252912839669398,0.9998520152040409,0.6734081921368209,0.009149442696555043,9.149442696555043,1435.536532126247,0.16726990826946947,1.0381418546231882,0.4036813940037973,0.04559395898832008,0.279415140976198,0.031519894022494555,3.0,0.0,4.959256149851463,0.279415140976198,0.8057203888893127,0.0
PLAIN_FM,5,24,0.0,0.0,0.13310987595684623,0.0,0.0,0.0,1.055341158864158,1.0778147675346461,0.6521379763837094,0.025936653270338006,25.93665327033801,7167.983244135634,0.10165621185771176,1.3991550062901605,0.06967901799362153,0.04391958500491455,0.0,0.0,0.0,0.0,0.0,0.0,0.0,0.0
L1_REPLACE,5,24,1.0,0.0,-0.04461722734164973,0.0,0.0,0.0,0.43636677282898717,1.276685558287139,0.9251120395346208,0.018416995392754987,18.416995392754988,531.6853862649185,0.2876903955241409,0.7921064073775601,0.40384683903539553,0.04507228499278426,0.2801490609999746,0.031721957959234715,3.0,0.0,5.319497077489197,0.2801490609999746,1.6625359058380127,0.0
L1_NO_REPLACE,5,24,1.0,0.0,-0.044317515400863344,0.0,0.0,0.0,0.4364515493893084,1.279564681711512,0.925097950773049,0.01859143880282793,18.591438802827934,539.7172282230412,0.2872537558017887,0.7930870078723113,0.4070137420203537,0.04574763402342796,0.282058339973446,0.031819180003367364,3.0,0.0,5.3266801623789295,0.282058339973446,1.6604149341583252,0.0
L05_REPLACE,5,24,1.0,0.0,-0.06983324878171797,0.0,0.0,0.0,0.4119513182063677,1.3268606048969716,0.9725320871289865,0.019885523542373884,19.88552354237389,577.6609929944,0.2925696870910925,0.7831707317440685,0.4062995220301673,0.046272987965494394,0.2810097840265371,0.031666915921960026,3.0,0.0,5.491408156110072,0.2810097840265371,1.693738579750061,0.0
L05_NO_REPLACE,5,24,0.0,0.0,0.07435285156734753,0.0,0.0,0.0,0.7318446348916794,1.019853359969656,0.703896258116226,0.01150148527894057,11.50148527894057,2064.1185281228045,0.17770599722211067,1.0230044766328885,0.4045078060007654,0.04576557315886021,0.28013421001378447,0.031818559975363314,3.0,0.0,5.491408156110072,0.28013421001378447,0.9080858826637268,0.0
PLAIN_FM,5,25,0.0,0.0,0.1366305743120511,0.0,0.0,0.0,1.0666923179307208,1.0785557315163727,0.6771233309508278,0.019511125782474714,19.511125782474714,4827.811503395728,0.09682769714145502,1.4160182935535317,0.06968761794269085,0.04396899702260271,0.0,0.0,0.0,0.0,0.0,0.0,0.0,0.0
L1_REPLACE,5,25,1.0,0.0,-0.05182396758354882,0.0,0.0,0.0,0.4356423211693859,1.295379037678948,0.9608023680941109,0.01904367707784206,19.043677077842062,557.7783502048864,0.28334024121777,0.7690865247225166,0.40285431302618235,0.04482067906064913,0.2793999999994412,0.03157620504498482,3.0,0.0,5.385433432355447,0.2793999999994412,1.700792908668518,0.0
L1_NO_REPLACE,5,25,1.0,0.0,-0.05193247938031355,0.0,0.0,0.0,0.4356423339419032,1.294936819663499,0.9608006716648749,0.01900098461916455,19.00098461916455,556.1381058115655,0.2833316626807313,0.7689375674976899,0.40331605402752757,0.045760374050587416,0.2791416050749831,0.031548094004392624,3.0,0.0,5.382434510911004,0.2791416050749831,1.7007215023040771,0.0
L05_REPLACE,5,25,1.0,0.0,-0.07405156019588724,0.0,0.0,0.0,0.41426784111082793,1.3230331763984031,0.9949446661938426,0.019687960741400404,19.687960741400403,577.5222679911111,0.2885327961538606,0.7614007887011268,0.40290184400510043,0.04556693002814427,0.2788815170060843,0.03129891701973975,3.0,0.0,5.542505695161855,0.2788815170060843,1.7303277254104614,0.0
L05_NO_REPLACE,5,25,0.0,0.0,0.07605612796393704,0.0,0.0,0.0,0.7392994043234101,1.0203844512149236,0.7309736752550845,0.010062555850203658,10.062555850203658,1354.6161558701365,0.1692645062026868,1.0216399940575296,0.40286755200941116,0.045763972972054034,0.27876890503102913,0.03113755106460303,3.0,0.0,5.542505695161855,0.27876890503102913,0.9264587759971619,0.0
PLAIN_FM,5,26,0.0,0.0,0.12586131850243307,0.0,0.0,0.0,1.0340093124365326,1.1019297922122353,0.6600821664658026,0.020905200271795543,20.905200271795543,5395.998838712225,0.10520206764046715,1.385989899925772,0.06963404698763043,0.0438913659309037,0.0,0.0,0.0,0.0,0.0,0.0,0.0,0.0
L1_REPLACE,5,26,1.0,0.0,-0.03884063899917946,0.0,0.0,0.0,0.44705296761543284,1.2868608051329482,0.9278918808704555,0.01795229721539232,17.95229721539232,517.2585609320879,0.2826073302728263,0.7735335122974566,0.4024890419677831,0.04482331994222477,0.27910378301749006,0.03158794506452978,3.0,0.0,5.091560669642895,0.27910378301749006,1.5774811506271362,0.0
L1_NO_REPLACE,5,26,1.0,0.0,-0.038678400428009393,0.0,0.0,0.0,0.4471368476474092,1.2817894932141645,0.9259836734574437,0.017747391517732636,17.747391517732634,516.4095412994342,0.28215714412454534,0.7736197132574056,0.4035110690165311,0.04567156301345676,0.27953573502600193,0.031556283007375896,3.0,0.0,5.0897955317169465,0.27953573502600193,1.5760772228240967,0.0
L05_REPLACE,5,26,1.0,0.0,-0.06012766934461661,0.0,0.0,0.0,0.4277312656098818,1.340079176182393,0.9605369196692202,0.01957677357956743,19.57677357956743,573.5316358980714,0.29117814567032463,0.761461392409054,0.4036544130067341,0.04559546004747972,0.27949768299004063,0.031452619994524866,3.0,0.0,5.280415999807277,0.27949768299004063,1.612148642539978,0.0
L05_NO_REPLACE,5,26,0.0,0.0,0.07341265431737137,0.0,0.0,0.0,0.7294940314454036,1.056770535229236,0.7125499955241881,0.010126943034001856,10.126943034001856,1454.907687583895,0.17959764211926202,1.0163441862914677,0.4037117150146514,0.045576539007015526,0.27973768895026296,0.03148409101413563,3.0,0.0,5.280415999807277,0.27973768895026296,0.8653107285499573,0.0
PLAIN_FM,5,27,0.0,0.0,0.12973567537672648,0.0,0.0,0.0,1.0395049501269957,1.1005174794937993,0.6750289835877111,0.019849540596180937,19.849540596180937,4914.663905404027,0.09354213237417795,1.3980223523352204,0.06955770496279001,0.04385427397210151,0.0,0.0,0.0,0.0,0.0,0.0,0.0,0.0
L1_REPLACE,5,27,1.0,0.0,-0.032000497499464875,0.0,0.0,0.0,0.45412762863249967,1.2734316922845241,0.9266235408054668,0.01827817823552086,18.27817823552086,541.7802197131283,0.27616694704411826,0.801560122698642,0.4026048149680719,0.04476293799234554,0.2792037160252221,0.03091891697840765,3.0,0.0,5.0901720705929545,0.2792037160252221,1.59209406375885,0.0
L1_NO_REPLACE,5,27,1.0,0.0,-0.03174240246590948,0.0,0.0,0.0,0.45429608842284275,1.2718074612523749,0.9267226783700517,0.018139118075168437,18.139118075168437,530.9576974020347,0.27593971820385105,0.8012704166328101,0.4034975579706952,0.04564436915097758,0.27936699998099357,0.03136055899085477,3.0,0.0,5.086236123575583,0.27936699998099357,1.5914416313171387,0.0
L05_REPLACE,5,27,1.0,0.0,-0.053431470566230224,0.0,0.0,0.0,0.43501714685924686,1.319040446288571,0.957332788214317,0.019452399009374344,19.452399009374343,570.6547630948411,0.28374264980593267,0.7882107697360494,0.40337612497387454,0.04556135006714612,0.2793382199597545,0.031405379937496036,3.0,0.0,5.28090202165613,0.2793382199597545,1.631484031677246,0.0
L05_NO_REPLACE,5,27,0.0,0.0,0.07459095985544542,0.0,0.0,0.0,0.7328700079469979,1.040576846966511,0.7156494946106312,0.009533959208748222,9.533959208748222,1294.362572430696,0.17112921963847316,1.0316980861003544,0.40338769502704963,0.045393305947072804,0.27931020804680884,0.03135114797623828,3.0,0.0,5.28090202165613,0.27931020804680884,0.8757243752479553,0.0
PLAIN_FM,5,28,0.0,0.0,0.129680420567426,0.0,0.0,0.0,1.052421392209803,1.070607976477776,0.6628559860432801,0.03073604198352875,30.736041983528754,8824.575271971733,0.10183946817390555,1.3886670687792417,0.06977206002920866,0.0439326039631851,0.0,0.0,0.0,0.0,0.0,0.0,0.0,0.0
L1_REPLACE,5,28,1.0,0.0,-0.0404951558875674,0.0,0.0,0.0,0.44224439831788115,1.1667550343340667,0.8956159096337135,0.01400353915467889,14.00353915467889,414.17342436036455,0.2981463080077058,0.7746635733777713,0.4027779590105638,0.04480798792792484,0.27934617904247716,0.03148157196119428,3.0,0.0,5.296508552773553,0.27934617904247716,1.6494487524032593,0.0
L1_NO_REPLACE,5,28,1.0,0.0,-0.04105191299759847,0.0,0.0,0.0,0.44241534667058174,1.1540900699578551,0.8901597644598703,0.013264179011982125,13.264179011982126,367.4412693916218,0.2973661810738941,0.7806175606750329,0.40356673998758197,0.04566696303663775,0.27938423003070056,0.03148468193830922,3.0,0.0,5.291809707923064,0.27938423003070056,1.6449036598205566,0.0
L05_REPLACE,5,28,1.0,0.0,-0.061480579762264786,0.0,0.0,0.0,0.42224144768222027,1.1961148103061918,0.9199937502584727,0.014465800879485347,14.465800879485347,417.14007747726265,0.3023538244137455,0.7665299624905734,0.4053908979985863,0.045715383952483535,0.2812313169706613,0.03172711899969727,3.0,0.0,5.448676228145539,0.2812313169706613,1.6748062372207642,0.0
L05_NO_REPLACE,5,28,0.0,0.0,0.0736161757024402,0.0,0.0,0.0,0.7361148762190701,0.9619928518731835,0.686989468093228,0.011590567304625488,11.590567304625488,2378.611496481575,0.1871307056635468,1.0152607825826747,0.403917878982611,0.04575142392423004,0.27979376999428496,0.03159346501342952,3.0,0.0,5.448676228145539,0.27979376999428496,0.8984799981117249,0.0
PLAIN_FM,5,29,0.0,0.0,0.11950760551752534,0.0,0.0,1.3947796821594238,1.0233471255000852,1.187284871767115,0.72881656094256,0.05464236486441987,54.642364864419875,16405.9892496363,0.10999435863755125,1.366117595292436,0.06972280895570293,0.04385695396922529,0.0,0.0,0.0,0.0,0.0,0.0,0.0,0.0
L1_REPLACE,5,29,1.0,0.0,-0.03172696066357222,0.0,0.0,0.0,0.45808959709877695,1.201754307449589,0.9129337169857541,0.013534124951562546,13.534124951562546,351.44291652551976,0.2798751730248149,0.7677937856688429,0.5895743029541336,0.04481080797268078,0.46622006298275664,0.05215418100124225,3.0,0.0,4.786986904270076,0.46622006298275664,1.5501298904418945,0.0
L1_NO_REPLACE,5,29,1.0,0.0,-0.04246499498291649,0.0,0.0,0.0,0.4395119355985115,1.2777321522039733,0.9393442379986442,0.018988164900901383,18.98816490090138,552.6485241733159,0.2893809259035103,0.7563389081471764,0.6826320010004565,0.04561663989443332,0.5583521279622801,0.06225038296543062,3.0,0.0,4.871972037525421,0.5583521279622801,1.6557189226150513,0.0
L05_REPLACE,5,29,0.0,0.0,0.05900570458647572,0.0,0.0,0.0,0.579603983389465,1.1991438453161165,0.8280640933627094,0.016428029382185683,16.42802938218568,463.27609448006956,0.2647801232304271,0.8387736875052099,0.6870541060343385,0.045798734994605184,0.5619055009447038,0.06273750599939376,3.0,0.0,4.633801034446583,0.5619055009447038,1.4622279405593872,0.0
L05_NO_REPLACE,5,29,0.0,0.0,0.07565459297597435,0.0,0.0,0.0,0.7997723191408205,1.0264763605871425,0.688671910681613,0.017266340370952094,17.266340370952094,3921.1867038671853,0.1673205321179197,1.0485378846364812,0.6865783829707652,0.04623044602340087,0.5613060950418003,0.06264761392958462,3.0,0.0,4.633801034446583,0.5613060950418003,0.7799395322799683,0.0
PLAIN_FM,5,30,0.0,0.0,0.12383448345619164,0.0,0.0,0.0,1.019522418793495,1.0766578620645655,0.6826888120876918,0.02150550997921652,21.505509979216523,5351.55344651903,0.09410739871252224,1.3625216393447568,0.06965931796003133,0.043903576966840774,0.0,0.0,0.0,0.0,0.0,0.0,0.0,0.0
L1_REPLACE,5,30,1.0,0.0,-0.031707113342940116,0.0,0.0,0.0,0.4568853573991543,1.2444364059284312,0.926073438631165,0.016116720700568243,16.116720700568244,467.6871793686088,0.2722725784212985,0.7798800581033198,0.40535839600488544,0.04473515599966049,0.28172839106991887,0.03179955994710326,3.0,0.0,5.014336904232432,0.28172839106991887,1.5508477687835693,0.0
L1_NO_REPLACE,5,30,1.0,0.0,-0.03137440105870795,0.0,0.0,0.0,0.4573685132147413,1.2240444720550572,0.9113359796341769,0.01506082990268287,15.060829902682872,430.15746045624866,0.2730193695661015,0.7803786318661419,0.40514662000350654,0.045719111047219485,0.2805480799288489,0.031972543976735324,3.0,0.0,5.016214321309944,0.2805480799288489,1.5540004968643188,0.0
L05_REPLACE,5,30,1.0,0.0,-0.05110878410595082,0.0,0.0,0.0,0.4377531782599951,1.325301519902442,0.960149317026284,0.019164462382097822,19.16446238209782,555.5719549331792,0.2801060843112762,0.7642531154379647,0.40820036095101386,0.04632349801249802,0.2821200010366738,0.03170347795821726,3.0,0.0,5.183916710455712,0.2821200010366738,1.5752047300338745,0.0
L05_NO_REPLACE,5,30,0.0,0.0,0.0738006690736733,0.0,0.0,0.0,0.7273772167235982,1.0407830014152502,0.7171441230966462,0.010278258386058114,10.278258386058114,1391.4229493644514,0.16872620364956603,1.0086631729145565,0.4092766579706222,0.04640956100774929,0.2833129119826481,0.031798409996554255,3.0,0.0,5.183916710455712,0.2833129119826481,0.8449484705924988,0.0
PLAIN_FM,5,31,0.0,0.0,0.12854701785550504,0.0,0.0,0.15999794006347656,1.0401513736625456,1.1103737966329716,0.7086791088663321,0.02831766059352514,28.317660593525144,7607.384799651572,0.10940522568194976,1.3874594186765838,0.06955349503550678,0.04382094391621649,0.0,0.0,0.0,0.0,0.0,0.0,0.0,0.0
L1_REPLACE,5,31,1.0,0.0,-0.041591806176657545,0.0,0.0,0.0,0.4503644387607784,1.2740320031946988,0.9562780814617924,0.017145654289385432,17.14565428938543,483.83820661744744,0.2802273493342657,0.7367221720860355,0.40288401098223403,0.0446480349637568,0.27953342301771045,0.03149619197938591,3.0,0.0,5.161597290703776,0.27953342301771045,1.6197729110717773,0.0
L1_NO_REPLACE,5,31,1.0,0.0,-0.04140341104478262,0.0,0.0,0.0,0.4504735080999925,1.2885735859148704,0.9621875070547066,0.01783865431961218,17.83865431961218,511.2563928319769,0.2804272899810818,0.7376110143398183,0.40400209004292265,0.045624059974215925,0.2798869630205445,0.0318611110560596,3.0,0.0,5.153134364529988,0.2798869630205445,1.6153401136398315,0.0
L05_REPLACE,5,31,1.0,0.0,-0.06225022444759279,0.0,0.0,0.0,0.43111383124158015,1.3321353519079349,0.9918804072696245,0.019130478576846917,19.13047857684692,560.4270129347757,0.2877329387244116,0.7276327839521425,0.40363035997143015,0.04553207813296467,0.2795024810475297,0.031543242919724435,3.0,0.0,5.332971820187604,0.2795024810475297,1.650791883468628,0.0
L05_NO_REPLACE,5,31,0.0,0.0,0.07560815848024108,0.0,0.0,0.0,0.7352008530575748,1.0551638801934249,0.7535571454491587,0.01214077852900286,12.14077852900286,2103.305761434027,0.17446761343594663,1.002974856023871,0.4041085129720159,0.045605878927744925,0.2798974110628478,0.03161731502041221,3.0,0.0,5.332971820187604,0.2798974110628478,0.8865147829055786,0.0
