method,task_id,seed,collision,success,min_clearance,joint_limit_violation,velocity_violation,acceleration_violation,terminal_goal_error,joint_path_length,ee_path_length,smoothness,acceleration_cost,jerk_cost,reference_distance,terminal_joint_error,planning_latency_sec,fm_latency_sec,projection_latency_sec,projection_solver_latency_sec,projection_calls,failed_projection_solves,projection_correction_sum,trajectory_distortion_vs_plain,projection_failure_rate
PLAIN_FM,0,0,0.0,0.0,0.07128309431491557,0.0,0.26482270326614366,3.9021146297454834,0.4667795981086212,3.2125233831537368,0.8903069096375384,0.0547209868745947,54.7209868745947,12386.080328951233,0.13812201875114405,1.43700027116363,0.08988258801400661,0.04433028306812048,0.0,0.0,0.0,0.0,0.0,0.0,0.0
POV_L05_ALWAYS,0,0,0.0,0.0,0.04346607391588182,0.0,0.007745784187316751,0.0,0.4488678787312162,2.72357705673799,0.8064615866400666,0.025443588332901168,25.44358833290117,3289.6607772294756,0.23282392409792044,1.7687742602043532,1.4352519600070082,0.04736862104618922,1.2998945299186744,0.1411574369412847,7.0,0.0,23.058177961813655,1.3138694763183594,0.0
YFLOW_MAIN_PORT,0,0,0.0,0.0,0.03621304935841921,0.0,0.00033484067916855764,0.0,0.42710660202425876,2.4821591158196874,0.7664561145033707,0.027080635940691298,27.080635940691298,472.49263741404013,0.3152667022638966,1.8888853228461016,0.4661436679889448,0.045122922980226576,0.3699852059362456,0.03943135088775307,3.0,0.0,4.700293914302599,1.7213491201400757,0.0
GOAL_AWARE_FINAL_PROJECTION,0,0,0.0,0.0,0.041057072700821415,0.0,0.0,0.0,0.46555230869381264,2.5614427478670003,0.8182396501559387,0.030671665359715272,30.671665359715277,526.3127669160817,0.45299151984361724,2.128913457189414,0.1748713250271976,0.043734020087867975,0.09343819599598646,0.010412450006697327,1.0,0.0,2.392152455426575,2.3921525478363037,0.0
PLAIN_FM,0,1,0.0,0.0,0.0542539540896924,0.0,0.2275168464660644,0.0,0.448154549978916,3.1815735877522284,0.8986559665992776,0.047675735956651616,47.675735956651614,10510.871320750486,0.1331795841682959,1.3733572617495895,0.07002856396138668,0.04363781801657751,0.0,0.0,0.0,0.0,0.0,0.0,0.0
POV_L05_ALWAYS,0,1,0.0,0.0,0.04147627424078798,0.0,0.07129545669555659,0.0,0.463383245814334,2.5058999646546,0.7869690972108667,0.03496181827061351,34.96181827061351,4523.842061670535,0.45609891741842834,2.034028286788254,1.7030492639751174,0.04766158590791747,1.5736446909140795,0.1659853958990425,7.0,0.0,26.222094180485442,2.377143621444702,0.0
YFLOW_MAIN_PORT,0,1,0.0,0.0,0.02879344919263732,0.0,0.0,0.0,0.4388548347501728,2.338793910501121,0.7393670337936419,0.020592608115666218,20.59260811566622,332.4824322676963,0.36171708303001504,1.8608553333860174,0.5561991829890758,0.04517109494190663,0.46002161799697205,0.04674877488287166,3.0,0.0,4.5891976148137426,1.7703981399536133,0.0
GOAL_AWARE_FINAL_PROJECTION,0,1,0.0,0.0,0.04828791713295934,1.1642945185741382e-07,0.004154400634765576,0.0,0.43624479857759846,2.623557092453491,0.8104777192909864,0.052008082143026074,52.00808214302607,1186.8445655294602,0.6425782424284696,2.1263789216691023,0.2694135800120421,0.04385111207375303,0.1873191560152918,0.0197297110571526,1.0,0.0,3.1629518281052595,3.162951946258545,0.0
PLAIN_FM,0,2,0.0,0.0,0.06846092663355709,0.0,0.24138332571983323,0.0,0.4507020561450803,3.2000971500175366,0.8754920496473305,0.038110066969049394,38.11006696904939,7002.454474949251,0.15219075423646974,1.4189390159689457,0.0711053810082376,0.044337454019114375,0.0,0.0,0.0,0.0,0.0,0.0,0.0
POV_L05_ALWAYS,0,2,0.0,0.0,0.03640388184642117,0.0,0.0,0.0,0.4209330310494158,2.6245354962357537,0.8034059895028276,0.02243059723418528,22.430597234185278,2601.350240965705,0.2708319781914298,1.747974235558358,1.6957813589833677,0.047343338024802506,1.5671252539614215,0.16773271886631846,7.0,0.0,18.36437800744868,1.4538460969924927,0.0
YFLOW_MAIN_PORT,0,2,0.0,0.0,0.03380213327809391,0.0,0.003077846431732034,0.0,0.40789193037554333,2.465949261121494,0.7849558066653722,0.026558104232000668,26.558104232000666,500.0220582513981,0.3337924572994208,1.8481628146285678,0.5597787339938805,0.04519383603474125,0.46355196699732915,0.04899835999822244,3.0,0.0,4.950014771479598,1.7668850421905518,0.0
GOAL_AWARE_FINAL_PROJECTION,0,2,0.0,0.0,0.06659405872489514,0.0,0.0,0.0,0.4686228892879898,2.715933796882378,0.8594911144367816,0.0372962508171584,37.2962508171584,665.6204620453218,0.494308022135435,2.000000473027739,0.1744885459775105,0.04378504096530378,0.09284357295837253,0.010490842047147453,1.0,0.0,2.444248886059159,2.444248914718628,0.0
PLAIN_FM,0,3,0.0,0.0,0.07206453917989504,0.0,0.2089800056457518,2.84456729888916,0.45921352991696374,3.2012565841264995,0.9058163467177829,0.04113670616714238,41.13670616714238,7680.173216384212,0.12849558717346254,1.4480022872149885,0.07015460799448192,0.04376645089359954,0.0,0.0,0.0,0.0,0.0,0.0,0.0
POV_L05_ALWAYS,0,3,0.0,0.0,0.04033212320238547,0.0,0.004961055183410501,0.0,0.437878843854277,2.7495447342682287,0.8356454749710753,0.024212086031579205,24.212086031579204,2471.0082215965376,0.2646479532459175,1.8039764615258749,1.2404544519959018,0.047316420066636056,1.1121763460105285,0.1230927478754893,7.0,0.0,20.053943942842377,1.4238523244857788,0.0
YFLOW_MAIN_PORT,0,3,0.0,0.0,0.036597800243248976,0.0,0.0,0.0,0.422728214437346,2.4476272900650273,0.779387570544906,0.026261799674291007,26.26179967429101,508.7355618395087,0.33583094574888095,1.891598319585244,0.46394766797311604,0.045105904107913375,0.3681196910329163,0.03849791799439117,3.0,0.0,4.735289555958291,1.7815312147140503,0.0
GOAL_AWARE_FINAL_PROJECTION,0,3,0.0,0.0,0.07466719525793518,0.0,0.0,0.0,0.4585320216351335,2.8510474492898283,0.8862858216561127,0.04495278666920659,44.952786669206596,876.0342649186238,0.5035116861750495,1.9365955226226619,0.17400388501118869,0.04368404799606651,0.09290349401999265,0.010412579984404147,1.0,0.0,2.507826718254823,2.507826805114746,0.0
PLAIN_FM,0,4,0.0,0.0,0.07344253612534968,0.0,0.31594977941513047,1.2879979610443115,0.4554710032326637,3.227788364615522,0.8601428529939373,0.04661211657227504,46.61211657227504,10484.056012830557,0.15879118864958097,1.4085414392819284,0.06999068398727104,0.043599834956694394,0.0,0.0,0.0,0.0,0.0,0.0,0.0
POV_L05_ALWAYS,0,4,0.0,0.0,0.009198050221797538,0.0,0.0,0.0,0.3775147701885797,2.7034108246942523,0.8003282543448537,0.032973588565353706,32.9735885653537,4148.389310385209,0.34379855217022953,1.5079015405572473,1.6042512090061791,0.047206366958562285,1.4760517239919864,0.15883587300777435,7.0,0.0,27.41790793197211,1.7403687238693237,0.0
YFLOW_MAIN_PORT,0,4,0.0,0.0,0.04302402641577491,0.0,0.0,0.0,0.4204440124244173,2.5199887865364383,0.7835182148323344,0.028122480643308186,28.12248064330819,513.0354271708278,0.32060494153535146,1.8446328683388864,0.6456001860206015,0.044975620054174215,0.549848218972329,0.0579929249943234,3.0,0.0,4.637487174154026,1.75496506690979,0.0
GOAL_AWARE_FINAL_PROJECTION,0,4,0.0,0.0,0.05443756579861232,0.0,0.0,0.0,0.4678813976855128,2.486309172873717,0.8166132548002888,0.027786850033924115,27.786850033924118,479.12162582875453,0.4942263137209801,2.146724911976771,0.1743019319837913,0.043667687044944614,0.09295648604165763,0.010542493022512645,1.0,0.0,2.5957348241227454,2.5957348346710205,0.0
PLAIN_FM,0,5,0.0,0.0,0.06871894711325184,0.0,0.4044778760910033,0.9894442558288574,0.45396397892630014,3.2318001489384773,0.9142575046786916,0.04543701543915146,45.43701543915146,8801.735405676902,0.1358455085866821,1.385202283025336,0.0697473079781048,0.043555522977840155,0.0,0.0,0.0,0.0,0.0,0.0,0.0
POV_L05_ALWAYS,0,5,0.0,0.0,0.034998636861910515,0.0,0.0,0.0,0.43841371251134226,2.572614698568555,0.7813225082498195,0.021918196683043067,21.918196683043067,3088.429434523476,0.25325670085059004,1.7556400146767748,1.23736274195835,0.047174225037451833,1.1092598799150437,0.12136288604233414,7.0,0.0,19.439147226856374,1.4036567211151123,0.0
YFLOW_MAIN_PORT,0,5,0.0,0.0,0.028677306670940546,0.0,0.0043546722412108885,0.0,0.35897881140192167,2.6093430752249396,0.8295178010141221,0.039358332221411794,39.35833222141179,884.2051481823164,0.32960509767186014,1.8286046712928274,0.6471526559907943,0.04561779904179275,0.5505267780390568,0.05596406297991052,3.0,0.0,4.777435737229024,1.703499674797058,0.0
GOAL_AWARE_FINAL_PROJECTION,0,5,0.0,0.0,0.03643345088395504,1.1642945185741382e-07,0.004154400634765576,0.0,0.30427644089364597,2.5924892269239157,0.9242584131612798,0.04650608907453551,46.50608907453551,1043.7173870297968,0.6060314274612589,1.8090501075302075,0.2655095850350335,0.04387338203378022,0.18387251102831215,0.018695625942200422,1.0,0.0,3.0783666788484916,3.078366756439209,0.0
PLAIN_FM,0,6,0.0,0.0,0.06484939355565979,0.0,0.2835099514961241,2.738626003265381,0.44167463901593484,3.2023848000459663,0.910502013088369,0.04454768841918677,44.54768841918678,8511.49543714107,0.14292172461080252,1.4344313955465378,0.07006102497689426,0.04377204005140811,0.0,0.0,0.0,0.0,0.0,0.0,0.0
POV_L05_ALWAYS,0,6,0.0,0.0,0.04525743081173102,0.0,0.0,0.10632991790771484,0.43743457201922203,2.513378193984408,0.7935014715751527,0.030271229577668833,30.271229577668834,5405.010096099468,0.32616611506523363,1.8416959353391564,1.603860899049323,0.04749271390028298,1.4754649399546906,0.1582044028909877,7.0,0.0,22.518010115595906,1.66233229637146,0.0
YFLOW_MAIN_PORT,0,6,0.0,0.0,0.02992223010665327,0.0,0.0,0.0,0.4111289270457144,2.40529418536965,0.7848518643886239,0.024249890535419063,24.249890535419066,447.495475154779,0.3514286875765641,1.9012396367777258,0.4649228769703768,0.04525926802307367,0.36862261698115617,0.03962789906654507,3.0,0.0,5.071469239040821,1.8031460046768188,0.0
GOAL_AWARE_FINAL_PROJECTION,0,6,0.0,0.0,0.043270783716317734,0.0,0.0,0.0,0.42664176704152734,2.294839983261643,0.8102752694941565,0.02205012263114392,22.05012263114392,406.1919047696483,0.4889762571176985,2.3878357735298437,0.17432612500851974,0.043680210947059095,0.09313716099131852,0.01055573404300958,1.0,0.0,2.542702993340793,2.5427029132843018,0.0
PLAIN_FM,0,7,0.0,0.0,0.06774255636681951,0.0,0.28606490459442124,0.2149057388305664,0.4510840570144335,3.2081582566018483,0.9275421565363855,0.04082554702899832,40.82554702899832,7358.138151546002,0.12441299199805718,1.3904349254506188,0.0700668059871532,0.043736270046792924,0.0,0.0,0.0,0.0,0.0,0.0,0.0
POV_L05_ALWAYS,0,7,0.0,0.0,0.03038394017698029,0.0,0.01212473373413081,0.2614256739616394,0.4647403123539879,2.501483996428191,0.783389143991732,0.03136848025574973,31.36848025574973,5054.572570214988,0.2953937622170109,1.9058127655368011,1.51230983203277,0.04731018905295059,1.3840763050247915,0.14908025512704626,7.0,0.0,24.770668061529403,1.6621183156967163,0.0
YFLOW_MAIN_PORT,0,7,0.0,0.0,0.02957529470311937,0.0,0.0038768466949461455,0.0,0.44380864889289495,2.3929578311186974,0.7376082349743728,0.021546717223650584,21.54671722365059,368.97789902438916,0.3445985179471036,1.867352230259512,0.5580823909840547,0.04537731100572273,0.46151528402697295,0.04753094498300925,3.0,0.0,4.543754565119873,1.7594813108444214,0.0
GOAL_AWARE_FINAL_PROJECTION,0,7,0.0,0.0,0.04721894978714326,0.0,0.0,0.0,0.4556224056640428,2.250650909215079,0.7556837961703224,0.018234483500982585,18.234483500982584,317.6728284204511,0.44532391044097525,2.191572110204773,0.17495046998374164,0.04360449482919648,0.09392550098709762,0.010588534001726657,1.0,0.0,2.3299836056031067,2.3299834728240967,0.0
PLAIN_FM,0,8,0.0,0.0,0.06493468607751472,0.0,0.33966855373382554,1.3835203647613525,0.4525520510612393,3.183833300789873,0.8632210541042896,0.04204791911927297,42.04791911927297,8486.41914696826,0.15207109830735113,1.4250701717156975,0.07048493705224246,0.044005977106280625,0.0,0.0,0.0,0.0,0.0,0.0,0.0
POV_L05_ALWAYS,0,8,0.0,0.0,0.03064334671243421,0.0,0.06768183078765855,0.0,0.43698857364842575,2.706344290525837,0.7946335935566743,0.02953505353758379,29.53505353758379,4177.0758482124975,0.26831276087732214,1.7742878403108509,1.418563230021391,0.047175684943795204,1.2906032010214403,0.1391888718935661,7.0,0.0,21.445053378159947,1.3719384670257568,0.0
YFLOW_MAIN_PORT,0,8,0.0,0.0,0.04184802768396252,0.0,0.0,0.0,0.4297147051834336,2.50279299958632,0.7665654870799924,0.027248790258962347,27.248790258962345,481.73402768210553,0.32462510340527917,1.8921862335073347,0.5563552390085533,0.04530046897707507,0.46015024092048407,0.049569875991437584,3.0,0.0,4.46631194877496,1.6901698112487793,0.0
GOAL_AWARE_FINAL_PROJECTION,0,8,0.0,0.0,0.043319077611985474,1.1642945185741382e-07,0.004154400634765576,0.0,0.33089888529678346,2.655174902684147,0.8998526654381523,0.0490220714585865,49.02207145858651,1042.3379635553176,0.5492742844461409,1.8036444407258088,0.26412455399986356,0.04366257897345349,0.1828985899919644,0.019059345009736717,1.0,0.0,2.734421889796173,2.734421968460083,0.0
PLAIN_FM,0,9,0.0,0.0,0.07364178948492252,0.0,0.265439536833763,2.3151707649230957,0.43765586741901186,3.256729275238188,0.8856193737404882,0.046621832619168274,46.62183261916827,9462.503938171189,0.19171428829971937,1.3980998517975012,0.07026802195468917,0.04387491301167756,0.0,0.0,0.0,0.0,0.0,0.0,0.0
POV_L05_ALWAYS,0,9,0.0,0.0,0.048381895919814885,0.0,0.0,0.0936579704284668,0.42075391345936664,2.557878520256144,0.8108207634414345,0.024542745095433416,24.542745095433418,2627.6847589131457,0.33189438482762634,1.8991091718901107,1.425314103020355,0.047456954955123365,1.2965806050342508,0.1413838770822622,7.0,0.0,27.605235602071712,1.9179649353027344,0.0
YFLOW_MAIN_PORT,0,9,0.0,0.0,0.03462297830601066,0.0,0.0,0.0,0.4002942838638704,2.4679292576458636,0.7894446731707992,0.027377869347760198,27.377869347760203,502.85144533545764,0.34683923464956057,1.8767510756765593,0.5589260649867356,0.04533685295609757,0.462727515026927,0.05141747195739299,3.0,0.0,5.565381183175985,1.9505620002746582,0.0
GOAL_AWARE_FINAL_PROJECTION,0,9,0.0,0.0,0.05750232141334448,0.0,0.0,0.0,0.4456852016826996,2.4338824416036235,0.8519666291582999,0.02720525645481897,27.205256454818972,484.66070613109036,0.4857158886758162,2.2020636374110816,0.17425197397824377,0.04356237588217482,0.0932567449635826,0.01059266400989145,1.0,0.0,2.605084983536486,2.6050851345062256,0.0
PLAIN_FM,0,10,0.0,0.0,0.05368686935653379,0.0,0.29797719087600694,1.0349345207214355,0.4259373115424244,3.2093802357701513,0.9072455304795978,0.03842669061557924,38.42669061557925,7829.268188754758,0.16294654301049677,1.3296472575301659,0.07000642496859655,0.04374912101775408,0.0,0.0,0.0,0.0,0.0,0.0,0.0
POV_L05_ALWAYS,0,10,0.0,0.0,0.03091878010731934,0.0,0.0,0.0,0.4329561527236314,2.7056748099006027,0.8090745823114214,0.025312017318703917,25.312017318703916,2854.7209277996867,0.29055892773444836,1.7273730677750376,1.5110841050045565,0.047456793021410704,1.3825757909798995,0.1481681659934111,7.0,0.0,26.626089125342222,1.5905556678771973,0.0
YFLOW_MAIN_PORT,0,10,0.0,0.0,0.033525964260055344,0.0,0.0,0.0,0.4045261200584754,2.587184279479252,0.8078383172063527,0.03246304092486343,32.46304092486343,594.7567365927036,0.3258216672714169,1.779243941306842,0.6509267200017348,0.04536529100732878,0.5546348599600606,0.060456339037045836,3.0,0.0,4.419846776035849,1.6444255113601685,0.0
GOAL_AWARE_FINAL_PROJECTION,0,10,0.0,0.0,0.048136884772202446,0.0,0.0,0.0,0.4423355590115047,2.598574589783287,0.850993011032253,0.03469101959094256,34.69101959094257,635.3860023898277,0.5066935583251314,2.140631746256459,0.174393808003515,0.043680528877303004,0.09307432000059634,0.010567213001195341,1.0,0.0,2.6301356364595896,2.6301355361938477,0.0
PLAIN_FM,0,11,0.0,0.0,0.06351668339826581,0.0,0.32583491172790513,0.6984424591064453,0.45304711640195483,3.1507387576604042,0.904358574415116,0.05065303451605152,50.65303451605152,11360.561937820377,0.11579828414958314,1.4353376534200826,0.07011437899200246,0.04381309205200523,0.0,0.0,0.0,0.0,0.0,0.0,0.0
POV_L05_ALWAYS,0,11,0.0,0.0,0.036306996053522764,0.0,0.0,0.0,0.45358019480056727,2.596297573561247,0.8133888413065937,0.03047326636887779,30.473266368877788,4430.164110988082,0.3036197628284837,1.9391651915963575,1.6040316880098544,0.04722893802681938,1.4758040701271966,0.15892882307525724,7.0,0.0,21.313449181677864,1.5111265182495117,0.0
YFLOW_MAIN_PORT,0,11,0.0,0.0,0.029261680019675718,0.0,0.0,0.0,0.43840282970091343,2.3439126224298668,0.7447553879884133,0.020521220588455426,20.521220588455424,335.23596684458175,0.3500160482302108,1.92354911766293,0.6502772150561213,0.0453575401334092,0.5540180670213886,0.05968389904592186,3.0,0.0,4.560426238539825,1.6918785572052002,0.0
GOAL_AWARE_FINAL_PROJECTION,0,11,0.0,0.0,0.047462348190807885,0.0,0.0,0.0,0.4466795526202241,2.1993234521103195,0.798312342953501,0.018016410535125343,18.016410535125342,320.7522750674763,0.5251025051499046,2.336306814612894,0.17438366898568347,0.04370360093889758,0.09326937596779317,0.010423299972899258,1.0,0.0,2.581210551320452,2.5812106132507324,0.0
PLAIN_FM,0,12,0.0,0.0,0.06492061496164274,0.0,0.264938187265396,0.1370382308959961,0.4369772954690768,3.212618717005563,0.8868910347527698,0.03327388574892051,33.27388574892051,6167.221060212552,0.16658328097464065,1.3945204352146594,0.07017120101954788,0.04376413184218109,0.0,0.0,0.0,0.0,0.0,0.0,0.0
POV_L05_ALWAYS,0,12,0.0,0.0,0.03537788110784515,0.0,0.0,0.0,0.43240615311541575,2.5222008811251664,0.7805891532751859,0.021138199024358817,21.13819902435882,2987.6606097779645,0.2784095227433083,1.8203453905839078,1.792937133985106,0.04756178398383781,1.664028488099575,0.17977191286627203,7.0,0.0,25.897678715428675,1.6087054014205933,0.0
YFLOW_MAIN_PORT,0,12,0.0,0.0,0.03654859514705036,0.0,0.0006108101844786162,0.0,0.411337523640371,2.5465112970791948,0.8038839719833915,0.030229417728424652,30.229417728424654,571.9194964141104,0.31940188054993773,1.8334300040483775,0.5568326580105349,0.045241307001560926,0.46051227702992037,0.049550985917449,3.0,0.0,4.611828601896414,1.7367560863494873,0.0
GOAL_AWARE_FINAL_PROJECTION,0,12,0.0,0.0,0.048419089203299695,0.0,0.0,0.0,0.45268814995874374,2.541279077111728,0.8426721236860465,0.030100828602264075,30.100828602264073,531.0725797615017,0.4517122017351449,2.0806372029662845,0.17664280597819015,0.04436232493026182,0.09445624600630254,0.010654326004441828,1.0,0.0,2.3750547038756737,2.3750545978546143,0.0
PLAIN_FM,0,13,0.0,0.0,0.07113294680114478,0.0,0.2159177825927734,1.4807653427124023,0.444095637404534,3.197275383910834,0.9065499056103867,0.04140993644571933,41.40993644571933,8083.3017318064485,0.14155669040120888,1.4305117283615716,0.07090934796724468,0.04431336605921388,0.0,0.0,0.0,0.0,0.0,0.0,0.0
POV_L05_ALWAYS,0,13,0.0,0.0,0.05244317534337799,0.0,0.0,0.0,0.45299723052396224,2.3571149087990726,0.7580701229436488,0.022098275581113727,22.098275581113725,3622.1641031604436,0.33179742583474786,1.9846703047343426,2.0621083049918525,0.04750880500068888,1.9335742690018378,0.20967398211359978,7.0,0.0,22.815545045077048,1.8257791996002197,0.0
YFLOW_MAIN_PORT,0,13,0.0,0.0,0.03543774787920556,0.0,0.0,0.0,0.4027213999384671,2.4973789301758353,0.8053440742830464,0.029368920600617097,29.368920600617102,558.2681994263411,0.32901714361920453,1.8387559382099028,0.6482217800221406,0.045307692140340805,0.5519403080106713,0.059030322008766234,3.0,0.0,5.417159840861114,1.6791768074035645,0.0
GOAL_AWARE_FINAL_PROJECTION,0,13,0.0,0.0,0.050796502718519335,0.0,0.0,0.0,0.458882116373775,2.468109027454425,0.8267455183585053,0.028514516687609757,28.514516687609756,507.9047513083093,0.48129901007150555,2.129821589050024,0.17437375901499763,0.0437972120125778,0.09308526199311018,0.01049714197870344,1.0,0.0,2.4761973025043447,2.4761972427368164,0.0
PLAIN_FM,0,14,0.0,0.0,0.0716337987047947,0.0,0.30351178016662583,0.907893180847168,0.44720908262723413,3.200276295355647,0.8849364252379804,0.04015102516718491,40.15102516718491,8266.04802365811,0.14987025576506852,1.437476800145645,0.07009883801219985,0.043873892980627716,0.0,0.0,0.0,0.0,0.0,0.0,0.0
POV_L05_ALWAYS,0,14,0.0,0.0,0.046646756976787426,0.0,0.01260415878295884,0.0,0.41770187263558134,2.613914488454566,0.8227642951210925,0.022128578715123914,22.12857871512392,2333.4592131651566,0.28924428333866603,1.8049280990897947,1.3281439910060726,0.04742555500706658,1.1997788110165857,0.13086888508405536,7.0,0.0,19.66890203676426,1.5293831825256348,0.0
YFLOW_MAIN_PORT,0,14,0.0,0.0,0.03603691139642845,0.0,0.0,0.0,0.44343416637401556,2.36067301137881,0.7372842979811184,0.020002152453939742,20.002152453939743,368.88586627171753,0.34160937315547796,1.8902173000097988,0.5559465299593285,0.045329519896768034,0.4597389081027359,0.04755389707861468,3.0,0.0,4.5087903660323985,1.8194911479949951,0.0
GOAL_AWARE_FINAL_PROJECTION,0,14,0.0,0.0,0.050349609361079586,0.0,0.0,0.0,0.45574066744603126,2.219253611381901,0.7883141176870234,0.01888587505512626,18.88587505512626,343.14826163360794,0.4624803245785496,2.281593848772138,0.17407909303437918,0.04378209204878658,0.09272633300861344,0.010514882975257933,1.0,0.0,2.4489479720780407,2.4489479064941406,0.0
PLAIN_FM,0,15,0.0,0.0,0.07099371356414787,0.0,0.28241024580001817,1.04286789894104,0.44399104074224555,3.2457227593510094,0.9062841053160228,0.04550298776339942,45.502987763399425,9608.523598733693,0.161204562512827,1.410640902582587,0.07035556499613449,0.043865003040991724,0.0,0.0,0.0,0.0,0.0,0.0,0.0
POV_L05_ALWAYS,0,15,0.0,0.0,0.05456234054393809,0.0,0.0740885303497314,0.09285926818847656,0.5206321128852747,2.449885940709147,0.7429859322076947,0.033373006616221335,33.37300661622134,4624.826650453429,0.5165460946969441,2.2656605729419903,1.5105334460386075,0.047614466981031,1.382021217898,0.14929454401135445,7.0,0.0,28.61738038758677,2.9834039211273193,0.0
YFLOW_MAIN_PORT,0,15,0.0,0.0,0.034911369022456576,0.0,0.0,0.0,0.44887450025177006,2.3626699092627708,0.7404216057994237,0.019673830713530342,19.673830713530347,320.49368666108586,0.3494051087466919,1.8898330833815133,0.5554404989816248,0.04539673094404861,0.4592956599663012,0.047564564971253276,3.0,0.0,4.623442428228991,1.8984990119934082,0.0
GOAL_AWARE_FINAL_PROJECTION,0,15,0.0,0.0,0.04694896387331961,0.0,0.0,0.0,0.46013128231715994,2.588290153052312,0.8602460009441317,0.033158629201023096,33.158629201023096,574.2314040991431,0.5165755016414568,2.16264998257097,0.1744887739769183,0.04379218292888254,0.09330847801174968,0.010557543952018023,1.0,0.0,2.6866034395886236,2.686603546142578,0.0
PLAIN_FM,0,16,0.0,0.0,0.06867715632304254,0.0,0.177156489753723,0.41661977767944336,0.4287456098575332,3.2641271188331777,0.8945195399907299,0.038363912317950444,38.363912317950444,7052.389954790783,0.18403995604520557,1.3936387677487476,0.06978543096920475,0.04362513904925436,0.0,0.0,0.0,0.0,0.0,0.0,0.0
POV_L05_ALWAYS,0,16,0.0,0.0,0.04104506259125121,0.0,0.022868078613281106,0.0,0.4286437595901841,2.611148235279784,0.7911945166840457,0.022011692970391045,22.011692970391042,3147.7592022473177,0.268874261655514,1.751975101946896,1.4198983879759908,0.04749446507776156,1.2915625860332511,0.14068302907980978,7.0,0.0,21.737546606737908,1.5377992391586304,0.0
YFLOW_MAIN_PORT,0,16,0.0,0.0,0.0324924603358602,0.0,0.0,0.0,0.40915808331212516,2.4710765111998474,0.7822934906157963,0.026715267187116205,26.715267187116208,481.64533279834615,0.34817331527224193,1.8723379915758316,0.5548463150043972,0.0452919309027493,0.4586261850199662,0.04804682999383658,3.0,0.0,4.921982435710234,1.9340379238128662,0.0
GOAL_AWARE_FINAL_PROJECTION,0,16,0.0,0.0,0.038651073020129906,1.1642945185741382e-07,0.005891483688354349,0.0,0.39957910518815104,2.5531022588633467,0.8321250129988562,0.049173933215451715,49.17393321545171,1123.6460958505388,0.5969128344658609,2.175039722768236,0.2650119530153461,0.04379321192391217,0.1836641919799149,0.019579489016905427,1.0,0.0,3.1412820146214138,3.141282081604004,0.0
PLAIN_FM,0,17,0.0,0.0,0.06344979152423678,0.0,0.26483432617187486,0.858147144317627,0.4411747125904128,3.154291262656695,0.8632335143475767,0.037175329093660614,37.175329093660615,7476.271730054496,0.14676478732675655,1.407868335723604,0.07024701300542802,0.043902684934437275,0.0,0.0,0.0,0.0,0.0,0.0,0.0
POV_L05_ALWAYS,0,17,0.0,0.0,0.04709823143063986,0.0,0.0077306793212890135,0.0,0.4308089308156567,2.5508009260407603,0.7991550646142509,0.02225845139624183,22.25845139624183,2485.5169858088943,0.32261112795673685,1.8179684411282966,1.6929860179661773,0.04757287708343938,1.5643260469660163,0.16476347291609272,7.0,0.0,23.908063203623595,1.671793818473816,0.0
YFLOW_MAIN_PORT,0,17,0.0,0.0,0.029742574126659017,0.0,0.0,0.0,0.4380723972777129,2.3435620951327936,0.7377527578395449,0.01912275629321461,19.12275629321461,323.6522321726957,0.3625596641400237,1.8814198313885842,0.55519337503938,0.04533383098896593,0.4590122959925793,0.049111436994280666,3.0,0.0,4.568659693548843,1.8322489261627197,0.0
GOAL_AWARE_FINAL_PROJECTION,0,17,0.0,0.0,0.07240419897320875,0.0,0.0027644203186034666,0.0,0.4476681243228563,2.8701807944964104,0.9175022146153837,0.04928291084072599,49.282910840726,1014.9090079640806,0.5564769286071586,1.852274646846925,0.17460392700741068,0.043794683064334095,0.09331886901054531,0.01050346199190244,1.0,0.0,2.7109952066137692,2.7109951972961426,0.0
PLAIN_FM,0,18,0.0,0.0,0.07140160264392713,0.0,0.19167498912811265,0.45346736907958984,0.4380958195014154,3.2051829777165004,0.9026434279742913,0.04460979719646874,44.60979719646874,9799.647661475186,0.15392184787559948,1.4470098229610553,0.06999066699063405,0.043774921039585024,0.0,0.0,0.0,0.0,0.0,0.0,0.0
POV_L05_ALWAYS,0,18,0.0,0.0,0.051679403490639694,0.0,0.0,0.0,0.41901321644681466,2.6841856122265866,0.8329553593356047,0.02803915498525067,28.03915498525067,3855.8981804346145,0.2973813492993414,1.7765196524355553,1.600293989002239,0.04740090400446206,1.4719122840906493,0.15843013592530042,7.0,0.0,24.576348975010855,1.5939784049987793,0.0
YFLOW_MAIN_PORT,0,18,0.0,0.0,0.026371333319786812,0.0,0.0,0.0,0.4282891810353604,2.3875598419398796,0.7526637284535038,0.023440783294217723,23.440783294217724,406.8666693915821,0.32704933348181886,1.9567804327473663,0.4672897739801556,0.045293560018762946,0.3713810979388654,0.04144192504463717,3.0,0.0,5.713153744098255,1.8122035264968872,0.0
GOAL_AWARE_FINAL_PROJECTION,0,18,0.0,0.0,0.061985946235598596,0.0,0.0,0.0,0.45554211513996873,2.6174834003332466,0.8456859376887201,0.03315663652489538,33.15663652489538,570.2495702237287,0.49217336440878323,2.0896711607894973,0.17627178999828175,0.044270103971939534,0.09399170597316697,0.01067422702908516,1.0,0.0,2.5268611107734618,2.5268611907958984,0.0
PLAIN_FM,0,19,0.0,0.0,0.07000662795247797,0.0,0.23133264150619492,3.397620916366577,0.4482918004367699,3.221545166729297,0.8791630803811673,0.057007033081397845,57.00703308139785,10407.71970151035,0.17420580484192721,1.375863987219009,0.07091652002418414,0.044291366124525666,0.0,0.0,0.0,0.0,0.0,0.0,0.0
POV_L05_ALWAYS,0,19,0.0,0.0,0.0528336657063667,0.0,0.0,0.03571629524230957,0.4211595083500678,2.6596200317567664,0.8309860260508908,0.02932942957460749,29.32942957460749,3187.574559417272,0.3362880454548237,1.7676704487111072,1.695451718987897,0.047563287953380495,1.566901381011121,0.16690133104566485,7.0,0.0,23.648971220682814,1.7511723041534424,0.0
YFLOW_MAIN_PORT,0,19,0.0,0.0,0.025631569014371906,0.0,0.0,0.0,0.42181828217999334,2.4155618181704206,0.7720974113335441,0.02250427530125432,22.50427530125432,408.52986266952433,0.35191665500202507,1.9039686962126492,0.5566435150103644,0.045300310070160776,0.4604618630837649,0.048760536941699684,3.0,0.0,4.877627798025067,1.956472396850586,0.0
GOAL_AWARE_FINAL_PROJECTION,0,19,0.0,0.0,0.04858082304300067,0.0,0.0,0.0,0.46559351656826115,2.37990888159028,0.8267647322167865,0.02412565107027345,24.12565107027345,419.3970935140401,0.5315623998373001,2.2561749754304925,0.17417627800023183,0.04382941493531689,0.09294266998767853,0.010451491049025208,1.0,0.0,2.812431562829067,2.812431573867798,0.0
PLAIN_FM,0,20,0.0,0.0,0.07162984916111693,0.0,0.3706325706481932,1.7930817604064941,0.4516773532939315,3.2371425433779852,0.8636389039188347,0.048348546813383186,48.348546813383194,9949.956706800578,0.1684820301649357,1.4290505795930837,0.07003937900299206,0.04374570201616734,0.0,0.0,0.0,0.0,0.0,0.0,0.0
POV_L05_ALWAYS,0,20,0.0,0.0,0.046023499691560846,0.0,0.0,0.0,0.4257787252655129,2.822178657333886,0.8359015274153564,0.026638248506034468,26.63824850603447,2725.1496428284613,0.2778465816023733,1.7347573063117783,1.3277454949566163,0.04754603799665347,1.1996989790932275,0.1314184120274149,7.0,0.0,19.801627954828035,1.4303243160247803,0.0
YFLOW_MAIN_PORT,0,20,0.0,0.0,0.030593586054656736,0.0,0.0,0.0,0.4054918451753052,2.509216041624407,0.7953396753794532,0.027332927254744236,27.332927254744234,500.96131078272504,0.3277548452749882,1.8645527772674577,0.46673438197467476,0.04545339604374021,0.3704136270098388,0.041576716932468116,3.0,0.0,4.865947243755071,1.8005889654159546,0.0
GOAL_AWARE_FINAL_PROJECTION,0,20,0.0,0.0,0.037314794387860895,0.0,0.004149632263183545,0.0,0.4432237816136871,2.5177780365999434,0.751137524120085,0.04611508319214916,46.115083192149164,1031.6657713593522,0.6520339423440542,2.4778851933689285,0.2650736670475453,0.04379473300650716,0.1837546569877304,0.01916649902705103,1.0,0.0,3.4795223069789314,3.479522228240967,0.0
PLAIN_FM,0,21,0.0,0.0,0.07002323013676652,0.0,0.2783443149566649,1.4070522785186768,0.46121557758097814,3.1598174185436934,0.8903952189388016,0.05061712611285951,50.617126112859516,10981.834129985189,0.12579718724051747,1.4787239989661005,0.07015012099873275,0.04384439514251426,0.0,0.0,0.0,0.0,0.0,0.0,0.0
POV_L05_ALWAYS,0,21,0.0,0.0,0.03575160020994572,0.0,0.0062544759750364776,0.0,0.43902328873661534,2.5544488973035593,0.7900499967208493,0.02512260472212774,25.122604722127743,2992.4929783728503,0.26256573522606147,1.8860947430473802,1.5178594149765559,0.04765723185846582,1.3890507360338233,0.1514105488313362,7.0,0.0,20.312747687563746,1.4142693281173706,0.0
YFLOW_MAIN_PORT,0,21,0.0,0.0,0.028003602753163617,0.0,0.0019390996932981963,0.0,0.4279115064642501,2.4065498031488515,0.7651393387978115,0.02171774338018544,21.717743380185443,384.1242621257103,0.34616126198986225,1.946584230322052,0.5576249529840425,0.04566822003107518,0.4610198509762995,0.048218664014711976,3.0,0.0,4.428872732292273,1.787015438079834,0.0
GOAL_AWARE_FINAL_PROJECTION,0,21,0.0,0.0,0.04694043625006869,1.1642945185741382e-07,0.004154400634765576,0.0,0.33729216315205873,2.4060715632456118,0.9044698862061401,0.045122996024561934,45.122996024561935,1069.2872323035506,0.5587500831364712,2.175928362193822,0.26713062002090737,0.04381931392708793,0.18556129303760827,0.019106615975033492,1.0,0.0,2.932997727142674,2.932997703552246,0.0
PLAIN_FM,0,22,0.0,0.0,0.0620223838223921,0.0,0.2624182518959044,0.057054758071899414,0.41927223483327686,3.2206597010548537,0.9196491761391966,0.037306087469690524,37.306087469690524,7206.480917255369,0.18228111726157398,1.3845257173657743,0.07145895395660773,0.04463614395353943,0.0,0.0,0.0,0.0,0.0,0.0,0.0
POV_L05_ALWAYS,0,22,0.0,0.0,0.03783765171571808,0.0,0.0,0.0,0.43314129263991985,2.4782263473928525,0.7963415105686791,0.02307887275388376,23.07887275388376,3140.7112235176614,0.3122925405474446,1.955667422516795,1.6073518539778888,0.04767912003444508,1.4784826670656912,0.15961040498223156,7.0,0.0,24.394203133511457,1.8304225206375122,0.0
YFLOW_MAIN_PORT,0,22,0.0,0.0,0.033447813151638875,0.0,0.0,0.0,0.3949194439003718,2.5332154091485175,0.8040740115193009,0.029764003807254174,29.764003807254177,553.3855581865326,0.3365657646693202,1.8072948643058249,0.6489795160014182,0.045404152129776776,0.5527361129061319,0.05849799996940419,3.0,0.0,4.637666920487732,1.781752109527588,0.0
GOAL_AWARE_FINAL_PROJECTION,0,22,0.0,0.0,0.049103359533113,0.0,0.0,0.0,0.43109943353540514,2.341804134602657,0.8259789348676561,0.021512130184157624,21.512130184157627,351.11067894839647,0.46557941362057165,2.2030374609000516,0.17496217804728076,0.043871454952750355,0.0935062249773182,0.010599073953926563,1.0,0.0,2.519296907858105,2.519296884536743,0.0
PLAIN_FM,0,23,0.0,0.0,0.06539792986587274,0.0,0.23823485937118516,1.789076328277588,0.4477747456337355,3.201307484341164,0.8565091048535909,0.043834981329238354,43.83498132923836,7755.2719384777265,0.16432860329629376,1.3736118019431665,0.07034019700950012,0.04391342803137377,0.0,0.0,0.0,0.0,0.0,0.0,0.0
POV_L05_ALWAYS,0,23,0.0,0.0,0.038420283025445354,0.0,0.008588986206054638,0.49368858337402344,0.4308863727283699,2.529559164416108,0.7892809414828205,0.02905517889663345,29.05517889663345,3358.8429429496364,0.3628811548943494,1.939793219888601,1.883785611949861,0.047583508072420955,1.7550699790008366,0.19101771002169698,7.0,0.0,26.744476175082966,2.0155327320098877,0.0
YFLOW_MAIN_PORT,0,23,0.0,0.0,0.04482777445979942,0.0,0.0,0.0,0.409806230138245,2.6030926978141022,0.8160916536692906,0.03419015925905859,34.19015925905859,661.1469277716051,0.32016612487713386,1.8113760722025667,0.5406456819619052,0.044994555064477026,0.44709551497362554,0.04967864108039066,3.0,0.0,4.552643629573668,1.7119125127792358,0.0
GOAL_AWARE_FINAL_PROJECTION,0,23,0.0,0.0,0.06526063896780089,0.0,0.003790419960021829,0.0,0.4588430755962036,2.8652730551799395,0.9180364916766037,0.048451523901491884,48.45152390149189,988.8149806396,0.5525344673210612,1.9431937978739342,0.16854296904057264,0.04263727506622672,0.09006981900893152,0.010474492039065808,1.0,0.0,2.7352639181377403,2.7352640628814697,0.0
PLAIN_FM,0,24,0.0,0.0,0.07679039003613604,0.0,0.29680804576873765,2.1831345558166504,0.44901985207285705,3.224582439786497,0.9126718312741037,0.03739914380511378,37.39914380511377,6578.273212991891,0.14631088822592647,1.4792702777248483,0.06790710700443015,0.042738516931422055,0.0,0.0,0.0,0.0,0.0,0.0,0.0
POV_L05_ALWAYS,0,24,0.0,0.0,0.050300009893346084,0.0,0.0,0.0,0.4468747561541775,2.538660126565039,0.8018701765281779,0.01927425549546727,19.274255495467273,2362.6334672786024,0.2842634142055731,1.9181401584155326,1.370219851960428,0.0476853929576464,1.2453410230227746,0.13361419882858172,7.0,0.0,22.437866248186424,1.5581551790237427,0.0
YFLOW_MAIN_PORT,0,24,0.0,0.0,0.023438442589493513,0.0,0.000765280532836865,0.0,0.42105626448206185,2.405602658567623,0.7617514943544351,0.02300802803210327,23.008028032103272,434.8841192686406,0.35070468613618544,1.9074890622009737,0.5363577560056001,0.044641694985330105,0.4431443370413035,0.0458847870468162,3.0,0.0,4.774394931029768,1.856834888458252,0.0
GOAL_AWARE_FINAL_PROJECTION,0,24,0.0,0.0,0.015345591649354923,0.0,0.0,0.0,0.42678882447030747,1.9957159575616683,0.7630451974130514,0.01204498022144692,12.04498022144692,256.71150676068555,0.5745031727642129,2.575594729078235,0.16892629896756262,0.04258094297256321,0.09024778398452327,0.010390559036750346,1.0,0.0,3.0270340089288923,3.027034044265747,0.0
PLAIN_FM,0,25,0.0,0.0,0.06543413575072539,0.0,0.26190416183471665,0.0,0.44330506320944163,3.183373414893834,0.8871900233669746,0.03899113165358212,38.99113165358212,7286.640056815118,0.14175706261017873,1.4332985864323222,0.07230280601652339,0.04523143992992118,0.0,0.0,0.0,0.0,0.0,0.0,0.0
POV_L05_ALWAYS,0,25,0.0,0.0,0.046495891039506035,0.0,0.034326922559738016,0.0,0.4038733905836791,2.8008843450871055,0.8578613995606639,0.030275015123544025,30.275015123544023,2495.852430205103,0.29235584225343214,1.6878470016123412,1.502961601014249,0.04898843291448429,1.3746725558885373,0.14828953193500638,7.0,0.0,25.1970092838243,1.4423192739486694,0.0
YFLOW_MAIN_PORT,0,25,0.0,0.0,0.04244310442011784,0.0,0.0017522391319273467,0.0,0.3978627929036544,2.5554995659687054,0.827717993445721,0.03435954723856745,34.35954723856745,695.5776214486706,0.3165267063642409,1.8766454463847364,0.4624117300263606,0.0457433121628128,0.36692017497261986,0.039589098014403135,3.0,0.0,5.010999180690881,1.6082009077072144,0.0
GOAL_AWARE_FINAL_PROJECTION,0,25,0.0,0.0,0.047022874366544246,0.0,0.0,0.0,0.44786394311830235,2.407913342408171,0.8349247007653757,0.025558174314592966,25.558174314592964,475.22081749693666,0.5071047560574826,2.3454082413694852,0.17312765499809757,0.043879813980311155,0.09244168899022043,0.010553233965765685,1.0,0.0,2.637570217483656,2.6375701427459717,0.0
PLAIN_FM,0,26,0.0,0.0,0.07193460736766542,0.0,0.20882920589447007,1.6542387008666992,0.4549346461672903,3.222042573956864,0.8865938581859556,0.04231927094048071,42.31927094048071,8290.096362581957,0.15819728121871668,1.4031129998102796,0.06957000802503899,0.043838235025759786,0.0,0.0,0.0,0.0,0.0,0.0,0.0
POV_L05_ALWAYS,0,26,0.0,0.0,0.04889713377887807,0.0,0.027232126998901318,0.0,0.40570010478170543,2.9255175301301657,0.8636417860497497,0.03495176791171503,34.95176791171504,3790.418821540609,0.2974159619387573,1.5258818486388883,1.5895541080390103,0.048890401085373014,1.4614421180449426,0.15600114001426846,7.0,0.0,20.15180862770871,1.410831093788147,0.0
YFLOW_MAIN_PORT,0,26,0.0,0.0,0.04190586033026064,0.0,0.0,0.0,0.4192408316117705,2.5342773887793903,0.7799186772330156,0.02858929577895386,28.589295778953858,511.3084565301351,0.32412661784897373,1.8343488241692376,0.46720270201331005,0.04554601904237643,0.37185955996392295,0.04101175401592627,3.0,0.0,4.666899138755291,1.7576265335083008,0.0
GOAL_AWARE_FINAL_PROJECTION,0,26,0.0,0.0,0.058774089044264025,0.0,0.0,0.0,0.4605715338858885,2.5953015491098843,0.8405387513983903,0.032517811029139296,32.517811029139295,597.947463901419,0.45839699195347144,2.080385368491494,0.17348511301679537,0.043713940016459674,0.0928719500079751,0.010650575975887477,1.0,0.0,2.38832210509252,2.388322114944458,0.0
PLAIN_FM,0,27,0.0,0.0,0.06119693010656406,0.0,0.254404705429077,2.051372528076172,0.46104242537492734,3.1468802345594877,0.8523308843458421,0.043075700493399594,43.0757004933996,7988.67422581332,0.1316671564392975,1.4572267897937152,0.06966983096208423,0.04379944392712787,0.0,0.0,0.0,0.0,0.0,0.0,0.0
POV_L05_ALWAYS,0,27,0.0,0.0,0.05034510646036934,0.0,0.0,0.0,0.45296366383962183,2.3899506881454418,0.7460672184841968,0.0217114854519387,21.7114854519387,3278.4726725723,0.35032699959541813,1.8943874902254612,1.6917394950287417,0.048096303071361035,1.564092875982169,0.16775483009405434,7.0,0.0,26.197229134465992,1.8053770065307617,0.0
YFLOW_MAIN_PORT,0,27,0.0,0.0,0.0301173084150064,0.0,0.0,0.0,0.4039898399275318,2.439946819541918,0.7855015018828619,0.026306945401178183,26.306945401178183,531.7863929212091,0.3423350896572657,1.884865670221455,0.5561698860256001,0.04547229700256139,0.4605183359817602,0.04883619991596788,3.0,0.0,4.640835728952641,1.7181518077850342,0.0
GOAL_AWARE_FINAL_PROJECTION,0,27,0.0,0.0,0.06721239548078146,0.0,0.0,0.0,0.47379787107682514,2.7635233932886654,0.8569014756033537,0.03903462726581295,39.03462726581295,682.2561336190553,0.5101548977329382,2.0336069290382834,0.1737439110293053,0.043704362004064023,0.0929815240087919,0.010635225975420326,1.0,0.0,2.5515574324750836,2.5515573024749756,0.0
PLAIN_FM,0,28,0.0,0.0,0.06732369667314327,0.0,0.26792125072479234,0.0,0.4354224763138797,3.2104825964030486,0.8930969492311631,0.04351725906279244,43.51725906279244,9078.06188738232,0.17135464191557148,1.405113073553493,0.0695332380128093,0.04359362897230312,0.0,0.0,0.0,0.0,0.0,0.0,0.0
POV_L05_ALWAYS,0,28,0.0,0.0,0.04133304154542464,0.0,0.026764826583862256,0.0,0.3917860248481239,2.7102591951093733,0.8432651248023054,0.024857160056837108,24.85716005683711,2715.372520438747,0.3087580453311824,1.6459603348222072,1.697102434001863,0.047959087998606265,1.5691153170191683,0.17078031704295427,7.0,0.0,20.160231888182835,1.45513117313385,0.0
YFLOW_MAIN_PORT,0,28,0.0,0.0,0.03944114869182745,0.0,0.0,0.0,0.38889953035987207,2.5258635555009312,0.825500438187996,0.031192527834157064,31.19252783415707,609.9534567927341,0.3445795103470236,1.8062858047045347,0.5542573900311254,0.04585948499152437,0.45804214500822127,0.04767154186265543,3.0,0.0,4.580993447553885,1.709420084953308,0.0
GOAL_AWARE_FINAL_PROJECTION,0,28,0.0,0.0,0.04931684946072602,0.0,0.0,0.0,0.446375372627107,2.5369774747345017,0.87244132116626,0.03131778622802177,31.317786228021767,567.1204675708822,0.5238391740321082,2.1291223021196655,0.17358292796416208,0.043568908877205104,0.09291253099218011,0.010552844032645226,1.0,0.0,2.6094182730120568,2.6094183921813965,0.0
PLAIN_FM,0,29,0.0,0.0,0.06930764277947167,0.0,0.2657376345634459,2.3582708835601807,0.46601390579440183,3.1888883558390027,0.8624794802495463,0.052189470682512784,52.18947068251278,11951.653291448938,0.1514968191484495,1.4440740313746527,0.0695107969804667,0.04353748605353758,0.0,0.0,0.0,0.0,0.0,0.0,0.0
POV_L05_ALWAYS,0,29,0.0,0.0,0.04241954487833362,0.0,0.06329889755249019,0.8793008327484131,0.454412862975696,2.7342872539364422,0.7671952842994727,0.03983013598885632,39.83013598885632,6320.522563712511,0.37707528561571146,1.5365030174118568,1.7792145709972829,0.04792366694891825,1.6516157840378582,0.17545826389687136,7.0,0.0,24.921365785953583,1.8977086544036865,0.0
YFLOW_MAIN_PORT,0,29,0.0,0.0,0.03891023868343628,0.0,0.0,0.0,0.4208763904805078,2.5107506442131218,0.7786885620169396,0.02825886321599321,28.258863215993212,490.84805671501704,0.3239611279528388,1.8720355679537362,0.553255905979313,0.0451708470354788,0.4580661969957873,0.04776419390691444,3.0,0.0,4.3839372645916725,1.692969560623169,0.0
GOAL_AWARE_FINAL_PROJECTION,0,29,0.0,0.0,0.04805036919343898,1.1642945185741382e-07,0.004154400634765576,0.0,0.34223572621203363,2.605662675189858,0.8328707456044917,0.046406297283160564,46.40629728316057,992.0761869027738,0.4654978782978089,2.0414287556820683,0.2652650289819576,0.0435076761059463,0.18465814500814304,0.01917823898838833,1.0,0.0,2.2720418642312223,2.2720417976379395,0.0
PLAIN_FM,0,30,0.0,0.0,0.07494434153301345,0.0,0.2333967503547667,1.1172783374786377,0.4627508028600341,3.2260413847837763,0.8835641729931072,0.03645988323529392,36.45988323529392,6076.363164243802,0.1440851181321155,1.4477485159543046,0.07062965503428131,0.04417139507131651,0.0,0.0,0.0,0.0,0.0,0.0,0.0
POV_L05_ALWAYS,0,30,0.0,0.0,0.04136634980622331,0.0,0.0,0.0,0.4498619675752538,2.596441128843173,0.7931640295225509,0.02201270826085952,22.01270826085952,2102.5126327023067,0.2712628632436481,1.9593543322870333,1.6047082559671253,0.04774730291683227,1.4767323640407994,0.16156051598954946,7.0,0.0,23.827863073248274,1.5403380393981934,0.0
YFLOW_MAIN_PORT,0,30,0.0,0.0,0.03797036736780236,0.0,0.0,0.0,0.42131762567043085,2.453036775060458,0.7807210841336498,0.02510089726558607,25.10089726558607,483.17069016315736,0.3198807627876701,1.8845861052126613,0.4627024049987085,0.04500112304231152,0.3677680330001749,0.039532437978778034,3.0,0.0,5.024806089692022,1.74008047580719,0.0
GOAL_AWARE_FINAL_PROJECTION,0,30,0.0,0.0,0.040177312464411696,0.0,0.0,0.0,0.4559222295803828,2.4469508267565283,0.8096452824988941,0.025834869142816977,25.83486914281698,473.4848116968532,0.43246949306519755,2.1499755341748137,0.17591410700697452,0.04380799498176202,0.09474021795904264,0.010854331019800156,1.0,0.0,2.282097564960986,2.282097578048706,0.0
PLAIN_FM,0,31,0.0,0.0,0.05525623602186401,0.0,0.28507189121246324,0.09185194969177246,0.4455985080199772,3.164932395871164,0.8899415178849265,0.027566878982912435,27.56687898291243,4583.492992645776,0.13459371138430862,1.399058871817501,0.07046253100270405,0.04407113295746967,0.0,0.0,0.0,0.0,0.0,0.0,0.0
POV_L05_ALWAYS,0,31,0.0,0.0,0.027168156300313426,0.0,0.0,0.0,0.43269754665057536,2.616766231151153,0.8120602096964987,0.0190692827199076,19.069282719907598,1640.444911425476,0.308058071135473,1.863606868568884,1.5136509339790791,0.04783717595273629,1.3859326919773594,0.15035431820433587,7.0,0.0,22.754406528818915,1.5635154247283936,0.0
YFLOW_MAIN_PORT,0,31,0.0,0.0,0.029163970994317216,0.0,0.0,0.0,0.3883221966525666,2.4954075217194305,0.8008500323600048,0.028498029090293517,28.498029090293517,549.0036146037284,0.3310980770718827,1.822625810559583,0.5540843500057235,0.04567639995366335,0.4581109500140883,0.04765371012035757,3.0,0.0,4.65489070590218,1.6609950065612793,0.0
GOAL_AWARE_FINAL_PROJECTION,0,31,0.0,0.0,0.0611859426261671,0.0,0.0,0.0,0.4510292971505223,2.414936339792896,0.804181918684572,0.023617300059991297,23.617300059991297,449.36485586023474,0.4614379370311903,2.1860213098012524,0.17312186799244955,0.04358291992684826,0.09259541495703161,0.010501962038688362,1.0,0.0,2.3179288371905358,2.3179287910461426,0.0
PLAIN_FM,1,0,0.0,0.0,0.023263957447231254,0.0,0.0,0.43109700083732605,0.47662466265846404,2.2086897000169516,1.1200858245447742,0.04577244242206839,45.772442422068394,10133.282320276972,0.111956956771977,1.7538306089924391,0.0695549879455939,0.043562879029195756,0.0,0.0,0.0,0.0,0.0,0.0,0.0
POV_L05_ALWAYS,1,0,0.0,0.0,0.03225498511751462,0.0,0.0,0.0,0.2909957833029356,1.6631247206751838,0.9588800049833935,0.017526571361149657,17.526571361149657,2000.1961765204303,0.36253754007923933,1.8897591135759175,1.332696334051434,0.0476631720084697,1.2053124101366848,0.13048087194329128,7.0,0.0,25.177932588230792,1.3821542263031006,0.0
YFLOW_MAIN_PORT,1,0,0.0,0.0,0.0232073100692511,0.0,0.0,0.0,0.16635422786246865,1.5801593928832771,0.9418125453539213,0.020665117188901128,20.665117188901128,548.753922231815,0.3345645944791261,1.9197364285637388,0.464732076972723,0.04493593203369528,0.3697831550380215,0.038906721922103316,3.0,0.0,3.0899507227777185,1.113611102104187,0.0
GOAL_AWARE_FINAL_PROJECTION,1,0,0.0,0.0,0.016011123100760194,0.0,0.0,0.0,0.2781624411730028,1.341147971911392,0.781376658705436,0.015441535922125382,15.441535922125382,444.4324745948691,0.6202623380086023,2.135460316177621,0.1735144979902543,0.04332338098902255,0.09328757203184068,0.010485641949344426,1.0,0.0,2.5670969257764114,2.5670969486236572,0.0
PLAIN_FM,1,1,0.0,0.0,0.029226751757445102,0.0,0.0,0.340576171875,0.49592782323463386,2.1396053404908915,1.0738480903454093,0.04470306059039278,44.70306059039279,9513.875025195006,0.12631387586160014,1.8148175337889334,0.06940886500524357,0.04351168806897476,0.0,0.0,0.0,0.0,0.0,0.0,0.0
POV_L05_ALWAYS,1,1,0.0,0.0,0.030769705904032454,0.0,0.0,0.0,0.3434632485347798,1.3525483194923944,0.8079702161898609,0.012922052819437146,12.922052819437148,2019.1618812685385,0.4261888028584351,2.2644672278877356,1.6009413939900696,0.04751573596149683,1.4738055559573695,0.15048276307061315,7.0,0.0,21.96623962189985,1.5634688138961792,0.0
YFLOW_MAIN_PORT,1,1,0.0,0.0,0.02733504861492317,0.0,0.0,0.0,0.1825658343588534,1.418815596706315,0.8861909044704623,0.015332074125746914,15.332074125746914,387.9137909338096,0.3649571950830942,1.9987988513598556,0.47037305997218937,0.04806041205301881,0.37058860494289547,0.038936073950026184,3.0,0.0,3.4564127931841466,1.1718205213546753,0.0
GOAL_AWARE_FINAL_PROJECTION,1,1,0.0,0.0,0.024377341650248158,0.0,0.0,0.0,0.30316710995326257,1.2553997479976295,0.7506468105718144,0.011804109971101262,11.804109971101262,367.7774156732205,0.6267558589540234,2.570131420828942,0.17388710798695683,0.043513327022083104,0.0934315060148947,0.010390200011897832,1.0,0.0,2.4565984969834536,2.4565985202789307,0.0
PLAIN_FM,1,2,0.0,0.0,0.026455756501162553,0.0,0.0,0.05957603454589844,0.4793752044418321,2.226107579916338,1.1022791121549373,0.040185257094313795,40.1852570943138,7890.860343613406,0.10232347084512208,1.7751870256176974,0.069410384981893,0.04344038397539407,0.0,0.0,0.0,0.0,0.0,0.0,0.0
POV_L05_ALWAYS,1,2,0.0,0.0,0.03321025499235969,0.0,0.0,0.0,0.2884481538715047,1.7214569296317912,0.9649740307308313,0.018555425286251426,18.555425286251428,1649.447309656593,0.36001045480054716,1.8217966250248498,1.2439233810291626,0.047621611098293215,1.116352662036661,0.12335830298252404,7.0,0.0,21.568252931786994,1.3520153760910034,0.0
YFLOW_MAIN_PORT,1,2,0.0,0.0,0.019285941552731334,0.0,0.0,0.0,0.1791443705297852,1.5908351981310866,0.9335768791591769,0.02283775119555672,22.83775119555672,633.385569391032,0.3307629011281251,1.9404504772373887,0.4666917879949324,0.045458985900040716,0.37078061990905553,0.03939530503703281,3.0,0.0,3.472132539384252,1.1202366352081299,0.0
GOAL_AWARE_FINAL_PROJECTION,1,2,0.0,0.0,0.02869743453318878,0.0,0.0,0.0,0.305446950374661,1.2365757714215009,0.6835943784575217,0.012020016723105265,12.020016723105265,407.3146609426815,0.6422792641458974,2.508828256472399,0.17413560400018468,0.04355264897458255,0.0935301780118607,0.010582344955764711,1.0,0.0,2.688021755873907,2.688021659851074,0.0
PLAIN_FM,1,3,0.0,0.0,0.02683456136772272,0.0,0.0,0.841413140296936,0.44957279424024976,2.2087819723976843,1.10537090273446,0.04532112220799921,45.32112220799921,10097.702442013182,0.1152251896274185,1.7465013863692178,0.06950404803501442,0.04352997004752979,0.0,0.0,0.0,0.0,0.0,0.0,0.0
POV_L05_ALWAYS,1,3,0.0,0.0,0.03338700059667549,0.0,0.0,0.0,0.3236088617084879,1.4366311082383514,0.8581774497443109,0.01460099553805283,14.600995538052832,2278.0190996512406,0.4343417768663123,2.190323010011042,1.0564547770190984,0.04737585398834199,0.9291561939753592,0.10100175399566069,7.0,0.0,17.364664787546644,1.7136812210083008,0.0
YFLOW_MAIN_PORT,1,3,0.0,0.0,0.01848106988860264,0.0,0.0,0.0,0.14084548147141537,1.5332293780594823,0.9278234552495335,0.019618521739790437,19.618521739790438,504.92193803668846,0.3543833831058847,1.9185657530455724,0.3747428209753707,0.04519348096800968,0.2794725289568305,0.03113643900724128,3.0,0.0,3.323329928467115,1.1315158605575562,0.0
GOAL_AWARE_FINAL_PROJECTION,1,3,0.0,0.0,0.02649789569682702,0.0,0.0,0.0,0.3319482296248501,1.2659615772230488,0.6287883142133758,0.01045686353717823,10.45686353717823,325.53985783394523,0.7500407631010244,2.7241594305785366,0.17404068197356537,0.04359396098880097,0.09339216601802036,0.010433270945213735,1.0,0.0,3.234394878967915,3.2343947887420654,0.0
PLAIN_FM,1,4,0.0,0.0,0.026051634530154855,0.0,0.0,0.5685862898826599,0.45465467611523364,2.206880576482378,1.1175605637776578,0.0370068479919138,37.0068479919138,6615.22641706326,0.12286460729901466,1.7868849240157116,0.06951563799520954,0.043585070001427084,0.0,0.0,0.0,0.0,0.0,0.0,0.0
POV_L05_ALWAYS,1,4,0.0,0.0,0.02924314665794754,0.0,0.0,0.0,0.2797065714945599,1.7133699423911408,0.9660303306367394,0.017135766226685556,17.135766226685558,1434.1260862947624,0.3745351575523631,1.880850693354001,1.428940703975968,0.047517640981823206,1.3010772169218399,0.140126543934457,7.0,0.0,16.265069731579384,1.3043816089630127,0.0
YFLOW_MAIN_PORT,1,4,0.0,0.0,0.03192690961120466,0.0,0.0,0.0,0.1257351417853704,1.6775531765669967,0.9659132294801419,0.02930462060110356,29.304620601103558,845.9597627613945,0.33580858158995885,1.9051201398780246,0.562687391997315,0.04547154507599771,0.4668812749441713,0.048831910942681134,3.0,0.0,3.180365663079302,1.069050908088684,0.0
GOAL_AWARE_FINAL_PROJECTION,1,4,0.0,0.0,0.02024171756041987,0.0,0.0,0.0,0.24483986392124568,1.4355720821687477,0.8496933049825296,0.017317730467003578,17.317730467003578,477.6682361687711,0.6069476118654908,2.046945155263911,0.17397800099570304,0.04346086707664654,0.09340991597855464,0.010466321953572333,1.0,0.0,2.3676726999917177,2.3676726818084717,0.0
PLAIN_FM,1,5,0.0,0.0,0.028311981678519837,0.0,0.0,1.1642885208129883,0.4646499558538081,2.155282218033726,1.11072559583367,0.04645483353872114,46.45483353872115,10143.732270500785,0.11955637993532503,1.816588513772786,0.06954592996044084,0.04353642894420773,0.0,0.0,0.0,0.0,0.0,0.0,0.0
POV_L05_ALWAYS,1,5,0.0,0.0,0.03508053043567455,0.0,0.0,0.0,0.3031124077631741,1.5563070817526778,0.9513119312553987,0.019339073072933255,19.339073072933257,2345.5817708070813,0.3738946380051752,2.1166777973518522,1.4292727750143968,0.04742862598504871,1.30169010697864,0.14038491982501,7.0,0.0,27.826869744063853,1.3379685878753662,0.0
YFLOW_MAIN_PORT,1,5,0.0,0.0,0.016480804528336945,0.0,0.0,0.0,0.18183486254760048,1.5537801124960424,0.9272266230766331,0.02004151380639462,20.04151380639462,518.1413411778548,0.33446020154765355,1.9580303969183865,0.5562578230164945,0.04508467996492982,0.46095048903953284,0.04705939593259245,3.0,0.0,2.8749237652236697,1.0375049114227295,0.0
GOAL_AWARE_FINAL_PROJECTION,1,5,0.0,0.0,0.012715823801380796,0.0,0.0,0.0,0.27108569172668434,1.3294419844885044,0.8122474473947431,0.015216807524407017,15.216807524407017,439.34134854719525,0.6110473309007699,2.2173246721098927,0.17359828198095784,0.04344540799502283,0.09314631001325324,0.010475312010385096,1.0,0.0,2.3975115416588353,2.3975114822387695,0.0
PLAIN_FM,1,6,0.0,0.0,0.025604167693278945,0.0,0.0,0.876004695892334,0.4851561533772831,2.1468621024949828,1.0795237967093545,0.041605799965988365,41.60579996598837,8818.212301574375,0.11197684951689854,1.7387161324484277,0.06934331398224458,0.0434712371788919,0.0,0.0,0.0,0.0,0.0,0.0,0.0
POV_L05_ALWAYS,1,6,0.0,0.0,0.032887951377917835,0.0,0.0,0.0,0.3773343333893327,1.3011718143205486,0.7888351690781426,0.011274668342458716,11.274668342458718,1976.6634541918513,0.43076034569152777,2.417961265499054,1.2407908940222114,0.047398476919624954,1.1131827750359662,0.11916011100402102,7.0,0.0,19.264293083306853,1.8649108409881592,0.0
YFLOW_MAIN_PORT,1,6,0.0,0.0,0.03301650761003569,0.0,0.0,0.0,0.2445623237159056,1.2544741834097615,0.7481896577768475,0.0071563930686376976,7.156393068637698,234.12738988255688,0.3719967717736664,2.0249761753576356,0.46527877799235284,0.04492292396025732,0.37037222407525405,0.038824720948468894,3.0,0.0,3.4792234978531544,1.2692632675170898,0.0
GOAL_AWARE_FINAL_PROJECTION,1,6,0.0,0.0,0.018832201348388686,0.0,0.0015868362426756377,0.0,0.18911937679627974,1.5190372040511309,0.9943863907541228,0.02157193336385499,21.571933363854992,536.134775634528,0.5955168047226875,2.6201033015690225,0.26548596000066027,0.04343105596490204,0.18493525602389127,0.018680146022234112,1.0,0.0,2.4868982459321174,2.486898183822632,0.0
PLAIN_FM,1,7,0.0,0.0,0.02888453433745236,0.0,0.0,0.7495115324854851,0.4677762031772868,2.152781908499099,1.095481463570936,0.056283814131767404,56.2838141317674,12427.19212717758,0.12189560666906007,1.78818154850702,0.06942113599507138,0.04351956903701648,0.0,0.0,0.0,0.0,0.0,0.0,0.0
POV_L05_ALWAYS,1,7,0.0,0.0,0.03525691559164551,0.0,0.0,0.0,0.332791915190891,1.4002565032003003,0.8918847158640343,0.01810036275054827,18.10036275054827,2860.609912512113,0.4418949080374518,2.299515523632526,1.7087264530127868,0.04748070699861273,1.5813859759946354,0.170271135866642,7.0,0.0,25.75218903330298,1.7093104124069214,0.0
YFLOW_MAIN_PORT,1,7,0.0,0.0,0.02606606810763802,0.0,0.0,0.0,0.18406657144784477,1.425750486728243,0.8876448997779114,0.014375653293414625,14.375653293414624,376.9683498386901,0.3563546216453304,1.9889693674342592,0.5570428150240332,0.04529081500368193,0.46150562493130565,0.04648021300090477,3.0,0.0,2.9688643390954343,1.1103800535202026,0.0
GOAL_AWARE_FINAL_PROJECTION,1,7,0.0,0.0,0.03404571873065802,0.0,0.0,0.0,0.34561254936986374,1.2202211281090005,0.734074030937655,0.011136299172278541,11.136299172278541,363.56904841126084,0.6931494194488451,2.693225325552332,0.17390198999783024,0.0433919369825162,0.09330797399161384,0.010489123000297695,1.0,0.0,2.852849706934193,2.8528497219085693,0.0
PLAIN_FM,1,8,0.0,0.0,0.021712685048449865,0.0,0.0,0.7065367698669434,0.5174898734794546,2.2935875693044863,1.1261908959682145,0.043863437843290914,43.86343784329091,8634.710132871482,0.11301238325886348,1.7577975990078771,0.0696395019767806,0.043533358024433255,0.0,0.0,0.0,0.0,0.0,0.0,0.0
POV_L05_ALWAYS,1,8,0.0,0.0,0.03219535114582189,0.0,0.0,0.0,0.3513326372076317,1.4873207662115013,0.8921926203178756,0.014756824149228853,14.756824149228855,2011.6467845183063,0.3687573545340016,2.1408035533397545,1.5147691660095006,0.04737440386088565,1.3872665640083142,0.14370807603700086,7.0,0.0,21.5806730355121,1.57445228099823,0.0
YFLOW_MAIN_PORT,1,8,0.0,0.0,0.018294744739093052,0.0,0.0,0.0,0.10849546815332319,1.778655299764537,1.006618929033595,0.03378827563793115,33.78827563793115,989.056121902891,0.3288158431001639,1.866031866441605,0.6452043919707648,0.04503479495178908,0.5500634430209175,0.05316087190294638,3.0,0.0,3.3454745556213297,1.2000712156295776,0.0
GOAL_AWARE_FINAL_PROJECTION,1,8,0.0,0.0,0.023212727308593153,0.0,0.0,0.0,0.3458606756747412,1.1878562495275593,0.6581879265212678,0.011710373630223536,11.710373630223536,359.58827145226024,0.6569370855786403,2.3849475742571404,0.17428088100859895,0.04371839406667277,0.09314405999612063,0.010363869019784033,1.0,0.0,2.89599577246849,2.895995616912842,0.0
PLAIN_FM,1,9,0.0,0.0,0.02465031951539204,0.0,0.0,0.0,0.4675222526979545,2.137647475053577,1.0590582527037486,0.0391464449230859,39.1464449230859,8039.5213358707715,0.0980966124122456,1.8375387681116864,0.06988714804174379,0.04364922194508836,0.0,0.0,0.0,0.0,0.0,0.0,0.0
POV_L05_ALWAYS,1,9,0.0,0.0,0.032313002041645056,0.0,0.0,0.0,0.3109299737729999,1.609801553609209,0.9517639113947018,0.017122236399329083,17.12223639932908,1707.622987923929,0.38031612692003325,2.0101376500387147,1.5255974599858746,0.04746846901252866,1.397434844111558,0.14902432193048298,7.0,0.0,27.90589136279186,1.4617966413497925,0.0
YFLOW_MAIN_PORT,1,9,0.0,0.0,0.015393231444652905,0.0,0.0,0.0,0.18448200889709357,1.6135795565387443,0.960944447655127,0.025226233696451574,25.226233696451576,695.6831986218488,0.3134710329512761,1.97984323270458,0.37931096099782735,0.0454623979749158,0.28302063199225813,0.03147901798365638,3.0,0.0,3.1064437824076094,1.082120656967163,0.0
GOAL_AWARE_FINAL_PROJECTION,1,9,0.0,0.0,0.010990898997157356,0.0,0.0,0.0,0.2942474784141672,1.5900061731761197,0.8790427235349206,0.023286431096563476,23.286431096563476,630.8901304832303,0.6254962979865406,1.8944898397863028,0.17492822703206912,0.04349569696933031,0.09435083001153544,0.010581654962152243,1.0,0.0,2.605175544912379,2.605175495147705,0.0
PLAIN_FM,1,10,0.0,0.0,0.027875220085218644,0.0,0.0,0.6482911109924316,0.4640792153398366,2.190802550117072,1.097249945133866,0.04328256789140311,43.28256789140311,9101.850284645972,0.10052526416783587,1.7946258032660698,0.06959126103902236,0.043599720986094326,0.0,0.0,0.0,0.0,0.0,0.0,0.0
POV_L05_ALWAYS,1,10,0.0,0.0,0.034905432843951256,0.0,0.0,0.0,0.2918749905810594,1.5850076603620458,0.9362339260919778,0.01678651538836151,16.78651538836151,1950.0935511083562,0.3816954316265374,2.01838981695145,1.1527754660346545,0.04733065399341285,1.0252559951040894,0.11286467395257205,7.0,0.0,20.274446353825144,1.440724492073059,0.0
YFLOW_MAIN_PORT,1,10,0.0,0.0,0.02629877649764313,0.0,0.0,0.0,0.20874808483408255,1.4276795773681215,0.8586381828627051,0.014749167533075692,14.749167533075692,428.7063481928104,0.34819243153309754,2.013435237885666,0.3751369270030409,0.045006215979810804,0.27990780293475837,0.03139023494441062,3.0,0.0,3.662816114639163,1.1874866485595703,0.0
GOAL_AWARE_FINAL_PROJECTION,1,10,0.0,0.0,0.032165616800548386,0.0,0.0,0.0,0.32323440768385825,1.1715339252854446,0.6486542140966859,0.01007461577431279,10.07461577431279,356.7841069288313,0.6863315704152532,2.699191636057316,0.17448322603013366,0.043703874049242586,0.09335060598095879,0.010481532022822648,1.0,0.0,2.9309791048017018,2.9309792518615723,0.0
PLAIN_FM,1,11,0.0,0.0,0.021905977617044547,0.0,0.0,1.03543221950531,0.463619861094567,2.1540544985847565,1.1236730509377155,0.043527576026994336,43.52757602699434,9719.101264196566,0.11616225394091051,1.7679536060793428,0.06950315000722185,0.04352060897508636,0.0,0.0,0.0,0.0,0.0,0.0,0.0
POV_L05_ALWAYS,1,11,0.0,0.0,0.02991570183756244,0.0,0.0,0.0,0.30466651062250427,1.5897486370587983,0.9519821444206805,0.016473440498972813,16.473440498972817,2323.970600512015,0.3668688198498476,2.001919391292752,1.3301100449752994,0.04735142603749409,1.2022528260131367,0.12424249696778134,7.0,0.0,13.910497868324455,1.233986496925354,0.0
YFLOW_MAIN_PORT,1,11,0.0,0.0,0.01860570202097002,0.0,0.0,0.0,0.19707022571135238,1.4911154542348513,0.9085622869287077,0.018101315423777787,18.101315423777788,490.2510914173408,0.34443795577716974,1.9548544840977011,0.46615197497885674,0.045091617037542164,0.37074587802635506,0.03883728198707104,3.0,0.0,3.1546087101952085,1.0999634265899658,0.0
GOAL_AWARE_FINAL_PROJECTION,1,11,0.0,0.0,0.02721848465443323,0.0,0.0,0.0,0.3012600101615143,1.1888223887251754,0.7674842594416562,0.009631386607332537,9.631386607332537,322.84711603018934,0.6374408948082921,2.7136864607310014,0.17445634596515447,0.04362656391458586,0.09309426002437249,0.010399240010883659,1.0,0.0,2.632363406632542,2.6323633193969727,0.0
PLAIN_FM,1,12,0.0,0.0,0.020685431303795243,0.0,0.0,1.1146903783082962,0.47667855891642613,2.207701558874557,1.1074004350613735,0.04357280356875454,43.57280356875454,8898.506902140649,0.09162206516377372,1.774030194350184,0.06959932198515162,0.04362087091431022,0.0,0.0,0.0,0.0,0.0,0.0,0.0
POV_L05_ALWAYS,1,12,0.0,0.0,0.030317261667136608,0.0,0.0,0.0,0.29927884056364334,1.6222396325291504,0.9404519550869337,0.017782907414270133,17.78290741427013,1975.9169348769974,0.3598805719900106,1.9757676790766283,1.3330348210292868,0.04738601500866935,1.2052835130598396,0.12762280507013202,7.0,0.0,20.656294771348133,1.3517533540725708,0.0
YFLOW_MAIN_PORT,1,12,0.0,0.0,0.022943516430208533,0.0,0.0,0.0,0.1775296113915194,1.6247900394136912,0.9561624256613055,0.02578964332146828,25.789643321468283,733.8483282869502,0.3229467048301503,1.9318661893658724,0.3751535789924674,0.04500476497923955,0.2798162839608267,0.03128044196637347,3.0,0.0,3.6506661602261103,1.1130198240280151,0.0
GOAL_AWARE_FINAL_PROJECTION,1,12,0.0,0.0,0.037437007154662444,0.0,0.0,0.0,0.31658989441674135,1.1438480749254156,0.6299073612410422,0.008432821522434963,8.432821522434963,361.0837595560135,0.5925953149231926,2.5029933209379776,0.17424364999169484,0.04351153806783259,0.09331071597989649,0.010507212951779366,1.0,0.0,2.460272240844606,2.4602723121643066,0.0
PLAIN_FM,1,13,0.0,0.0,0.027572806905880987,0.0,0.0,1.6930294036865234,0.4693927854290308,2.187748816510927,1.1171075065252827,0.05393936789979159,53.93936789979159,12865.554004954593,0.10258039086322743,1.8101989649913255,0.06986642797710374,0.04361390898702666,0.0,0.0,0.0,0.0,0.0,0.0,0.0
POV_L05_ALWAYS,1,13,0.0,0.0,0.03438556806004617,0.0,0.0,0.0,0.32876285098992847,1.5010425606103606,0.8799426755376908,0.015082404286313134,15.082404286313135,2284.234201098845,0.3717500398979491,2.2091896420941404,1.5212410949752666,0.047329825058113784,1.3934510271064937,0.15105783409671858,7.0,0.0,18.38498025555637,1.374167799949646,0.0
YFLOW_MAIN_PORT,1,13,0.0,0.0,0.018056971748269285,0.0,0.0,0.0,0.12683053825350576,1.6765771286562126,0.9850595943024184,0.03001938487878217,30.019384878782173,877.7508780577082,0.32522549310096677,1.9286936205527705,0.649860316014383,0.04503694694722071,0.5544172870577313,0.05671932001132518,3.0,0.0,3.30490103494979,1.095909833908081,0.0
GOAL_AWARE_FINAL_PROJECTION,1,13,0.0,0.0,0.032502577597668086,0.0,0.0,0.0,0.3413761722512605,1.0325331422681812,0.5771790782948112,0.004941397087297794,4.941397087297794,189.2629862075168,0.7031175691857852,2.876792116879623,0.1746590220136568,0.043692195031326264,0.09360480203758925,0.010659646999556571,1.0,0.0,3.006926303497902,3.0069262981414795,0.0
PLAIN_FM,1,14,0.0,0.0,0.023951204720924324,0.0,0.0,0.5195346474647522,0.45793035478262306,2.16764597281898,1.1038831827132924,0.042769990573270855,42.76999057327086,9194.656797320358,0.10769490435505051,1.7625791515843094,0.07026663899887353,0.04396774107590318,0.0,0.0,0.0,0.0,0.0,0.0,0.0
POV_L05_ALWAYS,1,14,0.0,0.0,0.032563328615677734,0.0,0.0,0.0,0.2761618542698932,1.7151510568848507,0.9778190658706791,0.018152809693610772,18.152809693610774,1657.142326895622,0.3445323305293685,1.8406028307775304,1.3315140700433403,0.04734673391794786,1.2038527239346877,0.12650240497896448,7.0,0.0,17.415475471834114,1.1753548383712769,0.0
YFLOW_MAIN_PORT,1,14,0.0,0.0,0.019616233378902226,0.0,0.0,0.0,0.17335721648568025,1.6211898623312957,0.9517718084005911,0.025275426251443835,25.275426251443832,691.9998736059761,0.3287662219390508,1.923417342319862,0.47133244801079854,0.045733664999715984,0.374915815948043,0.042611677024979144,3.0,0.0,3.369550728803146,1.0545552968978882,0.0
GOAL_AWARE_FINAL_PROJECTION,1,14,0.0,0.0,0.014315041619559724,0.0,0.0,0.0,0.18474222051843855,1.5323279965616896,1.0014314840976912,0.022445283024459084,22.445283024459084,547.3784792868363,0.5191645325969669,2.1774082164966537,0.26791273697745055,0.0445682349964045,0.18618383101420477,0.018895263026934117,1.0,0.0,1.9726532286884115,1.9726531505584717,0.0
PLAIN_FM,1,15,0.0,0.0,0.027522040592128427,0.0,0.0,0.3492516279220581,0.4509178203241537,2.192263571435428,1.1056028067604415,0.050936542002225596,50.9365420022256,11541.584259025072,0.08608340871961376,1.786834624231069,0.06990032002795488,0.04406838404247537,0.0,0.0,0.0,0.0,0.0,0.0,0.0
POV_L05_ALWAYS,1,15,0.0,0.0,0.034132831622926185,0.0,0.0,0.0,0.3249930729139766,1.486276260385528,0.9166033707501899,0.017655076905942924,17.655076905942924,2726.6477535699887,0.43811605070716264,2.201164897827673,1.5314147479948588,0.05252897599712014,1.3975378759787418,0.15135299903340638,7.0,0.0,19.040410603231443,1.7911972999572754,0.0
YFLOW_MAIN_PORT,1,15,0.0,0.0,0.022222084409929302,0.0,0.0,0.0,0.17669491737212495,1.6163760661279603,0.9398397560262174,0.023700389855883637,23.700389855883635,630.6322303668076,0.3192769508691108,1.9394336469294609,0.5642601560102776,0.04659283813089132,0.4671967069734819,0.0527674809563905,3.0,0.0,3.0322030695833164,1.0967321395874023,0.0
GOAL_AWARE_FINAL_PROJECTION,1,15,0.0,0.0,0.010522451776965008,0.0,0.009817045593261575,0.0,0.2704775539886937,1.6615558386674607,0.954157928808289,0.026518213328170795,26.518213328170795,673.2165844487618,0.5587752612660793,2.276701039519159,0.26857226400170475,0.044798890012316406,0.18586820299969986,0.019411066023167223,1.0,0.0,2.2294923188012445,2.2294921875,0.0
PLAIN_FM,1,16,0.0,0.0,0.027156220144910426,0.0,0.0,2.0816755294799805,0.5152760550087521,2.1653320360053288,1.0733832415358868,0.04675796208472821,46.757962084728206,10489.313955165271,0.08734585610539414,1.8136614272416876,0.07022915803827345,0.04436064203036949,0.0,0.0,0.0,0.0,0.0,0.0,0.0
POV_L05_ALWAYS,1,16,0.0,0.0,0.034208965980556616,0.0,0.0,0.0,0.3500736327284393,1.7079738786599248,0.9372331603816182,0.02083508058037198,20.83508058037198,2286.3496522500295,0.366528474512278,1.8216907472493546,1.3418710560072213,0.050532205030322075,1.2107613519765437,0.13144165108678862,7.0,0.0,22.732436779173636,1.4370887279510498,0.0
YFLOW_MAIN_PORT,1,16,0.0,0.0,0.014978691336456476,0.0,0.0,0.0,0.2175114034167743,1.4238190767165873,0.8654765319417501,0.01503331855149484,15.033318551494842,405.04340572505714,0.3388722067693227,2.010523145316902,0.4684581990004517,0.04698058596113697,0.37107930099591613,0.03972326498478651,3.0,0.0,3.7402545931419273,1.1991567611694336,0.0
GOAL_AWARE_FINAL_PROJECTION,1,16,0.0,0.0,0.011839246279607599,0.0,0.0,0.0,0.29716930136059766,1.5574991462838146,0.8402429552959796,0.019970488612153225,19.970488612153225,516.1286975887691,0.6534540363260526,1.9066919066870218,0.17461857199668884,0.04411281395005062,0.09353027102770284,0.010711597977206111,1.0,0.0,2.71587707348722,2.715877056121826,0.0
PLAIN_FM,1,17,0.0,0.0,0.02636175774160271,0.0,0.0,1.6835567355155945,0.43829224475881445,2.2021292273019304,1.107949846330789,0.05199367408940503,51.993674089405026,11917.52273192368,0.12084045429889023,1.7482245755371126,0.06986690900521353,0.04408084199531004,0.0,0.0,0.0,0.0,0.0,0.0,0.0
POV_L05_ALWAYS,1,17,0.0,0.0,0.03384230228812263,0.0,0.0,0.0,0.33348056414500826,1.394538499286224,0.8518765484971456,0.015234554513686716,15.234554513686716,2629.860632357373,0.44157337251327333,2.265768843816968,1.2490681749768555,0.049797464977018535,1.1186900890315883,0.1260656879749149,7.0,0.0,22.004755297845122,1.6917774677276611,0.0
YFLOW_MAIN_PORT,1,17,0.0,0.0,0.019979511246793452,0.0,0.0,0.0,0.2263081030862637,1.3444439386041924,0.8562179777125651,0.011739689458239475,11.739689458239475,329.58599614283133,0.3617239115710031,2.0012305213562116,0.468981112993788,0.04591677093412727,0.37284564500441775,0.04193988995393738,3.0,0.0,3.358317460418282,1.1577054262161255,0.0
GOAL_AWARE_FINAL_PROJECTION,1,17,0.0,0.0,0.031128890409990784,0.0,0.0,0.0,0.3253007926733534,1.2244013472250652,0.7178526332473432,0.009939959636177775,9.939959636177775,299.31734929693476,0.7527298380847027,2.9092505975288425,0.17427999404026195,0.04392061091493815,0.09342076897155493,0.010673386976122856,1.0,0.0,3.210249477454089,3.210249662399292,0.0
PLAIN_FM,1,18,0.0,0.0,0.024980803336329294,0.0,0.0,1.2352930195629597,0.4645200645544488,2.1691610259476715,1.08737448585871,0.0598547959257803,59.85479592578031,15674.804958179338,0.10397616474182582,1.732391353034695,0.0700699639855884,0.044118263002019376,0.0,0.0,0.0,0.0,0.0,0.0,0.0
POV_L05_ALWAYS,1,18,0.0,0.0,0.033138272447523265,0.0,0.0,0.0,0.31620983332053054,1.445881469336391,0.8613709489296225,0.01576064876109906,15.76064876109906,2444.061467938985,0.4224137674062866,2.2101097633792333,1.344514127005823,0.04994268005248159,1.214244105911348,0.136026824999135,7.0,0.0,22.840772998678744,1.6900501251220703,0.0
YFLOW_MAIN_PORT,1,18,0.0,0.0,0.032271050068256826,0.0,0.0,0.0,0.26349558896032216,1.2623381282515789,0.7402387226311741,0.008400514305905493,8.400514305905494,286.3227833101611,0.38950417266747084,2.0420821035003827,0.5639239809825085,0.04635792091721669,0.4671498170355335,0.050544034980703145,3.0,0.0,3.3318507635323202,1.3805593252182007,0.0
GOAL_AWARE_FINAL_PROJECTION,1,18,0.0,0.0,0.026428257687642148,0.0,0.0,0.0,0.33809142968870465,1.0335777897940601,0.5751997372566643,0.004859309798966649,4.859309798966649,194.2705662647093,0.6922692448135555,2.861392425966249,0.17417137196753174,0.04368054593214765,0.09350164199713618,0.010584964998997748,1.0,0.0,3.044971860256071,3.0449719429016113,0.0
PLAIN_FM,1,19,0.0,0.0,0.03368940490523259,0.0,0.0,1.337738037109375,0.4358257826107487,2.197242920512959,1.0899039095089404,0.047875777465928374,47.87577746592837,9062.261723915026,0.12564487361546678,1.763017756407039,0.0696214140043594,0.043790454918053,0.0,0.0,0.0,0.0,0.0,0.0,0.0
POV_L05_ALWAYS,1,19,0.0,0.0,0.03768886781393749,0.0,0.0,0.0,0.27920655119847987,1.592559293682902,0.9381697674225068,0.018931950122064833,18.93195012206483,1946.5967431236295,0.39622472485836047,2.029571087528158,1.3420747990021482,0.049095468944869936,1.212770652025938,0.12995835690526292,7.0,0.0,20.35299979485112,1.3775464296340942,0.0
YFLOW_MAIN_PORT,1,19,0.0,0.0,0.026806141120758215,0.0,0.0,0.0,0.2267465925533731,1.3254818424419372,0.8014549533387668,0.00968641219067298,9.68641219067298,313.36093288918113,0.36957379669377977,2.0092704839979767,0.5597751089953817,0.04717836302006617,0.462158085021656,0.048652307013981044,3.0,0.0,3.20430630016875,1.1719237565994263,0.0
GOAL_AWARE_FINAL_PROJECTION,1,19,0.0,0.0,0.01165528995722706,0.0,0.0,0.0,0.3349797810794547,1.2602656624416273,0.7331637944553697,0.012847327503905603,12.847327503905603,392.0521826358936,0.7114374753863544,2.5055591231388963,0.17509040504228324,0.04420689900871366,0.09375697799259797,0.01075611897977069,1.0,0.0,2.9290842396774623,2.929084300994873,0.0
PLAIN_FM,1,20,0.0,0.0,0.025174255449216643,0.0,0.0,1.5487585961818695,0.473402877732095,2.139722523520211,1.0474608203261795,0.04302170866774675,43.02170866774676,9634.078161211324,0.10366070761177731,1.7887781281407253,0.07019945798674598,0.044304190028924495,0.0,0.0,0.0,0.0,0.0,0.0,0.0
POV_L05_ALWAYS,1,20,0.0,0.0,0.03272759047570445,0.0,0.0,0.0,0.3195965474737073,1.4879020502413165,0.8763506497028622,0.015292832741031548,15.29283274103155,2223.425670805179,0.4223477473731975,2.1253268829010916,1.4392350160051137,0.0502001759596169,1.3082944680354558,0.14385721506550908,7.0,0.0,20.368350646099827,1.6569753885269165,0.0
YFLOW_MAIN_PORT,1,20,0.0,0.0,0.026874362490961534,0.0,0.0,0.0,0.23199651255309256,1.3359290604075527,0.7790049761869335,0.009595193651368933,9.595193651368934,307.5467776647092,0.3532158565639658,2.0314784934336445,0.5643043940071948,0.04709740000544116,0.46668008802225813,0.05218239699024707,3.0,0.0,3.3220737695829037,1.2047563791275024,0.0
GOAL_AWARE_FINAL_PROJECTION,1,20,0.0,0.0,0.025567152293388837,0.0,0.0,0.0,0.338745525361687,1.1078814523831244,0.6450999927565222,0.008174712668736817,8.174712668736817,298.94823649962984,0.6790398220603584,2.624742088709269,0.17505370499566197,0.04436443105805665,0.09365558600984514,0.01069042697781697,1.0,0.0,2.874240328814315,2.8742401599884033,0.0
PLAIN_FM,1,21,0.0,0.0,0.02572566216910016,0.0,0.0,0.6092910468578339,0.474717250058616,2.174961817319433,1.0953510561099187,0.04220527782082778,42.20527782082778,9100.055364443982,0.0988673328269742,1.743295795137572,0.07125081500271335,0.04484714107820764,0.0,0.0,0.0,0.0,0.0,0.0,0.0
POV_L05_ALWAYS,1,21,0.0,0.0,0.03311244554858167,0.0,0.0,0.0,0.2871772887231059,1.6770175130898328,0.969038169554964,0.01930993032025663,19.30993032025663,2266.893315011509,0.3803899817524813,1.8611325132520837,1.063424666004721,0.049225103051867336,0.9339279019623064,0.10437246598303318,7.0,0.0,17.10757910695443,1.4412496089935303,0.0
YFLOW_MAIN_PORT,1,21,0.0,0.0,0.031180142995531457,0.0,0.0,0.0,0.2397968527192094,1.3191872404318155,0.7744791155744086,0.008892140762941887,8.892140762941887,277.8323706928227,0.34544461009585126,1.9929511519278766,0.37603575899265707,0.045728216937277466,0.2800794850336388,0.03144301596330479,3.0,0.0,3.216329131325506,1.1956944465637207,0.0
GOAL_AWARE_FINAL_PROJECTION,1,21,0.0,0.0,0.024266431640639324,0.0,0.0,0.0,0.3501368820587883,1.1512634787057296,0.6831680868736849,0.008699227569241685,8.699227569241685,306.99616363323304,0.6650403103950521,2.628784797049139,0.1745028409641236,0.04383015999337658,0.09355180303100497,0.01058619498508051,1.0,0.0,2.851538829409599,2.85153865814209,0.0
PLAIN_FM,1,22,0.0,0.0,0.02684347812554594,0.0,0.0,1.637328863143921,0.48833057648156974,2.201149774280679,1.0889930032336481,0.04705209085676362,47.05209085676363,9363.767593466058,0.08885099003485437,1.7822159247956313,0.0698842600104399,0.0438814900116995,0.0,0.0,0.0,0.0,0.0,0.0,0.0
POV_L05_ALWAYS,1,22,0.0,0.0,0.03413878082051419,0.0,0.0,0.0,0.2908981796202077,1.7451127387159342,0.9896677057403406,0.022046699905366007,22.046699905366008,2575.7460833470523,0.36312851217195685,1.824270564746505,1.0644352140370756,0.04896767600439489,0.934960170998238,0.10493787005543709,7.0,0.0,17.502488288395135,1.4247374534606934,0.0
YFLOW_MAIN_PORT,1,22,0.0,0.0,0.0214537201465715,0.0,0.0,0.0,0.1840218600607459,1.6132048812929212,0.9489440756710185,0.02431522293799697,24.315222937996968,659.9063275762027,0.3211137017478026,1.9526977131223608,0.3748498509521596,0.04596040101023391,0.27871559298364446,0.03164679394103587,3.0,0.0,3.408000935303195,1.1508457660675049,0.0
GOAL_AWARE_FINAL_PROJECTION,1,22,0.0,0.0,0.011948151853396927,0.0,0.0,0.0,0.2876179621414016,1.5836908211337641,0.8512714511911743,0.020852210524640036,20.85221052464004,542.0071759958844,0.6612016824622491,1.853838268578355,0.1736946509918198,0.04360348201589659,0.09311992302536964,0.010697557998355478,1.0,0.0,2.7738341478722885,2.773834228515625,0.0
PLAIN_FM,1,23,0.0,0.0,0.033717601322484525,0.0,0.0,0.6524515151977539,0.4496358595394562,2.192116583534929,1.086337016626649,0.044532717689868384,44.532717689868385,9342.861610783335,0.11461617436117627,1.771722101555958,0.06956217304104939,0.043668783036991954,0.0,0.0,0.0,0.0,0.0,0.0,0.0
POV_L05_ALWAYS,1,23,0.0,0.0,0.03784619293180497,0.0,0.0,0.0,0.3232211245041146,1.4468677949942013,0.8517229181594799,0.014402890956598746,14.402890956598748,1945.0010250770863,0.44849440476404795,2.3693711057535953,1.2466805310104974,0.04922214202815667,1.1171358360443264,0.12410128890769556,7.0,0.0,19.18619170533936,1.8492716550827026,0.0
YFLOW_MAIN_PORT,1,23,0.0,0.0,0.023751274653565996,0.0,0.0,0.0,0.2061753754682022,1.4199254121434608,0.8768137556809026,0.01431324395581985,14.31324395581985,367.80972845827546,0.3509708734590512,1.9910928292709396,0.3780168200028129,0.0482763210311532,0.2791171120479703,0.031931139936205,3.0,0.0,3.463622933590522,1.1276127099990845,0.0
GOAL_AWARE_FINAL_PROJECTION,1,23,1.0,0.0,-0.0013900815724193633,0.0,0.0,0.0,0.1683245036335286,1.5699616376347387,1.0436133153070901,0.027322865186261095,27.322865186261097,734.4546651431474,0.5066650408010244,2.339215975654586,0.2662097790162079,0.04396420903503895,0.18525514099746943,0.018962305039167404,1.0,0.0,1.9090049376304143,1.9090049266815186,0.0
PLAIN_FM,1,24,0.0,0.0,0.021067172536931633,0.0,0.0,0.5594921112060547,0.47285908483409234,2.2248240274325353,1.1143655083493162,0.04349999690693543,43.49999690693543,8408.815201108655,0.0980590021640727,1.7795991456470437,0.0701825880096294,0.04436370002804324,0.0,0.0,0.0,0.0,0.0,0.0,0.0
POV_L05_ALWAYS,1,24,0.0,0.0,0.031139250906704385,0.0,0.0,0.0,0.31657528295795645,1.4415566385437026,0.8861540210949288,0.01295407115868552,12.95407115868552,1582.0949320023644,0.38640420539707593,2.2491547348874867,1.4306357029709034,0.050181237049400806,1.299524431116879,0.13747244590194896,7.0,0.0,18.988632744599407,1.500497817993164,0.0
YFLOW_MAIN_PORT,1,24,0.0,0.0,0.03259444975415127,0.0,0.0,0.0,0.21968433681461774,1.3729380411448933,0.8542555358074397,0.012519607126869465,12.519607126869467,313.8836033102214,0.3621176876453336,1.9939666301943946,0.46984017099021,0.04621415998553857,0.3732050789985806,0.040453312976751477,3.0,0.0,3.3825586553217155,1.2758139371871948,0.0
GOAL_AWARE_FINAL_PROJECTION,1,24,0.0,0.0,0.02668732606085278,0.0,0.0,0.0,0.3741423830010439,1.2022898318869193,0.6206652617004862,0.010229099475260739,10.229099475260739,320.8490654751372,0.7775809979475776,2.794916889122658,0.17459629400400445,0.04399031202774495,0.09359339502407238,0.010522892989683896,1.0,0.0,3.3999704223501097,3.399970531463623,0.0
PLAIN_FM,1,25,0.0,0.0,0.019213368070447545,0.0,0.0,0.8879226446151733,0.5170006561536735,2.2009472159535526,1.0864953920905063,0.04572146859973546,45.72146859973546,9807.471463024776,0.08090501678939765,1.7935300838345398,0.069981953012757,0.04411090299254283,0.0,0.0,0.0,0.0,0.0,0.0,0.0
POV_L05_ALWAYS,1,25,0.0,0.0,0.03033513909667146,0.0,0.0,0.0,0.3702005991182822,1.5296041230980133,0.8949753379720102,0.016325916893977332,16.325916893977332,2018.8617699234082,0.39396631218049133,2.0612417749939014,1.1562084089964628,0.04850531602278352,1.0271642450243235,0.11179568007355556,7.0,0.0,21.320414957006115,1.5850398540496826,0.0
YFLOW_MAIN_PORT,1,25,0.0,0.0,0.020773867529969972,0.0,0.0,0.0,0.20716722594684434,1.496838460720922,0.9104025974674806,0.017919467420181606,17.919467420181604,467.8012981092924,0.32549684426669484,1.9819428831918025,0.37599619099637493,0.04550847189966589,0.28022099199006334,0.03156145993852988,3.0,0.0,3.88429204071869,1.1894208192825317,0.0
GOAL_AWARE_FINAL_PROJECTION,1,25,0.0,0.0,0.015599461089077421,0.0,0.0,0.0,0.3568280568409085,1.3768013990492431,0.7271847361057577,0.013486561934070274,13.486561934070274,341.59766824268803,0.6580103448700416,2.1307912931746174,0.1749472030205652,0.043746475013904274,0.0940357759827748,0.011202670983038843,1.0,0.0,2.7536146021094883,2.753614664077759,0.0
PLAIN_FM,1,26,0.0,0.0,0.030045835384761743,0.0,0.0,1.6082477569580078,0.4760023694648741,2.204524409116786,1.0974611746755858,0.04433544064565013,44.335440645650124,9221.395116203366,0.11386908222962389,1.7865160932312574,0.07090792700182647,0.044501342927105725,0.0,0.0,0.0,0.0,0.0,0.0,0.0
POV_L05_ALWAYS,1,26,0.0,0.0,0.03633972026100224,0.0,0.0,0.0,0.32460760630701685,1.477053416978813,0.8803761083824513,0.016302254850363518,16.302254850363518,2238.9411468968224,0.4174264787144676,2.308543439482826,1.7277014530263841,0.04954079200979322,1.5971005609608255,0.17812099296133965,7.0,0.0,27.39711796427873,1.7039541006088257,0.0
YFLOW_MAIN_PORT,1,26,0.0,0.0,0.01881083338734768,0.0,0.0,0.0,0.17756295540843592,1.5724638488517428,0.9377490918071223,0.020853516492250056,20.853516492250055,546.1127500711881,0.3371777192497448,1.9567594810094007,0.47129891003714874,0.046574175998102874,0.37422182800946757,0.04191875993274152,3.0,0.0,3.232797511881329,1.1026694774627686,0.0
GOAL_AWARE_FINAL_PROJECTION,1,26,0.0,0.0,0.02495030842783079,0.0,0.0,0.0,0.30802769248838724,1.122806481148232,0.6582615022088562,0.007364734239510007,7.364734239510007,239.6295477194776,0.6641186327473977,2.688443500936457,0.17328319296939299,0.043773168057668954,0.0928217860055156,0.01054493396077305,1.0,0.0,2.817771916020037,2.8177719116210938,0.0
PLAIN_FM,1,27,0.0,0.0,0.018482866377103557,0.0,0.0,1.6641762852668762,0.4693086044968646,2.1938823598850448,1.1002259438394455,0.0468096757360215,46.8096757360215,10411.700958266023,0.11419166989668161,1.7510120128611526,0.06950875197071582,0.04385502991499379,0.0,0.0,0.0,0.0,0.0,0.0,0.0
POV_L05_ALWAYS,1,27,0.0,0.0,0.029664382092442654,0.0,0.0,0.0,0.30915496628030525,1.475024764125609,0.8872077162481897,0.014664120709689588,14.664120709689588,1953.0552980436155,0.4131407711250767,2.2167061474776277,1.2350450800149702,0.04901853791670874,1.1068478969391435,0.12178304203553125,7.0,0.0,19.02102706669024,1.6551512479782104,0.0
YFLOW_MAIN_PORT,1,27,0.0,0.0,0.020523405267159456,0.0,0.0,0.0,0.18550609712411298,1.534528353803843,0.9065640139487604,0.01849072716535085,18.490727165350854,479.64172951943823,0.3436101292925069,1.9332513578656796,0.47090712102362886,0.04642712295753881,0.37434168200707063,0.04313317098421976,3.0,0.0,3.2884425785476292,1.1306232213974,0.0
GOAL_AWARE_FINAL_PROJECTION,1,27,0.0,0.0,0.023212589523563268,0.0,0.0,0.0,0.332156274277847,1.1671269248895728,0.6597722866190989,0.00942764764455184,9.42764764455184,282.8170101945915,0.7106854957651745,2.693607127030402,0.17488067300291732,0.04439671209547669,0.09340200101723894,0.010693817981518805,1.0,0.0,3.0640592696595914,3.064059257507324,0.0
PLAIN_FM,1,28,0.0,0.0,0.021932994848910148,0.0,0.0,0.34973442554473877,0.4702202180396678,2.1491392479405538,1.0836799769642642,0.04121412191867977,41.21412191867977,8773.898963769198,0.11458901671271966,1.823377815390226,0.07011764700291678,0.04423268907703459,0.0,0.0,0.0,0.0,0.0,0.0,0.0
POV_L05_ALWAYS,1,28,0.0,0.0,0.0314845481998845,0.0,0.0,0.0,0.22742204406090247,1.7021220996697395,1.0268027686236303,0.021568351854057477,21.56835185405748,2284.083350841515,0.362854422066893,2.0221060659188623,1.2400109879672527,0.04990785906556994,1.1103721769759431,0.11990765196969733,7.0,0.0,18.705622950884568,1.2328579425811768,0.0
YFLOW_MAIN_PORT,1,28,0.0,0.0,0.021800830106582278,0.0,0.0,0.0,0.17821145807664193,1.5903137858646759,0.9348636200570947,0.022493802950371136,22.493802950371137,596.9058898610728,0.3379436711563524,1.9585774865672547,0.5596518270322122,0.04642113298177719,0.46277214906876907,0.04716181202093139,3.0,0.0,3.195326562276744,1.0946083068847656,0.0
GOAL_AWARE_FINAL_PROJECTION,1,28,0.0,0.0,0.009726275638383089,0.0,0.0,0.0,0.24130047480964867,1.487555739166082,0.8914027947700325,0.020172359099168702,20.172359099168702,549.8146942718662,0.6120587368758155,2.000188144930951,0.17410522402497008,0.043623844045214355,0.09342111099977046,0.010555514018051326,1.0,0.0,2.364084734973785,2.3640847206115723,0.0
PLAIN_FM,1,29,0.0,0.0,0.027048427446923096,0.0,0.0,1.3145756721496582,0.4641688106142072,2.2390250674711196,1.139028735361056,0.0691123741257755,69.1123741257755,17884.515392862504,0.10860714446380587,1.776553206082437,0.06967651599552482,0.0436983720283024,0.0,0.0,0.0,0.0,0.0,0.0,0.0
POV_L05_ALWAYS,1,29,0.0,0.0,0.027946196468372528,0.0,0.0,0.5897951126098633,0.35799477722215034,1.6530006656902239,1.0154173541910718,0.030126919822759946,30.126919822759945,5808.276250517363,0.4357303993661171,2.477682111126293,1.6076485340017825,0.048020304064266384,1.4792587360134348,0.15711216896306723,7.0,0.0,23.311978003329717,1.8035863637924194,0.0
YFLOW_MAIN_PORT,1,29,0.0,0.0,0.030457888088003468,0.0,0.0,0.0,0.2641306087924582,1.4342105398373366,0.7873402427670174,0.0143871555112349,14.387155511234903,387.8097756899887,0.32328377056834723,1.937282486277171,0.7454216240439564,0.04552712105214596,0.649360737123061,0.07041864492930472,3.0,0.0,2.8873148252572545,1.0686708688735962,0.0
GOAL_AWARE_FINAL_PROJECTION,1,29,0.0,0.0,0.026022532225117856,0.0,0.0,0.0,0.350887536892806,1.7265266768403813,0.7618918135054771,0.021078402947330613,21.078402947330616,493.9222957801651,0.6022862411803176,1.7121335900785208,0.266916171007324,0.04370212403591722,0.18607444397639483,0.02066025702515617,1.0,0.0,2.377633805060199,2.377633810043335,0.0
PLAIN_FM,1,30,0.0,0.0,0.025583165720861,0.0,0.0,0.893862247467041,0.4628605688839572,2.1546714850510673,1.103839782372257,0.049759134479488897,49.7591344794889,11580.398922183784,0.12117763511579459,1.7586941960324907,0.0697169280028902,0.04375190695282072,0.0,0.0,0.0,0.0,0.0,0.0,0.0
POV_L05_ALWAYS,1,30,0.0,0.0,0.03346246534719849,0.0,0.0,0.0,0.34007732958750203,1.3337458053209494,0.8290773700521092,0.014798632318682392,14.798632318682392,2592.581037856334,0.4870501269702285,2.37774450938278,1.6075614880537614,0.047720777976792306,1.4794037420069799,0.15687580406665802,7.0,0.0,32.755227878316845,2.0352537631988525,0.0
YFLOW_MAIN_PORT,1,30,0.0,0.0,0.031070151202949328,0.0,0.0,0.0,0.21836879261515954,1.3591736703910955,0.8635803798601329,0.011693485236413535,11.693485236413537,275.0029220733481,0.35915652666233255,2.039744849631751,0.46556106000207365,0.04540590610122308,0.36977568903239444,0.039144771930295974,3.0,0.0,3.3502699905691458,1.1541798114776611,0.0
GOAL_AWARE_FINAL_PROJECTION,1,30,1.0,0.0,-0.00035344039595582716,0.0,0.0,0.0,0.33811661852904035,1.083751574049342,0.5590029000745619,0.005967206136141989,5.967206136141989,220.23062827720707,0.7725664339288827,2.85657598444303,0.1743609010009095,0.04362066212343052,0.09334417001809925,0.01056810497539118,1.0,0.0,3.4188925686530416,3.4188926219940186,0.0
PLAIN_FM,1,31,0.0,0.0,0.01621748533335919,0.0,0.0,0.09014725685119629,0.5021679172131399,2.224438073340549,1.122578382751641,0.04297012867471117,42.97012867471118,8883.556242357345,0.10155686070342113,1.7391010778359035,0.07019383000442758,0.043972001993097365,0.0,0.0,0.0,0.0,0.0,0.0,0.0
POV_L05_ALWAYS,1,31,0.0,0.0,0.031697987626657265,0.0,0.0,0.0,0.29721787951539874,1.7305269698938002,0.9683107571420185,0.019484052551500985,19.484052551500987,1984.774187588223,0.3611450759676151,1.7854641687587443,1.1521634440287016,0.047609363100491464,1.0239024991169572,0.11190063401591033,7.0,0.0,17.798533282280435,1.3469576835632324,0.0
YFLOW_MAIN_PORT,1,31,0.0,0.0,0.01795957928413297,0.0,0.0,0.0,0.19243536735298564,1.5411367542647287,0.9147100489234812,0.020400245261739593,20.400245261739595,576.2040830723635,0.3326942521963202,1.9421337916465877,0.3747869760263711,0.04525232606101781,0.27927249093772843,0.03121927403844893,3.0,0.0,4.076441587885662,1.1563727855682373,0.0
GOAL_AWARE_FINAL_PROJECTION,1,31,0.0,0.0,0.011466929544654628,0.0,0.0,0.0,0.28724068981501455,1.4373254545406182,0.7452823397796232,0.01780481635251352,17.80481635251352,495.2673549498243,0.6614208483891518,1.9927550721570597,0.1746805990114808,0.04404086305294186,0.09332911000819877,0.010464382998179644,1.0,0.0,2.7198473530571823,2.7198474407196045,0.0
PLAIN_FM,2,0,0.0,0.0,0.07063500264935187,0.0,0.24900690879821763,1.6420197486877441,0.38667434017866437,2.741716419869809,1.0881062386334261,0.043845507181279664,43.84550718127966,10936.150125620014,0.07600424416150182,1.4058240343605954,0.06970441801240668,0.04362803394906223,0.0,0.0,0.0,0.0,0.0,0.0,0.0
POV_L05_ALWAYS,2,0,0.0,0.0,0.05808414290630194,0.0,0.0,0.0,0.3502684124449111,1.9742346441790795,1.0522791054007874,0.018444645131888926,18.44464513188893,3486.2010979976435,0.45722816688717627,2.1921648161702816,1.4205517549999058,0.048009732097852975,1.291948312020395,0.14395183802116662,7.0,0.0,23.234689708851544,2.322154998779297,0.0
YFLOW_MAIN_PORT,2,0,0.0,0.0,0.06461587253489412,0.0,0.0018687662124632354,0.0,0.32840066880234203,2.24616123485624,1.0439146040395473,0.022926420556381014,22.926420556381014,421.1992297146794,0.1973726018290274,1.7420603582510314,0.4651664329576306,0.045234586112201214,0.3691274350276217,0.041641812946181744,3.0,0.0,2.993229567532709,0.9254146218299866,0.0
GOAL_AWARE_FINAL_PROJECTION,2,0,1.0,0.0,-0.018376439926713832,0.0,0.0,0.0,0.4663263263538333,2.158727332949414,1.2620702715022492,0.022571871884841777,22.57187188484178,385.0062008089239,0.707267877557856,2.6319980058681716,0.17366792395478114,0.04371370596345514,0.09246310900198296,0.010454081988427788,1.0,0.0,3.5898879024462174,3.589887857437134,0.0
PLAIN_FM,2,1,0.0,0.0,0.07867420918136576,0.0,0.2930609997749327,0.824434757232666,0.4082772611323893,2.7891983185732547,1.0986763179926644,0.052024802551934535,52.02480255193453,13903.682651939622,0.07573738829964675,1.398930345084276,0.06983499100897461,0.043707784032449126,0.0,0.0,0.0,0.0,0.0,0.0,0.0
POV_L05_ALWAYS,2,1,0.0,0.0,0.046839512775997225,0.0,0.0,0.0,0.3521346250255718,2.122303357890144,1.0510909999717417,0.019521710110849577,19.52171011084958,4049.1436430413423,0.3110609203438375,1.9531801360232839,1.6979996449663304,0.04796953301411122,1.5688853980391286,0.17199591390090063,7.0,0.0,19.59302234994121,1.7058411836624146,0.0
YFLOW_MAIN_PORT,2,1,0.0,0.0,0.04601479745967435,0.0,0.0,0.0,0.33940338149083293,2.233542811593491,1.075329477830156,0.019251273764839177,19.251273764839176,326.09881722700516,0.18232238583142285,1.7419927795632917,0.5421317240106873,0.047915872011799365,0.4444962950074114,0.04689162492286414,3.0,0.0,2.896518171425736,0.9932419061660767,0.0
GOAL_AWARE_FINAL_PROJECTION,2,1,0.0,0.0,0.002393086228729177,0.0,0.0,0.0,0.3501237258625689,1.822720007294587,1.1661645061314334,0.012727828035870914,12.727828035870914,296.4522919572943,0.6010259625263794,2.5329177086535055,0.16832894005347043,0.04296939802588895,0.08958465594332665,0.01036204001866281,1.0,0.0,3.136072243871523,3.1360723972320557,0.0
PLAIN_FM,2,2,0.0,0.0,0.073461331642429,0.0,0.21072284545898423,1.051117181777954,0.3830290054511082,2.7325022650759236,1.0918351900714096,0.04390445708546087,43.90445708546087,11270.671165589352,0.09093122565080956,1.4084843845343251,0.06804952694801614,0.042898998130112886,0.0,0.0,0.0,0.0,0.0,0.0,0.0
POV_L05_ALWAYS,2,2,0.0,0.0,0.04864855178137466,0.0,0.0,0.0,0.3427813534895964,2.158670055307283,1.092500645076668,0.02071829015939386,20.71829015939386,3363.7861115500377,0.3396030878536319,1.9776898031934762,1.4564706020173617,0.04911189101403579,1.329809535003733,0.14151418895926327,7.0,0.0,23.37557330636793,1.8102126121520996,0.0
YFLOW_MAIN_PORT,2,2,0.0,0.0,0.04716392028147352,0.0,0.0,0.0,0.33796041464073795,2.2231951280674283,1.0583882051926619,0.020873617526736804,20.873617526736805,355.2633420899972,0.18947556355632275,1.7515765957281078,0.541359486989677,0.044897517014760524,0.44730595796136186,0.046740791061893106,3.0,0.0,2.9000992306550777,0.9594314098358154,0.0
GOAL_AWARE_FINAL_PROJECTION,2,2,0.0,0.0,0.01451440910624946,0.0,0.0,0.0,0.33884325366381574,1.6367985153478233,1.1278262987442331,0.00918264278841363,9.18264278841363,237.9344366762126,0.692966606443272,2.7698418607486737,0.17375724797602743,0.04427181894425303,0.09264927299227566,0.010710989008657634,1.0,0.0,3.5932824937173704,3.593282461166382,0.0
PLAIN_FM,2,3,0.0,0.0,0.0729750039323545,0.0,0.09039328660964951,1.4463138580322266,0.39751031849516066,2.74281771153341,1.084484567743404,0.04796557420672387,47.96557420672387,13040.93696348554,0.07130108982856201,1.4218841850763118,0.07011362799676135,0.04424493806436658,0.0,0.0,0.0,0.0,0.0,0.0,0.0
POV_L05_ALWAYS,2,3,0.0,0.0,0.04767760183896412,0.0,0.0,0.0,0.34975898006128625,2.048099278764383,1.0455370803150716,0.02166717510929078,21.66717510929078,5007.043298160246,0.3300245155014122,2.0121867373266236,1.4199873799807392,0.05167470593005419,1.2874474269920029,0.1450760390725918,7.0,0.0,23.66313144455163,1.7021276950836182,0.0
YFLOW_MAIN_PORT,2,3,0.0,0.0,0.057386435143789244,0.0,0.0,0.0,0.33503890863279945,2.1933997288187808,1.0564087256608892,0.019497933036338365,19.497933036338367,360.7120560753922,0.203303706821306,1.7700855820442192,0.466194431995973,0.04627894004806876,0.36983751598745584,0.04228232998866588,3.0,0.0,3.4129523225639216,1.0300763845443726,0.0
GOAL_AWARE_FINAL_PROJECTION,2,3,0.0,0.0,0.023635285979380083,0.0,0.0,0.0,0.34756812270278553,1.6832176989747183,1.1367742303970865,0.011076193303111381,11.076193303111381,248.17461837933763,0.7110251680759841,2.720087984524714,0.17379940900718793,0.04421515791909769,0.09249911998631433,0.010674867953639477,1.0,0.0,3.604160345320391,3.6041603088378906,0.0
PLAIN_FM,2,4,0.0,0.0,0.0753589246552983,0.0,0.3100220974922179,1.82869553565979,0.3765252792696506,2.77450673323758,1.072789104716427,0.06458938031655194,64.58938031655195,18705.999689074186,0.09428879606748837,1.3853208631081062,0.06998130498686805,0.044099196849856526,0.0,0.0,0.0,0.0,0.0,0.0,0.0
POV_L05_ALWAYS,2,4,0.0,0.0,0.054239239769358946,0.0,0.0,0.0,0.33494030548557363,2.0155699682642707,1.048307780137304,0.018952781741916613,18.952781741916613,3974.795795735852,0.3653479730366629,2.0643109350006013,1.5151927820406854,0.05062539002392441,1.3840756829595193,0.15319490112597123,7.0,0.0,24.3290367690014,1.9967106580734253,0.0
YFLOW_MAIN_PORT,2,4,0.0,0.0,0.043120866055564644,0.0,0.0,0.0,0.36517217628439713,2.1346807629911484,1.0367680217074824,0.016562312297389324,16.562312297389322,319.15682745291105,0.2149393282597976,1.8120940567563253,0.5604435469722375,0.0467536521027796,0.4634093219647184,0.053403188998345286,3.0,0.0,3.5536640041635623,1.1727931499481201,0.0
GOAL_AWARE_FINAL_PROJECTION,2,4,0.0,0.0,0.006479458660191756,0.0,0.0,0.0,0.34101037038876775,1.7371107458705433,1.1252350828442887,0.01188896258471317,11.88896258471317,240.6091706188107,0.6199038914906003,2.5602544058939767,0.17359542398480698,0.044240879942663014,0.09242923802230507,0.010677298007067293,1.0,0.0,3.2336847519243714,3.233684778213501,0.0
PLAIN_FM,2,5,0.0,0.0,0.07279547759186845,0.0,0.44455961551666245,1.3078880310058594,0.3993872415493868,2.783114070961412,1.0856798920562498,0.05944193150598043,59.44193150598043,15792.521524302572,0.08231205590001313,1.3902099895889866,0.06996943498961627,0.0441547071095556,0.0,0.0,0.0,0.0,0.0,0.0,0.0
POV_L05_ALWAYS,2,5,0.0,0.0,0.053855935249842043,0.0,0.0,0.0,0.3507183257162864,2.091425484805801,1.042786403951915,0.024465318852311846,24.465318852311846,5408.577742173825,0.33820376803532265,1.9985706687271187,1.505256177042611,0.049429379985667765,1.376246391038876,0.15203107899287716,7.0,0.0,23.57665480082308,1.8116998672485352,0.0
YFLOW_MAIN_PORT,2,5,0.0,0.0,0.06101059878884711,0.0,0.0,0.0,0.3364960355225422,2.227741878658932,1.0355438873517409,0.020973616325933954,20.973616325933953,377.18132377231007,0.1893864130919563,1.7506527262187934,0.5631880770088173,0.04655669798376039,0.4663641970255412,0.051964732992928475,3.0,0.0,3.8716209133199855,1.0217022895812988,0.0
GOAL_AWARE_FINAL_PROJECTION,2,5,1.0,0.0,-0.01501787679545654,0.0,0.0,0.0,0.40352893576408727,1.9272331328107541,1.1923650697411075,0.01564569838983587,15.645698389835871,263.4639042437214,0.6143314966727131,2.543403685179271,0.1736795770120807,0.04414702806388959,0.09242389799328521,0.01054965500952676,1.0,0.0,3.2072946366518416,3.207294464111328,0.0
PLAIN_FM,2,6,0.0,0.0,0.07927143956467915,0.0,0.1419539865493773,0.7699441909790039,0.4034807353421325,2.7202636889596232,1.1235466859146912,0.04492007983947144,44.92007983947144,11933.42792986858,0.06999074274763119,1.4477037330260478,0.06995950499549508,0.0440001729875803,0.0,0.0,0.0,0.0,0.0,0.0,0.0
POV_L05_ALWAYS,2,6,0.0,0.0,0.05328268225309164,0.0,0.0,0.0,0.34343861916421714,2.0672213584130703,1.084175037367959,0.019660765226647392,19.660765226647392,3607.533687935937,0.376374648294055,2.0714163153261116,1.7082461310201325,0.04885806702077389,1.5781272469321266,0.17302942281821743,7.0,0.0,22.482544437860184,1.9058873653411865,0.0
YFLOW_MAIN_PORT,2,6,0.0,0.0,0.06415710799469011,0.0,0.0,0.0,0.3276430876034408,2.225637012079826,1.047292575796417,0.02329693692882307,23.296936928823072,408.1151199839434,0.18875414314429756,1.7727570703789608,0.4683534089708701,0.04596547194523737,0.3716767040314153,0.04165860405191779,3.0,0.0,4.491760025651511,0.9511223435401917,0.0
GOAL_AWARE_FINAL_PROJECTION,2,6,1.0,0.0,-0.010178392839568694,0.0,0.0,0.0,0.391005678182838,1.8291552379446039,1.2198750877703037,0.014735061777940928,14.735061777940928,281.8965915611926,0.6960942802829664,2.726411257450382,0.17330139799742028,0.04368734493618831,0.09244391904212534,0.010545294033363461,1.0,0.0,3.5367569374298515,3.536756992340088,0.0
PLAIN_FM,2,7,0.0,0.0,0.07694875921528589,0.0,0.3027050312995909,1.498253345489502,0.4114622280081535,2.7564157228454307,1.1041202067008313,0.05464770123671455,54.64770123671456,13686.732804071231,0.06915225024126298,1.4185839984102544,0.06981167203048244,0.04375531803816557,0.0,0.0,0.0,0.0,0.0,0.0,0.0
POV_L05_ALWAYS,2,7,0.0,0.0,0.048165519029475135,0.0,0.0,0.0,0.36549419519939624,2.0070167110704156,1.0734312460674804,0.01957676262549196,19.576762625491963,4124.737554297747,0.373362045582763,2.0442841531838507,1.3304836680181324,0.04771711607463658,1.2023708939086646,0.13420286891050637,7.0,0.0,21.94610532175679,1.9450582265853882,0.0
YFLOW_MAIN_PORT,2,7,0.0,0.0,0.06082181625646389,0.0,0.0,0.0,0.3309516015944602,2.233330972460063,1.0458287131274944,0.022670017150720756,22.67001715072076,422.9726630905318,0.19105249244730105,1.748152448955412,0.5565254030516371,0.0458015599870123,0.4601025949814357,0.049228825024329126,3.0,0.0,4.825814371802805,0.9466111660003662,0.0
GOAL_AWARE_FINAL_PROJECTION,2,7,1.0,0.0,-0.012764206474046927,0.0,0.0,0.0,0.46062745956406703,2.347909700916732,1.248101472214219,0.027851881529499245,27.85188152949924,483.40463124416647,0.6450551649440871,2.4974049834328578,0.1730854930356145,0.043553191993851215,0.09255767200374976,0.010505334008485079,1.0,0.0,3.3725572406996704,3.3725574016571045,0.0
PLAIN_FM,2,8,0.0,0.0,0.0649705572307588,0.0,0.28180138435363755,1.9134145975112915,0.40201098393169693,2.7170568881699153,1.0980149411401126,0.046741063227308643,46.74106322730864,11425.280750398837,0.10114107312565959,1.419182290254685,0.0696701179840602,0.043692586943507195,0.0,0.0,0.0,0.0,0.0,0.0,0.0
POV_L05_ALWAYS,2,8,0.0,0.0,0.04789187714785062,0.0,0.0,1.336379051208496,0.35404245616953245,1.9817653875517074,0.963428435276807,0.02557779395949089,25.57779395949089,4586.63776052543,0.3742493041515178,2.1367459136277906,1.6931639809627086,0.047510222997516394,1.564963215147145,0.1656090920441784,7.0,0.0,21.916987128064548,2.0198206901550293,0.0
YFLOW_MAIN_PORT,2,8,0.0,0.0,0.05815422530937352,0.0,0.0,0.0,0.33869366544823676,2.171629609589489,1.0350880832863663,0.01861561973480732,18.61561973480732,370.07829965216985,0.20839833727706225,1.791740601984357,0.4635307599673979,0.04542818106710911,0.3676823650021106,0.04108525096671656,3.0,0.0,2.973658226531121,1.0631234645843506,0.0
GOAL_AWARE_FINAL_PROJECTION,2,8,0.0,0.0,0.014819573781939224,0.0,0.0,0.0,0.3886875264235943,1.7512270929833356,1.1695732306722169,0.01266248191883168,12.66248191883168,268.6603566222523,0.7290347051782238,2.777740469203906,0.17322219599736854,0.043672925035934895,0.09238535800250247,0.01050816400675103,1.0,0.0,3.779186832022619,3.779186964035034,0.0
PLAIN_FM,2,9,0.0,0.0,0.07524606992358,0.0,0.22022442188262925,1.6836118698120117,0.38161244257045185,2.809105367825503,1.0970814034080028,0.053400102184699566,53.40010218469956,14056.74194064648,0.12740031249827932,1.3585854142535911,0.06983778299763799,0.0437834580661729,0.0,0.0,0.0,0.0,0.0,0.0,0.0
POV_L05_ALWAYS,2,9,0.0,0.0,0.06369880864143378,0.0,0.0,0.0,0.35639291581206956,2.362046526707299,1.0980824888072516,0.02580679304304745,25.806793043047453,3442.286599772349,0.36069804248567827,1.9883436742827232,1.6913666199543513,0.04734561906661838,1.5634296800126322,0.16967246105195954,7.0,0.0,22.375448832472046,2.047964572906494,0.0
YFLOW_MAIN_PORT,2,9,0.0,0.0,0.06893731364676368,0.0,0.0,0.0,0.35049810844636387,2.1728382204337233,1.0161961096417058,0.017924779340785804,17.924779340785808,336.8104180376124,0.20303295171510072,1.8120123855756416,0.6454314260045066,0.04515839397208765,0.549997162015643,0.060158596897963434,3.0,0.0,3.8923025195203715,1.2523800134658813,0.0
GOAL_AWARE_FINAL_PROJECTION,2,9,1.0,0.0,-0.016291409029743784,0.0,0.0,0.0,0.46818420983431003,2.054357134990201,1.2910051042155892,0.01893718341377504,18.937183413775042,331.8908846662083,0.7026961589401013,2.6577239157922454,0.1730905029689893,0.043585864070337266,0.0923404970089905,0.010423231986351311,1.0,0.0,3.7234010110292473,3.723400831222534,0.0
PLAIN_FM,2,10,0.0,0.0,0.07470187813473596,0.0,0.2714662369728087,0.0,0.40103772414788375,2.7656862208347177,1.124686607368513,0.05029280628527655,50.29280628527655,13736.298937507408,0.1011916137462467,1.3629360061695972,0.0697205489850603,0.04361182398861274,0.0,0.0,0.0,0.0,0.0,0.0,0.0
POV_L05_ALWAYS,2,10,0.0,0.0,0.033697657630566216,0.0,0.0,0.0,0.3733597440158711,2.340796483716839,1.1234599130134106,0.02540266514388101,25.40266514388101,3822.533912390558,0.3939218771171975,2.000945682675533,1.6844401400303468,0.047968772996682674,1.555838754051365,0.16625494393520057,7.0,0.0,21.30919358423059,2.1105856895446777,0.0
YFLOW_MAIN_PORT,2,10,0.0,0.0,0.06372457157122703,0.0,0.0,0.0,0.368197112016319,2.1273743287771443,1.0239904661471584,0.014918044000597938,14.91804400059794,260.4342727149533,0.2315218938458693,1.8229945695272818,0.5552160239894874,0.045169022982008755,0.45968045602785423,0.05137431900948286,3.0,0.0,4.33962609274057,1.2527276277542114,0.0
GOAL_AWARE_FINAL_PROJECTION,2,10,1.0,0.0,-0.019423138173865456,0.0,0.002875488662719583,0.0,0.46938904457438063,2.1469012105216967,1.2714506824735627,0.021424681635404674,21.424681635404678,381.56271720790613,0.7453679975291811,2.701348890721492,0.1731584160006605,0.04375300806714222,0.09214696299750358,0.010415441007353365,1.0,0.0,3.8600813619892405,3.860081434249878,0.0
PLAIN_FM,2,11,0.0,0.0,0.07882076165923273,0.0,0.1857374724388121,0.17554283142089844,0.4050858867935445,2.717019172369966,1.1170841125037028,0.05592947649830715,55.929476498307146,15632.882792240556,0.06821552991278113,1.4546372147864728,0.0697365400264971,0.043684767035301775,0.0,0.0,0.0,0.0,0.0,0.0,0.0
POV_L05_ALWAYS,2,11,0.0,0.0,0.054162606530755344,0.0,0.0,0.0,0.3503139919298584,2.0128155823629177,1.069184623531766,0.02356164823189122,23.56164823189122,5342.704616889194,0.4114889639423817,2.116314231942896,1.6926130600040779,0.047559603000991046,1.5644012340344489,0.17125673592090607,7.0,0.0,24.578460313238967,1.9833920001983643,0.0
YFLOW_MAIN_PORT,2,11,0.0,0.0,0.05767734609169112,0.0,0.0,0.0,0.3383154769270813,2.1794435569021093,1.0565608307499392,0.01906059648603617,19.060596486036168,321.8667460068291,0.20032250220197875,1.7869972765276039,0.7377312550088391,0.04525993706192821,0.642091796034947,0.06966473610373214,3.0,0.0,3.0367266729633697,0.961138904094696,0.0
GOAL_AWARE_FINAL_PROJECTION,2,11,1.0,0.0,-0.008862147397338614,0.0,0.0,0.0,0.40836797084760385,1.784271757454437,1.1702113818304665,0.013156468590008075,13.156468590008075,293.6221757746437,0.7126645323813515,2.7350532172681907,0.17608116898918524,0.04351149097783491,0.09505898598581553,0.010829012026078999,1.0,0.0,3.5246873040505324,3.5246872901916504,0.0
PLAIN_FM,2,12,0.0,0.0,0.07627190653001047,0.0,0.1950584467887877,0.8129549026489258,0.3877052283910041,2.7756144802386946,1.1103564800418546,0.04361601325706024,43.616013257060246,12251.115157609693,0.09782638861268986,1.3816636452845397,0.07240077800815925,0.04532154800835997,0.0,0.0,0.0,0.0,0.0,0.0,0.0
POV_L05_ALWAYS,2,12,0.0,0.0,0.04056078320793784,0.0,0.0,0.0,0.34397490874636993,2.2028499682229814,1.1000752192667278,0.02074172520051132,20.741725200511322,3759.8233149184425,0.34920101613503085,1.9733197346987081,1.6921854829997756,0.04770101699978113,1.563757419004105,0.16877289401600137,7.0,0.0,21.16443827241646,1.8748854398727417,0.0
YFLOW_MAIN_PORT,2,12,0.0,0.0,0.05242812094662044,0.0,0.0,0.0,0.33177084241864213,2.27090830047876,1.067245674738437,0.022734147379107228,22.73414737910723,402.14986637398255,0.18740426904155036,1.7053396222520034,0.6447619640384801,0.045211396005470306,0.5491395040298812,0.057571686047594994,3.0,0.0,3.1341540370322813,0.9491618871688843,0.0
GOAL_AWARE_FINAL_PROJECTION,2,12,1.0,0.0,-0.013363948358693582,0.0,0.0,0.0,0.4006850925300035,1.9726972696155525,1.199672174918872,0.016875224446009085,16.875224446009085,300.23104772887166,0.6380501313033612,2.5480428347723767,0.17339333199197426,0.04380638006841764,0.09242213901598006,0.01044754299800843,1.0,0.0,3.3056734125568314,3.305673360824585,0.0
PLAIN_FM,2,13,0.0,0.0,0.07977161514261431,0.0,0.26203469600677476,0.5779904127120972,0.3953617833056586,2.749902410523554,1.0878890167532382,0.04290226395792007,42.90226395792007,10823.04748100824,0.0795273070877859,1.423984251239212,0.06955322599969804,0.04357537301257253,0.0,0.0,0.0,0.0,0.0,0.0,0.0
POV_L05_ALWAYS,2,13,0.0,0.0,0.05298655176818988,0.0,0.0,0.0,0.35149063695748056,1.9472789641964536,1.0677492311643921,0.016978149272943943,16.978149272943945,3047.5736027670173,0.38976044100288987,2.158432921084573,1.3255346940131858,0.04856206994736567,1.196816023089923,0.13300949905533344,7.0,0.0,20.388114376433457,2.076322317123413,0.0
YFLOW_MAIN_PORT,2,13,0.0,0.0,0.05487192996273638,0.0,0.0,0.0,0.33882382375249914,2.1860121990409302,1.048022159588196,0.019604215976238078,19.60421597623808,385.05397349995894,0.20417826716647638,1.7743028689275855,0.3749644230119884,0.04597221402218565,0.2787506569875404,0.03173729503760114,3.0,0.0,3.676337479597164,1.0547696352005005,0.0
GOAL_AWARE_FINAL_PROJECTION,2,13,1.0,0.0,-0.012564522108203885,0.0,0.0010158237457273955,0.0,0.5457392786409175,2.4768761558660293,1.3343921287789247,0.03442753384426567,34.42753384426567,598.3902227729487,0.7555148930709688,2.7219060597056655,0.17352055496303365,0.043974622967652977,0.09247214201604947,0.010658257990144193,1.0,0.0,3.9543183100250165,3.9543182849884033,0.0
PLAIN_FM,2,14,0.0,0.0,0.08029844905819371,0.0,0.2787633356094359,0.2709519863128662,0.38305929723034815,2.7431285282304163,1.096802739931839,0.03827970837326444,38.27970837326444,9657.34915989217,0.0855699194665233,1.420542978787611,0.07128262898186222,0.04487951408373192,0.0,0.0,0.0,0.0,0.0,0.0,0.0
POV_L05_ALWAYS,2,14,0.0,0.0,0.050937598954416435,0.0,0.0,0.0,0.3372256010234169,2.081355067805795,1.0731525003044529,0.017814845357900788,17.81484535790079,2983.754690282248,0.36107114200347,2.0383975525787816,1.328874140046537,0.04834173497511074,1.1993562980205752,0.13128141401102766,7.0,0.0,22.40016315126698,1.8638949394226074,0.0
YFLOW_MAIN_PORT,2,14,0.0,0.0,0.06788977183818745,0.0,0.0005509075164793487,0.0,0.3443022378419067,2.17735639541303,1.0280263279585664,0.018949537760475844,18.949537760475845,340.2701194198375,0.19844632952581742,1.789604437171101,0.4650093339732848,0.04554574302164838,0.3686326540191658,0.039589704014360905,3.0,0.0,2.9961362388421455,1.0237845182418823,0.0
GOAL_AWARE_FINAL_PROJECTION,2,14,0.0,0.0,0.016984891174409433,0.0,0.0,0.0,0.37073551538174904,1.838588858089007,1.141786205761618,0.01414803635063322,14.14803635063322,267.42175655378736,0.6157340858411547,2.56721066916187,0.1744034580187872,0.04380409698933363,0.09321041003568098,0.010588385979644954,1.0,0.0,3.1283589366378832,3.128358840942383,0.0
PLAIN_FM,2,15,0.0,0.0,0.0761278540351444,0.0,0.29238299694061265,1.0472458600997925,0.38302502237493063,2.769428041800891,1.103317695935822,0.04167882860432792,41.67882860432792,9921.520874736434,0.08969331408312725,1.3948213055342205,0.06992464599898085,0.04375547810923308,0.0,0.0,0.0,0.0,0.0,0.0,0.0
POV_L05_ALWAYS,2,15,0.0,0.0,0.056021822928978796,0.0,0.0,0.0,0.33867367315015384,2.077270223657303,1.085615954689496,0.018991483721608526,18.991483721608528,3059.7177143825375,0.339251437739563,2.0215160389347524,1.4359307599952444,0.049724248121492565,1.304575622023549,0.14077888388419524,7.0,0.0,24.018653025434787,1.8164536952972412,0.0
YFLOW_MAIN_PORT,2,15,0.0,0.0,0.06418993330200032,0.0,0.0,0.0,0.3359541576044006,2.2563601144353647,1.0493673161846868,0.022095840830315315,22.095840830315318,382.601691534279,0.18491730387245686,1.7133778608945789,0.5588459210121073,0.04562525503570214,0.4619064960279502,0.04965052707120776,3.0,0.0,2.976643562548936,0.9137200713157654,0.0
GOAL_AWARE_FINAL_PROJECTION,2,15,1.0,0.0,-0.013613593868329638,0.0,0.0,0.0,0.44059224972094324,2.015524722477127,1.2607755934529394,0.01945233183474393,19.45233183474393,405.93889788134163,0.651263838301948,2.6510573411327916,0.17450217198347673,0.04381570901023224,0.09331895399373025,0.010488824045751244,1.0,0.0,3.4367579147534437,3.436758041381836,0.0
PLAIN_FM,2,16,0.0,0.0,0.07602000219636303,0.0,0.19098923768997178,0.876508355140686,0.40059468379293833,2.7875133348305834,1.0903709258997794,0.048560960288381194,48.560960288381196,12627.882893819431,0.09829972461969055,1.397899479541792,0.07061843300471082,0.044111106952186674,0.0,0.0,0.0,0.0,0.0,0.0,0.0
POV_L05_ALWAYS,2,16,0.0,0.0,0.045853197723057654,0.0,0.0,0.0,0.34970032645279664,2.164838501231923,1.081914287663836,0.02024277592363788,20.24277592363788,3521.4694784414746,0.3449590647737877,1.967227011787764,1.4232755249831825,0.04796130501199514,1.29407133202767,0.13934058899758384,7.0,0.0,25.290195962803296,1.8375910520553589,0.0
YFLOW_MAIN_PORT,2,16,0.0,0.0,0.0644522829790334,0.0,0.0,0.0,0.352087481255987,2.1010548357454417,0.9953036606656996,0.017401124953379764,17.401124953379764,296.5762318581341,0.2182356464919299,1.8527939052599274,0.557430076005403,0.04535360902082175,0.461413825978525,0.05073479394195601,3.0,0.0,4.678341830918618,1.2046396732330322,0.0
GOAL_AWARE_FINAL_PROJECTION,2,16,1.0,0.0,-0.01651708151829835,0.0,0.00041858520507798147,0.0,0.48579697940165034,2.155233793893207,1.2851231656139641,0.022423730249649054,22.423730249649054,406.22351610055676,0.7171702609557637,2.67759760941137,0.17462273500859737,0.0439617540105246,0.09344125603092834,0.01079042098717764,1.0,0.0,3.7532164605268794,3.753216505050659,0.0
PLAIN_FM,2,17,0.0,0.0,0.08307380343811298,0.0,0.23114190664291367,0.2533864974975586,0.38056958254461015,2.734354457238412,1.1151111175743778,0.04139666534179287,41.396665341792875,10547.672902106562,0.08261124610782014,1.4212987591273054,0.07016001100419089,0.04389038006775081,0.0,0.0,0.0,0.0,0.0,0.0,0.0
POV_L05_ALWAYS,2,17,0.0,0.0,0.05094850224109425,0.0,0.0,0.0,0.34172451900521483,2.049161299575543,1.0854565691889138,0.017463246756044493,17.463246756044494,3020.004701323242,0.37268427047961217,2.0564607055098487,1.4331364160170779,0.04821878997609019,1.3031717039411888,0.14048441697377712,7.0,0.0,21.95508950776711,1.905501127243042,0.0
YFLOW_MAIN_PORT,2,17,0.0,0.0,0.040254299615311434,0.0,0.0,0.0,0.3479332563729549,2.122874384829997,1.0747205491899379,0.016834732986622008,16.83473298662201,313.7962999592086,0.22480347115025245,1.840181452271409,0.47578292700927705,0.04639433405827731,0.37786970008164644,0.042434875038452446,3.0,0.0,3.261415652699148,1.1323744058609009,0.0
GOAL_AWARE_FINAL_PROJECTION,2,17,1.0,0.0,-0.008909143248903323,0.0,0.0,0.0,0.41414553458465686,1.9329144952034196,1.1907748124065465,0.016065018892746252,16.065018892746252,307.13823247516814,0.6741015436612838,2.6473611210690122,0.17459205398336053,0.04411259799962863,0.0931343290139921,0.01050249399850145,1.0,0.0,3.4196255336414048,3.4196255207061768,0.0
PLAIN_FM,2,18,0.0,0.0,0.07492354445174106,0.0,0.11241154041290269,0.0,0.38994788453352347,2.754867774490261,1.1151129952507215,0.04058833710575316,40.58833710575316,10127.735397268478,0.08792913211493167,1.4351584751221766,0.07003299798816442,0.04376372793922201,0.0,0.0,0.0,0.0,0.0,0.0,0.0
POV_L05_ALWAYS,2,18,0.0,0.0,0.04960320613906273,0.0,0.0,0.0,0.34407434705628764,1.9806034430247645,1.0944081929817266,0.017553388364032196,17.553388364032198,3346.039747655128,0.4285942731347939,2.1731284691042707,1.1476244989898987,0.047622185898944736,1.019465729885269,0.11435683094896376,7.0,0.0,22.582186244506456,2.181095838546753,0.0
YFLOW_MAIN_PORT,2,18,0.0,0.0,0.04439268367539115,0.0,0.0,0.0,0.35123093542032974,2.0997974009942753,1.0443196021055674,0.01625093037990706,16.250930379907064,355.2016620659308,0.23615306994870908,1.882647028261963,0.3746486480231397,0.045380280003882945,0.278525295027066,0.03129915602039546,3.0,0.0,3.439540103435398,1.2393065690994263,0.0
GOAL_AWARE_FINAL_PROJECTION,2,18,1.0,0.0,-0.017514070575634186,0.0,0.0,0.0,0.49006537161587294,2.1256734267710105,1.2793260114613063,0.02250748473144526,22.50748473144526,423.14052615575184,0.7279534708385429,2.743459751279659,0.17452922300435603,0.04393599304603413,0.09323743096319959,0.010579716006759554,1.0,0.0,3.7596030876002056,3.759603261947632,0.0
PLAIN_FM,2,19,0.0,0.0,0.08039597726436491,0.0,0.2309204753875731,5.768306255340576,0.37846174109111613,2.795933428751267,1.1372402530659673,0.08351416089583863,83.51416089583864,20171.969852072525,0.10803459236391974,1.3891938587140304,0.07008078997023404,0.04396135394927114,0.0,0.0,0.0,0.0,0.0,0.0,0.0
POV_L05_ALWAYS,2,19,0.0,0.0,0.04777746681352531,0.0,0.0,0.9716939926147461,0.33220154735484875,2.0766934945744744,1.0650074824609366,0.026416972262800962,26.41697226280096,5366.632369313471,0.33642760647981695,1.9813500633707137,1.4299709009937942,0.04825377091765404,1.3003891468979418,0.14196923607960343,7.0,0.0,21.33317751704897,1.7803221940994263,0.0
YFLOW_MAIN_PORT,2,19,0.0,0.0,0.05026017922756082,0.0,0.0,0.0,0.34338112851873215,2.20498496623895,1.0708209843443075,0.01945993208370276,19.459932083702757,325.15447891741206,0.2007733239793734,1.7484873866424158,0.6499273430090398,0.045479952881578356,0.5535070609184913,0.05792270600795746,3.0,0.0,3.0463360124197383,1.0585929155349731,0.0
GOAL_AWARE_FINAL_PROJECTION,2,19,0.0,0.0,0.016000381494636062,0.0,0.0,0.0,0.3640514037108845,1.7418714174175427,1.141730210713052,0.011962662414042313,11.962662414042313,245.68510962694745,0.627213321092002,2.6025380027309044,0.17396143899532035,0.04373561003012583,0.0929576150374487,0.010488303028978407,1.0,0.0,3.24912518898588,3.2491252422332764,0.0
PLAIN_FM,2,20,0.0,0.0,0.07243080819675672,0.0,0.23281560506820664,1.3799858093261719,0.38350295233352466,2.7955287267417743,1.0769843008006752,0.055808512208656125,55.808512208656126,14566.08786207287,0.09763710893222269,1.3882424662458233,0.07012335100444034,0.04384943988407031,0.0,0.0,0.0,0.0,0.0,0.0,0.0
POV_L05_ALWAYS,2,20,0.0,0.0,0.046262294640200166,0.0,0.0,0.0,0.3425304507548573,1.9636969150111128,1.038797358193213,0.021615544866439906,21.615544866439905,4853.507176338079,0.4410442633879742,2.181763800727213,1.6032026769826189,0.04766821803059429,1.4745579530135728,0.15961226698709652,7.0,0.0,24.083499362848695,2.32918381690979,0.0
YFLOW_MAIN_PORT,2,20,0.0,0.0,0.05710514944132265,1.1642945185741382e-07,0.005202250289916943,0.0,0.32171775376059975,2.3534281272459388,1.0383872466893072,0.03053617566660144,30.53617566660144,678.3075815677747,0.19904477340732238,1.751052444733768,0.6461733700125478,0.045399522001389414,0.5497934590093791,0.05686222808435559,3.0,0.0,3.5583558374013475,0.9779325723648071,0.0
GOAL_AWARE_FINAL_PROJECTION,2,20,1.0,0.0,-0.019534769830850243,0.0,0.0,0.0,0.5096049866453719,2.2267328373916606,1.3306104480702063,0.025097668980635035,25.097668980635035,444.9593122919815,0.7242791505004887,2.710522418389916,0.17547271796502173,0.04383312293794006,0.09401541197439656,0.010671138006728142,1.0,0.0,3.8423608069964956,3.842360734939575,0.0
PLAIN_FM,2,21,0.0,0.0,0.07013513377911697,0.0,0.22506610717773423,0.3630948066711426,0.4045462411639627,2.6984325493128023,1.0980092317764327,0.046781319308014324,46.78131930801433,12268.803982336252,0.06659766412045448,1.4680365326808131,0.0707092760130763,0.04428469290724024,0.0,0.0,0.0,0.0,0.0,0.0,0.0
POV_L05_ALWAYS,2,21,0.0,0.0,0.050618110570549976,0.0,0.0,0.0,0.35741116003946155,1.9650166953875445,1.0291137326974882,0.018677518911280944,18.677518911280945,3671.3780548050695,0.3676370011874938,2.129033936402809,1.4237442819867283,0.047859970945864916,1.2945267960312776,0.1407502670190297,7.0,0.0,21.90477023731937,1.8027219772338867,0.0
YFLOW_MAIN_PORT,2,21,0.0,0.0,0.05742667019593313,0.0,0.0,0.0,0.33003145637671516,2.1449820484331767,1.0450227149315867,0.02061803300307299,20.618033003072995,374.34240013799604,0.22184632877012195,1.8371488448143465,0.4652882370282896,0.04555385501589626,0.3690571800689213,0.03869989205850288,3.0,0.0,3.4662800621194747,1.0313900709152222,0.0
GOAL_AWARE_FINAL_PROJECTION,2,21,1.0,0.0,-0.003354061787055329,0.0,0.0,0.0,0.4252001173865789,1.9699174291117938,1.199579405003002,0.01806355167796969,18.06355167796969,350.27074557776314,0.6650544495199158,2.6235759917676797,0.17440909094875678,0.043818522070068866,0.09335739503148943,0.010594185965601355,1.0,0.0,3.34712711367074,3.3471271991729736,0.0
PLAIN_FM,2,22,0.0,0.0,0.07374438784537062,0.0,0.29348359670639024,1.597176194190979,0.40413397974748705,2.769388931417554,1.136277175316424,0.06265947881961109,62.65947881961111,17583.84480118834,0.11406180158242868,1.397144676343582,0.07017544301925227,0.04396857391111553,0.0,0.0,0.0,0.0,0.0,0.0,0.0
POV_L05_ALWAYS,2,22,0.0,0.0,0.0500098935801989,0.0,0.0,0.0,0.35300281492774366,2.0444719363108392,1.0821521073269895,0.023581410972069783,23.581410972069786,5242.426301342462,0.32952369237331025,2.0241547113828258,1.7024572559748776,0.047904734034091234,1.573267710977234,0.1683363599004224,7.0,0.0,18.812417977254384,1.8065675497055054,0.0
YFLOW_MAIN_PORT,2,22,0.0,0.0,0.04110405572094128,0.0,0.0,0.0,0.3563279734757505,2.025987230070759,0.9752262914867101,0.013786176843649817,13.78617684364982,318.9756144713275,0.28567923956750385,1.969149221821676,0.4679905059747398,0.04546163202030584,0.3718288119416684,0.04152572393650189,3.0,0.0,3.989150994072971,1.5715916156768799,0.0
GOAL_AWARE_FINAL_PROJECTION,2,22,1.0,0.0,-0.03299938825395951,0.0,0.0,0.0,0.5377783484220917,2.3140316832223387,1.3536361130218844,0.026217363625451462,26.217363625451465,443.42067856604217,0.8156767725292319,2.8318845193643702,0.17423182702623308,0.043824499065522105,0.09308086900273338,0.010492744040675461,1.0,0.0,4.264542626858945,4.264542579650879,0.0
PLAIN_FM,2,23,0.0,0.0,0.07715221748215757,0.0,0.2491651591300963,2.5935721397399902,0.38455987635419425,2.768806807714907,1.0874400490495422,0.05371037734171899,53.710377341718996,12887.779623358736,0.09300722657022042,1.3781679157440352,0.07035560702206567,0.04399586713407189,0.0,0.0,0.0,0.0,0.0,0.0,0.0
POV_L05_ALWAYS,2,23,0.0,0.0,0.053825568580905675,0.0,0.0,0.0,0.3431759659734037,2.0096868052624695,1.0699068355488652,0.02252920800812319,22.52920800812319,4125.505044309219,0.37108788578485397,2.0888969572259533,1.336067765019834,0.047750670986715704,1.2070339540368877,0.13444678502855822,7.0,0.0,23.068601458096605,2.008720636367798,0.0
YFLOW_MAIN_PORT,2,23,0.0,0.0,0.047978637739729726,0.0,0.0,0.0,0.3479506381632491,2.2674718712840307,0.985752796748444,0.027091474945002025,27.091474945002023,540.6098651681124,0.190332694778091,1.7815103265301988,0.6521455740439706,0.04549707204569131,0.5559244059259072,0.0618695059674792,3.0,0.0,3.807648128716429,0.9777269959449768,0.0
GOAL_AWARE_FINAL_PROJECTION,2,23,1.0,0.0,-0.010071465668820369,0.0,0.002003472709655618,0.0,0.51171287626948,2.3085419544697916,1.310885061974215,0.027617694618220057,27.61769461822006,503.19122183379864,0.7459009227764103,2.7047531364063317,0.174435003020335,0.04386661108583212,0.09333204396534711,0.010635857994202524,1.0,0.0,3.8708969695684794,3.870896816253662,0.0
PLAIN_FM,2,24,0.0,0.0,0.07795016223562744,0.0,0.35474376049041734,1.340014934539795,0.3789092076162667,2.7538173782129425,1.0964201016733892,0.05308106112326616,53.08106112326616,14827.009700238466,0.08846838498190725,1.4304442933437966,0.06986448605312034,0.04376276093535125,0.0,0.0,0.0,0.0,0.0,0.0,0.0
POV_L05_ALWAYS,2,24,0.0,0.0,0.05447849258069688,0.0,0.0,0.06682097911834717,0.32940670819226237,2.1227718257290134,1.0804019371183484,0.022876056032728798,22.876056032728798,4856.155518949379,0.34416718065074275,1.9873042541794985,1.6141733049880713,0.04792893404373899,1.4847656239871867,0.16155726788565516,7.0,0.0,23.49089088475311,1.7546594142913818,0.0
YFLOW_MAIN_PORT,2,24,0.0,0.0,0.06127868812506909,0.0,0.0,0.0,0.32540452363094,2.1981746175349786,1.0152763527335666,0.021746397633964805,21.746397633964804,425.40924220333983,0.20261614223187224,1.7689119657362407,0.37520082702394575,0.045310486981179565,0.27912771300179884,0.031360537046566606,3.0,0.0,3.8246082235029735,1.010972499847412,0.0
GOAL_AWARE_FINAL_PROJECTION,2,24,1.0,0.0,-0.011911185312180765,0.0,0.0,0.0,0.476371042280477,2.1928897579868294,1.2640951195813828,0.02418543851477839,24.185438514778394,465.99477011293186,0.6514797675150803,2.5594582024293104,0.1742440380039625,0.04381199099589139,0.09315513103501871,0.010604965966194868,1.0,0.0,3.3934675893686617,3.393467664718628,0.0
PLAIN_FM,2,25,0.0,0.0,0.07550205992852614,0.0,0.284578364753723,0.9311389923095703,0.4057563339554267,2.723584530500579,1.1109527858287649,0.041810098397341205,41.81009839734121,10385.713081528009,0.07838171344079688,1.442371878142471,0.07002020004438236,0.043852262082509696,0.0,0.0,0.0,0.0,0.0,0.0,0.0
POV_L05_ALWAYS,2,25,0.0,0.0,0.05378896419019512,0.0,0.0,0.0,0.32283815944562344,2.0920256664181602,1.0316111091268982,0.02134912896082586,21.34912896082586,3378.286198758685,0.39189432830916743,2.0694131834685,1.6932921270490624,0.04777157097123563,1.5643145649810322,0.16379130503628403,7.0,0.0,21.1143475741262,2.0255024433135986,0.0
YFLOW_MAIN_PORT,2,25,0.0,0.0,0.05660862559523873,0.0,0.0,0.0,0.33072043593875944,2.210463332063754,1.0546770929528602,0.019243291585230186,19.243291585230185,364.21660898224854,0.21119078701168895,1.7529038226521454,0.5546189360320568,0.0453434091177769,0.4585782840149477,0.04639967699768022,3.0,0.0,3.05562353117249,1.007192611694336,0.0
GOAL_AWARE_FINAL_PROJECTION,2,25,1.0,0.0,-0.018817629891131116,0.0,0.0017114099502562041,0.0,0.47867660621038033,2.1806461661883976,1.2858454497427974,0.02312947528520226,23.12947528520226,398.8481860742965,0.721121343483617,2.682062731481155,0.17411472497042269,0.04377961001591757,0.09306024800753221,0.010507883969694376,1.0,0.0,3.71108324396149,3.711083173751831,0.0
PLAIN_FM,2,26,0.0,0.0,0.0718052727477468,0.0,0.22048042383193955,1.5477252006530762,0.3921886159032357,2.7565480674482252,1.0914313088890073,0.04603507640757121,46.03507640757121,11530.340079833113,0.08709661284844213,1.4053780894200114,0.0702883760095574,0.044039775035344064,0.0,0.0,0.0,0.0,0.0,0.0,0.0
POV_L05_ALWAYS,2,26,0.0,0.0,0.04815236933640109,0.0,0.0,0.0,0.3329271599468468,2.0368987337992817,1.03899991292396,0.01812915040810653,18.12915040810653,3587.593717888604,0.34077370199093077,2.0209129868470037,1.3361175950267352,0.04782821104163304,1.2068407070473768,0.1309637010563165,7.0,0.0,21.082632409716627,1.830453634262085,0.0
YFLOW_MAIN_PORT,2,26,0.0,0.0,0.06777196687808602,0.0,0.00554199676513667,0.0,0.32478369445298455,2.3394186613958903,1.0526032765371651,0.027299230999576818,27.299230999576817,535.9209570267781,0.1799872427048885,1.688409341183859,0.4662274859729223,0.04557601502165198,0.369804652989842,0.039224195992574096,3.0,0.0,2.7644770302570314,0.8761005997657776,0.0
GOAL_AWARE_FINAL_PROJECTION,2,26,1.0,0.0,-0.014160917353015098,0.0,0.0,0.0,0.42906310188332175,1.8988273855655466,1.1934039936480603,0.014510565565119649,14.510565565119647,287.78433457921085,0.6641324528282766,2.63088717375735,0.17436597094638273,0.04373396805021912,0.09328982402803376,0.010565304954070598,1.0,0.0,3.4909589345910055,3.4909589290618896,0.0
PLAIN_FM,2,27,0.0,0.0,0.07458849794355758,0.0,0.18569008674621568,1.5639376640319824,0.3905735362401349,2.731721054433581,1.105295255263302,0.05113596396381137,51.13596396381137,13375.964807015725,0.07894096603296555,1.431550949149827,0.06998981902142987,0.04376573010813445,0.0,0.0,0.0,0.0,0.0,0.0,0.0
POV_L05_ALWAYS,2,27,0.0,0.0,0.046281264626508875,0.0,0.0,0.034983158111572266,0.3434934347914472,1.9962002650023734,1.0770753332770349,0.021634107924899837,21.634107924899837,3834.830971674208,0.4262084192722801,2.16656602176449,1.3339884050074033,0.04775944887660444,1.2051950469613075,0.1339700759272091,7.0,0.0,20.428176892689528,2.130934953689575,0.0
YFLOW_MAIN_PORT,2,27,0.0,0.0,0.06295926841088327,0.0,0.0,0.0,0.35087710485696183,2.0996610323681937,1.0127370743645108,0.017254099944392302,17.2540999443923,317.38843828491076,0.22401077724148072,1.8775903175366708,0.652372034965083,0.04526284692110494,0.5561835580156185,0.06178919301601127,3.0,0.0,3.5525112337873903,1.1155747175216675,0.0
GOAL_AWARE_FINAL_PROJECTION,2,27,1.0,0.0,-0.006247299213196757,0.0,0.0,0.0,0.38355674279711366,1.8325959489653507,1.176751975062019,0.01347901069700086,13.47901069700086,235.93794531748813,0.6604434692716641,2.62950620641985,0.17448843596503139,0.04380420106463134,0.09318232198711485,0.01048167300177738,1.0,0.0,3.3016802480212943,3.301680326461792,0.0
PLAIN_FM,2,28,0.0,0.0,0.08012475142715784,0.0,0.19464300241470323,0.4125666618347168,0.39615475121121463,2.786211928597446,1.095773467151584,0.04934578444145754,49.345784441457546,12317.148958788282,0.10673753506656618,1.401388575927097,0.07012529199710116,0.04384726099669933,0.0,0.0,0.0,0.0,0.0,0.0,0.0
POV_L05_ALWAYS,2,28,0.0,0.0,0.056743122808125074,0.0,0.0,0.0,0.35393977107092633,2.083849829542875,1.060586550623675,0.02033505459384788,20.33505459384788,3502.0884726254308,0.3505345847566742,2.06200911512828,1.337563216977287,0.047992476902436465,1.2079240880557336,0.13197608705377206,7.0,0.0,23.783101459672167,1.9642016887664795,0.0
YFLOW_MAIN_PORT,2,28,0.0,0.0,0.06214098761121646,0.0,0.0,0.0,0.3487040360245115,2.1637713021695766,1.031146592146345,0.017497564123564315,17.497564123564317,349.71058933985506,0.2019896765942225,1.7924568859503105,0.55873241298832,0.046067007060628384,0.4614887289935723,0.04885321808978915,3.0,0.0,4.985681581238145,1.1387256383895874,0.0
GOAL_AWARE_FINAL_PROJECTION,2,28,1.0,0.0,-0.015812494674071094,0.0,0.0,0.0,0.47942690062479987,2.077666025988661,1.2792217496269438,0.020824571635658984,20.824571635658984,402.95060902852947,0.7033814012065043,2.695246022999138,0.17480233300011605,0.043921913020312786,0.09319652296835557,0.010465322993695736,1.0,0.0,3.7506984642672996,3.7506983280181885,0.0
PLAIN_FM,2,29,0.0,0.0,0.07446201117604119,0.0,0.16270772781372056,1.3470721244812012,0.38654080196756985,2.735607077134057,1.066581384300574,0.06563782861965406,65.63782861965406,18347.009443456063,0.08268954913254947,1.4371101818826848,0.07026191597105935,0.04384668200509623,0.0,0.0,0.0,0.0,0.0,0.0,0.0
POV_L05_ALWAYS,2,29,0.0,0.0,0.06462767819260214,0.0,0.0,0.0,0.3544225535078668,2.246455459872215,1.0735257528478306,0.030983248905440658,30.983248905440657,5851.689506297225,0.23245096405933152,1.8088600197128675,1.5225939900265075,0.0478542719502002,1.3930285649839789,0.15044533490436152,7.0,0.0,23.225438979808338,1.1188442707061768,0.0
YFLOW_MAIN_PORT,2,29,0.0,0.0,0.06098226020373247,0.0,0.0,0.0,0.3582254981968939,2.161603493337758,1.0192093137726335,0.018279649942957832,18.279649942957832,333.655098847363,0.20556364983954445,1.7917500842360048,0.5584751470014453,0.0455879460205324,0.4618262589792721,0.0490552929113619,3.0,0.0,2.829469827633453,1.0221009254455566,0.0
GOAL_AWARE_FINAL_PROJECTION,2,29,1.0,0.0,-0.0062954796830003296,0.0,0.0,0.0,0.4091067460541372,1.8465093398889927,1.172442960846837,0.015287773464166321,15.287773464166321,336.23377121045905,0.6621917283328391,2.6015510633860957,0.17514956300146878,0.043995184008963406,0.0937760469969362,0.010555954999290407,1.0,0.0,3.3575899443254085,3.3575899600982666,0.0
PLAIN_FM,2,30,0.0,0.0,0.07586114812437174,0.0,0.23737267818450913,0.5748879909515381,0.39185614355985715,2.7338634420017813,1.077118611633034,0.04863820163843924,48.638201638439234,12586.807640898534,0.07074715693579545,1.441045824645159,0.07032052800059319,0.04402426799060777,0.0,0.0,0.0,0.0,0.0,0.0,0.0
POV_L05_ALWAYS,2,30,0.0,0.0,0.04682293342455854,0.0,0.0,0.0,0.30452965179503977,2.0652808385489685,1.0363049702659342,0.023894708614984772,23.894708614984772,3989.7769036263635,0.3743519214665321,2.0935307909202323,1.3316148219746538,0.04782508296193555,1.2024910670588724,0.13015667407307774,7.0,0.0,23.98262102635735,1.9503390789031982,0.0
YFLOW_MAIN_PORT,2,30,0.0,0.0,0.05577717401786804,0.0,0.0,0.0,0.3402596620404293,2.2007361843552897,1.058169305633874,0.019273627800341645,19.273627800341647,339.26526251494846,0.2001951815768206,1.7492640567572846,0.4657632679445669,0.045599026954732835,0.3695588389527984,0.039891903987154365,3.0,0.0,2.71655872327011,0.9962544441223145,0.0
GOAL_AWARE_FINAL_PROJECTION,2,30,1.0,0.0,-0.015845495510437985,0.0,0.0,0.0,0.3929887752254223,1.8904211657529324,1.2012734966476373,0.016245898786234392,16.24589878623439,326.51747267635756,0.6076742393100066,2.540345108642179,0.17461605899734423,0.044012406084220856,0.09310136100975797,0.010584616044070572,1.0,0.0,3.137334973590302,3.1373350620269775,0.0
PLAIN_FM,2,31,0.0,0.0,0.07254921814889832,0.0,0.24672583904266343,1.408160924911499,0.4093543855815451,2.7095429406521925,1.127384449889025,0.05354271438438915,53.54271438438914,15055.927547627947,0.06851496271719525,1.4337899910469722,0.06985770596656948,0.04380159196443856,0.0,0.0,0.0,0.0,0.0,0.0,0.0
POV_L05_ALWAYS,2,31,0.0,0.0,0.04733002766748132,0.0,0.0,0.0,0.35031824496122194,1.9936442884255017,1.0820961106037343,0.020783753354045587,20.783753354045587,4717.788033637405,0.4152715964078891,2.101185223952398,1.4252558390144259,0.047765332041308284,1.2964352099224925,0.1418850379413925,7.0,0.0,22.172589499816418,2.008676767349243,0.0
YFLOW_MAIN_PORT,2,31,0.0,0.0,0.04924267352812632,0.0,0.0016851839065550323,0.0,0.3322277024876087,2.1931322803120983,1.0852532403591229,0.02017134799573054,20.171347995730542,352.44009213524475,0.20619859604671809,1.776879003382104,0.46798418497201055,0.04539655102416873,0.3719494199613109,0.04163669602712616,3.0,0.0,3.1675196118135793,0.9778150320053101,0.0
GOAL_AWARE_FINAL_PROJECTION,2,31,1.0,0.0,-0.01588053628942209,0.0,0.0,0.0,0.43986956930960985,2.071393065346461,1.2334131078731938,0.019446445955717095,19.446445955717095,354.25239451063464,0.7007146906304872,2.640422294961383,0.1744713659863919,0.04390298301586881,0.09323950402904302,0.01047320303041488,1.0,0.0,3.5292212246215384,3.529221296310425,0.0
PLAIN_FM,3,0,0.0,0.0,0.10010414359172834,0.0,0.1594936416625976,0.1974773406982422,0.9139086089876021,2.331255434261303,0.8897540892355044,0.03854135302258421,38.54135302258422,8290.035833511,0.08285301264346928,1.4351735307648656,0.07000111998058856,0.04381604405352846,0.0,0.0,0.0,0.0,0.0,0.0,0.0
POV_L05_ALWAYS,3,0,0.0,0.0,0.06909585189553777,0.0,0.0,0.0,0.6215624457772857,1.4290845932327398,0.6066173830920145,0.014052650457969662,14.052650457969662,2387.030938720968,0.44572872271349806,1.836971541267014,1.1478637279942632,0.04778100992552936,1.0190123989596032,0.11276428605196998,7.0,0.0,27.359961050601164,2.415432929992676,0.0
YFLOW_MAIN_PORT,3,0,1.0,0.0,-0.02878275271762703,0.0,0.005659025573730325,0.0,0.5357099449531596,1.9069548803849854,0.8384577804603547,0.028804687809669716,28.80468780966972,749.3331094881482,0.24397548863107327,1.2577330374070785,0.3746835099882446,0.04540588107192889,0.27849058201536536,0.03143493889365345,3.0,0.0,4.209369354459177,1.2268569469451904,0.0
GOAL_AWARE_FINAL_PROJECTION,3,0,1.0,0.0,-0.03843087954072008,0.0,0.0,0.0,0.40304967321914537,1.4251537956882068,0.7776993391418601,0.015493718576856885,15.493718576856885,345.3474477959517,0.5665987828678567,1.8699007057815664,0.17541552003240213,0.0439335429109633,0.09380356798646972,0.01055705500766635,1.0,0.0,3.1001865613113684,3.100186586380005,0.0
PLAIN_FM,3,1,0.0,0.0,0.10539370839583456,0.0,0.04855688076019282,0.0,0.9074296389313632,2.2996835142954124,0.878929025821997,0.03968958478642204,39.689584786422046,8596.777101910737,0.08055134879619588,1.4193914263204839,0.06979114498244599,0.04363073594868183,0.0,0.0,0.0,0.0,0.0,0.0,0.0
POV_L05_ALWAYS,3,1,0.0,0.0,0.05435576814980489,0.0,0.0,0.0,0.6322332284474013,1.4753928686635602,0.6176334428310687,0.015763238936116863,15.763238936116863,2890.2198680777146,0.4437625684779447,1.8061028849727658,1.057774493994657,0.04759057692717761,0.9290816799621098,0.10383253003237769,7.0,0.0,24.878073677709907,2.263963222503662,0.0
YFLOW_MAIN_PORT,3,1,1.0,0.0,-0.016903494644254738,0.0,0.0,0.0,0.5485152862381094,1.767083001415158,0.7641891834234318,0.018461973207278826,18.461973207278827,413.0046653992193,0.28037692783710255,1.2765682829644316,0.37454384699231014,0.0453159388853237,0.2787274168804288,0.03149029100313783,3.0,0.0,4.071192696662077,1.2451989650726318,0.0
GOAL_AWARE_FINAL_PROJECTION,3,1,1.0,0.0,-0.04237871404599278,0.0,0.0,0.0,0.40669872127305207,1.308020868716136,0.6941531805383819,0.009607498273898507,9.607498273898507,237.3404560364278,0.5904495225409192,1.8419654776617462,0.17443505598930642,0.04387011402286589,0.0931639329646714,0.010536974994465709,1.0,0.0,3.004843032043016,3.00484299659729,0.0
PLAIN_FM,3,2,0.0,0.0,0.10383387535960573,0.0,0.18573279838562007,0.12506365776062012,0.9028525020835896,2.300516820537894,0.8675831097606802,0.03957675656381987,39.57675656381987,9247.619982970613,0.0731575604655351,1.4110432807140518,0.07001197000499815,0.04382718203123659,0.0,0.0,0.0,0.0,0.0,0.0,0.0
POV_L05_ALWAYS,3,2,0.0,0.0,0.07684036051857798,0.0,0.0,0.0,0.6460176299799073,1.3671797183306769,0.5285823090450155,0.010153263515473299,10.153263515473299,1625.011387637798,0.4832483225937446,1.844505867047847,1.2504719099961221,0.04786657396471128,1.1210709779406898,0.12446190183982253,7.0,0.0,32.3678200749953,2.4561660289764404,0.0
YFLOW_MAIN_PORT,3,2,1.0,0.0,-0.02509921739243197,0.0,0.005343120956420755,0.0,0.5343306779355711,1.887277804596155,0.8302528093095605,0.02896686671100568,28.96686671100568,758.239204672062,0.24407053067718104,1.2516831880154624,0.4661944219842553,0.04554148385068402,0.36991234199376777,0.039637755951844156,3.0,0.0,3.8653430761090433,1.1869146823883057,0.0
GOAL_AWARE_FINAL_PROJECTION,3,2,1.0,0.0,-0.0493575289279122,0.0,0.0,0.0,0.3742302051006492,1.3375985447922683,0.7726505715618999,0.013059927495026713,13.059927495026713,279.95463391770056,0.6306432649682814,2.0514138667838253,0.17406748700886965,0.04368245101068169,0.09299234801437706,0.010483393038157374,1.0,0.0,3.287784139700948,3.2877840995788574,0.0
PLAIN_FM,3,3,0.0,0.0,0.0954623785003828,0.0,0.1406800315856933,0.10819554328918457,0.881358940358716,2.288508898856787,0.8527948533379283,0.03896568972462977,38.965689724629776,9738.08298172234,0.08874381767325547,1.3574346809952795,0.07018926501041278,0.04388041602214798,0.0,0.0,0.0,0.0,0.0,0.0,0.0
POV_L05_ALWAYS,3,3,0.0,0.0,0.07000249333246697,0.0,0.0,0.0,0.6233780166791429,1.4050616332490151,0.5824534882132347,0.012583455957869916,12.583455957869916,2378.1657848758186,0.4484393628948313,1.806718783221466,1.335693416011054,0.0477918210090138,1.2065359390107915,0.13090638013090938,7.0,0.0,27.333673987920797,2.3722662925720215,0.0
YFLOW_MAIN_PORT,3,3,1.0,0.0,-0.022111663085389484,0.0,0.0,0.0,0.5331110877297673,1.820470507071378,0.802875396576777,0.02335930601435887,23.359306014358875,539.152583462421,0.25806606767686896,1.2063077260466024,0.4650269029662013,0.045388970931526273,0.3688133350224234,0.038959089026320726,3.0,0.0,4.015046206749367,1.1806808710098267,0.0
GOAL_AWARE_FINAL_PROJECTION,3,3,1.0,0.0,-0.049459300547258195,0.0,0.0,0.0,0.4087337393064476,1.3652827769410698,0.7353899071242516,0.013790909698205844,13.790909698205844,306.6990768067157,0.5800256950844596,1.8895916895468114,0.17420254996977746,0.04383394413162023,0.09283300401875749,0.010471833986230195,1.0,0.0,3.075960587010923,3.075960636138916,0.0
PLAIN_FM,3,4,0.0,0.0,0.09776501227621112,0.0,0.21538014869689937,2.2811663150787354,0.8821636338016628,2.328751479676833,0.9077685961472793,0.037738612899031576,37.73861289903157,7404.421611005386,0.08323161914646657,1.3953370886487253,0.07026699598645791,0.043931952910497785,0.0,0.0,0.0,0.0,0.0,0.0,0.0
POV_L05_ALWAYS,3,4,0.0,0.0,0.06217596669323919,0.0,0.0,0.0,0.6328557222467507,1.4254172679264137,0.5728399847238373,0.01405243294927061,14.05243294927061,2269.945825137754,0.4527575837705313,1.8497332622299245,1.246322690974921,0.04775288997916505,1.11716153298039,0.12336110003525391,7.0,0.0,30.281221132519804,2.3997087478637695,0.0
YFLOW_MAIN_PORT,3,4,1.0,0.0,-0.015951300475677534,0.0,0.00011996593475327444,0.0,0.5406701570916908,1.7542189863544217,0.7960266231762798,0.019890462139985132,19.890462139985132,466.35108603600986,0.26676928316528736,1.2821869054501611,0.4686120040132664,0.04545390099519864,0.37244317500153556,0.04166381695540622,3.0,0.0,4.814294849128047,1.2243680953979492,0.0
GOAL_AWARE_FINAL_PROJECTION,3,4,1.0,0.0,-0.023756054347806227,0.0,0.0,0.0,0.3617162880100498,1.1338689446727093,0.6936657816643981,0.005286025227801083,5.286025227801083,173.95332030973876,0.7660791343220875,2.1315180952796235,0.1745325590018183,0.043870481837075204,0.09298581798793748,0.010408161033410579,1.0,0.0,3.8426236436061854,3.842623472213745,0.0
PLAIN_FM,3,5,0.0,0.0,0.10764332230777149,0.0,0.15893037776947017,1.1915814876556396,0.9133602468504705,2.2738447564762816,0.8525739465189008,0.03828755798692107,38.28755798692108,8345.277539017903,0.07645885401137097,1.4098733742764702,0.07058842497644946,0.044125318934675306,0.0,0.0,0.0,0.0,0.0,0.0,0.0
POV_L05_ALWAYS,3,5,0.0,0.0,0.07684562690198499,0.0,0.0,0.0,0.6590898108020494,1.4973040841240848,0.5757726499680952,0.013972306421942804,13.972306421942804,2189.1851130259706,0.4338127134832413,1.7830688312618865,1.1514345569885336,0.047820003994274884,1.0225196849787608,0.11202541494276375,7.0,0.0,29.244744114314386,2.19992995262146,0.0
YFLOW_MAIN_PORT,3,5,1.0,0.0,-0.02780202425171715,0.0,0.00612513389587388,0.0,0.5217302739293845,1.84321448444274,0.8139830708689111,0.026599584726808345,26.599584726808345,690.5316785044135,0.25371255076384513,1.2447898944057862,0.3762810929911211,0.04546366410795599,0.2799491010373458,0.031607355922460556,3.0,0.0,4.434624112726028,1.2429999113082886,0.0
GOAL_AWARE_FINAL_PROJECTION,3,5,1.0,0.0,-0.045634186434482,0.0,0.0,0.0,0.3567994327415604,1.0417843098066555,0.6083711403960581,0.0036007931984727293,3.6007931984727293,140.0765679488103,0.7286256980345636,2.0141937813218216,0.1743505449849181,0.04394985793624073,0.09288106602616608,0.010505223996005952,1.0,0.0,3.641549152138594,3.6415491104125977,0.0
PLAIN_FM,3,6,0.0,0.0,0.10720517945232022,0.0,0.09503777484893794,0.0,0.9236036260438636,2.2686403987095005,0.8646146314083094,0.03616816477282514,36.16816477282514,8913.541232790069,0.0886692732832983,1.4120422263553252,0.07055297400802374,0.04406199901131913,0.0,0.0,0.0,0.0,0.0,0.0,0.0
POV_L05_ALWAYS,3,6,0.0,0.0,0.06700079048413629,0.0,0.0,0.0,0.62746045760581,1.4167368446462905,0.5819194579900484,0.011860479006039704,11.860479006039704,2059.636500938034,0.4503176328211723,1.8273832921708557,1.151371706975624,0.04818903096020222,1.0218760210555047,0.11354210507124662,7.0,0.0,27.286572574464,2.3661484718322754,0.0
YFLOW_MAIN_PORT,3,6,1.0,0.0,-0.030357356046206464,0.0,0.0,0.0,0.5236226749365183,1.849229787715636,0.840880902701566,0.024249672976997205,24.249672976997203,575.8132311203257,0.2654960398204942,1.2165363542174696,0.37516589497681707,0.04543946200283244,0.2788601539796218,0.03140207997057587,3.0,0.0,4.01295473521582,1.2752950191497803,0.0
GOAL_AWARE_FINAL_PROJECTION,3,6,1.0,0.0,-0.054940203700203,0.0,0.0,0.0,0.3785141936169463,1.2662581680174818,0.7099769873111148,0.009228704532407761,9.228704532407761,203.33352648052028,0.601315751046442,1.8679463807770638,0.17487818899098784,0.04396985599305481,0.0930676000425592,0.010543875047005713,1.0,0.0,3.134048908558932,3.1340489387512207,0.0
PLAIN_FM,3,7,0.0,0.0,0.09859138742247422,0.0,0.07179613571166987,1.3440680503845215,0.9059337484816671,2.2752610682437013,0.8348534867530691,0.0396509954319999,39.65099543199991,9304.642476370971,0.08262430478080357,1.4243977324306338,0.07032568904105574,0.043919734889641404,0.0,0.0,0.0,0.0,0.0,0.0,0.0
POV_L05_ALWAYS,3,7,0.0,0.0,0.08035963170271429,0.0,0.0,0.0,0.6486705960245628,1.3829233490428614,0.5438135069806885,0.017308352464025845,17.308352464025845,3894.715025937678,0.43814489901571985,1.726395792578453,1.3297449850360863,0.04780967207625508,1.200910655024927,0.12978469382505864,7.0,0.0,29.45686841306828,2.230400562286377,0.0
YFLOW_MAIN_PORT,3,7,1.0,0.0,-0.025217947029100407,0.0,0.0,0.0,0.5210190776385667,1.816770960985626,0.8339267671192333,0.023983388233682845,23.983388233682845,542.3488823136146,0.2679177865455437,1.2797659142078768,0.5587920849793591,0.04568906989879906,0.4620700409868732,0.04953886504517868,3.0,0.0,4.896006535524907,1.2645902633666992,0.0
GOAL_AWARE_FINAL_PROJECTION,3,7,1.0,0.0,-0.08915860773584644,0.0,0.0,0.0,0.37436762585839056,1.227578306985572,0.6634225146083084,0.007487982634378554,7.487982634378554,188.54117244391233,0.5683579101680283,1.8092150622784513,0.1745121399872005,0.04395660397130996,0.09293243801221251,0.010478932992555201,1.0,0.0,2.9098182175215324,2.909818172454834,0.0
PLAIN_FM,3,8,0.0,0.0,0.11658034755871524,0.0,0.15836294155120845,0.0,0.9351946490077432,2.302478456437022,0.9056876913936985,0.037150548249728965,37.15054824972897,8627.092602019306,0.10940531814596903,1.4265476253573586,0.07049209298565984,0.0440987799083814,0.0,0.0,0.0,0.0,0.0,0.0,0.0
POV_L05_ALWAYS,3,8,0.0,0.0,0.060895847822821925,0.0,0.0,0.0,0.6550650090767082,1.4035982301314367,0.5873563028288762,0.012071762247146012,12.071762247146012,1975.0763503243008,0.4619227547685181,1.8388436788157405,1.3354218900203705,0.04784959298558533,1.206349755928386,0.13296045491006225,7.0,0.0,25.394967767758754,2.3854382038116455,0.0
YFLOW_MAIN_PORT,3,8,1.0,0.0,-0.01851517344786037,0.0,0.0,0.0,0.5464698546891156,1.7255080991493459,0.8072427924592462,0.018203144027255647,18.203144027255647,424.06305830686716,0.2746427270254643,1.293838244523655,0.37686445005238056,0.045702698989771307,0.2800093240221031,0.03174609795678407,3.0,0.0,4.6729708777542385,1.3076443672180176,0.0
GOAL_AWARE_FINAL_PROJECTION,3,8,1.0,0.0,-0.018476906984339098,0.0,0.0,0.0,0.415023060058056,1.273189200558189,0.6947382244644456,0.009889194578521554,9.889194578521554,203.80640311383758,0.7110263574043778,2.1059224451281042,0.17803915799595416,0.0449613300152123,0.09467715199571103,0.010675587982404977,1.0,0.0,3.592121196072754,3.592121124267578,0.0
PLAIN_FM,3,9,0.0,0.0,0.11802224575909864,0.0,0.13486023406982417,1.460791826248169,0.9449422676072591,2.2676653525639137,0.8550794446974774,0.035380139915994535,35.38013991599453,7968.015644310112,0.08695008772339809,1.4330156012183262,0.07114800001727417,0.04437841702019796,0.0,0.0,0.0,0.0,0.0,0.0,0.0
POV_L05_ALWAYS,3,9,0.0,0.0,0.08479275300036437,0.0,0.0,0.0,0.6617883134825391,1.4544272333099075,0.5541155844952181,0.011333703860133326,11.333703860133326,1650.27942782654,0.44512137492830106,1.7981122449721039,1.2437348260427825,0.0476736311102286,1.114816092129331,0.12331598304444924,7.0,0.0,26.98190710526685,2.2255098819732666,0.0
YFLOW_MAIN_PORT,3,9,1.0,0.0,-0.035671688181560156,0.0,0.0,0.0,0.5005466306746894,1.7913620517363231,0.8081267194635046,0.027122417877685656,27.122417877685656,717.1605170497309,0.26373556587907954,1.2748228007741058,0.37583340401761234,0.04546344297705218,0.27959994302364066,0.03167717799078673,3.0,0.0,4.832730250639003,1.3792275190353394,0.0
GOAL_AWARE_FINAL_PROJECTION,3,9,1.0,0.0,-0.07827526514257302,0.0,0.0,0.0,0.3823057431518445,1.3521504330940157,0.7413961325192795,0.014360651669051094,14.360651669051094,338.8398746917432,0.5932527973079562,1.9455890543349414,0.1751962470007129,0.0441686199628748,0.09319086401956156,0.010551844956353307,1.0,0.0,3.0976068817566187,3.097606897354126,0.0
PLAIN_FM,3,10,0.0,0.0,0.09373816333156912,0.0,0.05904968242645259,0.7102084159851074,0.9096805528968193,2.3433807547848926,0.9113681337683515,0.041650679213128594,41.6506792131286,9924.377687397402,0.08314705351067961,1.4240513342320584,0.07044163200771436,0.04400083707878366,0.0,0.0,0.0,0.0,0.0,0.0,0.0
POV_L05_ALWAYS,3,10,0.0,0.0,0.07984901948670584,0.0,0.0,0.0,0.6429179195553834,1.4673118058661863,0.5919898229327699,0.015136258337223651,15.136258337223651,2710.774695998719,0.4433393098618036,1.8415257552847957,1.3371052970178425,0.047985067998524755,1.2077307141153142,0.13406558288261294,7.0,0.0,32.14944805751744,2.4141201972961426,0.0
YFLOW_MAIN_PORT,3,10,1.0,0.0,-0.0296589695524626,0.0,0.0,0.0,0.5243993390099682,1.6735773594573553,0.7763759783411291,0.014349610931953194,14.349610931953194,326.26710079863835,0.3035243644064033,1.2674499236429806,0.46859024901641533,0.045571687107440084,0.3721012099995278,0.041687338962219656,3.0,0.0,5.348594430022564,1.4653887748718262,0.0
GOAL_AWARE_FINAL_PROJECTION,3,10,1.0,0.0,-0.06910440020024353,0.0,0.0,0.0,0.3632977784012819,1.225519095055554,0.672671618480947,0.007720851017041674,7.720851017041674,181.228894825658,0.5780873727772506,1.767119215072727,0.17454522103071213,0.04389694391284138,0.09291296702576801,0.010595997038763016,1.0,0.0,3.0372556331056266,3.0372557640075684,0.0
PLAIN_FM,3,11,0.0,0.0,0.10551089680659514,0.0,0.057683543968200635,0.2728891372680664,0.9101096104472169,2.2725071459529564,0.8580999982626213,0.04500861545401347,45.008615454013466,12132.094268095207,0.1007183526410631,1.3961991736481614,0.07058858702657744,0.044109888083767146,0.0,0.0,0.0,0.0,0.0,0.0,0.0
POV_L05_ALWAYS,3,11,0.0,0.0,0.07340071840776094,0.0,0.0,0.0,0.6354338819081418,1.4693758466112525,0.5899973183960091,0.013867988841343326,13.867988841343328,2523.353012598406,0.4363180220141169,1.796943116581807,1.2391447449917905,0.047845023043919355,1.1098480430082418,0.1204851710353978,7.0,0.0,25.284564432365443,2.248263120651245,0.0
YFLOW_MAIN_PORT,3,11,1.0,0.0,-0.03091908919768841,0.0,0.0,0.0,0.5172759851060694,1.8035137979961715,0.8162650577651431,0.02292028053370032,22.92028053370032,521.9170210861712,0.27102424084445553,1.2440567168697858,0.46788169199135154,0.045569937909021974,0.3711649090400897,0.041733929072506726,3.0,0.0,4.385201039986372,1.2714804410934448,0.0
GOAL_AWARE_FINAL_PROJECTION,3,11,1.0,0.0,-0.07687932247185539,0.0,0.0,0.0,0.38421337331040445,1.2555165320613408,0.6652782732483996,0.008145461887054672,8.145461887054672,186.5084389803151,0.5690577682150819,1.777603242437361,0.17419961199630052,0.043914785026572645,0.09290918702026829,0.01064095797482878,1.0,0.0,2.939656835362915,2.939656972885132,0.0
PLAIN_FM,3,12,0.0,0.0,0.1114027174882758,0.0,0.1129674480438232,0.21892309188842773,0.9305339127321893,2.27870924411857,0.8686581728812339,0.0342442199264692,34.244219926469206,7175.719287586179,0.07505843993137744,1.4364478131189815,0.06998975103488192,0.04382032196735963,0.0,0.0,0.0,0.0,0.0,0.0,0.0
POV_L05_ALWAYS,3,12,0.0,0.0,0.07231366203287745,0.0,0.0,0.0,0.6384293153213699,1.4391547064938335,0.593560419654599,0.012917751033234559,12.91775103323456,1961.520187348942,0.44842954225910586,1.8343496735389297,1.144655459036585,0.04797444597352296,1.0151277791010216,0.10957162792328745,7.0,0.0,25.116510615922234,2.3280937671661377,0.0
YFLOW_MAIN_PORT,3,12,1.0,0.0,-0.028713365219037792,0.0,0.0,0.0,0.5249683519181761,1.8313376993674289,0.8328538597755833,0.024128005097346694,24.128005097346694,573.2523346202889,0.2577533503321439,1.2402368256617042,0.37827113701496273,0.045739759982097894,0.28142376203322783,0.031844812037888914,3.0,0.0,3.9683080883226562,1.2708699703216553,0.0
GOAL_AWARE_FINAL_PROJECTION,3,12,1.0,0.0,-0.04793370457240273,0.0,0.0,0.0,0.38384075389300704,1.3716954847263758,0.775473405813446,0.014361618727953385,14.361618727953385,324.05288638166496,0.603760868009465,1.9565852311991938,0.174319836020004,0.043840461992658675,0.09300446999259293,0.010476733965333551,1.0,0.0,3.204562312617888,3.204562187194824,0.0
PLAIN_FM,3,13,0.0,0.0,0.10963966463829497,0.0,0.11418040256500239,0.745929479598999,0.9124557525586215,2.2675854117831538,0.8359904240896475,0.04100700210200903,41.00700210200903,10466.58748000957,0.07377936679749839,1.4191645811112208,0.06991989898961037,0.04373313894029707,0.0,0.0,0.0,0.0,0.0,0.0,0.0
POV_L05_ALWAYS,3,13,0.0,0.0,0.06627869987547735,0.0,0.0,0.0,0.6366081543612169,1.455972402220029,0.570526585162722,0.01524664683836896,15.24664683836896,2957.462960690371,0.46283526446938705,1.8657721317251903,1.5318407639861107,0.048437937919516116,1.4014999449718744,0.15550279105082154,7.0,0.0,27.002163161268623,2.3369860649108887,0.0
YFLOW_MAIN_PORT,3,13,1.0,0.0,-0.027549539345525648,0.0,0.0,0.0,0.5159278872016458,1.7477793487303925,0.8080579783552593,0.021866682433930862,21.866682433930862,521.610571809017,0.27085404362222765,1.307246731288009,0.4755101850023493,0.04624692304059863,0.3775568690034561,0.042272394988685846,3.0,0.0,4.971629768653919,1.299096703529358,0.0
GOAL_AWARE_FINAL_PROJECTION,3,13,1.0,0.0,-0.0696586799515119,0.0,0.0,0.0,0.37417277922464554,1.3683463023246143,0.7777322976965519,0.013802666369682193,13.802666369682193,320.4728648308119,0.5753432406218206,1.9232781261950782,0.1770122040179558,0.04447671805974096,0.0946441320120357,0.01072865998139605,1.0,0.0,2.9892552029830024,2.98925518989563,0.0
PLAIN_FM,3,14,0.0,0.0,0.10604030453536731,0.0,0.11108930568695063,1.7453086376190186,0.9119593970485486,2.2863296596332114,0.8699926171787646,0.039236010903006324,39.23601090300633,8849.234378179459,0.07840370220655277,1.415726668852447,0.07118882203940302,0.04460418195230886,0.0,0.0,0.0,0.0,0.0,0.0,0.0
POV_L05_ALWAYS,3,14,0.0,0.0,0.07962402990126352,0.0,0.0,0.0,0.6395196527425316,1.4539210750066465,0.5640049725821575,0.013366116513937598,13.366116513937598,2191.11159022729,0.44896641981083224,1.8196464910873,1.0740178160485812,0.04831694398308173,0.9435820539947599,0.1059111551148817,7.0,0.0,29.05759302527929,2.301063060760498,0.0
YFLOW_MAIN_PORT,3,14,1.0,0.0,-0.027018565852168108,0.0,0.0,0.0,0.523594070658798,1.6747524154879387,0.7810657393895127,0.01597908710203466,15.979087102034663,391.26048779403175,0.3016794283541215,1.28893995122166,0.3817452160292305,0.04632672591833398,0.28370693896431476,0.032056456024292856,3.0,0.0,4.252134877437948,1.372992992401123,0.0
GOAL_AWARE_FINAL_PROJECTION,3,14,1.0,0.0,-0.06946447736859895,0.0,0.0,0.0,0.35466570831352395,1.1866754757375269,0.6704990187297062,0.007689425440159603,7.689425440159603,178.8893214834886,0.6168986674362043,1.9536095950229957,0.17735787300625816,0.04475761600770056,0.09443822602042928,0.010666897986084223,1.0,0.0,3.1777406871016445,3.1777405738830566,0.0
PLAIN_FM,3,15,0.0,0.0,0.10215726732500346,0.0,0.0758277938842773,0.8844208717346191,0.9001318672385981,2.3019165439025318,0.8784354121923331,0.04504887196440377,45.048871964403766,11084.87255635271,0.07322230058201705,1.404435212742432,0.07118771102977917,0.04456283198669553,0.0,0.0,0.0,0.0,0.0,0.0,0.0
POV_L05_ALWAYS,3,15,0.0,0.0,0.08357335076596159,0.0,0.0,0.0,0.630395721276913,1.4425559533340533,0.5676655938023478,0.015082061881809494,15.082061881809494,3300.486312623008,0.4662152608947842,1.838174359213116,1.5401215669699013,0.048619944136589766,1.408580597024411,0.151738254877273,7.0,0.0,24.776745132357995,2.3457589149475098,0.0
YFLOW_MAIN_PORT,3,15,1.0,0.0,-0.03931188795252118,0.0,0.0,0.0,0.51259656508737,1.795004117571824,0.8503236526525478,0.023154277286583813,23.154277286583813,530.7199939474039,0.2638574703249099,1.2978768242005336,0.57015704899095,0.04650248109828681,0.47167520999209955,0.05259788304101676,3.0,0.0,4.580914251994363,1.296047329902649,0.0
GOAL_AWARE_FINAL_PROJECTION,3,15,1.0,0.0,-0.08339345789286999,0.0,0.0,0.0,0.346645054659871,1.1425559183814096,0.6438920578303111,0.0068989293036416655,6.8989293036416655,166.37638362517748,0.6438960531636735,2.001833232148512,0.17714538803556934,0.04470297403167933,0.09438127500470728,0.010645028029102832,1.0,0.0,3.294423644038472,3.294423818588257,0.0
PLAIN_FM,3,16,0.0,0.0,0.11883796038773767,0.0,0.1983326242446899,1.7368149757385254,0.9508287732575146,2.2791504214843457,0.8672684136998519,0.043407537894013304,43.4075378940133,10512.601713099066,0.07346486647959916,1.4622626597061625,0.07142250798642635,0.044682293897494674,0.0,0.0,0.0,0.0,0.0,0.0,0.0
POV_L05_ALWAYS,3,16,0.0,0.0,0.08758654805650382,0.0,0.0,0.0,0.6812411509758155,1.369863057369877,0.512248595616283,0.013394820741045699,13.394820741045699,2463.7291734276982,0.4478720920694641,1.75116642483813,1.352177800028585,0.04833506606519222,1.2213474281597883,0.13636206195224077,7.0,0.0,31.76318566257383,2.233487367630005,0.0
YFLOW_MAIN_PORT,3,16,1.0,0.0,-0.02434195870387787,0.0,0.0056190904617308135,0.0,0.5218901911047621,1.649836309675634,0.7779171147602348,0.01459144763814102,14.59144763814102,336.33976750255806,0.30414591425373394,1.2841015195300787,0.4655799579923041,0.045685699908062816,0.3688264330266975,0.0394137529656291,3.0,0.0,4.994107203280145,1.44216787815094,0.0
GOAL_AWARE_FINAL_PROJECTION,3,16,1.0,0.0,-0.08237206571154934,0.0,0.0,0.0,0.3924728840089972,1.1592950697672484,0.5752660535064744,0.006230368518064466,6.230368518064466,228.16313474613992,0.6351904142634685,1.881672071174135,0.1748436209745705,0.043944896082393825,0.0931589049869217,0.010575535998214036,1.0,0.0,3.2009485928264017,3.200948476791382,0.0
PLAIN_FM,3,17,0.0,0.0,0.09376863793523463,0.0,0.08770163516998286,0.7152986526489258,0.8907089311977537,2.3504183419609648,0.9044231730475888,0.03898940587398014,38.98940587398015,8917.486050353695,0.1133673173763563,1.4080497158942362,0.0703582109999843,0.04414349002763629,0.0,0.0,0.0,0.0,0.0,0.0,0.0
POV_L05_ALWAYS,3,17,0.0,0.0,0.08342315078586257,0.0,0.0,0.0,0.634437493585553,1.5099212280959444,0.6120134364499494,0.014509680888467713,14.509680888467713,2636.9746111959635,0.40933409150124744,1.755196604593247,1.4287810609675944,0.047922116005793214,1.2991420889738947,0.14426325995009392,7.0,0.0,26.14202861928247,2.177042245864868,0.0
YFLOW_MAIN_PORT,3,17,1.0,0.0,-0.02852257608126396,0.0,0.0,0.0,0.5285698599541458,1.7612324426175983,0.8129851360229545,0.01792130221414734,17.921302214147342,396.93990895903755,0.3021050691902504,1.2655143116293304,0.559979323996231,0.04567587998462841,0.46319149900227785,0.04967257101088762,3.0,0.0,4.253616965907688,1.3427791595458984,0.0
GOAL_AWARE_FINAL_PROJECTION,3,17,1.0,0.0,-0.08044467203820338,0.0,0.0,0.0,0.3541703963337711,1.276564351768545,0.6934417751129986,0.008697933555941617,8.697933555941617,221.0025858779829,0.5663411032277064,1.7903727930570326,0.17608278198167682,0.044385217188391834,0.09376664098817855,0.010624426999129355,1.0,0.0,2.972746476069099,2.9727466106414795,0.0
PLAIN_FM,3,18,0.0,0.0,0.11059615937426334,0.0,0.16378398399353022,0.6184172630310059,0.931305517224047,2.273095175249484,0.8681331662431666,0.051032695980132825,51.03269598013283,14144.425165856368,0.08516472909381893,1.4335769597140502,0.07134905597195029,0.04482865787576884,0.0,0.0,0.0,0.0,0.0,0.0,0.0
POV_L05_ALWAYS,3,18,0.0,0.0,0.08588567308669434,0.0,0.0,0.0,0.653154183646591,1.3682758692473325,0.5227460503839586,0.01203040447580328,12.03040447580328,2528.583087406755,0.4377275642196899,1.7264773003908225,1.2427144499961287,0.04825949395308271,1.1129749241517857,0.12443060200894251,7.0,0.0,26.220828195836845,2.2046101093292236,0.0
YFLOW_MAIN_PORT,3,18,1.0,0.0,-0.03212830246669127,0.0,0.0,0.0,0.5138736746476255,1.6515231989202155,0.7538871672640245,0.015143696719094102,15.143696719094102,343.2898221228165,0.30344590624507944,1.2266666536046664,0.6534988899948075,0.04566385905491188,0.5569577289861627,0.0622323781135492,3.0,0.0,5.125596843935569,1.4403644800186157,0.0
GOAL_AWARE_FINAL_PROJECTION,3,18,1.0,0.0,-0.027785856928522285,0.0,0.0,0.0,0.35623298219941474,1.0490884034247092,0.6635547864715525,0.004210012561671306,4.210012561671306,131.32362246572882,0.7247745168768459,2.0179077961432195,0.17486680200090632,0.04397273703943938,0.0933036080095917,0.010563934978563339,1.0,0.0,3.7110445986927387,3.7110445499420166,0.0
PLAIN_FM,3,19,0.0,0.0,0.09286393311005442,0.0,0.15216346244812007,0.73883056640625,0.8838358721850941,2.319786224231514,0.9243478755626304,0.0395353240580163,39.5353240580163,9360.827602241017,0.09292580760565589,1.3860371684482646,0.07008036499610171,0.04395706608192995,0.0,0.0,0.0,0.0,0.0,0.0,0.0
POV_L05_ALWAYS,3,19,0.0,0.0,0.08168681079477458,0.0,0.0,0.0,0.6379760990738212,1.4773348417548373,0.61552390273964,0.013757861383071557,13.757861383071557,2440.960896564537,0.4494454630819297,1.8161854773481814,1.3277946529560722,0.04883795999921858,1.1986641520052217,0.13544095895485952,7.0,0.0,27.935177355138016,2.320146322250366,0.0
YFLOW_MAIN_PORT,3,19,1.0,0.0,-0.02926266548322004,0.0,0.0,0.0,0.5328859381592097,1.7799998426925678,0.8017013194150403,0.018549563989114226,18.54956398911423,405.9831671356484,0.2787879752215947,1.2217194902847723,0.46388224797556177,0.04542412707814947,0.3683825730695389,0.04187505500158295,3.0,0.0,3.8919080686120253,1.2389028072357178,0.0
GOAL_AWARE_FINAL_PROJECTION,3,19,1.0,0.0,-0.07129187826620353,0.0,0.0,0.0,0.35720556487114047,1.2322996983933945,0.6763868437937022,0.007626783117418157,7.626783117418157,184.03554029609026,0.5697187477894448,1.851987607880562,0.175926749012433,0.0442581259412691,0.0937884509912692,0.01078742096433416,1.0,0.0,2.9537648116358475,2.9537649154663086,0.0
PLAIN_FM,3,20,0.0,0.0,0.11430032434381338,0.0,0.1834046409606933,1.222754716873169,0.9326423973329556,2.24179204623663,0.8638288509974569,0.03777499796453054,37.77499796453054,8624.968306587833,0.07735768065600035,1.4320902603452499,0.07006232300773263,0.043928225932177156,0.0,0.0,0.0,0.0,0.0,0.0,0.0
POV_L05_ALWAYS,3,20,0.0,0.0,0.0852307165718674,0.0,0.0,0.0,0.6656922099782032,1.4020463121286983,0.5321786744384555,0.012661356136759672,12.661356136759672,2005.1960359640293,0.4502968076986872,1.8214514929786303,1.1473144930205308,0.049229950993321836,1.0172702590934932,0.11432438914198428,7.0,0.0,25.480663337737376,2.2927286624908447,0.0
YFLOW_MAIN_PORT,3,20,1.0,0.0,-0.02831260667221501,0.0,0.0,0.0,0.5201440212784488,1.6686224038010464,0.8006615685390885,0.01579132352088397,15.79132352088397,360.8555465446805,0.2980427392789099,1.2534732073774533,0.3759853550000116,0.04623097297735512,0.27783622505376115,0.03223850199719891,3.0,0.0,4.072726462838185,1.360482096672058,0.0
GOAL_AWARE_FINAL_PROJECTION,3,20,1.0,0.0,-0.07592920931910682,0.0,0.0,0.0,0.3814854045330464,1.1119692825660261,0.5966051444175833,0.00641844172392414,6.41844172392414,185.86774787632265,0.6838584044595353,2.0245789328278767,0.1757832849980332,0.044120449922047555,0.09418578096665442,0.010792892018798739,1.0,0.0,3.4225576510970623,3.4225575923919678,0.0
PLAIN_FM,3,21,0.0,0.0,0.11485145816547263,0.0,0.10851319293975825,0.0,0.9364060141836514,2.2681856196899157,0.8513399246933362,0.035488056600455176,35.488056600455174,8488.899356437994,0.08163221965361053,1.4177025580805331,0.071091849997174,0.04471021401695907,0.0,0.0,0.0,0.0,0.0,0.0,0.0
POV_L05_ALWAYS,3,21,0.0,0.0,0.0778328569601294,0.0,0.0,0.0,0.6561125040414579,1.4070850125636785,0.5442655758168222,0.012285577477389786,12.285577477389786,2305.5479764278352,0.4527429313475947,1.7980897990738656,1.2315935660153627,0.05016025196528062,1.1010756599716842,0.12135667697293684,7.0,0.0,28.41944054363206,2.3242907524108887,0.0
YFLOW_MAIN_PORT,3,21,1.0,0.0,-0.03288939740357277,0.0,0.0063820299148558135,0.0,0.5204272228376603,1.8834247245555613,0.8333721154286311,0.02827234555004665,28.27234555004665,749.0369185399359,0.25099633423001183,1.2299013156613572,0.36360083398176357,0.045279009034857154,0.2696162189822644,0.030827586888335645,3.0,0.0,4.310040019880402,1.274040699005127,0.0
GOAL_AWARE_FINAL_PROJECTION,3,21,1.0,0.0,-0.04477830276157499,0.0,0.0,0.0,0.4122379157521398,1.4192504426587413,0.745312655970246,0.01570072312181825,15.70072312181825,355.3774548644028,0.5761248864331676,1.8735667004678345,0.16896584403002635,0.04304058104753494,0.08996879495680332,0.01035099005093798,1.0,0.0,3.123333156384088,3.123333215713501,0.0
PLAIN_FM,3,22,0.0,0.0,0.11874411437334567,0.0,0.10696645240783687,0.09581565856933594,0.9548949355137405,2.2918228715182805,0.8793279903735264,0.034796027811093255,34.79602781109326,7618.657400610607,0.07809299354781724,1.4553148921188324,0.06799261196283624,0.04273986699990928,0.0,0.0,0.0,0.0,0.0,0.0,0.0
POV_L05_ALWAYS,3,22,0.0,0.0,0.07299781285072782,0.0,0.0,0.0,0.6486353097780845,1.3704912965604643,0.5883599619733775,0.012229481143382515,12.229481143382515,2329.6115401194584,0.4624801261640551,1.8092906455450866,1.1998228969750926,0.04789391491794959,1.0737176439724863,0.12112084898399189,7.0,0.0,26.444372152368047,2.373204469680786,0.0
YFLOW_MAIN_PORT,3,22,1.0,0.0,-0.03288917045039433,0.0,0.0015629943847654815,0.0,0.5149661938691589,1.8175634513784258,0.8454349076267921,0.023973233782524694,23.973233782524698,562.0076302420783,0.2610581236706477,1.2491028107875364,0.45239176001632586,0.044808738050051033,0.35865897010080516,0.04090138094034046,3.0,0.0,4.664938374570854,1.3582566976547241,0.0
GOAL_AWARE_FINAL_PROJECTION,3,22,1.0,0.0,-0.031730735149299444,0.0,0.0,0.0,0.3911413368593643,1.3385962848314923,0.7536654584645184,0.012461575286545568,12.461575286545568,257.9065855568885,0.6300499676794018,1.9542359286188362,0.17152591899503022,0.0431062449933961,0.09192217403324321,0.010485663020517677,1.0,0.0,3.32511261958175,3.3251125812530518,0.0
PLAIN_FM,3,23,0.0,0.0,0.08754901591312897,0.0,0.13413722972869868,0.0,0.8809282544880098,2.316490182783231,0.8835153046807538,0.03735455714763192,37.35455714763192,8950.653623785285,0.07737560080869986,1.3949162998779254,0.06972548499470577,0.04371582996100187,0.0,0.0,0.0,0.0,0.0,0.0,0.0
POV_L05_ALWAYS,3,23,0.0,0.0,0.07270092608111259,0.0,0.0,0.0,0.617217037494053,1.5635326589151708,0.622355907998713,0.015479409275837241,15.479409275837241,2471.8227774456204,0.43656105704678394,1.8885977967282561,1.3775431139511056,0.047443384071812034,1.2516883850330487,0.1399344109231606,7.0,0.0,30.065822141634673,2.362823009490967,0.0
YFLOW_MAIN_PORT,3,23,1.0,0.0,-0.02980538803214347,0.0,0.0,0.0,0.5223591471718741,1.8092339443280212,0.8176726452680715,0.022809393207694484,22.809393207694484,545.2486148559643,0.2604116926933936,1.249012291421349,0.4509766249684617,0.04435434704646468,0.35776618804084137,0.040466848004143685,3.0,0.0,5.301024980604599,1.2573546171188354,0.0
GOAL_AWARE_FINAL_PROJECTION,3,23,1.0,0.0,-0.07215051052839394,0.0,0.0,0.0,0.3597913761488484,1.3431687551116567,0.7858087191691484,0.012573553344762622,12.573553344762622,286.34129644355966,0.5412393128030586,1.8321576393775487,0.16830692801158875,0.042596771963872015,0.08951801399234682,0.01034012105083093,1.0,0.0,2.889728246899669,2.889728307723999,0.0
PLAIN_FM,3,24,0.0,0.0,0.11706977646990521,0.0,0.09616132240295405,0.7311415672302246,0.9122129885190735,2.2571646037466864,0.8531788927732653,0.039748164705388556,39.748164705388554,9545.500707521758,0.08212815942849334,1.4074096597049972,0.06777768599567935,0.04251835000468418,0.0,0.0,0.0,0.0,0.0,0.0,0.0
POV_L05_ALWAYS,3,24,0.0,0.0,0.06253391573281133,0.0,0.0,0.0,0.6433977760329636,1.3425949498727052,0.5587639088437542,0.011197762450400717,11.197762450400717,1924.935760862212,0.4912318183359474,1.8844010693146096,1.11059967498295,0.04681955906562507,0.9853698301012628,0.10844072193140164,7.0,0.0,30.459009005708644,2.424321413040161,0.0
YFLOW_MAIN_PORT,3,24,1.0,0.0,-0.025290426006898903,0.0,0.0057841953277586455,0.0,0.5295384653299516,1.836493520221584,0.813231163617413,0.02720219513481492,27.202195134814918,683.0366252263076,0.2502688959943078,1.2708849902327037,0.5581205040216446,0.04728062200592831,0.46035631105769426,0.05092550202971324,3.0,0.0,3.8346988406150926,1.2042113542556763,0.0
GOAL_AWARE_FINAL_PROJECTION,3,24,1.0,0.0,-0.045710602562501035,0.0,0.0,0.0,0.36458675291950793,1.3995653340257044,0.7605557701329673,0.01601806978049769,16.01806978049769,358.2367584454182,0.6933049652510621,2.26010743928647,0.17364625202026218,0.04413509101141244,0.09264857298694551,0.01072933099931106,1.0,0.0,3.6344511765674645,3.634451150894165,0.0
PLAIN_FM,3,25,0.0,0.0,0.12023189719636501,0.0,0.12073631744384761,0.5369138717651367,0.9581014750374627,2.3026090358947178,0.8835442722853541,0.041769187935619234,41.769187935619236,10541.68158415678,0.08932326264056081,1.452452234888461,0.0702458189916797,0.04433007707120851,0.0,0.0,0.0,0.0,0.0,0.0,0.0
POV_L05_ALWAYS,3,25,0.0,0.0,0.09058337286564917,0.0,0.0,0.0,0.6783365245731398,1.320063088273015,0.5357911792016803,0.011284441717727134,11.284441717727134,2781.323857178464,0.41728643145631544,1.5376294988380157,1.0477702139760368,0.0501952349441126,0.9177534800255671,0.10137510392814875,7.0,0.0,22.932950928521617,2.0762393474578857,0.0
YFLOW_MAIN_PORT,3,25,1.0,0.0,-0.03514045152549493,0.0,0.004329841995239114,0.0,0.5120372193217119,1.879730322078517,0.852959262351763,0.028032724255360186,28.03272425536019,708.4957099996459,0.2585617132836483,1.2345995434429098,0.46390915202209726,0.046565590950194746,0.3671616949723102,0.0405037299497053,3.0,0.0,4.292571992932095,1.3505815267562866,0.0
GOAL_AWARE_FINAL_PROJECTION,3,25,1.0,0.0,-0.07273413757485328,0.0,0.0,0.0,0.4017500575506203,1.2026457879973598,0.5954427058344791,0.006827999781867433,6.827999781867433,188.28150036505065,0.6265078264074152,1.7795071195562122,0.17557629197835922,0.0445640740217641,0.09354009502567351,0.010800201969686896,1.0,0.0,3.1752026133016646,3.1752026081085205,0.0
PLAIN_FM,3,26,0.0,0.0,0.10372934811748535,0.0,0.18978829841613765,1.316131353378296,0.9008944259456733,2.297940483474094,0.8882025136705322,0.039969510771066474,39.969510771066474,9308.076628811168,0.07484342165119315,1.415932915336743,0.07040978298755363,0.04435150604695082,0.0,0.0,0.0,0.0,0.0,0.0,0.0
POV_L05_ALWAYS,3,26,0.0,0.0,0.06534470261431041,0.0,0.0,0.0,0.6303913007610387,1.4224887155836725,0.5861618134307188,0.013637275243029379,13.637275243029379,2526.2097542694482,0.47212919118945,1.8367345086621019,1.3223838720005006,0.049571226991247386,1.1928229390177876,0.13382337999064475,7.0,0.0,25.51951033471828,2.391963005065918,0.0
YFLOW_MAIN_PORT,3,26,1.0,0.0,-0.01695292020998032,0.0,0.0,0.0,0.5415162825082825,1.6437524914295831,0.7270507914920478,0.013628083496439736,13.628083496439736,304.72108631443007,0.3205102907813375,1.2995863599955193,0.46472695301054046,0.046047180017922074,0.36849668103968725,0.04150662408210337,3.0,0.0,4.3343622832211395,1.4171301126480103,0.0
GOAL_AWARE_FINAL_PROJECTION,3,26,1.0,0.0,-0.048532915775263,0.0,0.0,0.0,0.3897162917651898,1.2202699103690609,0.6915390848389937,0.008578662874549892,8.578662874549892,205.91420855486933,0.6641078103240871,1.9937257031124396,0.17459675698773935,0.043606339022517204,0.0937876520329155,0.011807997012510896,1.0,0.0,3.3270148171559106,3.327014923095703,0.0
PLAIN_FM,3,27,0.0,0.0,0.10478172361571561,0.0,0.12384827594757075,1.0880064964294434,0.9011231582539747,2.27650834407282,0.8796007427127059,0.03870462334092828,38.70462334092828,9152.079419979398,0.08217548238157357,1.3975215947394082,0.0700887159910053,0.04416315210983157,0.0,0.0,0.0,0.0,0.0,0.0,0.0
POV_L05_ALWAYS,3,27,0.0,0.0,0.06671476725946898,0.0,0.0,0.0,0.6328878454755122,1.333917857785228,0.5647043510909244,0.012130833567173482,12.130833567173482,2383.6839481525376,0.47566505465583936,1.8325427237973957,1.1465911859995686,0.04991079604951665,1.0157591419410892,0.11390431690961123,7.0,0.0,28.77511578216327,2.4503986835479736,0.0
YFLOW_MAIN_PORT,3,27,1.0,0.0,-0.024789007845395963,0.0,0.0,0.0,0.5289169100897284,1.784571053038975,0.805045713519746,0.021909706236614923,21.909706236614927,502.54746469518,0.2671231101100197,1.238188661561011,0.37661409500287846,0.04649406095268205,0.2792079320643097,0.03197342500789091,3.0,0.0,3.8730281311239785,1.2573491334915161,0.0
GOAL_AWARE_FINAL_PROJECTION,3,27,1.0,0.0,-0.02504093939653526,0.0,0.0,0.0,0.38177578562774744,1.3907538029518667,0.7707724515602723,0.015796337184914577,15.796337184914577,346.8875433827456,0.6283553594651364,2.057923055432192,0.1735603010165505,0.04410455102333799,0.0924910000176169,0.010621118010021746,1.0,0.0,3.4160576795735107,3.416057586669922,0.0
PLAIN_FM,3,28,0.0,0.0,0.11561523592016693,0.0,0.17140026550292964,0.40187954902648926,0.9133382257322549,2.2186508572865122,0.8516420020080709,0.04154952693388836,41.54952693388836,10704.854721647194,0.10024609777110777,1.3830327349786142,0.06982137798331678,0.04399138689041138,0.0,0.0,0.0,0.0,0.0,0.0,0.0
POV_L05_ALWAYS,3,28,0.0,0.0,0.07503309026277993,0.0,0.0,0.0,0.6615474422731326,1.3738458214842282,0.5536965333657274,0.013571187603555579,13.57118760355558,2769.360100818563,0.4831011475621736,1.8778217094889416,1.325579355994705,0.048867690027691424,1.1964044620399363,0.13407852611271665,7.0,0.0,27.026806939441116,2.3483636379241943,0.0
YFLOW_MAIN_PORT,3,28,1.0,0.0,-0.0022373921680996847,0.0,0.0,0.0,0.531687040295018,1.7372008039559905,0.8101018484762238,0.027139758576374184,27.139758576374188,743.1285195509396,0.2671618666921692,1.3137283942246067,0.6457389240385965,0.045557096076663584,0.5498316189623438,0.059584929957054555,3.0,0.0,4.211436909035448,1.2879704236984253,0.0
GOAL_AWARE_FINAL_PROJECTION,3,28,1.0,0.0,-0.07617308437611539,0.0,0.0,0.0,0.38576597427896,1.2215092938343841,0.6674583974049717,0.009171163017745343,9.171163017745343,205.74270281086274,0.6370411250355132,1.9750530961943593,0.1728845339966938,0.04373568098526448,0.09195595601340756,0.010549856000579894,1.0,0.0,3.155778840812083,3.155778646469116,0.0
PLAIN_FM,3,29,0.0,0.0,0.10535271244347075,0.0,0.13962979774475093,0.9386134147644043,0.8911663251548215,2.301073321352543,0.9084836482507911,0.04585958702409676,45.859587024096754,11059.255157733118,0.08541285287654646,1.4067948082485617,0.06962361303158104,0.043673840060364455,0.0,0.0,0.0,0.0,0.0,0.0,0.0
POV_L05_ALWAYS,3,29,0.0,0.0,0.06548639357654079,0.0,0.0,0.0,0.6641487478420168,1.412478334061415,0.5730100229460777,0.019617976357793943,19.617976357793943,4435.946493412323,0.4478498337089505,1.8144534409874644,1.4278359540039673,0.05141983705107123,1.2948568939464167,0.14564035716466606,7.0,0.0,29.375441609513317,2.275806188583374,0.0
YFLOW_MAIN_PORT,3,29,1.0,0.0,-0.017156108261625162,0.0,0.0,0.0,0.5483489110211921,1.6678488016199073,0.7300222653914176,0.014746376788814075,14.746376788814075,351.24468092577746,0.3043061843905646,1.3130294863859413,0.6511259719845839,0.045964059070684016,0.5549972500302829,0.06188985699554905,3.0,0.0,5.380784863157063,1.3247870206832886,0.0
GOAL_AWARE_FINAL_PROJECTION,3,29,1.0,0.0,-0.05740350841142728,0.0,0.0,0.0,0.3777360263016224,1.206743598982501,0.6711298293510247,0.007402287800569951,7.402287800569951,178.14958192836627,0.6352171962984385,2.0196191150404177,0.17289366497425362,0.04351793811656535,0.09236689598765224,0.010625427996274084,1.0,0.0,3.2311421961884843,3.231142282485962,0.0
PLAIN_FM,3,30,0.0,0.0,0.10100871036590886,0.0,0.2241676614761352,0.0,0.9007621000340574,2.266487085278264,0.8686925464577582,0.03201015832909393,32.01015832909393,7245.598069926527,0.07127931362913129,1.4167100338797485,0.06977034703595564,0.04377864400157705,0.0,0.0,0.0,0.0,0.0,0.0,0.0
POV_L05_ALWAYS,3,30,0.0,0.0,0.0645474960282211,0.0,0.0,0.0,0.6343348751727292,1.4008471192915433,0.5757089473934925,0.012827737747766577,12.827737747766577,2285.6444810667394,0.4490929713749644,1.8480889515853283,1.3302560989977792,0.04953783599194139,1.200008257990703,0.1334861651994288,7.0,0.0,26.17320734173272,2.362597703933716,0.0
YFLOW_MAIN_PORT,3,30,1.0,0.0,-0.024986050554746828,0.0,0.0013513978958128448,0.0,0.5303861799145166,1.873811804016719,0.8445480070586648,0.026772127254552913,26.772127254552913,659.0814637625897,0.25582000652328923,1.250935031288426,0.46846866101259366,0.04665239597670734,0.3711468090186827,0.042237173998728395,3.0,0.0,3.82853632275776,1.2101858854293823,0.0
GOAL_AWARE_FINAL_PROJECTION,3,30,1.0,0.0,-0.05195935806074567,0.0,0.0,0.0,0.35123207780361854,1.3828784601040824,0.8093151303230679,0.015064053513587972,15.064053513587972,345.6083565503754,0.6119731348748334,2.066109353786725,0.17408738494850695,0.044227611972019076,0.09266551403561607,0.01061831699917093,1.0,0.0,3.261195224365768,3.261195182800293,0.0
PLAIN_FM,3,31,0.0,0.0,0.10046099962223642,0.0,0.14627094726562495,1.1811208724975586,0.9264428189810407,2.3373369130622166,0.9220072465888741,0.041870357100546096,41.8703571005461,9579.916663900123,0.09378858848186533,1.4228447732016714,0.07062986900564283,0.0444095999118872,0.0,0.0,0.0,0.0,0.0,0.0,0.0
POV_L05_ALWAYS,3,31,0.0,0.0,0.07179905179437626,0.0,0.0,0.0,0.6391145982237352,1.4508393579611856,0.6445495712107927,0.013998305419651302,13.998305419651302,2422.7997106482485,0.42147007935248987,1.7731028282797567,1.2435381460236385,0.050337897904682904,1.1122511699213646,0.12419871002202854,7.0,0.0,28.704564752713363,2.306217908859253,0.0
YFLOW_MAIN_PORT,3,31,1.0,0.0,-0.028746234605084228,0.0,0.0030942377090452666,0.0,0.5329558350188236,1.9261716153654551,0.855321087651798,0.028799076816207192,28.79907681620719,750.8198710908908,0.25205125656502847,1.2219777523053081,0.5581281510530971,0.04646812996361405,0.4602329140761867,0.04890418302966282,3.0,0.0,4.631166545727982,1.2768020629882812,0.0
GOAL_AWARE_FINAL_PROJECTION,3,31,1.0,0.0,-0.043298324221846346,0.0,0.0,0.0,0.412450504853475,1.49184730788538,0.773276669531424,0.016191831337009077,16.191831337009077,344.46284119153955,0.5246411226865397,1.7055601881210847,0.17418227798771113,0.04452275001676753,0.09251193096861243,0.010705608990974724,1.0,0.0,2.919165966608947,2.919166088104248,0.0
PLAIN_FM,4,0,1.0,0.0,-0.005844888557082026,0.0,0.23970172967910752,0.0,0.24972484841178322,3.4457609961769826,1.6377409784793,0.02853179191625839,28.531791916258392,4916.5879851465215,0.0894916101308036,0.48674407393253377,0.07032004202483222,0.044436961063183844,0.0,0.0,0.0,0.0,0.0,0.0,0.0
POV_L05_ALWAYS,4,0,0.0,0.0,0.013959435595079894,0.0,0.0712670501708983,0.0,0.155780652272877,2.9448510762847606,1.6341311683623776,0.028025300335794437,28.025300335794437,1651.7390512108182,0.3883475376930535,1.1006058644615904,1.1455027289921418,0.050213265931233764,1.0135794859961607,0.10990742110880092,7.0,0.0,24.439864372318098,1.9455052614212036,0.0
YFLOW_MAIN_PORT,4,0,0.0,0.0,0.044731363143366926,0.0,0.0,0.0,0.20240721153197674,2.899865987099724,1.5891584161049828,0.0334566318255384,33.4566318255384,598.5140840054082,0.3777289194783934,1.0810941355073527,0.3749467460438609,0.04618016298627481,0.2783149110036902,0.03154358494793996,3.0,0.0,5.1532667735996736,1.8428876399993896,0.0
GOAL_AWARE_FINAL_PROJECTION,4,0,0.0,0.0,0.018724798790303476,0.0,0.0038327392578123565,0.0,0.22484978785150242,2.855060764100272,1.6953711357925862,0.04411682470287513,44.116824702875135,748.7979794891148,0.593439272379554,1.5653763554584628,0.17384731001220644,0.04391987499548122,0.09280564798973501,0.010607446951325983,1.0,0.0,2.996762055399082,2.9967620372772217,0.0
PLAIN_FM,4,1,1.0,0.0,-0.018424877420045213,0.0,0.21849260892868028,1.074535846710205,0.2787190937092429,3.4424825932277936,1.6197147154154938,0.03939154114677798,39.39154114677798,8629.80761697012,0.09388675550325468,0.533956463720449,0.06982482905732468,0.0439400770701468,0.0,0.0,0.0,0.0,0.0,0.0,0.0
POV_L05_ALWAYS,4,1,0.0,0.0,0.01748928417344099,0.0,0.06575302448272691,0.0,0.25194302834919735,2.4211240325635828,1.493706348342732,0.022226990088963783,22.226990088963785,4353.761500319053,0.6364128465587353,1.5562686984040734,1.7881690420326777,0.04842137894593179,1.6592959049739875,0.18496507982490584,7.0,0.0,31.889721558260465,3.0268218517303467,0.0
YFLOW_MAIN_PORT,4,1,0.0,0.0,0.04110984662206496,0.0,0.0,0.0,0.18780505681180934,2.8830274493447625,1.6156326600696946,0.035848926446083354,35.848926446083354,604.5353747470866,0.38732265540351474,1.1295443475175186,0.4638060659635812,0.04533218196593225,0.3683744709705934,0.04036305606132373,3.0,0.0,5.104616556474432,1.7732278108596802,0.0
GOAL_AWARE_FINAL_PROJECTION,4,1,0.0,0.0,0.027856698829996362,0.0,0.0,0.0,0.20973083602910836,2.709226469165799,1.6586878173943944,0.03613028277229455,36.13028277229455,608.1895892139997,0.6771816849879491,1.7432398227765429,0.17336772696580738,0.04346737306332216,0.09294456196948886,0.010706909990403801,1.0,0.0,3.2591583962464132,3.2591583728790283,0.0
PLAIN_FM,4,2,1.0,0.0,-0.0052603122103150185,0.0,0.15950829949378953,0.3120732307434082,0.2228166864862344,3.4569295577883743,1.6167055093867881,0.029769529173934717,29.769529173934718,3656.3022060597013,0.09099553978871347,0.4491363701424563,0.06954634201247245,0.043643469049129635,0.0,0.0,0.0,0.0,0.0,0.0,0.0
POV_L05_ALWAYS,4,2,0.0,0.0,0.005977885086517032,0.0,0.03540412750244126,0.11702299118041992,0.15638204084033905,2.948384618108323,1.6332950544865361,0.030260275207494775,30.26027520749477,1727.7563038447945,0.3862470122422158,1.100434983854848,1.228033281979151,0.047757702996023,1.100393374916166,0.11873430397827178,7.0,0.0,25.569965977265294,1.9509117603302002,0.0
YFLOW_MAIN_PORT,4,2,0.0,0.0,0.03621301415582448,0.0,0.0,0.0,0.18894018112399838,2.924104389335035,1.6145740607147647,0.037226846469128966,37.22684646912897,670.3728380073258,0.3765344404709382,1.0764735145036957,0.37265730899525806,0.04506523296004161,0.277573533996474,0.031801650940906256,3.0,0.0,5.2603702966166725,1.8856006860733032,0.0
GOAL_AWARE_FINAL_PROJECTION,4,2,0.0,0.0,0.006839555468594841,0.0,0.001597267055511331,0.0,0.21689962998702234,2.8922194355388813,1.7269713287548527,0.0467322765164825,46.7322765164825,792.2730985650178,0.5849391753334041,1.5431430965810329,0.173198873992078,0.04339861299376935,0.09262511297129095,0.010650649026501924,1.0,0.0,2.9589234946326557,2.958923578262329,0.0
PLAIN_FM,4,3,1.0,0.0,-0.0028637871023844824,0.0,0.1975323375701903,0.5185914039611816,0.24739857238283544,3.496557900060944,1.607074175484205,0.0343680638713004,34.36806387130039,6936.664238854556,0.07287046922975032,0.509936273497224,0.06939606898231432,0.043449204065836966,0.0,0.0,0.0,0.0,0.0,0.0,0.0
POV_L05_ALWAYS,4,3,0.0,0.0,0.008895704949592409,0.0,0.0005181249618528838,0.0,0.1779040060718457,2.88010549932732,1.5931936417136643,0.024863416685411366,24.863416685411366,1890.2878466015904,0.44923777531716635,1.1893811136443992,1.3197931359754875,0.047633018984925,1.1919258329435252,0.12906735198339447,7.0,0.0,27.149510126761044,2.2045130729675293,0.0
YFLOW_MAIN_PORT,4,3,0.0,0.0,0.03446156650448662,0.0,0.0,0.0,0.1844971628226642,2.9510256091596587,1.6574650801991844,0.039501151170019275,39.501151170019284,697.8814354581823,0.3661965811641149,1.0777864306644749,0.4627268899930641,0.04521476005902514,0.3671952319564298,0.039347791054751724,3.0,0.0,4.974188263750392,1.8004162311553955,0.0
GOAL_AWARE_FINAL_PROJECTION,4,3,0.0,0.0,0.02595103943555943,0.0,0.0,0.0,0.2123629194234901,2.6743494489363306,1.6567996843630093,0.034393219101014186,34.39321910101418,568.7746978499566,0.6688516976491521,1.7148436012374002,0.17306575103430077,0.0434482850250788,0.09261440398404375,0.010533855005633086,1.0,0.0,3.311163534269779,3.3111636638641357,0.0
PLAIN_FM,4,4,1.0,0.0,-0.02050593685982132,0.0,0.14109895792007432,0.6216716766357422,0.2713204905122053,3.4120036525414212,1.6148177801150436,0.03620950757918269,36.209507579182684,6175.889299285321,0.09639480542633222,0.505238761178439,0.06935544800944626,0.043453957012388855,0.0,0.0,0.0,0.0,0.0,0.0,0.0
POV_L05_ALWAYS,4,4,0.0,0.0,0.00885068561983142,0.0,0.025577705764770364,0.0,0.18855235154028013,2.786471797233889,1.5802168309286222,0.02694309473030839,26.943094730308395,2121.4568648659356,0.48464663775426436,1.2783678609505011,1.230643771996256,0.04754380794474855,1.103130257979501,0.12120761611731723,7.0,0.0,27.814699063383053,2.2147974967956543,0.0
YFLOW_MAIN_PORT,4,4,0.0,0.0,0.048911225468721925,0.0,0.0,0.0,0.2466746869331911,2.744508407875454,1.4890543136313386,0.025931338119612155,25.931338119612157,463.6015395450237,0.44648200403107097,1.2008354795367215,0.4665190560044721,0.045673631015233696,0.37013072799891233,0.04084664792753756,3.0,0.0,5.234652056231681,1.970523715019226,0.0
GOAL_AWARE_FINAL_PROJECTION,4,4,0.0,0.0,0.02209189815346578,0.0,0.0,0.0,0.20246118123438234,2.679537354351488,1.6539520407771569,0.03771077262947303,37.710772629473034,665.3712678786061,0.69292485776757,1.8034036103122735,0.17554858402581885,0.04380949604092166,0.09404892002930865,0.010669128969311714,1.0,0.0,3.331314522272684,3.3313145637512207,0.0
PLAIN_FM,4,5,1.0,0.0,-0.006958070097130051,0.0,0.20631836023330674,0.20595908164978027,0.2329517085289863,3.509277021784588,1.6023004641666192,0.04265026997109783,42.65026997109783,8828.829801676777,0.09355103541403899,0.49784540008673256,0.07032341201556846,0.04397768806666136,0.0,0.0,0.0,0.0,0.0,0.0,0.0
POV_L05_ALWAYS,4,5,0.0,0.0,0.008055607730040992,0.0,0.04024998512268052,0.0,0.1727973564260866,2.892120889074558,1.585338359444024,0.027718034655526635,27.718034655526637,2352.5710902750793,0.42853587729266174,1.1699746514336888,1.502306029025931,0.04758992895949632,1.3741650579031557,0.14798376098042354,7.0,0.0,24.455495519019955,2.21317720413208,0.0
YFLOW_MAIN_PORT,4,5,0.0,0.0,0.047174155617645624,0.0,0.0,0.0,0.22323110660291198,2.878352342069607,1.533461023826022,0.029629487702070013,29.62948770207001,545.0295319459877,0.3876374913681786,1.0861410863106649,0.554845412960276,0.045470125100109726,0.45884232386015356,0.04690514103276655,3.0,0.0,5.30713036313447,1.986077904701233,0.0
GOAL_AWARE_FINAL_PROJECTION,4,5,0.0,0.0,0.03323089572116697,0.0,0.0,0.0,0.20255340713968045,2.6606528125819926,1.6457962265758783,0.033690258817255944,33.690258817255945,596.7473518270872,0.6723401202906509,1.7177580821992862,0.17379481997340918,0.04351395700359717,0.09294525196310133,0.01054779498372227,1.0,0.0,3.442962389631602,3.442962408065796,0.0
PLAIN_FM,4,6,1.0,0.0,-0.0012662675417094843,0.0,0.16229407157897935,2.290470600128174,0.21711988102292024,3.5033985456359376,1.6434782903575036,0.0362070517719278,36.2070517719278,7286.543891116176,0.08044570865358583,0.4744546672852493,0.06974055798491463,0.04371419007657096,0.0,0.0,0.0,0.0,0.0,0.0,0.0
POV_L05_ALWAYS,4,6,0.0,0.0,0.014460663409388064,0.0,0.03195242252349839,0.7203054428100586,0.155309796631413,2.9802956477390428,1.6351159622620728,0.03306670171942484,33.06670171942484,2982.6417040650067,0.40345258119643607,1.0922524467756993,1.5027063220040873,0.04780462302733213,1.3747769379988313,0.14755150594282895,7.0,0.0,25.02535282043316,1.9671261310577393,0.0
YFLOW_MAIN_PORT,4,6,0.0,0.0,0.040368821143133254,0.0,0.00022159185409531545,0.0,0.18512312710503603,2.9207948744668655,1.6218101132881662,0.036749681327897535,36.74968132789754,625.1036740202665,0.3778589830841222,1.0886238932546421,0.4617824489832856,0.04519744898425415,0.366331752971746,0.03897605190286413,3.0,0.0,5.039222136629061,1.8612322807312012,0.0
GOAL_AWARE_FINAL_PROJECTION,4,6,0.0,0.0,0.03264019743939971,0.0,0.0002993759155272002,0.0,0.046994325957542625,2.8533416803559355,1.7182966269406115,0.04977958705725935,49.779587057259356,875.9073108634828,0.5720781051838442,1.4903369411014655,0.26229921099729836,0.043481884989887476,0.1816167069482617,0.01814949797699228,1.0,0.0,2.87852925691071,2.8785293102264404,0.0
PLAIN_FM,4,7,1.0,0.0,-0.013359383723830956,0.0,0.1756536331415175,0.5966496467590332,0.2536525358919743,3.5127044904321023,1.6029505468902652,0.035902318009454384,35.90231800945438,6418.824896274075,0.07288603945834396,0.4827561552140545,0.06951749202562496,0.04348393686814234,0.0,0.0,0.0,0.0,0.0,0.0,0.0
POV_L05_ALWAYS,4,7,1.0,0.0,-2.559640445731759e-05,0.0,0.0,0.0,0.18879474574704783,2.9199532806573605,1.6082475831746226,0.031547170138214634,31.547170138214632,2679.8813529783,0.42116306321584196,1.1382102732914494,1.6013403700198978,0.04763921204721555,1.473043326928746,0.15740473894402385,7.0,0.0,27.126285302587085,2.063469171524048,0.0
YFLOW_MAIN_PORT,4,7,0.0,0.0,0.044264444523596874,0.0,0.0,0.0,0.20228911452083936,2.8977301177943464,1.5938050549233256,0.03434626162163831,34.34626162163831,610.9926169019994,0.38379987757008327,1.0973293294278594,0.4649155480437912,0.04559494007844478,0.36909577302867547,0.041273409966379404,3.0,0.0,5.30822114407971,1.8547353744506836,0.0
GOAL_AWARE_FINAL_PROJECTION,4,7,1.0,0.0,-0.01069792578205736,0.0,0.0038848933219908233,0.0,0.2126358762395847,2.9130419697080447,1.7570831925890722,0.04897891242674275,48.97891242674275,854.2093795212176,0.584900743488304,1.5706824872706353,0.17304252198664472,0.04343388200504705,0.09248111100168899,0.010492934030480683,1.0,0.0,2.940471684290851,2.940471649169922,0.0
PLAIN_FM,4,8,1.0,0.0,-0.01977000371346542,0.0,0.18201575841903672,0.7207465171813965,0.22479977693170117,3.5533133105436923,1.670879079572982,0.0390319700378613,39.0319700378613,7586.8748075207395,0.15210035222265905,0.4083809684674512,0.06969757698243484,0.04365722107468173,0.0,0.0,0.0,0.0,0.0,0.0,0.0
POV_L05_ALWAYS,4,8,0.0,0.0,0.012505690769388372,0.0,0.03149257268905625,0.0,0.16397473567968252,2.9074388048689266,1.6112105041818416,0.028560970335227087,28.560970335227086,2291.1938900449018,0.4247386756752798,1.1556088365402244,1.4130471370299347,0.047445225063711405,1.285352039092686,0.13968973100418225,7.0,0.0,29.91235932982013,2.3669519424438477,0.0
YFLOW_MAIN_PORT,4,8,0.0,0.0,0.044781231578192,0.0,0.0,0.0,0.21104613098890176,2.9283750310622056,1.5932872638376168,0.0345771915684366,34.5771915684366,597.513871731331,0.37964387142415884,1.0481810907072011,0.46321359602734447,0.04495566204423085,0.36826587293762714,0.04131810297258198,3.0,0.0,5.580623337726755,2.143740653991699,0.0
GOAL_AWARE_FINAL_PROJECTION,4,8,0.0,0.0,0.04367389912250437,0.0,0.0,0.0,0.221870496069303,2.7172238543969405,1.6549912250127068,0.03278894297968622,32.78894297968622,563.2834839022966,0.6033238563584458,1.5620715228830842,0.17334828001912683,0.043492696015164256,0.0928613810101524,0.010596367006655782,1.0,0.0,3.2818636169875197,3.2818636894226074,0.0
PLAIN_FM,4,9,0.0,0.0,0.011978233675302444,0.0,0.1776295271158217,0.14985918998718262,0.19049627058993823,3.5567153758534653,1.6199362086160325,0.028181763094097048,28.18176309409705,3859.0828974189217,0.12553459829816685,0.42056415757113064,0.0696388459764421,0.04369905102066696,0.0,0.0,0.0,0.0,0.0,0.0,0.0
POV_L05_ALWAYS,4,9,0.0,0.0,0.027761006501666297,0.0,0.04178599681854234,0.0,0.13636594589663323,2.974754408940041,1.5968969150617949,0.027205042799602425,27.205042799602428,1075.6223688064267,0.3886749104166432,1.0627288801122976,1.3244738560169935,0.04756241792347282,1.1964885899797082,0.13176429201848805,7.0,0.0,24.748063241323887,2.062882661819458,0.0
YFLOW_MAIN_PORT,4,9,0.0,0.0,0.034622924503318525,0.0,0.004107516670226907,0.0,0.22904239597263018,2.935937591948158,1.5244042745505195,0.031247268293324876,31.24726829332488,547.069281249047,0.39341449392477834,1.0427348457978833,0.3724264180054888,0.04507691599428654,0.2769955630064942,0.03129210899351165,3.0,0.0,5.6418031953738845,2.1036605834960938,0.0
GOAL_AWARE_FINAL_PROJECTION,4,9,0.0,0.0,0.03289388069357718,0.0,0.003200035953521585,0.0,0.22339921908853236,2.8923228397621843,1.6902201224438418,0.04461700044792086,44.61700044792086,740.5207317153148,0.5620800099607622,1.4799846591535133,0.17278185597388074,0.04342212504707277,0.09239802899537608,0.010492814995814115,1.0,0.0,2.9674673210183835,2.9674673080444336,0.0
PLAIN_FM,4,10,1.0,0.0,-0.0007048311141902158,0.0,0.16871736612319932,1.67649507522583,0.20886485401913424,3.540582306571953,1.631516928548048,0.02982996555273254,29.829965552732542,4228.140639621164,0.12226419361553452,0.48896273939253143,0.06976616801694036,0.043582539015915245,0.0,0.0,0.0,0.0,0.0,0.0,0.0
POV_L05_ALWAYS,4,10,0.0,0.0,0.02123162079074553,0.0,0.029494923019409036,0.0,0.1500665251668008,2.9356058063831973,1.6138411048799262,0.027748165114767215,27.748165114767218,1868.2333209043097,0.3983413039763698,1.1334811120283048,1.1420834109885618,0.047654472989961505,1.013643943995703,0.1107782821636647,7.0,0.0,28.255061440766042,2.1915578842163086,0.0
YFLOW_MAIN_PORT,4,10,0.0,0.0,0.04528983304134594,0.0,0.0,0.0,0.19039816017832825,2.9317226725364356,1.6271114989095243,0.037082182927877905,37.0821829278779,623.1220279764416,0.3771857168646346,1.0907139210904935,0.37342662300216034,0.04505219490965828,0.27804826002102345,0.03141965199029073,3.0,0.0,6.086958348934205,2.057765245437622,0.0
GOAL_AWARE_FINAL_PROJECTION,4,10,0.0,0.0,0.033393985429115036,0.0,0.004496138954162454,0.0,0.21291986828019932,2.916002452504471,1.7077610296620482,0.04676574033263853,46.76574033263853,769.9723560043507,0.5652453779039213,1.503500414345354,0.17270115402061492,0.043447105097584426,0.09227900602854788,0.010482255020178854,1.0,0.0,3.0039018754039635,3.003901958465576,0.0
PLAIN_FM,4,11,1.0,0.0,-0.008502405898571805,0.0,0.2853648480415343,0.0,0.21488124665418784,3.487864136245995,1.6324932555318126,0.036372121093139476,36.37212109313948,7956.715440154766,0.09990920187725814,0.5111815729049254,0.06982105999486521,0.04377955407835543,0.0,0.0,0.0,0.0,0.0,0.0,0.0
POV_L05_ALWAYS,4,11,0.0,0.0,0.01380589424936561,0.0,0.1043875631332396,0.0,0.16618420284950328,2.878239057359052,1.5994087522619063,0.029956963989387186,29.956963989387187,2896.3475699037954,0.4300557828769286,1.1952699545086152,1.2356369210174307,0.047836505982559174,1.1065318560576998,0.12393022398464382,7.0,0.0,27.77929794848307,2.1423187255859375,0.0
YFLOW_MAIN_PORT,4,11,0.0,0.0,0.03103612891308318,0.0,0.0,0.0,0.20707268942907076,2.8973038920803647,1.5837985771722722,0.033700270273525776,33.700270273525774,587.7357295543146,0.38878983611165957,1.0942155871781736,0.46242691797669977,0.04531553207198158,0.3666012429748662,0.03950088599231094,3.0,0.0,5.20222130107311,1.9363107681274414,0.0
GOAL_AWARE_FINAL_PROJECTION,4,11,0.0,0.0,0.030032522636797135,0.0,0.0,0.0,0.20132732821040647,2.7616304329587917,1.6725016174838387,0.04015692909407913,40.156929094079125,684.8180943831314,0.6260858759029151,1.6442491191088286,0.17454465996706858,0.04412057303125039,0.09254540398251265,0.010504854959435761,1.0,0.0,3.1254556672632847,3.125455617904663,0.0
PLAIN_FM,4,12,1.0,0.0,-0.005423443005116921,0.0,0.14922120835781083,1.4456820487976074,0.19342052782014943,3.5238948445478644,1.6692448242880862,0.03617456997621872,36.17456997621871,6974.137483501203,0.10417550116128768,0.45084330254331456,0.06971117795910686,0.04357531707501039,0.0,0.0,0.0,0.0,0.0,0.0,0.0
POV_L05_ALWAYS,4,12,0.0,0.0,0.01935819907127262,0.0,0.01222864952087388,0.0,0.14710865415713262,2.9593819390069838,1.6334858906687095,0.02823277769070684,28.232777690706843,2093.5936941754703,0.3945552939793437,1.1034088756383207,1.2283942599897273,0.04737339401617646,1.1007611330132931,0.12022517202422023,7.0,0.0,25.17758985458886,2.0312743186950684,0.0
YFLOW_MAIN_PORT,4,12,0.0,0.0,0.035587141793855,0.0,0.0012059625625608916,0.0,0.20950244684296265,2.9119997578761065,1.5863094774665247,0.034427271468204595,34.4272714682046,583.9555286535062,0.3855113423309729,1.0722121465852192,0.3721421629888937,0.045047925028484315,0.2768448099377565,0.031460242986213416,3.0,0.0,5.3370459365552225,1.9694318771362305,0.0
GOAL_AWARE_FINAL_PROJECTION,4,12,0.0,0.0,0.03371407886532524,0.0,0.001731079483032083,0.0,0.20722833273282762,2.774976713538,1.6959684591669921,0.040033237276832535,40.03323727683254,661.561507395643,0.6078215538213302,1.5829513651106013,0.17370385903632268,0.04349450790323317,0.09296263399301097,0.01051812496734783,1.0,0.0,3.096397371572257,3.0963971614837646,0.0
PLAIN_FM,4,13,1.0,0.0,-0.009534288963808299,0.0,0.25655002560615525,1.9409668445587158,0.22603457933552862,3.4861034623674576,1.624299959826255,0.03693635720108451,36.93635720108451,7474.086284551267,0.09139779657828759,0.4653985533017774,0.06943097099428996,0.043461226974613965,0.0,0.0,0.0,0.0,0.0,0.0,0.0
POV_L05_ALWAYS,4,13,0.0,0.0,0.009221742045126935,0.0,0.08687273826599107,0.0,0.18521369149790048,2.8560132785592334,1.576551097272216,0.029646699966295625,29.64669996629563,2869.3034087791543,0.4653910826187317,1.221158820352669,1.5915358680067584,0.04746439796872437,1.463918432011269,0.15699893893906847,7.0,0.0,25.191415079423727,2.2856228351593018,0.0
YFLOW_MAIN_PORT,4,13,0.0,0.0,0.025804326686880485,0.0,0.0010556881427761233,0.0,0.15074836576570982,2.9614091203757233,1.690271581538887,0.04375483150150608,43.75483150150608,921.6985552542454,0.3697568839905646,1.0903974661495364,0.5509748029871844,0.04524480091640726,0.4553288709721528,0.046833451022394,3.0,0.0,5.055157000848937,1.8524504899978638,0.0
GOAL_AWARE_FINAL_PROJECTION,4,13,0.0,0.0,0.02907679215941318,0.0,0.0,0.0,0.2015198540621257,2.7919815241432806,1.6796911879209886,0.041134184351718964,41.134184351718964,688.3586607204882,0.6250273911702892,1.6016492524950552,0.17282146698562428,0.043521449028048664,0.09227245702641085,0.010399991995655,1.0,0.0,3.1039700907253303,3.1039700508117676,0.0
PLAIN_FM,4,14,1.0,0.0,-0.006653150713833031,0.0,0.08895904984474168,0.0,0.20908340666777983,3.47239093790961,1.6325987675404765,0.02720955677329881,27.209556773298814,4602.858406126669,0.09331328799853535,0.47159655396672895,0.06977992999600247,0.04367028293199837,0.0,0.0,0.0,0.0,0.0,0.0,0.0
POV_L05_ALWAYS,4,14,0.0,0.0,0.013287117328158293,0.0,0.0007851537704466338,0.0,0.14153028268599524,2.9748480779775224,1.6402408499125094,0.02912952050074319,29.12952050074319,1725.413401364906,0.3813040619705157,1.0877228683496794,1.0485772489919327,0.04733585292706266,0.920844818057958,0.10111522098304704,7.0,0.0,24.936623272255233,1.8466806411743164,0.0
YFLOW_MAIN_PORT,4,14,0.0,0.0,0.03746989005786153,0.0,0.0,0.0,0.17122827163355123,2.9407493633327415,1.6506574171360886,0.039577915409935605,39.57791540993561,683.9433093794838,0.37698657846807254,1.0891864372246758,0.373794955026824,0.04533565300516784,0.27793983899755403,0.03137617197353393,3.0,0.0,5.072333285272472,1.8520803451538086,0.0
GOAL_AWARE_FINAL_PROJECTION,4,14,0.0,0.0,0.03273264084035549,0.0,0.0016258772850035186,0.0,0.21158722374936378,2.79498456265794,1.6669861496138352,0.04102226809478654,41.02226809478654,720.1655021714131,0.6161902909160374,1.5936930821376545,0.17292137100594118,0.043453886988572776,0.09226273599779233,0.01041968201752752,1.0,0.0,3.034904931653806,3.034904956817627,0.0
PLAIN_FM,4,15,0.0,0.0,0.005867903779087594,0.0,0.15119487094879114,0.2288532257080078,0.2143932728773241,3.525025614784417,1.6094433440525258,0.03881919145097751,38.81919145097751,7010.686020104484,0.09992187774972885,0.4478541262801775,0.06942174100549892,0.04337901406688616,0.0,0.0,0.0,0.0,0.0,0.0,0.0
POV_L05_ALWAYS,4,15,0.0,0.0,0.020410902431765854,0.0,0.00635401573181138,0.0,0.15303986372234427,2.91696340916801,1.6057627563177745,0.03158062346610688,31.580623466106882,2523.3853848507333,0.40600221104409645,1.1425481906833326,1.231907193956431,0.047786965034902096,1.1035930079524405,0.11935692891711369,7.0,0.0,27.33781993325231,2.127127170562744,0.0
YFLOW_MAIN_PORT,4,15,0.0,0.0,0.033073447560747066,0.0,0.0,0.0,0.17539761869747575,2.9555498465835393,1.6451820330179383,0.03935730112261196,39.357301122611965,696.1156342637803,0.3710987737009821,1.0649856081191422,0.3733888259739615,0.045480294968001544,0.27687709097517654,0.03111976501531899,3.0,0.0,5.729271684166561,1.9603066444396973,0.0
GOAL_AWARE_FINAL_PROJECTION,4,15,0.0,0.0,0.037634040319641834,0.0,0.0,0.0,0.23941023969093067,2.609042330812371,1.6588146909413355,0.031143711741931812,31.14371174193181,537.8927736045856,0.6911292656484894,1.7819626882139983,0.17349494498921558,0.04365068202605471,0.09247316198889166,0.010493635025341064,1.0,0.0,3.565405157605742,3.5654051303863525,0.0
PLAIN_FM,4,16,1.0,0.0,-0.006288067989006316,0.0,0.15409411158561692,1.0525178909301758,0.22173102946503315,3.5108830579227135,1.6591294629634643,0.03641842964375441,36.418429643754415,6018.0702571146385,0.0967399989688968,0.4182197686366873,0.06971673801308498,0.043627460952848196,0.0,0.0,0.0,0.0,0.0,0.0,0.0
POV_L05_ALWAYS,4,16,0.0,0.0,0.012474530748623466,0.0,0.050966900253295755,0.0,0.19155382836755663,2.778480979974026,1.5753840662459753,0.026571516045313298,26.5715160453133,2949.12360245158,0.5034439462202814,1.2766762845448076,1.510308836994227,0.04763751896098256,1.3818707288592122,0.15049647580599412,7.0,0.0,27.89697995043285,2.4928627014160156,0.0
YFLOW_MAIN_PORT,4,16,0.0,0.0,0.038684858221075896,0.0,0.0021846708297728057,0.0,0.23786921067303377,2.8474403434379334,1.5322257002870028,0.026501907834363184,26.50190783436318,448.2028613892262,0.4054239446336825,1.0974527450109324,0.5532931929919869,0.04526228195754811,0.45763151097344235,0.04935135500272736,3.0,0.0,5.127126846558452,1.9904427528381348,0.0
GOAL_AWARE_FINAL_PROJECTION,4,16,0.0,0.0,0.01893923050723198,0.0,0.004413288497924661,0.0,0.2157790624675499,2.9245912428935465,1.7329820062491903,0.04801912985183755,48.019129851837555,799.7349402687122,0.5711343023049209,1.51913172609291,0.17311738600255921,0.043547107954509556,0.09239836997585371,0.010515045025385916,1.0,0.0,2.9003767698568166,2.900376796722412,0.0
PLAIN_FM,4,17,1.0,0.0,-0.00013835224624995923,0.0,0.19226283993720994,0.10445833206176758,0.23668088289195896,3.4218937151943134,1.6116838324795717,0.03564708535842802,35.64708535842802,7557.531864221447,0.09132853027134244,0.5619432456659931,0.06967303698183969,0.04356335796182975,0.0,0.0,0.0,0.0,0.0,0.0,0.0
POV_L05_ALWAYS,4,17,0.0,0.0,0.014175663511652808,0.0,0.032029312515258646,0.0,0.216560727287935,2.638203661797732,1.5288800915233698,0.02662594319803835,26.625943198038353,3636.3002090162627,0.5511839743649332,1.4264163553587241,1.59445772098843,0.047520489897578955,1.4663053090916947,0.15945203095907345,7.0,0.0,33.845184411944686,2.5757029056549072,0.0
YFLOW_MAIN_PORT,4,17,0.0,0.0,0.02863329829605124,0.0,0.0,0.0,0.19651845028880016,2.8971057225752492,1.5888535335849052,0.03356677129253478,33.56677129253478,609.9136021796861,0.38709650414418867,1.097404520352343,0.3719642010401003,0.04511902801459655,0.2765904359985143,0.03104994201567024,3.0,0.0,4.667670580208016,1.7068605422973633,0.0
GOAL_AWARE_FINAL_PROJECTION,4,17,0.0,0.0,0.03139451176555966,0.0,0.0,0.0,0.19784695640807223,2.7452104256569356,1.6506585980542372,0.04111638225568438,41.116382255684385,714.7204218942175,0.6526020013109839,1.6980983728218817,0.17285452998476103,0.04344073496758938,0.09220609604381025,0.010422742983791977,1.0,0.0,3.0926914238018424,3.092691421508789,0.0
PLAIN_FM,4,18,1.0,0.0,-0.0003291817436836125,0.0,0.28295622434616075,1.565392017364502,0.19980483631927606,3.492767834294836,1.6634480173123496,0.03188210768577639,31.882107685776386,5671.542890573223,0.08620856095177198,0.4699040913810438,0.06963285600068048,0.04361670999787748,0.0,0.0,0.0,0.0,0.0,0.0,0.0
POV_L05_ALWAYS,4,18,0.0,0.0,0.02244424611891399,0.0,0.06835029687881455,0.0,0.144474908708321,2.8684277394013926,1.6198302277867584,0.026053548367097362,26.053548367097363,1965.657039878528,0.44276448821519837,1.1928166456703808,1.411121919983998,0.047427774872630835,1.2830913600628264,0.14007253589807078,7.0,0.0,28.549497214430236,2.139458656311035,0.0
YFLOW_MAIN_PORT,4,18,0.0,0.0,0.035629801124149235,0.0,0.0,0.0,0.19535755872790553,2.901260957603112,1.5938497522543984,0.03419908029373607,34.19908029373607,616.1104291778144,0.3836563668346211,1.0975344890032592,0.4633829880040139,0.04500956507399678,0.3678569771000184,0.04002076998585835,3.0,0.0,5.0790967981171455,1.8500093221664429,0.0
GOAL_AWARE_FINAL_PROJECTION,4,18,0.0,0.0,0.03361295468042212,0.0,0.0,0.0,0.2192208934932352,2.734625143857963,1.6676106263351265,0.03822120912894948,38.221209128949475,648.0353474588935,0.6334368413908953,1.643111000609101,0.1731352669885382,0.04361859103664756,0.09244397201109678,0.010432132985442877,1.0,0.0,3.1181125905680447,3.118112564086914,0.0
PLAIN_FM,4,19,0.0,0.0,0.01461100020969859,0.0,0.19530968036651597,3.874410390853882,0.25156308047956566,3.45943028213541,1.5550125746666579,0.046917092297625654,46.91709229762566,5535.521378160282,0.08934249052329224,0.5134540407340488,0.06947936199139804,0.0435689190053381,0.0,0.0,0.0,0.0,0.0,0.0,0.0
POV_L05_ALWAYS,4,19,0.0,0.0,0.020138332932249994,0.0,0.029386442565917825,0.0,0.18597233785839912,2.8508292590162365,1.5423015459585396,0.03268914524996308,32.68914524996308,2088.368188958911,0.4647616606870033,1.2105030165088917,1.1503199739963748,0.049268122063949704,1.0203199950046837,0.1161489900550805,7.0,0.0,27.926582994721205,2.2447001934051514,0.0
YFLOW_MAIN_PORT,4,19,0.0,0.0,0.03960246912130207,0.0,0.0011113439798351443,0.0,0.16973993686025315,2.945818019584721,1.6509845883233998,0.040716292169411195,40.716292169411204,763.3906575037395,0.371716539732339,1.0926432776066728,0.3769940890488215,0.045743922935798764,0.28047284501371905,0.03186392394127324,3.0,0.0,5.296556178550892,1.834708333015442,0.0
GOAL_AWARE_FINAL_PROJECTION,4,19,0.0,0.0,0.015899531460108682,0.0,0.0,0.0,0.2000160952365514,2.875887792433572,1.7013704223661745,0.04658487334259066,46.58487334259066,777.0180406409005,0.6139997330708318,1.5856695718264888,0.17370620096335188,0.04369785194285214,0.0928424020530656,0.010698819998651743,1.0,0.0,3.0524744809045052,3.0524744987487793,0.0
PLAIN_FM,4,20,1.0,0.0,-0.0011614944150798862,0.0,0.24638452794551835,1.196683645248413,0.22048728199071926,3.5103257954405382,1.6490607420977992,0.035994844968347345,35.994844968347344,5985.10596273875,0.09845877955266527,0.42529209225175946,0.06967855803668499,0.0435937590082176,0.0,0.0,0.0,0.0,0.0,0.0,0.0
POV_L05_ALWAYS,4,20,0.0,0.0,0.02047489891979809,0.0,0.05588845577239976,0.0,0.14364505265711572,3.0019747361964355,1.634365171001506,0.030393477522750123,30.393477522750125,1849.141039967783,0.3729164298114235,1.0407095599590785,0.9612135750357993,0.047918518946971744,0.8328292469959706,0.09413700201548636,7.0,0.0,24.755219826901204,1.894481897354126,0.0
YFLOW_MAIN_PORT,4,20,0.0,0.0,0.03091282996757652,0.0,0.0,0.0,0.19234640497990982,2.935584179322399,1.6121966449162735,0.03677737058074053,36.777370580740524,632.4510201279221,0.37486625702903104,1.0594990875062171,0.3726939510088414,0.04505765391513705,0.2773801169823855,0.03157230594661087,3.0,0.0,5.216774395096513,1.9202998876571655,0.0
GOAL_AWARE_FINAL_PROJECTION,4,20,0.0,0.0,0.028678504153158493,0.0,0.0017516430854795928,0.0,0.22127600611790899,2.818894872927315,1.6852150576390892,0.041293343179274064,41.29334317927407,695.449001570754,0.591774099975481,1.5561406622312406,0.1731885090121068,0.04348381905583665,0.09248392301378772,0.010476013994775712,1.0,0.0,3.0273880230940673,3.027388095855713,0.0
PLAIN_FM,4,21,1.0,0.0,-0.0016758354579521767,0.0,0.22886411514282212,1.25801682472229,0.22809660169816676,3.5022489760983393,1.6242262027111323,0.03215521950780166,32.15521950780166,5977.285926716588,0.09233520738195036,0.47921636098663056,0.06934650900075212,0.04345111612929031,0.0,0.0,0.0,0.0,0.0,0.0,0.0
POV_L05_ALWAYS,4,21,0.0,0.0,0.020612100307630887,0.0,0.037053984069824075,0.0,0.15334642724321357,2.965852153036993,1.6099111384232028,0.028335157074523984,28.335157074523984,1678.2194013897258,0.38119895946882953,1.0713857847535455,1.1398504319950007,0.0475509199895896,1.0117073209257796,0.11173844791483134,7.0,0.0,27.67905647595344,1.980313777923584,0.0
YFLOW_MAIN_PORT,4,21,0.0,0.0,0.037716607467108504,0.0,0.0,0.0,0.2292454529024939,2.884955700186772,1.5265130315409223,0.030316032514390065,30.316032514390066,516.3246161346058,0.41175792508782477,1.1166871354766597,0.3811781849944964,0.04612503299722448,0.2837055060081184,0.03220695204799995,3.0,0.0,5.606714833670868,2.1206095218658447,0.0
GOAL_AWARE_FINAL_PROJECTION,4,21,0.0,0.0,0.03711062607078923,0.0,0.0,0.0,0.23123049145081992,2.7667566716270797,1.6450849977007915,0.03601898763545614,36.01898763545614,585.9607048648096,0.6211450052930929,1.547947102916254,0.17562022001948208,0.04450710298260674,0.09332263399846852,0.010588467004708946,1.0,0.0,3.1469412137111687,3.1469411849975586,0.0
PLAIN_FM,4,22,1.0,0.0,-0.004657204579988569,0.0,0.19029707875251756,0.36295175552368164,0.1853644082608466,3.5530212612992536,1.6650424038851064,0.03924590970657103,39.24590970657104,7920.957372293259,0.13043616859279555,0.43295272448322236,0.07002598600229248,0.04393386794254184,0.0,0.0,0.0,0.0,0.0,0.0,0.0
POV_L05_ALWAYS,4,22,0.0,0.0,0.023384592928813397,0.0,0.05012796487808213,0.0,0.15053784159863368,2.856131038322072,1.5979543639868585,0.025959547664231822,25.95954766423182,2104.3445313430234,0.4268570285922662,1.1623028790516925,1.6911347610293888,0.04806689394172281,1.562294150935486,0.17093783500604331,7.0,0.0,30.177595037336804,2.3623499870300293,0.0
YFLOW_MAIN_PORT,4,22,0.0,0.0,0.03479633397414891,0.0,0.0,0.0,0.22432212201557872,2.9147872083555306,1.5569309835771676,0.031789619018023615,31.789619018023615,527.8307730436096,0.3810942908167347,1.0394317755234543,0.554260931967292,0.045658051036298275,0.45794214197667316,0.04988584900274873,3.0,0.0,5.569297566087926,2.108936309814453,0.0
GOAL_AWARE_FINAL_PROJECTION,4,22,0.0,0.0,0.04621665950123918,0.0,0.0,0.0,0.24821227891826092,2.5971763083836645,1.6636839948104123,0.028187865068623603,28.187865068623605,499.0527803092818,0.6379686088767532,1.698778712473844,0.1737610929994844,0.04389405797701329,0.09253704501315951,0.010587126947939396,1.0,0.0,3.438524361090044,3.4385242462158203,0.0
PLAIN_FM,4,23,1.0,0.0,-0.0012591750883454295,0.0,0.15158073272705064,2.0246636867523193,0.24091427506090873,3.4635154287016494,1.6130359125051326,0.03446426494310312,34.464264943103124,5639.142235950246,0.08048237002764722,0.5168434642458452,0.06996736500877887,0.04367111303145066,0.0,0.0,0.0,0.0,0.0,0.0,0.0
POV_L05_ALWAYS,4,23,0.0,0.0,0.013200835458707358,0.0,0.0027568754196165557,0.0,0.17946334272667389,2.8604502201738766,1.5989581081788218,0.03225513436429972,32.255134364299714,2703.9161096421576,0.43805241615249235,1.1971220105665967,1.3183456389815547,0.04771610407624394,1.1901555639924482,0.12678103795042261,7.0,0.0,25.089343435698694,2.154924154281616,0.0
YFLOW_MAIN_PORT,4,23,0.0,0.0,0.03336128838910454,0.0,0.0,0.0,0.26161376919186846,2.784800702358365,1.517945692719671,0.025437967185787065,25.437967185787063,475.14214666349864,0.4584547739210727,1.1798065478661153,0.3724471270106733,0.04542063595727086,0.27644360496196896,0.03154341602930799,3.0,0.0,6.05120693988299,2.1740353107452393,0.0
GOAL_AWARE_FINAL_PROJECTION,4,23,0.0,0.0,0.009918081971789783,0.0,0.0,0.0,0.20720251478528184,2.8569853882766267,1.7172052812327132,0.045519392181595966,45.51939218159597,802.877467352732,0.6099846274650015,1.6068216630610406,0.17344954604050145,0.043814703880343586,0.09227350796572864,0.01044961396837607,1.0,0.0,3.0365060126081262,3.036506175994873,0.0
PLAIN_FM,4,24,1.0,0.0,-0.020867092643654203,0.0,0.26334868040084825,0.0,0.20234671021777462,3.472009161977143,1.6523326195685395,0.03247744134026827,32.47744134026828,5167.1814678700985,0.10807899108646814,0.4249811318284191,0.06982718099607155,0.043717121006920934,0.0,0.0,0.0,0.0,0.0,0.0,0.0
POV_L05_ALWAYS,4,24,0.0,0.0,0.006970712244612487,0.0,0.08772031631469712,0.0,0.14234617342831485,2.967459035503222,1.644967518931526,0.02925277069278094,29.252770692780942,1716.9382776669934,0.38514852995799936,1.084152052385491,1.138092964014504,0.04775406402768567,1.0097156050032936,0.11164675682084635,7.0,0.0,24.530659764315406,1.8711549043655396,0.0
YFLOW_MAIN_PORT,4,24,0.0,0.0,0.040932188356933824,0.0,0.0,0.0,0.20166654327844977,2.887049646750018,1.5641605298107426,0.03220158619413786,32.20158619413787,576.9998447672626,0.3899701964527376,1.0810523907411973,0.46284734801156446,0.045453805942088366,0.36666422203416005,0.03966766101075336,3.0,0.0,5.0326960328032415,1.894587516784668,0.0
GOAL_AWARE_FINAL_PROJECTION,4,24,0.0,0.0,0.02904193587253423,0.0,0.003702205085754251,0.0,0.20903430830954886,2.7655168738821896,1.664153011556755,0.039413982344914986,39.413982344914984,654.0644083215669,0.6146886212808469,1.5861286031858846,0.17373010294977576,0.043876318901311606,0.0925574250286445,0.010484004043973982,1.0,0.0,3.004642169445507,3.0046420097351074,0.0
PLAIN_FM,4,25,1.0,0.0,-0.010693770250714524,0.0,0.2304932590961455,0.40416836738586426,0.19859614633760556,3.536252681775852,1.6724888135464067,0.030479219466104296,30.479219466104293,4732.622331040564,0.11091674148204345,0.4354921140726216,0.0700982179841958,0.04384212603326887,0.0,0.0,0.0,0.0,0.0,0.0,0.0
POV_L05_ALWAYS,4,25,0.0,0.0,0.022510342784918758,0.0,0.06390498247146592,0.0,0.13922023844993842,3.0217277029100162,1.6406241787135565,0.029719809943382303,29.7198099433823,1724.3098735037047,0.36453040163784445,1.0233302993528761,1.138591997034382,0.04766638204455376,1.0100470620091073,0.11180978099582717,7.0,0.0,22.576808647004583,1.9020249843597412,0.0
YFLOW_MAIN_PORT,4,25,0.0,0.0,0.03796848328386651,0.0,0.0,0.0,0.21969082681734625,2.8936469069622555,1.577542760767317,0.032039200073001074,32.039200073001076,536.8787587367522,0.40014336455769295,1.1243614150497305,0.3724338359897956,0.0452424701070413,0.2767104319646023,0.031636136991437525,3.0,0.0,5.527099704836052,2.1015422344207764,0.0
GOAL_AWARE_FINAL_PROJECTION,4,25,0.0,0.0,0.03589296969464634,0.0,0.003525477313995218,0.0,0.21876492206963113,2.890643643620528,1.6890173363189644,0.04484522106040515,44.84522106040515,735.250955527657,0.56075467533985,1.4828065725980661,0.1735384989879094,0.04373023204971105,0.09252900502178818,0.010512145003303885,1.0,0.0,2.8922640934751658,2.8922641277313232,0.0
PLAIN_FM,4,26,1.0,0.0,-0.009538686791458556,0.0,0.16986848082542405,0.0,0.254853303258109,3.460109479645126,1.6065559812325636,0.031052324288950973,31.05232428895098,5070.009247925536,0.09025147648187236,0.469816208149799,0.06991358398227021,0.04376828600652516,0.0,0.0,0.0,0.0,0.0,0.0,0.0
POV_L05_ALWAYS,4,26,0.0,0.0,0.004996935329795338,0.0,0.04451052513122544,0.0,0.16372621963746467,3.0007677118570437,1.6443861025285103,0.030889073740909892,30.889073740909893,2121.9543459843435,0.36920957375165014,1.0510722271648985,1.3144243250135332,0.047671721142251045,1.186100057035219,0.12467698706313968,7.0,0.0,25.90145349966012,1.7856647968292236,0.0
YFLOW_MAIN_PORT,4,26,0.0,0.0,0.04430351819994929,0.0,0.0,0.0,0.2045850139359966,2.9059957668148617,1.5846147750356872,0.03568992423568833,35.68992423568832,610.7559604232482,0.3832336943335348,1.077360454485586,0.3734113720129244,0.04532489395933226,0.2775022920104675,0.03159360704012215,3.0,0.0,5.3504620694351965,1.806213140487671,0.0
GOAL_AWARE_FINAL_PROJECTION,4,26,0.0,0.0,0.02760613256454615,0.0,0.0,0.0,0.2247144665288806,2.692441459814393,1.6686697296837192,0.03426436710663125,34.26436710663125,587.3563164821488,0.6550630040218186,1.6956697743603495,0.1737098729936406,0.043800795974675566,0.09254087501903996,0.010480055003426969,1.0,0.0,3.2422376414076157,3.2422375679016113,0.0
PLAIN_FM,4,27,1.0,0.0,-0.010807698514891745,0.0,0.2203609165191649,0.6045889854431152,0.2059828371228668,3.5044453940201166,1.6676680378506072,0.036667685334229955,36.66768533422995,6112.842600271345,0.12002476863283784,0.45804145828800497,0.06988770404132083,0.04368035192601383,0.0,0.0,0.0,0.0,0.0,0.0,0.0
POV_L05_ALWAYS,4,27,0.0,0.0,0.021176435727100207,0.0,0.046706062221526956,0.0,0.14545871046691122,2.9654343875352267,1.6312676274115436,0.030042764435951823,30.04276443595182,1777.2318844035524,0.37229910365546703,1.0763092566368355,1.3296073700184934,0.047823214903473854,1.2003857779200189,0.1322585529414937,7.0,0.0,24.534360178780002,2.0197057723999023,0.0
YFLOW_MAIN_PORT,4,27,0.0,0.0,0.03751652368308697,0.0,1.625385284409475e-05,0.0,0.1782729355361919,2.9592002935062554,1.6748378757517028,0.04041564799798361,40.41564799798361,717.6554396299148,0.36907799204206787,1.0838848972422994,0.3743490669876337,0.04559661995153874,0.2778578520519659,0.031332481070421636,3.0,0.0,5.505560784454941,2.01491117477417,0.0
GOAL_AWARE_FINAL_PROJECTION,4,27,0.0,0.0,0.03668782228187195,0.0,0.0,0.0,0.24213964271829336,2.559331088984674,1.660786871826513,0.028276453414141575,28.276453414141578,525.3355471861177,0.6942852781652861,1.8390562424469525,0.1737634940072894,0.043760913133155555,0.09276758099440485,0.010457125026732683,1.0,0.0,3.6267672206208426,3.626767158508301,0.0
PLAIN_FM,4,28,1.0,0.0,-0.007166250041776442,0.0,0.15141860809326158,0.8612525463104248,0.2018190910956391,3.545308244137483,1.6363341153854072,0.03577702040317828,35.77702040317828,6417.397921015046,0.12502401681256287,0.45012176534554754,0.07017249101772904,0.04398663196479902,0.0,0.0,0.0,0.0,0.0,0.0,0.0
POV_L05_ALWAYS,4,28,0.0,0.0,0.016961304030518265,0.0,0.050605100059509134,0.0,0.14402455441372564,3.0064124527639358,1.62554539949026,0.03126666884885687,31.266668848856877,2254.317966540226,0.375488099717171,1.0640643297613834,1.5136001849896275,0.04783053504070267,1.384789433912374,0.15068012016126886,7.0,0.0,25.194581288137897,1.9211878776550293,0.0
YFLOW_MAIN_PORT,4,28,0.0,0.0,0.02102422064770984,0.0,0.002196591758727884,0.0,0.2502126906864097,2.8614544829589406,1.5053286142747433,0.027444920292192632,27.444920292192638,485.50732521748307,0.38149121733252567,1.0884706887986662,0.46330305200535804,0.04529239103430882,0.36719792702933773,0.039811644121073186,3.0,0.0,5.391602191403708,2.0079867839813232,0.0
GOAL_AWARE_FINAL_PROJECTION,4,28,0.0,0.0,0.04790466219632433,0.0,0.0019313510894773955,0.0,0.22738265798182863,2.6719651373087654,1.5925487850091848,0.0307633090116287,30.763309011628703,542.8031210143582,0.6234764601506276,1.6004017946055522,0.1735171289765276,0.04373388405656442,0.09249366400763392,0.010583997005596757,1.0,0.0,3.204255672590588,3.2042555809020996,0.0
PLAIN_FM,4,29,1.0,0.0,-0.0073988287696328675,0.0,0.40083931055068955,1.552758812904358,0.2805520865656443,3.382386705642702,1.567841736248971,0.05250101607526049,52.50101607526049,12238.643431250988,0.10906914205324014,0.49898855953561394,0.06979989097453654,0.043716034037061036,0.0,0.0,0.0,0.0,0.0,0.0,0.0
POV_L05_ALWAYS,4,29,0.0,0.0,0.00022926082843664763,0.0,0.03305421438217149,0.0,0.39037541935962,2.4495184025780206,1.3608116476503775,0.03276656516712023,32.76656516712023,6183.864752260388,0.5880316943348561,1.6002219483652391,1.6916214899974875,0.047871717892121524,1.5625470619415864,0.16886250110110268,7.0,0.0,24.999050685155698,2.6938393115997314,0.0
YFLOW_MAIN_PORT,4,29,0.0,0.0,0.04301990312304296,0.0,0.0,0.0,0.20110840514129427,2.8561877947049106,1.5523376866967498,0.031115317946000365,31.11531794600037,563.1611735757991,0.3945575155958824,1.1036544698346138,0.6482028690516017,0.04579692392144352,0.5517386939027347,0.06046461593359709,3.0,0.0,4.4881279883072605,1.7247687578201294,0.0
GOAL_AWARE_FINAL_PROJECTION,4,29,0.0,0.0,0.026451102220285322,0.0,0.0,0.0,0.20701438221167107,2.777538371610902,1.6616536920980787,0.04178670989861803,41.786709898618035,703.3784742132343,0.6594383294737692,1.68889748382999,0.1730726879904978,0.04360377206467092,0.09214226499898359,0.010492804052773863,1.0,0.0,3.095285475677175,3.095285415649414,0.0
PLAIN_FM,4,30,1.0,0.0,-0.02053418137713127,0.0,0.2054835971832274,1.5272748470306396,0.26140600953259774,3.441091767884564,1.598866171198022,0.0380845092990276,38.084509299027594,6836.8930633082855,0.08646870156232528,0.45879354641511355,0.06976323103299364,0.043615118018351495,0.0,0.0,0.0,0.0,0.0,0.0,0.0
POV_L05_ALWAYS,4,30,0.0,0.0,0.008912950995885432,0.0,0.023423891925811624,0.0,0.2135805520233229,2.7370982560520996,1.5517825958596956,0.024839103506191756,24.839103506191762,2055.5458288386453,0.5097413804401153,1.300819395371618,1.232424854009878,0.04784599598497152,1.1038462480064481,0.12134970095939934,7.0,0.0,27.721332438214127,2.336237668991089,0.0
YFLOW_MAIN_PORT,4,30,0.0,0.0,0.05210699213837505,0.0,0.0,0.0,0.21713033942772864,2.836187961641409,1.565091439071849,0.03138197275858298,31.38197275858299,509.7713820638387,0.4064079469674129,1.1238028972715561,0.37306501501007006,0.04530595301184803,0.2771119030076079,0.03145724401110783,3.0,0.0,5.5130357412137165,1.819568157196045,0.0
GOAL_AWARE_FINAL_PROJECTION,4,30,1.0,0.0,-0.012040605276397678,0.0,0.0027184304237364287,0.0,0.21684901432105275,2.929160568845704,1.7579212026514932,0.050271760735993765,50.271760735993766,872.9102127210774,0.5855819690927673,1.5571286883831532,0.1734213070012629,0.043698413122911006,0.09240517200669274,0.01044555299449712,1.0,0.0,2.8658788879850308,2.8658788204193115,0.0
PLAIN_FM,4,31,1.0,0.0,-0.027399160688772684,0.0,0.2979058143138884,0.03469705581665039,0.2177805590137626,3.541454402291851,1.6812994500738339,0.03299445290897521,32.99445290897521,5629.963159417018,0.09859968283117376,0.4849055785677919,0.07001114700688049,0.04379206500016153,0.0,0.0,0.0,0.0,0.0,0.0,0.0
POV_L05_ALWAYS,4,31,0.0,0.0,0.01251866892557646,0.0,0.09205804433822617,0.0,0.14767886497951738,2.988681616855925,1.646955341277225,0.029548077186349275,29.548077186349275,1893.2718962924978,0.3920733262212867,1.0972368867323465,1.2305078969802707,0.047716614964883775,1.1021502189687453,0.12010420201113448,7.0,0.0,24.96554969367882,2.015348434448242,0.0
YFLOW_MAIN_PORT,4,31,0.0,0.0,0.05294215536972294,0.0,0.0,0.0,0.2183184868466095,2.887294701835854,1.5739046395128293,0.029900901848793838,29.900901848793836,492.7184335626478,0.40203795217606736,1.084985734051468,0.4652254719985649,0.045468408963643014,0.36883889097953215,0.039431655080989,3.0,0.0,5.432329651539487,2.0368521213531494,0.0
GOAL_AWARE_FINAL_PROJECTION,4,31,0.0,0.0,0.030832634282927027,0.0,0.004507761859893655,0.0,0.2160824913009521,2.8982473206904245,1.7043003039987978,0.046166568030604496,46.166568030604495,768.1046873956394,0.5737507928608839,1.5140869916784623,0.1774771999916993,0.04471069894498214,0.09449393500108272,0.010692689975257963,1.0,0.0,2.9452934135827054,2.945293426513672,0.0
PLAIN_FM,5,0,0.0,0.0,0.12957097332088224,0.0,0.0,0.0,1.022117422700205,1.1164828773471513,0.6803267121456349,0.017545730807246862,17.545730807246862,4111.026188510803,0.0906913099653544,1.3879079496764932,0.07099752099020407,0.04438306810334325,0.0,0.0,0.0,0.0,0.0,0.0,0.0
POV_L05_ALWAYS,5,0,0.0,0.0,0.07918962833975124,0.0,0.0,0.0,0.7382992356889577,0.995553546562533,0.4724647435212515,0.011456469112696377,11.456469112696377,1681.3811326356508,0.43197475583000494,1.1181613816586335,1.0506288989563473,0.048077964049298316,0.9214647889020853,0.1010196881252341,7.0,0.0,29.123306032827646,2.3214762210845947,0.0
YFLOW_MAIN_PORT,5,0,1.0,0.0,-0.035070036792053325,0.0,0.0,0.0,0.45546593109442934,1.292633111704076,0.9366504152754758,0.018109809809795208,18.109809809795205,529.1649961944255,0.269897280685007,0.780878869358933,0.37227041594451293,0.0453398049576208,0.276197282015346,0.031086035072803497,3.0,0.0,4.894378601281278,1.542375087738037,0.0
GOAL_AWARE_FINAL_PROJECTION,5,0,1.0,0.0,-0.041289057956968314,1.1642945185741382e-07,0.0,0.0,0.5554800272503729,1.5504379241548716,0.5949398655709458,0.022097100364636264,22.097100364636265,420.9986293772814,0.7801385938318064,1.5768434129019675,0.17314638098469004,0.04390205588424578,0.09197605203371495,0.010465043946169317,1.0,0.0,4.292886594741909,4.292886734008789,0.0
PLAIN_FM,5,1,0.0,0.0,0.12050742472120246,0.0,0.0,0.9047162532806396,1.0450651345343036,1.156846975839974,0.7004637719845057,0.04215204332185518,42.15204332185519,12247.108248056727,0.10941835242591517,1.405498145135396,0.06978409097064286,0.0437063739518635,0.0,0.0,0.0,0.0,0.0,0.0,0.0
POV_L05_ALWAYS,5,1,0.0,0.0,0.08188445545186382,0.0,0.0,0.0,0.7348320833404871,0.8554228214075867,0.5031205021881513,0.015402128023001005,15.402128023001007,3663.011764210288,0.38050374256162467,1.115992893856878,1.2316441190196201,0.04768536303890869,1.1026695529581048,0.12228809593943879,7.0,0.0,25.35190873869542,2.054943561553955,0.0
YFLOW_MAIN_PORT,5,1,1.0,0.0,-0.04802524719889885,0.0,0.0,0.0,0.4524524153357784,1.2425608190943753,0.9222433411149104,0.016177159516062356,16.177159516062357,461.3998383157847,0.2889231558506357,0.77867378907935,0.37169701198581606,0.04521565098548308,0.27574470097897574,0.03118411696050316,3.0,0.0,5.360510787792839,1.6322141885757446,0.0
GOAL_AWARE_FINAL_PROJECTION,5,1,1.0,0.0,-0.04320710062807365,0.0,0.0,0.0,0.5196330179225187,1.356499640480755,0.6598216851483006,0.011880888329302806,11.880888329302806,235.64193937675032,0.7986003801318031,1.513981793014517,0.17339056701166555,0.04378680401714519,0.0921305560041219,0.010629108001012355,1.0,0.0,4.225900065619029,4.225900173187256,0.0
PLAIN_FM,5,2,0.0,0.0,0.12885557788941335,0.0,0.0,0.0,1.0336687510767517,1.0716581411983679,0.6536235858108681,0.01694439445479734,16.94439445479734,3996.3871920305046,0.08620262255488792,1.3893002013188587,0.0698816740186885,0.043778003950137645,0.0,0.0,0.0,0.0,0.0,0.0,0.0
POV_L05_ALWAYS,5,2,0.0,0.0,0.08217037528724502,0.0,0.0,0.0,0.7441486908044084,0.9618383887367996,0.45331668676949793,0.0112561890478875,11.256189047887501,1790.606947222528,0.44004483514027837,1.1278224138273167,0.9587892619892955,0.047765386989340186,0.830024741939269,0.09428966976702213,7.0,0.0,29.519205597975372,2.27992582321167,0.0
YFLOW_MAIN_PORT,5,2,1.0,0.0,-0.037786181205086186,0.0,0.0,0.0,0.449138979662892,1.2283543724156294,0.9114898372892104,0.015695965782664037,15.695965782664036,432.7750827955959,0.27345562072106094,0.7734597910580887,0.37712135002948344,0.04657728591701016,0.2796507580787875,0.03194725699722767,3.0,0.0,5.027749949373341,1.5660433769226074,0.0
GOAL_AWARE_FINAL_PROJECTION,5,2,1.0,0.0,-0.04042716564613226,1.1642945185741382e-07,0.0,0.0,0.5575915549628916,1.5483738731022982,0.6031818970045579,0.02195964202479277,21.95964202479277,415.00771189039017,0.7886411607827803,1.609063835402575,0.1737948869704269,0.04403571103466675,0.09250198496738449,0.010483274993021041,1.0,0.0,4.266452799326001,4.266453266143799,0.0
PLAIN_FM,5,3,0.0,0.0,0.11956509617451458,0.0,0.0,0.0,1.0067554564581673,1.0817916043803142,0.6568110565760475,0.016109130698293228,16.109130698293228,3548.538871274864,0.09432017604012172,1.3439951106261947,0.06994999595917761,0.043915058951824903,0.0,0.0,0.0,0.0,0.0,0.0,0.0
POV_L05_ALWAYS,5,3,0.0,0.0,0.07796013031528243,0.0,0.0,0.0,0.7261147854794777,0.7639579046282255,0.4770910185341723,0.011171653745566168,11.171653745566168,2351.6033769756646,0.3577289744046572,1.0013440772233815,1.2397782870102674,0.05158997204853222,1.1067014149739407,0.12562394206179306,7.0,0.0,30.694306155688505,1.8856475353240967,0.0
YFLOW_MAIN_PORT,5,3,1.0,0.0,-0.023191213930957702,0.0,0.0,0.0,0.4663993910650938,1.142387336775875,0.8723594258121775,0.012115732918277625,12.115732918277624,346.2916631009075,0.27455967874681364,0.7804011252034802,0.3733058839570731,0.04616154497489333,0.2766173930140212,0.03159155702451244,3.0,0.0,4.902103000896414,1.5007990598678589,0.0
GOAL_AWARE_FINAL_PROJECTION,5,3,1.0,0.0,-0.0310591152818536,1.1642945185741382e-07,0.0,0.0,0.5688952134421649,1.4692874804088025,0.5647116645358726,0.02041080792723649,20.41080792723649,393.3032101314808,0.747476189763193,1.5021481293808596,0.17245564400218427,0.04377862688852474,0.09164724301081151,0.010095503996126354,1.0,0.0,4.097367300671104,4.097367286682129,0.0
PLAIN_FM,5,4,0.0,0.0,0.12002174603988203,0.0,0.0,0.0,1.0186488474379949,1.1156055301634478,0.6657330090138256,0.024067912260905544,24.067912260905548,5853.926269629373,0.09426867265377828,1.3693979545731974,0.06987838400527835,0.04399751091841608,0.0,0.0,0.0,0.0,0.0,0.0,0.0
POV_L05_ALWAYS,5,4,0.0,0.0,0.07947219234774294,0.0,0.0,0.0,0.737553969221308,0.9411073914235164,0.4553129352200156,0.013217861986901225,13.217861986901225,2708.1717196497434,0.4224807470692832,1.1089518472937325,1.2329077249742113,0.04895724501693621,1.1031794709851965,0.12175542203476653,7.0,0.0,30.662826618474686,2.225649833679199,0.0
YFLOW_MAIN_PORT,5,4,1.0,0.0,-0.031215600510460934,0.0,0.0,0.0,0.4567355115906603,1.2760603657852982,0.9272744398879781,0.017665944713159187,17.66594471315919,519.06773184765,0.27728541407954005,0.7755877162013177,0.3720517030451447,0.04572634492069483,0.2761219409876503,0.03142333298455924,3.0,0.0,4.971079403278822,1.515097737312317,0.0
GOAL_AWARE_FINAL_PROJECTION,5,4,1.0,0.0,-0.044561012439144065,1.1642945185741382e-07,0.0,0.0,0.5705129352818663,1.5593484533418926,0.5740758756480219,0.022031231941184587,22.031231941184586,414.86471612592624,0.7900566520162269,1.5844562586755544,0.1722138180048205,0.0438254059990868,0.0913595860474743,0.00948908895952627,1.0,0.0,4.30590794978587,4.305908203125,0.0
PLAIN_FM,5,5,0.0,0.0,0.12506265262684443,0.0,0.0,0.0,1.024111589195384,1.1134464589320625,0.6794110244132979,0.028927031792266078,28.92703179226608,7491.359719395606,0.0806604657728384,1.3826478225538388,0.06973588000983,0.04375181195791811,0.0,0.0,0.0,0.0,0.0,0.0,0.0
POV_L05_ALWAYS,5,5,0.0,0.0,0.07660540709082111,0.0,0.0,0.0,0.7426290453049981,0.9332906399559668,0.47680111410664144,0.016187887416165836,16.187887416165836,3307.850651130817,0.4117473581213092,1.1065230006061775,1.2322899510036223,0.048811869928613305,1.1030573779717088,0.12339460506336764,7.0,0.0,27.93464617365312,2.165919780731201,0.0
YFLOW_MAIN_PORT,5,5,1.0,0.0,-0.0414289963327852,0.0,0.0,0.0,0.4491381316356298,1.2300261482704713,0.9341351358519445,0.0162485503059749,16.2485503059749,463.26248462281313,0.273013903830266,0.8024592145579716,0.37138076598057523,0.045640391123015434,0.27560716797597706,0.03125420003198087,3.0,0.0,5.201109440433879,1.5733412504196167,0.0
GOAL_AWARE_FINAL_PROJECTION,5,5,1.0,0.0,-0.031993394359815894,0.0,0.0,0.0,0.5619032291672613,1.4835890517028374,0.5734157719396322,0.02050659219446082,20.506592194460822,392.8934994777458,0.751823884153755,1.5117817367809625,0.17264140798943117,0.04360871994867921,0.09190757997566834,0.01045734400395304,1.0,0.0,4.072494227604298,4.072494029998779,0.0
PLAIN_FM,5,6,0.0,0.0,0.13137678208655726,0.0,0.0,0.5483579635620117,1.0551989008686762,1.0897883294912807,0.6756903938331393,0.026591382312920686,26.591382312920686,7245.565441021285,0.10036865705570959,1.3879844989543602,0.0693997519556433,0.04349838802590966,0.0,0.0,0.0,0.0,0.0,0.0,0.0
POV_L05_ALWAYS,5,6,0.0,0.0,0.0849837405100948,0.0,0.0,0.0,0.7451515808941199,0.9179309797422314,0.4621683841318797,0.012151421442598842,12.151421442598842,2189.4089592279674,0.40789323337030126,1.1003330258257966,1.1397475560079329,0.04827356897294521,1.0112623120076023,0.11209388700081035,7.0,0.0,26.7735125859199,2.193427562713623,0.0
YFLOW_MAIN_PORT,5,6,1.0,0.0,-0.04761415761303088,0.0,0.0,0.0,0.43761487208392963,1.2926519625315098,0.9359559263459419,0.018656304386743594,18.656304386743596,544.12872453935,0.28706789352294493,0.7487718982089765,0.37322682299418375,0.04537767608417198,0.2774234139942564,0.03184377297293395,3.0,0.0,5.322757177431587,1.6747726202011108,0.0
GOAL_AWARE_FINAL_PROJECTION,5,6,1.0,0.0,-0.050218179868934676,0.0,0.0,0.0,0.5430159765008252,1.5300187469443212,0.6568932576548122,0.022001153912433333,22.001153912433335,423.07616454202173,0.7838074568155933,1.591359881995286,0.17316789197502658,0.043714544910471886,0.09223385801305994,0.010465694009326398,1.0,0.0,4.298911335075772,4.298911094665527,0.0
PLAIN_FM,5,7,0.0,0.0,0.12067860612920084,0.0,0.0,1.5700232982635498,1.011406730825788,1.131606928041124,0.6934784162688625,0.03888610385704361,38.88610385704361,10488.130298858157,0.09802681047335225,1.3800213287044023,0.06960211700061336,0.04357483214698732,0.0,0.0,0.0,0.0,0.0,0.0,0.0
POV_L05_ALWAYS,5,7,0.0,0.0,0.07525133199858414,0.0,0.0,0.0,0.730759047055277,0.9598488932253529,0.5272322576059751,0.02134679168038489,21.346791680384893,5035.746732067326,0.4054813748426156,1.1076685500452172,1.4207070719567128,0.048097695922479033,1.2919251400162466,0.14337318792240694,7.0,0.0,27.628717535969265,2.1467244625091553,0.0
YFLOW_MAIN_PORT,5,7,1.0,0.0,-0.01809885987234877,0.0,0.0,0.0,0.47946557202715034,1.058114785210481,0.8235313190485106,0.009893177965039749,9.893177965039749,412.12900970946686,0.28838986855336757,0.7953694739909811,0.45996272400952876,0.045213610981591046,0.36441218003164977,0.03793141798814759,3.0,0.0,4.588906548278205,1.5512608289718628,0.0
GOAL_AWARE_FINAL_PROJECTION,5,7,1.0,0.0,-0.028152659936615823,0.0,0.0,0.0,0.5495183441966972,1.418298624616691,0.5859037428422281,0.018884735943989886,18.884735943989888,365.3726148423992,0.726593192139406,1.4640734058388643,0.1731591920251958,0.0435265390551649,0.0924155039829202,0.010456884047016501,1.0,0.0,3.9572180618351744,3.9572179317474365,0.0
PLAIN_FM,5,8,0.0,0.0,0.13226127258045572,0.0,0.0,0.0,1.0563640269119563,1.143354611595043,0.6981493207231017,0.02422673226453398,24.22673226453398,5708.10011694931,0.13175506948199328,1.3931919810340503,0.06967539998004213,0.04357305890880525,0.0,0.0,0.0,0.0,0.0,0.0,0.0
POV_L05_ALWAYS,5,8,0.0,0.0,0.10151627145038974,0.0,0.0,0.0,0.7417492586267553,0.8266673295463254,0.4862980751332456,0.013091478939906809,13.091478939906807,2894.6748222990814,0.40559605165247037,1.0494137167455282,1.2320570800220594,0.04765787301585078,1.1034183120937087,0.1213112929253839,7.0,0.0,27.73884467496359,2.0576670169830322,0.0
YFLOW_MAIN_PORT,5,8,1.0,0.0,-0.045386758600241356,0.0,0.0,0.0,0.44915835827470396,1.227216804203959,0.9308656933356517,0.015300434098428309,15.30043409842831,443.85444844542576,0.29613961631242813,0.7607401732370521,0.373112000990659,0.045051437977235764,0.2776352309738286,0.03157717705471441,3.0,0.0,5.26125941803778,1.6649391651153564,0.0
GOAL_AWARE_FINAL_PROJECTION,5,8,1.0,0.0,-0.059063553285125775,1.1642945185741382e-07,0.0,0.0,0.5527190179767683,1.6352895066190654,0.6761245544547142,0.02340793816071581,23.407938160715812,439.4319350500896,0.8266634339139574,1.697849929688504,0.17283418402075768,0.04360762104624882,0.09186742000747472,0.010532415006309748,1.0,0.0,4.4546782325895,4.454678058624268,0.0
PLAIN_FM,5,9,0.0,0.0,0.14043157986084392,0.0,0.0,0.0,1.0438763916096945,1.0387363170264607,0.6427461930393862,0.01164575953047553,11.64575953047553,2297.5316525174703,0.07764887988688458,1.3991922719483345,0.06963843799894676,0.043624192010611296,0.0,0.0,0.0,0.0,0.0,0.0,0.0
POV_L05_ALWAYS,5,9,0.0,0.0,0.08661901372975217,0.0,0.0,0.0,0.7439235567557532,0.923066274376746,0.44334557728836305,0.012380057344177242,12.380057344177244,2043.2566293971277,0.4282128535177238,1.143233535648053,1.1376814580289647,0.047475519008003175,1.0095945439534262,0.11076194792985916,7.0,0.0,30.884047687974576,2.1839656829833984,0.0
YFLOW_MAIN_PORT,5,9,1.0,0.0,-0.04689255317478212,0.0,0.0,0.0,0.43094851184517496,1.2446326831612076,0.9264327658881135,0.017536159329479717,17.536159329479716,509.72629971422487,0.27766737652142015,0.8012680564723221,0.3721011159941554,0.045147757860831916,0.27611863403581083,0.03060992300743237,3.0,0.0,5.294695787524629,1.6422338485717773,0.0
GOAL_AWARE_FINAL_PROJECTION,5,9,1.0,0.0,-0.02690309170201627,1.1642945185741382e-07,0.0,0.0,0.5445394098774604,1.5040453747134266,0.5921184795820684,0.021063740303468866,21.06374030346887,401.21094435106124,0.7742644279213369,1.5909518564122929,0.1722288790042512,0.043648532941006124,0.09116851194994524,0.009401906980201602,1.0,0.0,4.136033527105437,4.136033535003662,0.0
PLAIN_FM,5,10,0.0,0.0,0.12736707763224725,0.0,0.0,0.0,1.0138863933437379,1.0904809662410313,0.6780003033806468,0.01772321143752187,17.72321143752187,4429.1205757503785,0.08942539588070322,1.3821667818093752,0.06970968004316092,0.04357737995451316,0.0,0.0,0.0,0.0,0.0,0.0,0.0
POV_L05_ALWAYS,5,10,0.0,0.0,0.07563238783295054,0.0,0.0,0.0,0.7361623801174637,1.0017601286155253,0.47692729584027,0.011552097058542987,11.552097058542987,2001.3744129476543,0.4355105601699008,1.1024298603309528,0.9545525949797593,0.0472790629719384,0.8267919199424796,0.09262414800468832,7.0,0.0,27.11509214376958,2.2737252712249756,0.0
YFLOW_MAIN_PORT,5,10,1.0,0.0,-0.03138609922331191,0.0,0.0,0.0,0.4536830618877811,1.2394287859021982,0.9315616556794262,0.015651360524308988,15.651360524308988,447.3603703081086,0.270280838621694,0.7842361340081104,0.3716485450277105,0.04521861206740141,0.27569071197649464,0.031015543965622783,3.0,0.0,4.937641166156779,1.537057876586914,0.0
GOAL_AWARE_FINAL_PROJECTION,5,10,1.0,0.0,-0.03368707203058958,1.1642945185741382e-07,0.0,0.0,0.5586245630392792,1.5137662138639418,0.5687560247965614,0.02104268827123293,21.042688271232933,401.1802449099766,0.7593663986688126,1.508908193567307,0.17395059304544702,0.04367472295416519,0.09280005400069058,0.010433263028971851,1.0,0.0,4.124024240439706,4.124024391174316,0.0
PLAIN_FM,5,11,0.0,0.0,0.12414633673894798,0.0,0.0,0.0,1.0389437348363448,1.095945147372332,0.6704444468464524,0.024090072216807812,24.090072216807812,6634.55075813637,0.08778220732537623,1.3868349925024481,0.06946450495161116,0.043434895924292505,0.0,0.0,0.0,0.0,0.0,0.0,0.0
POV_L05_ALWAYS,5,11,0.0,0.0,0.08089341907254688,0.0,0.0,0.0,0.7408832061661024,0.7270502482685833,0.4730734501409888,0.011203477730680866,11.203477730680866,2822.464356490251,0.38405291665897345,1.0083833212180198,1.1393825139966793,0.047592922928743064,1.0108811988611706,0.11288179107941687,7.0,0.0,30.249980234279597,1.9798649549484253,0.0
YFLOW_MAIN_PORT,5,11,1.0,0.0,-0.03513664677799022,0.0,0.0,0.0,0.4604634208153352,1.009379292844803,0.7967013745599939,0.007753193127142621,7.75319312714262,254.0823854819907,0.28869544414358145,0.778149627866432,0.3716742660035379,0.04518561001168564,0.2757081540185027,0.03129794995766133,3.0,0.0,5.222738357241877,1.6198700666427612,0.0
GOAL_AWARE_FINAL_PROJECTION,5,11,1.0,0.0,-0.03149164323962569,1.1642945185741382e-07,0.0,0.0,0.5496305705077874,1.386768846430019,0.6111397129644786,0.01860734465190096,18.607344651900963,365.98752444576144,0.7214824294286907,1.4496009990610152,0.17251332703744993,0.04367782501503825,0.09137057804036885,0.009463688998948783,1.0,0.0,3.9456001598818404,3.9456002712249756,0.0
PLAIN_FM,5,12,0.0,0.0,0.13352759275806877,0.0,0.0,0.0,1.0492554882105656,1.0856201191749169,0.6522166787634698,0.01853771639613022,18.53771639613022,4399.668772795361,0.09687233426015826,1.4030506430047995,0.06994741596281528,0.04368933197110891,0.0,0.0,0.0,0.0,0.0,0.0,0.0
POV_L05_ALWAYS,5,12,0.0,0.0,0.0837379655948628,0.0,0.0,0.0,0.7476459789985587,0.9726254168506678,0.47113135519552546,0.011412714367408316,11.412714367408316,2055.6457102200775,0.43803112627114604,1.142709905223046,1.0477808819850907,0.04743829800281674,0.9194625609670766,0.10350262303836644,7.0,0.0,28.70342618093603,2.3058629035949707,0.0
YFLOW_MAIN_PORT,5,12,1.0,0.0,-0.04668152354539766,0.0,0.0,0.0,0.43638219394489725,1.2379426663012827,0.9246449027446415,0.01540885475486281,15.40885475486281,423.38685203143217,0.28562808631220643,0.7670893340790894,0.372194160008803,0.04517944302642718,0.2764378319843672,0.031337422027718276,3.0,0.0,5.255967710548527,1.6499773263931274,0.0
GOAL_AWARE_FINAL_PROJECTION,5,12,1.0,0.0,-0.04530462334694098,1.1642945185741382e-07,0.0,0.0,0.5452732376273285,1.5687723616944222,0.6231155724986583,0.02234831934874899,22.348319348748994,425.8354698757228,0.7917143431038436,1.6158527056330525,0.17370106698945165,0.04359445202862844,0.09273503202712163,0.010381842032074928,1.0,0.0,4.333299674500067,4.33329963684082,0.0
PLAIN_FM,5,13,0.0,0.0,0.12745007840998718,0.0,0.0,0.0,1.043334084162802,1.0769816991570154,0.6626184654248416,0.023291995851923986,23.291995851923986,6670.6103797084625,0.08746526114362514,1.3967351125599872,0.06986107502598315,0.04377006710274145,0.0,0.0,0.0,0.0,0.0,0.0,0.0
POV_L05_ALWAYS,5,13,0.0,0.0,0.08608123062353912,0.0,0.0,0.0,0.7262019513909027,0.7096003495558457,0.4869130744462205,0.012856619135926728,12.85661913592673,3595.5598039492997,0.3905874237984195,1.0496196718019917,1.054977104999125,0.047829237999394536,0.9255828359746374,0.10389009292703122,7.0,0.0,27.872556881173313,1.9493093490600586,0.0
YFLOW_MAIN_PORT,5,13,1.0,0.0,-0.04023305646654164,0.0,0.0,0.0,0.4482333668607432,1.2715857806797073,0.9288955577043805,0.01792685709522658,17.92685709522658,526.3536080423305,0.27757714772321446,0.8016527257829699,0.37768617895198986,0.04559480195166543,0.2805776350433007,0.03165635996265337,3.0,0.0,5.2015361341512225,1.6003663539886475,0.0
GOAL_AWARE_FINAL_PROJECTION,5,13,1.0,0.0,-0.044184235251326504,1.1642945185741382e-07,0.0,0.0,0.5583780215632226,1.5470710568051096,0.619974391602541,0.022096427375225706,22.096427375225705,420.6598596526987,0.7855923506612431,1.6076504825646656,0.17299711896339431,0.0438360670232214,0.09163465502206236,0.009922491037286818,1.0,0.0,4.255118592152208,4.2551188468933105,0.0
PLAIN_FM,5,14,0.0,0.0,0.1329804731903166,0.0,0.0,0.0,1.0442958947746432,1.06789544059692,0.6469307142423485,0.021968065970684236,21.968065970684236,5876.6174102621535,0.08220868336700622,1.3971959296716019,0.0695690470165573,0.043502389977220446,0.0,0.0,0.0,0.0,0.0,0.0,0.0
POV_L05_ALWAYS,5,14,0.0,0.0,0.0843547128968079,0.0,0.0,0.0,0.742562564260886,0.9204918859105539,0.4480765298938494,0.012491633660098644,12.491633660098644,2594.542820131496,0.43515975437273513,1.132077001748377,0.8721044069970958,0.04776384693104774,0.743090259085875,0.08419342600973323,7.0,0.0,28.162597755046775,2.273907423019409,0.0
YFLOW_MAIN_PORT,5,14,1.0,0.0,-0.046580561330332684,0.0,0.0,0.0,0.43563566339389304,1.2683643046364295,0.9331531645077522,0.017633718817012492,17.63371881701249,506.715390049374,0.27954026665266335,0.7822264075844826,0.3764226969797164,0.045606553030665964,0.27963454299606383,0.03202949895057827,3.0,0.0,5.216700936727294,1.6253023147583008,0.0
GOAL_AWARE_FINAL_PROJECTION,5,14,1.0,0.0,-0.03712901222488804,0.0,0.0,0.0,0.5487895511481695,1.5262476151268558,0.6120915657988458,0.021675293041933424,21.675293041933426,412.7958787878056,0.7809003813218065,1.6047225680708064,0.17575263895560056,0.044052622048184276,0.09393305197590962,0.010578977002296597,1.0,0.0,4.256923370199764,4.256923198699951,0.0
PLAIN_FM,5,15,0.0,0.0,0.12475338578692405,0.0,0.0,0.0,1.0097927349631268,1.0957450424609099,0.6997088622556523,0.025226998378444776,25.226998378444776,6771.982145466992,0.08598495340997601,1.351080360867846,0.07076077698729932,0.04425502585945651,0.0,0.0,0.0,0.0,0.0,0.0,0.0
POV_L05_ALWAYS,5,15,0.0,0.0,0.08601208128701904,0.0,0.0,0.0,0.7091582295832498,0.6735065031485179,0.4292520894554253,0.017059505180259116,17.05950518025912,5033.4617832572085,0.39038027726440294,1.063014041868933,1.3255786119843833,0.04765858396422118,1.1968405900406651,0.130137535976246,7.0,0.0,30.52807741271547,1.9383090734481812,0.0
YFLOW_MAIN_PORT,5,15,1.0,0.0,-0.03499002400633848,0.0,0.0,0.0,0.4463201399324828,1.1728497413055854,0.8855276542323179,0.013804918202475591,13.80491820247559,399.1294255586309,0.277494585065563,0.7895531193366104,0.46356125798774883,0.04510131012648344,0.36809084698325023,0.04176556400489062,3.0,0.0,5.204952003346745,1.5812956094741821,0.0
GOAL_AWARE_FINAL_PROJECTION,5,15,1.0,0.0,-0.02230773093883779,1.1642945185741382e-07,0.0,0.0,0.5667720307658055,1.493726276854263,0.5609949678313529,0.021080891190128674,21.08089119012868,405.8651068803995,0.755020857765077,1.5239061031070507,0.17262919002678245,0.043531917966902256,0.09191199199995026,0.01035543205216527,1.0,0.0,4.08251038571171,4.082510471343994,0.0
PLAIN_FM,5,16,0.0,0.0,0.13919052849147426,0.0,0.0,0.0,1.0682793121791567,1.0822743568308646,0.6552415359076245,0.020892055243454166,20.892055243454166,5368.343948950649,0.09767876874563142,1.4101907662987312,0.0697453820030205,0.04359581193421036,0.0,0.0,0.0,0.0,0.0,0.0,0.0
POV_L05_ALWAYS,5,16,0.0,0.0,0.08508046330116137,0.0,0.0,0.0,0.7500924931690182,0.9387162628329218,0.4464170577496258,0.012969071448904357,12.969071448904357,2581.277196222698,0.42358049046631285,1.1273129719527357,1.0454780780128203,0.04719290306093171,0.9174532940378413,0.10134096094407141,7.0,0.0,29.025016348508483,2.2360990047454834,0.0
YFLOW_MAIN_PORT,5,16,1.0,0.0,-0.061793066015960005,0.0,0.0,0.0,0.41799099715510174,1.3042242752415376,0.9359932199518829,0.019053521102213866,19.053521102213868,543.5076076653389,0.29494908594834274,0.7630415332205236,0.3764796300092712,0.045997052104212344,0.27722501300740987,0.03203557903179899,3.0,0.0,5.421668764524544,1.7424378395080566,0.0
GOAL_AWARE_FINAL_PROJECTION,5,16,1.0,0.0,-0.050077887843093666,0.0,0.0,0.0,0.5321164441882301,1.5509229453264262,0.644015864140727,0.020863578119149156,20.863578119149157,390.97942351223855,0.7946494973808295,1.6105977076164883,0.17368355696089566,0.044279910100158304,0.09222837002016604,0.010664799017831683,1.0,0.0,4.317696083636244,4.3176960945129395,0.0
PLAIN_FM,5,17,0.0,0.0,0.12144912194861254,0.0,0.0,0.0,1.0258935880358655,1.11435410123244,0.669572049098134,0.02916878576394044,29.16878576394044,8014.121242484506,0.08853324717557644,1.3873034648345668,0.07012500101700425,0.044273157021962106,0.0,0.0,0.0,0.0,0.0,0.0,0.0
POV_L05_ALWAYS,5,17,0.0,0.0,0.07701884097448025,0.0,0.0,0.0,0.7428370049202282,0.9436552271282515,0.45619371917564955,0.012521438508246163,12.521438508246163,2477.1110516270232,0.41312111234780535,1.1099459490488623,1.1507298679789528,0.0515736720408313,1.0180401570396498,0.11507182591594756,7.0,0.0,27.195724196331483,2.2696311473846436,0.0
YFLOW_MAIN_PORT,5,17,1.0,0.0,-0.036918677813792294,0.0,0.0,0.0,0.4482623515794685,1.2848189153967537,0.9361847377208857,0.01778340054807044,17.783400548070443,509.69579614800887,0.27438461730344965,0.7899530442857216,0.37492674100212753,0.04690019501140341,0.2775824919808656,0.031858004978857934,3.0,0.0,5.034704403524101,1.5651216506958008,0.0
GOAL_AWARE_FINAL_PROJECTION,5,17,1.0,0.0,-0.03717699333723655,1.1642945185741382e-07,0.0,0.0,0.5611722969262041,1.504692783694016,0.5899258712901909,0.021358358071926042,21.358358071926048,409.4469846267071,0.7637294623792663,1.5497473621480107,0.17392220301553607,0.04423656594008207,0.09244649496395141,0.010585626994725317,1.0,0.0,4.24685028330857,4.246850490570068,0.0
PLAIN_FM,5,18,0.0,0.0,0.13636715478625072,0.0,0.0,0.0,1.0539572210563113,1.056125524813487,0.628518225381057,0.022638772103336535,22.638772103336535,6113.155845956975,0.08842161031262774,1.3979164465335794,0.07023507403209805,0.04428487998666242,0.0,0.0,0.0,0.0,0.0,0.0,0.0
POV_L05_ALWAYS,5,18,0.0,0.0,0.0843228796735151,0.0,0.0,0.0,0.7428663359975041,0.9225102445423601,0.43967068115631897,0.01162553619065232,11.62553619065232,2265.843306325532,0.41479659789188017,1.1279774336999446,1.1367623370024376,0.049748447083402425,1.0055029698414728,0.1158904290641658,7.0,0.0,24.98465465263478,2.2914085388183594,0.0
YFLOW_MAIN_PORT,5,18,1.0,0.0,-0.052495645278775455,0.0,0.0,0.0,0.4261246032201297,1.3008145416943337,0.9488863055111854,0.019133641948436975,19.133641948436974,553.3440099058151,0.2852560641261773,0.7705634158674497,0.3629420190118253,0.04510603903327137,0.26904482598183677,0.03089669195469469,3.0,0.0,5.293767452643051,1.6860119104385376,0.0
GOAL_AWARE_FINAL_PROJECTION,5,18,1.0,0.0,-0.038944916914464264,1.1642945185741382e-07,0.0,0.0,0.5396031834201399,1.5331399603459226,0.6368175202671439,0.022003583801787872,22.003583801787876,423.7745927080616,0.7829593025370296,1.6099193050440583,0.1681533280061558,0.04290004196809605,0.089155882014893,0.009418478002771735,1.0,0.0,4.345041142070812,4.345041275024414,0.0
PLAIN_FM,5,19,0.0,0.0,0.12251054287680746,0.0,0.0,2.880878448486328,1.0094391631113901,1.1707519209984756,0.721173996794609,0.031732495297875474,31.732495297875474,7475.569602123413,0.08293118119337789,1.3612820874607252,0.06837856699712574,0.04303803900256753,0.0,0.0,0.0,0.0,0.0,0.0,0.0
POV_L05_ALWAYS,5,19,0.0,0.0,0.07619436247946237,0.0,0.0,0.0,0.735715713113065,0.7951869048951955,0.44361588409196656,0.012569412870184316,12.569412870184316,2725.0603050148034,0.4135761193869488,1.0234840774511422,1.2061436010408215,0.04834002204006538,1.079177822044585,0.11931847606319934,7.0,0.0,26.640386892704186,2.0812292098999023,0.0
YFLOW_MAIN_PORT,5,19,1.0,0.0,-0.030259656860428585,0.0,0.0,0.0,0.45644754360315004,1.1688757452201444,0.8836918231232359,0.013953720469075892,13.953720469075893,402.6481496845036,0.2731033859505033,0.7751717990030659,0.3626883130054921,0.04475665104109794,0.26876838895259425,0.030878910969477147,3.0,0.0,5.437889544800701,1.5412474870681763,0.0
GOAL_AWARE_FINAL_PROJECTION,5,19,1.0,0.0,-0.023499956164076984,0.0,0.0,0.0,0.5669137835076797,1.462574661738952,0.5527559260150484,0.020044193017997022,20.04419301799702,378.98302131738757,0.7527145421440808,1.5101407016597754,0.16898853902239352,0.04264593689003959,0.09001445397734642,0.010365301975980401,1.0,0.0,4.092425918738132,4.09242582321167,0.0
PLAIN_FM,5,20,0.0,0.0,0.13939879314092704,0.0,0.0,0.0,1.0475136207145448,1.0711812642381275,0.6512319213395242,0.02100427428134566,21.00427428134566,5435.092937882669,0.08701237895180589,1.3945714126813378,0.06825267401291057,0.04283505090279505,0.0,0.0,0.0,0.0,0.0,0.0,0.0
POV_L05_ALWAYS,5,20,0.0,0.0,0.08356295049787099,0.0,0.0,0.0,0.7455497689863284,0.9364523855903607,0.43324547813377196,0.01354301948884773,13.543019488847728,2825.3044612710055,0.43159629116978016,1.133825426472918,1.0662573869922198,0.04838664998533204,0.9362181409960613,0.10487743897829205,7.0,0.0,27.266670124860994,2.2173209190368652,0.0
YFLOW_MAIN_PORT,5,20,1.0,0.0,-0.041366020391787287,0.0,0.0,0.0,0.43886695084294863,1.0801353782729592,0.842638164250174,0.01074101167648267,10.741011676482671,356.7928602755733,0.2934897154340558,0.801280090857057,0.37335344299208373,0.04553164105163887,0.27706911001587287,0.030633983958978206,3.0,0.0,5.29255976570837,1.6590725183486938,0.0
GOAL_AWARE_FINAL_PROJECTION,5,20,1.0,0.0,-0.038756125089481466,1.1642945185741382e-07,0.0,0.0,0.5479463816978498,1.5566815097615192,0.6038656132763853,0.022203157843459706,22.203157843459707,420.36747693409984,0.7960570881029904,1.6335957903825415,0.17258491000393406,0.043482267938088626,0.09186945098917931,0.010016012995038182,1.0,0.0,4.274444844217574,4.274445056915283,0.0
PLAIN_FM,5,21,0.0,0.0,0.13197784931088635,0.0,0.0,0.0,1.0328898758395564,1.078201447187949,0.6804303572561561,0.02253477280537819,22.534772805378193,5904.706637601098,0.08578386336882078,1.3748251849651896,0.0696709300391376,0.04362571204546839,0.0,0.0,0.0,0.0,0.0,0.0,0.0
POV_L05_ALWAYS,5,21,0.0,0.0,0.08113089781454358,0.0,0.0,0.0,0.7427988405944587,0.8174715019572985,0.469128037401777,0.012205245964961087,12.205245964961087,2653.6086205681822,0.37507380857168326,1.0314588230797728,1.055736243026331,0.04954442189773545,0.9234721029642969,0.10476927895797417,7.0,0.0,24.92102337769081,2.011732339859009,0.0
YFLOW_MAIN_PORT,5,21,1.0,0.0,-0.04156010515681187,0.0,0.0,0.0,0.4461667982474314,1.2784579633556772,0.9489810146030421,0.018350706218657087,18.350706218657088,530.9270785341769,0.2696626311639705,0.7977693323368228,0.4627978630014695,0.04646266595227644,0.3657573499949649,0.039108318043872714,3.0,0.0,4.875008092409856,1.5930519104003906,0.0
GOAL_AWARE_FINAL_PROJECTION,5,21,1.0,0.0,-0.02866253173432732,1.1642945185741382e-07,0.0,0.0,0.547952625229118,1.4514451290446306,0.610481768145269,0.02020819696875952,20.208196968759523,392.1003038087856,0.7465469026703562,1.5259780021574452,0.1726480719516985,0.0440934540820308,0.09126925596501678,0.00963673397200182,1.0,0.0,4.075974584524943,4.075974464416504,0.0
PLAIN_FM,5,22,0.0,0.0,0.1400190696399378,0.0,0.0,0.0,1.0615292575118238,1.0906050307423536,0.6758551876602804,0.024327636343722148,24.327636343722148,6815.4698987258125,0.09371391364075793,1.413688024438203,0.0700872799498029,0.04399608209496364,0.0,0.0,0.0,0.0,0.0,0.0,0.0
POV_L05_ALWAYS,5,22,0.0,0.0,0.08744181664974121,0.0,0.0,0.0,0.7438256787967711,0.9417827080482709,0.46879117917597174,0.015776700261195487,15.776700261195487,3775.892249914303,0.424699091984173,1.1358260410658607,1.429550149012357,0.04856940807076171,1.2997873719432391,0.14648944104555994,7.0,0.0,29.104552288745978,2.228351354598999,0.0
YFLOW_MAIN_PORT,5,22,1.0,0.0,-0.05002197095806572,0.0,0.0,0.0,0.4322534917141547,1.268561808192989,0.9411572407396631,0.017587386901378343,17.587386901378345,493.268542934816,0.2846031125324779,0.7755261585981341,0.37505274603608996,0.0456710530561395,0.27858217898756266,0.03167330002179369,3.0,0.0,5.525265375928816,1.701509714126587,0.0
GOAL_AWARE_FINAL_PROJECTION,5,22,1.0,0.0,-0.045458493723350146,1.1642945185741382e-07,0.0,0.0,0.5363693432083679,1.577555541086291,0.6654916801898186,0.022600491771474166,22.600491771474168,430.38932565791396,0.7996925756813538,1.6571076998990832,0.17430389404762536,0.04399409098550677,0.09300490003079176,0.010575277032330632,1.0,0.0,4.348178088506979,4.348177909851074,0.0
PLAIN_FM,5,23,0.0,0.0,0.12377824964561984,0.0,0.0,0.0,1.0049267080194686,1.103162203808835,0.6716654219162134,0.02230940672996784,22.30940672996784,5587.77356856437,0.08370329340441163,1.3755725737107396,0.06989618600346148,0.043827747053001076,0.0,0.0,0.0,0.0,0.0,0.0,0.0
POV_L05_ALWAYS,5,23,0.0,0.0,0.07580975896371961,0.0,0.0,0.0,0.7381304138407555,0.9581514723415767,0.4574699142840006,0.013157820517531116,13.157820517531116,2205.980938602936,0.4159144592228947,1.1002362041962848,1.1510455639800057,0.048407831927761436,1.0214922310551628,0.11495545296929777,7.0,0.0,29.94203249160667,2.187105417251587,0.0
YFLOW_MAIN_PORT,5,23,1.0,0.0,-0.0271078076153409,0.0,0.0,0.0,0.4619142989517661,1.208115544489008,0.8882346753579037,0.01458006796497037,14.580067964970368,414.20690554577897,0.2678732682819201,0.8041900633752939,0.3737156229908578,0.04549517895793542,0.27759309503016993,0.03137730300659314,3.0,0.0,4.805277068354998,1.480305790901184,0.0
GOAL_AWARE_FINAL_PROJECTION,5,23,1.0,0.0,-0.025023456083162525,1.1642945185741382e-07,0.0,0.0,0.5713287441108916,1.4821716347609584,0.547443324086464,0.02041663030519679,20.41663030519679,390.03215068728196,0.7509344280172952,1.500216580538282,0.17426774400519207,0.043825057975482196,0.0930894820485264,0.010585187992546707,1.0,0.0,4.079055991183713,4.079056262969971,0.0
PLAIN_FM,5,24,0.0,0.0,0.13310987595684623,0.0,0.0,0.0,1.055341158864158,1.0778147675346461,0.6521379763837094,0.025936653270338006,25.93665327033801,7167.983244135634,0.10165621185771176,1.3991550062901605,0.07015999301802367,0.043936170055530965,0.0,0.0,0.0,0.0,0.0,0.0,0.0
POV_L05_ALWAYS,5,24,0.0,0.0,0.09617032546567142,0.0,0.0,0.0,0.7340784311859414,0.8157703911617833,0.4317753596235039,0.012975375448847082,12.975375448847082,3359.7379925991427,0.42673489856263036,1.1190237235975202,1.2359111600089818,0.048019404988735914,1.106993102002889,0.11952475016005337,7.0,0.0,26.13845322985135,2.1223244667053223,0.0
YFLOW_MAIN_PORT,5,24,1.0,0.0,-0.04461722734164973,0.0,0.0,0.0,0.43636677282898717,1.276685558287139,0.9251120395346208,0.018416995392754987,18.416995392754988,531.6853862649185,0.2876903955241409,0.7921064073775601,0.37449924304382876,0.04558907198952511,0.2782700010575354,0.03171873994870111,3.0,0.0,5.319497077489197,1.6625359058380127,0.0
GOAL_AWARE_FINAL_PROJECTION,5,24,1.0,0.0,-0.04641252459186555,0.0,0.0,0.0,0.5609563230020366,1.5715522136487647,0.6254185072210692,0.022255658831524354,22.255658831524357,415.0727125925139,0.808858669125516,1.6610164429939385,0.17375340999569744,0.043771577009465545,0.09263482101960108,0.010582028015051037,1.0,0.0,4.369884886558202,4.369884490966797,0.0
PLAIN_FM,5,25,0.0,0.0,0.1366305743120511,0.0,0.0,0.0,1.0666923179307208,1.0785557315163727,0.6771233309508278,0.019511125782474714,19.511125782474714,4827.811503395728,0.09682769714145502,1.4160182935535317,0.06996139697730541,0.0438263580435887,0.0,0.0,0.0,0.0,0.0,0.0,0.0
POV_L05_ALWAYS,5,25,0.0,0.0,0.08839591051281906,0.0,0.0,0.0,0.7512962458368225,0.9358789927717858,0.4851525865104474,0.013721256998880493,13.721256998880495,2707.8477102497886,0.4193821546586577,1.1405764620084766,0.9590350340004079,0.048128715134225786,0.8301228580530733,0.09151994495186955,7.0,0.0,27.493750759656805,2.224752426147461,0.0
YFLOW_MAIN_PORT,5,25,1.0,0.0,-0.05182396758354882,0.0,0.0,0.0,0.4356423211693859,1.295379037678948,0.9608023680941109,0.01904367707784206,19.043677077842062,557.7783502048864,0.28334024121777,0.7690865247225166,0.3730263560428284,0.045390276063699275,0.2771354930009693,0.03150041599292308,3.0,0.0,5.385433432355447,1.700792908668518,0.0
GOAL_AWARE_FINAL_PROJECTION,5,25,1.0,0.0,-0.043158468426608115,1.1642945185741382e-07,0.0,0.0,0.5375302222402978,1.5124807647696497,0.6649377769470611,0.021209432161145257,21.209432161145255,410.318017178588,0.77432961578845,1.5854800581875745,0.17242625704966486,0.04379265499301255,0.09140873997239396,0.009484080015681684,1.0,0.0,4.23545143666761,4.2354512214660645,0.0
PLAIN_FM,5,26,0.0,0.0,0.12586131850243307,0.0,0.0,0.0,1.0340093124365326,1.1019297922122353,0.6600821664658026,0.020905200271795543,20.905200271795543,5395.998838712225,0.10520206764046715,1.385989899925772,0.07021749496925622,0.043993870029225945,0.0,0.0,0.0,0.0,0.0,0.0,0.0
POV_L05_ALWAYS,5,26,0.0,0.0,0.07981899013882965,0.0,0.0,0.0,0.7383385170283104,0.9738146734161448,0.45255060085161675,0.014890091283869422,14.890091283869422,3136.952377313506,0.4391272402501989,1.1264330234936768,0.9672708339639939,0.0481998180039227,0.8376096350839362,0.09391397313447669,7.0,0.0,30.240738358020465,2.2731728553771973,0.0
YFLOW_MAIN_PORT,5,26,1.0,0.0,-0.03884063899917946,0.0,0.0,0.0,0.44705296761543284,1.2868608051329482,0.9278918808704555,0.01795229721539232,17.95229721539232,517.2585609320879,0.2826073302728263,0.7735335122974566,0.3756370019982569,0.045906527899205685,0.2787032620399259,0.031532047025393695,3.0,0.0,5.091560669642895,1.5774811506271362,0.0
GOAL_AWARE_FINAL_PROJECTION,5,26,1.0,0.0,-0.05345439087100615,1.1642945185741382e-07,0.0,0.0,0.5624189919954149,1.6152034973441276,0.60443019408297,0.02326634344102418,23.26634344102418,437.4162712369921,0.8107158378548844,1.6341164417921263,0.17370653001125902,0.04384364699944854,0.0925874300301075,0.010513546003494412,1.0,0.0,4.387693830304323,4.387693881988525,0.0
PLAIN_FM,5,27,0.0,0.0,0.12973567537672648,0.0,0.0,0.0,1.0395049501269957,1.1005174794937993,0.6750289835877111,0.019849540596180937,19.849540596180937,4914.663905404027,0.09354213237417795,1.3980223523352204,0.06988960597664118,0.043780714040622115,0.0,0.0,0.0,0.0,0.0,0.0,0.0
POV_L05_ALWAYS,5,27,0.0,0.0,0.0833322973919785,0.0,0.0,0.0,0.7471529354073101,0.9444339303415987,0.45921363915595004,0.013090324232891026,13.090324232891028,2631.4805317656064,0.4298562260964961,1.1348065493009998,1.0496923479950055,0.04790059890365228,0.9211248079664074,0.10127606993773952,7.0,0.0,27.47368939211775,2.238964796066284,0.0
YFLOW_MAIN_PORT,5,27,1.0,0.0,-0.032000497499464875,0.0,0.0,0.0,0.45412762863249967,1.2734316922845241,0.9266235408054668,0.01827817823552086,18.27817823552086,541.7802197131283,0.27616694704411826,0.801560122698642,0.37324785196688026,0.04568947397638112,0.2769861390115693,0.03084141993895173,3.0,0.0,5.0901720705929545,1.59209406375885,0.0
GOAL_AWARE_FINAL_PROJECTION,5,27,1.0,0.0,-0.03348127390014698,1.1642945185741382e-07,0.0,0.0,0.5578964918794385,1.5266012143816332,0.6251395640159995,0.021674914182094527,21.67491418209453,414.4257671933883,0.7790206084667284,1.6117999026008594,0.17381704301806167,0.04384495806880295,0.0925607190001756,0.010489805019460618,1.0,0.0,4.234742112101712,4.234742164611816,0.0
PLAIN_FM,5,28,0.0,0.0,0.129680420567426,0.0,0.0,0.0,1.052421392209803,1.070607976477776,0.6628559860432801,0.03073604198352875,30.736041983528754,8824.575271971733,0.10183946817390555,1.3886670687792417,0.06990364601369947,0.0437634049449116,0.0,0.0,0.0,0.0,0.0,0.0,0.0
POV_L05_ALWAYS,5,28,0.0,0.0,0.08824401911590113,0.0,0.0,0.0,0.7533986326887351,0.9024486185175238,0.46304547900476145,0.016932693375722785,16.932693375722785,4288.54843293216,0.4204641985733318,1.133337058435404,1.2379174759844318,0.04833441408118233,1.1082328670308925,0.12034649914130569,7.0,0.0,29.21344542349344,2.095315933227539,0.0
YFLOW_MAIN_PORT,5,28,1.0,0.0,-0.0404951558875674,0.0,0.0,0.0,0.44224439831788115,1.1667550343340667,0.8956159096337135,0.01400353915467889,14.00353915467889,414.17342436036455,0.2981463080077058,0.7746635733777713,0.37315399100771174,0.04546349903102964,0.27715940499911085,0.031361511966679245,3.0,0.0,5.296508552773553,1.6494487524032593,0.0
GOAL_AWARE_FINAL_PROJECTION,5,28,1.0,0.0,-0.03690569345940269,0.0,0.0,0.0,0.557510639478071,1.5083349901032161,0.6155445986224958,0.021235794643242305,21.235794643242308,403.16166659779157,0.7817390247407139,1.6004854288443455,0.17389355500927195,0.044012052938342094,0.09240658499766141,0.01052903599338606,1.0,0.0,4.15598350644896,4.1559834480285645,0.0
PLAIN_FM,5,29,0.0,0.0,0.11950760551752534,0.0,0.0,1.3947796821594238,1.0233471255000852,1.187284871767115,0.72881656094256,0.05464236486441987,54.642364864419875,16405.9892496363,0.10999435863755125,1.366117595292436,0.07005530002061278,0.043889709981158376,0.0,0.0,0.0,0.0,0.0,0.0,0.0
POV_L05_ALWAYS,5,29,0.0,0.0,0.0689490105153872,0.0,0.0,0.0,0.5682358481805986,1.26250138033817,0.6596821442843186,0.02507020014546768,25.07020014546768,5919.85591990003,0.6649765035852806,1.5398198403221128,1.4221832439652644,0.047929289867170155,1.2934076599776745,0.14461158600170165,7.0,0.0,31.007065872159878,3.420607328414917,0.0
YFLOW_MAIN_PORT,5,29,1.0,0.0,-0.03172696066357222,0.0,0.0,0.0,0.45808959709877695,1.201754307449589,0.9129337169857541,0.013534124951562546,13.534124951562546,351.44291652551976,0.2798751730248149,0.7677937856688429,0.5579145610099658,0.045654843968804926,0.46140583301894367,0.05180803907569498,3.0,0.0,4.786986904270076,1.5501298904418945,0.0
GOAL_AWARE_FINAL_PROJECTION,5,29,1.0,0.0,-0.073257725652497,0.0,0.0,0.0,0.7618422025287032,1.699555498224279,1.100194420606698,0.013813344468126654,13.813344468126656,259.79661328903165,0.9885203392217343,1.900998398121484,0.26563801401061937,0.04381257697241381,0.184511762985494,0.02076825499534607,1.0,0.0,5.130739483370315,5.130739688873291,0.0
PLAIN_FM,5,30,0.0,0.0,0.12383448345619164,0.0,0.0,0.0,1.019522418793495,1.0766578620645655,0.6826888120876918,0.02150550997921652,21.505509979216523,5351.55344651903,0.09410739871252224,1.3625216393447568,0.0699918789905496,0.04387472907546908,0.0,0.0,0.0,0.0,0.0,0.0,0.0
POV_L05_ALWAYS,5,30,0.0,0.0,0.08127803065636605,0.0,0.0,0.0,0.7143449338012301,0.7097556415837476,0.4841351789191174,0.009734397644565185,9.734397644565185,2276.8994234528604,0.315330814375709,1.1021246978630523,1.3312942889751866,0.049166471988428384,1.20085697399918,0.1335295081953518,7.0,0.0,26.731664946012252,1.6745668649673462,0.0
YFLOW_MAIN_PORT,5,30,1.0,0.0,-0.031707113342940116,0.0,0.0,0.0,0.4568853573991543,1.2444364059284312,0.926073438631165,0.016116720700568243,16.116720700568244,467.6871793686088,0.2722725784212985,0.7798800581033198,0.37581937899813056,0.04666958103189245,0.27861814200878143,0.03175708302296698,3.0,0.0,5.014336904232432,1.5508477687835693,0.0
GOAL_AWARE_FINAL_PROJECTION,5,30,1.0,0.0,-0.0432140408082575,1.1642945185741382e-07,0.0,0.0,0.5648844747702358,1.5677998674965545,0.5862683217903473,0.022691274072885844,22.691274072885847,432.33148746662437,0.787507307212298,1.5919509155003737,0.17438592802500352,0.04428492108127102,0.09281924599781632,0.010582437040284276,1.0,0.0,4.290772182652599,4.290772438049316,0.0
PLAIN_FM,5,31,0.0,0.0,0.12854701785550504,0.0,0.0,0.15999794006347656,1.0401513736625456,1.1103737966329716,0.7086791088663321,0.02831766059352514,28.317660593525144,7607.384799651572,0.10940522568194976,1.3874594186765838,0.07025845599127933,0.04421518818708137,0.0,0.0,0.0,0.0,0.0,0.0,0.0
POV_L05_ALWAYS,5,31,0.0,0.0,0.08580981187184347,0.0,0.0,0.0,0.745618511699751,0.951620032615545,0.4831371756879384,0.01542760717618652,15.42760717618652,3365.2816652863567,0.42006902770499427,1.1198723834749704,1.2452989569865167,0.04956004093401134,1.1149510311079212,0.12568170693702996,7.0,0.0,28.843444643032594,2.2919554710388184,0.0
YFLOW_MAIN_PORT,5,31,1.0,0.0,-0.041591806176657545,0.0,0.0,0.0,0.4503644387607784,1.2740320031946988,0.9562780814617924,0.017145654289385432,17.14565428938543,483.83820661744744,0.2802273493342657,0.7367221720860355,0.3749252069974318,0.04617095796857029,0.277994126023259,0.03156330797355622,3.0,0.0,5.161597290703776,1.6197729110717773,0.0
GOAL_AWARE_FINAL_PROJECTION,5,31,1.0,0.0,-0.0455460863520277,0.0,0.0,0.0,0.5388611998439357,1.5401486982063075,0.6363555651322566,0.021843366621505968,21.843366621505968,417.9139288812121,0.7749849348549274,1.5696435716136865,0.17256872198777273,0.043557990924455225,0.09202711598481983,0.010437374003231525,1.0,0.0,4.301131954054571,4.3011322021484375,0.0
