method,task_id,seed,collision,success,min_clearance,joint_limit_violation,velocity_violation,acceleration_violation,terminal_goal_error,joint_path_length,ee_path_length,smoothness,acceleration_cost,jerk_cost,reference_distance,terminal_joint_error,planning_latency_sec,fm_latency_sec,projection_latency_sec,projection_solver_latency_sec,projection_calls,failed_projection_solves,projection_correction_sum,final_correction_magnitude,trajectory_distortion_vs_plain
PLAIN_FM,0,0,0.0,0.0,0.07128309431491557,0.0,0.26482270326614366,3.9021146297454834,0.4667795981086212,3.2125233831537368,0.8903069096375384,0.0547209868745947,54.7209868745947,12386.080328951233,0.13812201875114405,1.43700027116363,0.09214533097110689,0.044926579983439296,0.0,0.0,0.0,0.0,0.0,0.0,0.0
FINAL_PROJECTION,0,0,0.0,0.0,0.1975912467031396,0.0,0.0,0.0,1.1475510492858678,1.4224343351320927,0.46683581385933287,0.011135413292393537,11.135413292393537,201.86305202960497,1.0419398666658408,3.240825998994615,0.4480580069939606,0.04293021804187447,0.36694095202255994,0.03294633800396696,1.0,0.0,5.491189837575335,5.491189837575335,5.491189956665039
CURRENT_STATE_PROJECTION,0,0,0.0,0.0,0.12958814683632813,0.0,0.1443825778007506,0.451357364654541,0.7561090411739493,2.7670593692637575,0.7847899432579796,0.041130724723333456,41.13072472333346,8814.490557410414,0.34022922776630465,1.9145157022720891,7.400729376007803,0.0505213359137997,7.267529043019749,0.8161595557467081,7.0,6.0,17.78232367403615,0.0,1.7104145288467407
POV_ENDPOINT_PROJECTION,0,0,0.0,0.0,0.1190423533774,0.0,8.757091419506073,173.38208228349686,1.3000364317435211,17.243231381408467,7.141527026109152,56.80916224403051,56809.16224403051,16912391.63751676,1.954740838320582,3.1397160482407007,7.457122374966275,0.04894695692928508,7.325614633969963,0.8297304312000051,7.0,3.0,27.709338837456208,2.1440282964762933,8.303975105285645
PLAIN_FM,0,1,0.0,0.0,0.0542539540896924,0.0,0.2275168464660644,0.0,0.448154549978916,3.1815735877522284,0.8986559665992776,0.047675735956651616,47.675735956651614,10510.871320750486,0.1331795841682959,1.3733572617495895,0.07157327700406313,0.04450255003757775,0.0,0.0,0.0,0.0,0.0,0.0,0.0
FINAL_PROJECTION,0,1,0.0,0.0,0.36039064109568064,0.0,0.0,0.0,1.0518368998650671,1.9536768410670424,0.4493080436261996,0.019835390294137133,19.835390294137135,277.53424593744,0.5816132583080763,2.2266244008569633,0.5351823410019279,0.04326706990832463,0.4534703000099398,0.03843736200360581,1.0,0.0,3.014688000483484,3.014688000483484,3.014688014984131
CURRENT_STATE_PROJECTION,0,1,0.0,0.0,0.020800638523720272,0.0,0.04618541564941392,2.5129330158233643,0.7989744142915538,2.027863460988351,0.5970587477018953,0.0784006542742528,78.4006542742528,21514.99194475157,0.6647857450576659,2.430888145892851,7.661786832031794,0.049279354920145124,7.530778952001128,0.8411789448582567,7.0,6.0,22.813006702380314,0.0,3.3367362022399902
POV_ENDPOINT_PROJECTION,0,1,0.0,0.0,0.06128513450887976,0.0,9.99532059993744,207.219300866127,1.4667877483263505,20.398616509231744,8.334890754293761,77.8040047020943,77804.0047020943,23074075.65976286,2.11225613752993,2.989859884168129,7.789513778989203,0.048054104030597955,7.6593800819828175,0.8633030068012886,7.0,5.0,32.41457153795717,2.981652076173187,8.917344093322754
PLAIN_FM,0,2,0.0,0.0,0.06846092663355709,0.0,0.24138332571983323,0.0,0.4507020561450803,3.2000971500175366,0.8754920496473305,0.038110066969049394,38.11006696904939,7002.454474949251,0.15219075423646974,1.4189390159689457,0.07058830297319219,0.04389381513465196,0.0,0.0,0.0,0.0,0.0,0.0,0.0
FINAL_PROJECTION,0,2,1.0,0.0,-0.055700463811656456,0.0,0.0,0.0,0.6407587538658921,1.6045079298766056,0.6462775642393218,0.013731564064363738,13.731564064363738,188.21735907551542,0.6574120599299982,2.140502369441289,0.4405764950206503,0.0429331409977749,0.3597257649526,0.029154161049518734,1.0,0.0,3.444922527090865,3.444922527090865,3.444922685623169
CURRENT_STATE_PROJECTION,0,2,0.0,0.0,0.036843217229341,0.0,0.07401840057373033,8.291287422180176,0.6609573871435968,2.2101780328674736,0.696999124259022,0.09832984118127008,98.32984118127008,28312.97903247716,0.5067848770513382,2.1742900796846905,7.038142287987284,0.04962794505991042,6.906453327974305,0.7450686212396249,7.0,6.0,19.841618952614837,0.0,2.7414395809173584
POV_ENDPOINT_PROJECTION,0,2,0.0,0.0,0.05666280249604867,0.0,10.810432590675354,185.55042266845703,1.3420416457604636,17.423126798788978,6.385794024360502,56.53837058852608,56538.370588526086,16896895.585146744,1.8481548130483871,3.356511343922118,6.568812923971564,0.049094545014668256,6.437589865992777,0.7202648021047935,7.0,2.0,29.25923860967029,3.42141950880813,8.080445289611816
PLAIN_FM,0,3,0.0,0.0,0.07206453917989504,0.0,0.2089800056457518,2.84456729888916,0.45921352991696374,3.2012565841264995,0.9058163467177829,0.04113670616714238,41.13670616714238,7680.173216384212,0.12849558717346254,1.4480022872149885,0.0703546489821747,0.04376419394975528,0.0,0.0,0.0,0.0,0.0,0.0,0.0
FINAL_PROJECTION,0,3,0.0,0.0,0.3432947055563953,0.0,0.0,0.0,1.0555576289126838,1.6823633374217009,0.35436520315993675,0.014682747666246457,14.682747666246456,192.06859905453211,0.6321380381636178,2.361101907526394,0.44035947002703324,0.042803218064364046,0.35976327396929264,0.029017398017458618,1.0,0.0,3.386672848672454,3.386672848672454,3.3866727352142334
CURRENT_STATE_PROJECTION,0,3,0.0,0.0,0.05948938609885869,0.0,0.13467685546874986,1.6523313522338867,0.5436982092806159,2.8565938145513217,0.7989917506312983,0.04057755678449271,40.577556784492714,8843.902882474387,0.19411417478767223,1.7063449924194034,4.782435290981084,0.04862043907633051,4.652629557065666,0.49830193899106234,7.0,4.0,18.74732807947314,0.0,0.9626033902168274
POV_ENDPOINT_PROJECTION,0,3,1.0,0.0,-0.021215398805207952,0.0,12.575714678049087,237.0288473367691,1.0939159426197964,17.655450908403083,7.773724581226247,67.94488470892546,67944.88470892549,21464378.421725344,1.9304268432310305,2.9149893533269338,6.977671037020627,0.04808506910922006,6.8477071900852025,0.7371661629294977,7.0,3.0,30.506615165223863,2.754888342941297,8.383553504943848
PLAIN_FM,0,4,0.0,0.0,0.07344253612534968,0.0,0.31594977941513047,1.2879979610443115,0.4554710032326637,3.227788364615522,0.8601428529939373,0.04661211657227504,46.61211657227504,10484.056012830557,0.15879118864958097,1.4085414392819284,0.07045615295646712,0.043824936903547496,0.0,0.0,0.0,0.0,0.0,0.0,0.0
FINAL_PROJECTION,0,4,0.0,0.0,0.31576454066046156,0.0,0.0,0.0,0.8413109269886762,1.9701194304802618,0.3388895876146471,0.02035368947526961,20.353689475269608,261.7066993912542,0.4893598639821148,2.269697787367428,0.440219086012803,0.042988605971913785,0.35919878602726385,0.02894051600014791,1.0,0.0,2.734072728612426,2.734072728612426,2.734072685241699
CURRENT_STATE_PROJECTION,0,4,0.0,0.0,0.05251577152590216,0.0,0.15199796524047837,3.8120102882385254,0.5933576049104567,2.647714288258913,0.7623624029675341,0.049483308925208025,49.48330892520803,11547.895626449377,0.2842176526068215,1.8624754429737695,4.770814740040805,0.048590982041787356,4.641102593916003,0.5040292801568285,7.0,4.0,21.03073429527923,0.0,1.616729497909546
POV_ENDPOINT_PROJECTION,0,4,1.0,0.0,-0.06354879293541055,0.0,12.315282386207581,227.52448439598083,1.3680887466110379,19.492949709325647,9.252460045115036,80.7819170326023,80781.9170326023,25399734.08334772,1.9344053319328776,2.821451634843937,7.609173728036694,0.048696577083319426,7.47752951196162,0.84552884491859,7.0,5.0,29.546919338495123,4.899610222117705,8.296666145324707
PLAIN_FM,0,5,0.0,0.0,0.06871894711325184,0.0,0.4044778760910033,0.9894442558288574,0.45396397892630014,3.2318001489384773,0.9142575046786916,0.04543701543915146,45.43701543915146,8801.735405676902,0.1358455085866821,1.385202283025336,0.07084523397497833,0.04431959899375215,0.0,0.0,0.0,0.0,0.0,0.0,0.0
FINAL_PROJECTION,0,5,0.0,0.0,0.23915015999391057,0.0,0.0,0.0,0.7444081204039407,2.2040194264669504,0.48522098691804527,0.02519081498984585,25.190814989845848,326.7786519148663,0.5733121621148825,2.0140892903975693,0.540407408028841,0.04321900993818417,0.459023708011955,0.044927095994353294,1.0,0.0,3.0133191283406284,3.0133191283406284,3.013319253921509
CURRENT_STATE_PROJECTION,0,5,1.0,0.0,-0.01861823964996146,0.0,0.21799908246994004,3.047151565551758,0.5243557128624665,2.271315239547391,0.7097308696386135,0.09868096673489823,98.68096673489825,29010.445730955325,0.5511252631885788,2.0259678941085015,7.840312231041025,0.05014570301864296,7.707856871013064,0.8539543150109239,7.0,7.0,22.59785020572013,0.0,2.7986652851104736
POV_ENDPOINT_PROJECTION,0,5,0.0,0.0,0.11111507355023345,0.0,15.359319009017945,228.88876914978027,1.0627119698354548,19.619203487562945,6.738849717415242,75.1249496531019,75124.94965310191,21875375.701525807,2.0466631272118923,2.8746030752589644,6.33736519300146,0.04806830792222172,6.207211945031304,0.6719024550984614,7.0,2.0,31.407856892348885,3.178572163550702,8.717201232910156
PLAIN_FM,0,6,0.0,0.0,0.06484939355565979,0.0,0.2835099514961241,2.738626003265381,0.44167463901593484,3.2023848000459663,0.910502013088369,0.04454768841918677,44.54768841918678,8511.49543714107,0.14292172461080252,1.4344313955465378,0.07100429001729935,0.04421982797794044,0.0,0.0,0.0,0.0,0.0,0.0,0.0
FINAL_PROJECTION,0,6,0.0,0.0,0.3814229798642027,0.0,0.0,0.0,1.3164287585201195,1.8862790731151482,0.721332767956544,0.0201298056193962,20.1298056193962,298.85821285840495,0.7427287056172636,2.7173868816195177,0.35146095894742757,0.04294786509126425,0.2705642390064895,0.023013593978248537,1.0,0.0,4.088886804151886,4.088886804151886,4.088886737823486
CURRENT_STATE_PROJECTION,0,6,0.0,0.0,0.10901131117243797,0.0,0.08122460212707505,6.059272289276123,0.6838308591641755,2.559023803738794,0.758011170030605,0.06547883037987567,65.47883037987567,16419.74276873732,0.3468309804693366,2.0270161533668642,6.065270666964352,0.05024667695397511,5.933424464077689,0.6618234957568347,7.0,5.0,21.26855907289853,0.0,1.9100297689437866
POV_ENDPOINT_PROJECTION,0,6,0.0,0.0,0.1829062737073105,0.0,8.202255325126648,159.80774879455566,1.0682736339694214,16.8430048301195,5.515249849143949,52.91491450267672,52914.91450267673,15121155.191716857,2.0315937741162546,3.1114254843640783,7.330750336986966,0.04932645498774946,7.198890190047678,0.8071474073221907,7.0,4.0,29.496144318807318,1.7714577772988636,8.600441932678223
PLAIN_FM,0,7,0.0,0.0,0.06774255636681951,0.0,0.28606490459442124,0.2149057388305664,0.4510840570144335,3.2081582566018483,0.9275421565363855,0.04082554702899832,40.82554702899832,7358.138151546002,0.12441299199805718,1.3904349254506188,0.07060329196974635,0.04392679303418845,0.0,0.0,0.0,0.0,0.0,0.0,0.0
FINAL_PROJECTION,0,7,0.0,0.0,0.3379260762625066,0.0,0.0,0.0,1.1448719219434245,1.7249366534171853,0.5000829260405917,0.015849098621051327,15.849098621051326,225.39464271957854,0.7435323223094026,2.3145487569382195,0.5360791180282831,0.04272187006426975,0.4554456930491142,0.04146100702928379,1.0,0.0,3.911034017978257,3.911034017978257,3.911034107208252
CURRENT_STATE_PROJECTION,0,7,1.0,0.0,-0.016393936796234444,0.0,0.0,6.3410115242004395,0.6923898657742446,2.235923662405113,0.6593008934817328,0.09572066101625953,95.72066101625954,28339.491767848653,0.47962698056397124,1.8982015936120495,7.241018080036156,0.049110375926829875,7.110270860022865,0.7841534859035164,7.0,6.0,19.562678394186005,0.0,2.5422699451446533
POV_ENDPOINT_PROJECTION,0,7,0.0,0.0,0.07382090945087115,0.0,13.977722090148927,248.47967147827148,1.5276808513359539,22.486925440125706,9.360832589169855,100.42659214378394,100426.59214378396,30003324.16744701,2.017233041245052,3.1764038750579076,6.811104274005629,0.048096812912262976,6.6816246380330995,0.737943343934603,7.0,3.0,28.163247377088418,2.538360152441327,8.518811225891113
PLAIN_FM,0,8,0.0,0.0,0.06493468607751472,0.0,0.33966855373382554,1.3835203647613525,0.4525520510612393,3.183833300789873,0.8632210541042896,0.04204791911927297,42.04791911927297,8486.41914696826,0.15207109830735113,1.4250701717156975,0.07031882600858808,0.043777659127954394,0.0,0.0,0.0,0.0,0.0,0.0,0.0
FINAL_PROJECTION,0,8,0.0,0.0,0.3814229798642027,0.0,0.0,0.0,1.2384007264918508,1.2482083549573093,0.5859396347343134,0.008780932651195172,8.780932651195172,181.10206139603235,0.8976392259058118,2.9859954164606703,0.4449685689760372,0.04292348609305918,0.3642385500133969,0.03312297898810357,1.0,0.0,4.878810294115051,4.878810294115051,4.878810405731201
CURRENT_STATE_PROJECTION,0,8,0.0,0.0,0.029734772661781574,0.0,0.27136997547149644,9.534807205200195,0.7049740043201825,2.49417040976306,0.6872567644876746,0.16755505870799325,167.55505870799325,55113.62096284432,0.40661006668449196,1.7422911634729723,7.1142614260315895,0.049373027053661644,6.982744752021972,0.769810342870187,7.0,6.0,20.364465766295133,0.0,2.1799726486206055
POV_ENDPOINT_PROJECTION,0,8,1.0,0.0,-0.015641600055360277,0.0,12.30202363100052,226.39703273773193,1.5922494143147383,19.888200284660652,9.89605687052294,80.66781776465477,80667.81776465477,24267365.810740456,2.0420632539969725,3.662044110679702,6.767389938002452,0.04979886609362438,6.6349085890105926,0.7520425611874089,7.0,3.0,31.354950131748993,2.2229358121701215,8.896934509277344
PLAIN_FM,0,9,0.0,0.0,0.07364178948492252,0.0,0.265439536833763,2.3151707649230957,0.43765586741901186,3.256729275238188,0.8856193737404882,0.046621832619168274,46.62183261916827,9462.503938171189,0.19171428829971937,1.3980998517975012,0.07048143196152523,0.043997764121741056,0.0,0.0,0.0,0.0,0.0,0.0,0.0
FINAL_PROJECTION,0,9,0.0,0.0,0.3778152494909337,0.0,0.0,0.0,1.0008956003792024,2.0765705655389497,0.48792257783816473,0.023262445728660267,23.262445728660268,322.94673716935904,0.5746987546783746,2.2004221561580044,0.4375838139676489,0.04278453305596486,0.35698901704745367,0.02623025799402967,1.0,0.0,3.302788656747886,3.302788656747886,3.302788734436035
CURRENT_STATE_PROJECTION,0,9,0.0,0.0,0.04641261381908808,0.0,0.15349970426559434,3.627605438232422,0.5841545655560566,2.6739498767770846,0.7706272553415313,0.048160211965831756,48.16021196583176,11156.989889335468,0.2829902001676486,1.85425208286538,4.440016458043829,0.04971806501271203,4.309068227012176,0.4573744180961512,7.0,3.0,17.403492112027184,0.0,1.6869151592254639
POV_ENDPOINT_PROJECTION,0,9,0.0,0.0,0.029328745321052035,0.0,11.414401786136628,185.56661427021027,1.2947442902531074,15.71345276681394,6.433696784497525,46.98653931994949,46986.5393199495,13639483.553127173,1.8224017574421423,3.3253464703953752,7.112909550021868,0.04874954005936161,6.982801980979275,0.7793978840927593,7.0,3.0,37.49011874159724,6.194071580869346,8.036194801330566
PLAIN_FM,0,10,0.0,0.0,0.05368686935653379,0.0,0.29797719087600694,1.0349345207214355,0.4259373115424244,3.2093802357701513,0.9072455304795978,0.03842669061557924,38.42669061557925,7829.268188754758,0.16294654301049677,1.3296472575301659,0.07075616001384333,0.044134673138614744,0.0,0.0,0.0,0.0,0.0,0.0,0.0
FINAL_PROJECTION,0,10,0.0,0.0,0.21977764735585306,0.0,0.0,0.0,1.0382806448903315,1.4217559367981893,0.4758891981109861,0.010297992466153927,10.297992466153927,129.76097357790817,0.8700349617135253,2.605314089546495,0.4436683210078627,0.042972550028935075,0.3625405289931223,0.02964166906895116,1.0,0.0,4.4627998780577585,4.4627998780577585,4.462800025939941
CURRENT_STATE_PROJECTION,0,10,0.0,0.0,0.09306641231968081,0.0,0.018860858345031595,5.9255194664001465,0.6991606188772422,2.4371703529633995,0.7650080303426057,0.06992644471088916,69.92644471088916,17808.603400685108,0.41516462143582017,2.159045731471568,4.240821874991525,0.049117710965219885,4.110367763962131,0.44200760609237477,7.0,3.0,25.21775134214546,0.0,2.3052468299865723
POV_ENDPOINT_PROJECTION,0,10,0.0,0.0,0.10902838940098258,0.0,9.548923533821107,179.45886969566345,1.0821528644302159,16.321332092195515,7.293301178897143,48.18426167575633,48184.26167575634,14626289.170845568,2.0236252305655844,3.1867682459159554,6.931008861982264,0.049669225118122995,6.799199696921278,0.7492829606053419,7.0,4.0,33.770635714264785,3.9609791328863677,8.709716796875
PLAIN_FM,0,11,0.0,0.0,0.06351668339826581,0.0,0.32583491172790513,0.6984424591064453,0.45304711640195483,3.1507387576604042,0.904358574415116,0.05065303451605152,50.65303451605152,11360.561937820377,0.11579828414958314,1.4353376534200826,0.07066660898271948,0.04400352801894769,0.0,0.0,0.0,0.0,0.0,0.0,0.0
FINAL_PROJECTION,0,11,0.0,0.0,0.3814229798642027,0.0,0.0,0.0,1.198161858169939,1.734608952541036,0.7929202646711374,0.015109229697253257,15.109229697253255,216.28870162921922,0.8396638595922308,2.869315815639459,0.5412469729781151,0.04295305098639801,0.46025596401887015,0.04198475496377796,1.0,0.0,4.360615786715503,4.360615786715503,4.3606157302856445
CURRENT_STATE_PROJECTION,0,11,1.0,0.0,-0.020989659599109978,0.0,0.572010290288925,2.780711352825165,0.5712112448922221,2.765030480611624,0.7896491404959323,0.08648187655451822,86.48187655451822,23655.87994767415,0.2829057378733181,1.4617998400771346,7.868527569982689,0.05127469002036378,7.735507338948082,0.8754058160120621,7.0,7.0,15.878039553401184,0.0,1.365009069442749
POV_ENDPOINT_PROJECTION,0,11,1.0,0.0,-0.048394367589266934,0.0,14.037290670108796,206.14479005336761,1.3663314758390261,20.166214730581753,9.955753684964202,85.0492743140944,85049.27431409441,26947977.51659598,1.9767445166760358,3.2987711781743596,7.962725349003449,0.048908845987170935,7.832486553117633,0.8903106516227126,7.0,6.0,27.140785617724426,1.9852489085701621,8.411764144897461
PLAIN_FM,0,12,0.0,0.0,0.06492061496164274,0.0,0.264938187265396,0.1370382308959961,0.4369772954690768,3.212618717005563,0.8868910347527698,0.03327388574892051,33.27388574892051,6167.221060212552,0.16658328097464065,1.3945204352146594,0.07221786997979507,0.04501827392959967,0.0,0.0,0.0,0.0,0.0,0.0,0.0
FINAL_PROJECTION,0,12,0.0,0.0,0.3814229798642027,0.0,0.0,0.0,1.1517120635377613,2.221776542129061,0.5002703532034242,0.025839332819354133,25.839332819354134,337.89116567917165,0.7033236811587597,2.337213429749006,0.35596185899339616,0.044019667082466185,0.2732457820093259,0.02222432504640892,1.0,0.0,3.8060463351429172,3.8060463351429172,3.806046485900879
CURRENT_STATE_PROJECTION,0,12,0.0,0.0,0.07536786520546608,0.0,0.10554210510253892,6.437642574310303,0.6475118584145091,2.5405228362851857,0.7441262476263973,0.06891767028478579,68.91767028478579,17888.220830379534,0.3498901212319823,1.9624010050668441,4.142714570974931,0.04931634903186932,4.0117891050176695,0.4186299738357775,7.0,3.0,19.540526059455036,0.0,1.9901301860809326
POV_ENDPOINT_PROJECTION,0,12,0.0,0.0,0.05199532299035234,0.0,13.653636139297486,214.00128722190857,1.0190797883684939,17.59338090893625,8.11522182103221,60.49159853197432,60491.59853197432,17255142.348737318,1.8931876909167404,2.858036836354066,7.540951622009743,0.049693368084263057,7.408933064958546,0.8443502930458635,7.0,4.0,32.27638228490109,2.1856398037732863,8.451251029968262
PLAIN_FM,0,13,0.0,0.0,0.07113294680114478,0.0,0.2159177825927734,1.4807653427124023,0.444095637404534,3.197275383910834,0.9065499056103867,0.04140993644571933,41.40993644571933,8083.3017318064485,0.14155669040120888,1.4305117283615716,0.0705716090160422,0.044031698955222964,0.0,0.0,0.0,0.0,0.0,0.0,0.0
FINAL_PROJECTION,0,13,0.0,0.0,0.017400640279131088,0.0,0.0,0.0,0.5002915525015735,2.3645024919632665,0.7506935056789663,0.010913533024852227,10.913533024852228,1128.7826954691282,0.4252136749428042,1.9165720399313722,1.174635335977655,0.04289932001847774,1.0937700259964913,0.10053961805533618,1.0,1.0,2.257655987537901,2.257655987537901,2.2576560974121094
CURRENT_STATE_PROJECTION,0,13,0.0,0.0,0.0756728205061352,0.0,0.0,6.023092269897461,0.7587646025960569,2.191043921299889,0.6949900977460738,0.07969345928881033,79.69345928881033,21336.45261718371,0.5154750975930278,2.2815158916635547,6.708052123023663,0.04975286906119436,6.576646531932056,0.7306600268930197,7.0,5.0,18.896316244512775,0.0,2.7504799365997314
POV_ENDPOINT_PROJECTION,0,13,1.0,0.0,-0.003381400850900329,0.0,9.609516388511658,200.11281490325928,1.3151288663269483,19.423314685290713,6.22276604027793,72.73246195392282,72732.46195392283,22952151.085542466,1.7638103707860833,3.003155820336704,7.293711663980503,0.048242161981761456,7.1636648259009235,0.8050004826509394,7.0,4.0,21.27373007521623,1.7523652305559516,7.51728630065918
PLAIN_FM,0,14,0.0,0.0,0.0716337987047947,0.0,0.30351178016662583,0.907893180847168,0.44720908262723413,3.200276295355647,0.8849364252379804,0.04015102516718491,40.15102516718491,8266.04802365811,0.14987025576506852,1.437476800145645,0.07037970400415361,0.04387381492415443,0.0,0.0,0.0,0.0,0.0,0.0,0.0
FINAL_PROJECTION,0,14,0.0,0.0,0.27129905024374745,0.0,0.0,0.0,1.0247727386088261,1.267007507638918,0.35865096276141156,0.010394064623664434,10.394064623664434,224.29114993265387,1.0619118190728436,3.2388063700075627,0.4454959320137277,0.04297825210960582,0.36485720600467175,0.033810729917604476,1.0,0.0,5.552868174588825,5.552868174588825,5.552867889404297
CURRENT_STATE_PROJECTION,0,14,0.0,0.0,0.025191070192176826,0.0,0.10984019603729234,6.935842037200928,0.6557089908441772,2.375663644243773,0.6959442575018905,0.08146626979496752,81.46626979496753,22762.05859279781,0.4129703384750957,1.9844986117179688,6.148426280007698,0.049428102909587324,6.017500198038761,0.656301446899306,7.0,5.0,19.084612181660532,0.0,2.2310924530029297
POV_ENDPOINT_PROJECTION,0,14,0.0,0.0,0.08135887336760991,0.0,9.479769926929475,199.81486916542053,1.0534146260307322,16.645563284832235,7.834909048470899,53.70262493866431,53702.62493866431,16269039.165571565,1.8795429503067924,3.1151093510383165,7.0617190600023605,0.04863363993354142,6.932002009009011,0.7558735023485497,7.0,4.0,28.51257713107988,2.5891204033821453,8.179608345031738
PLAIN_FM,0,15,0.0,0.0,0.07099371356414787,0.0,0.28241024580001817,1.04286789894104,0.44399104074224555,3.2457227593510094,0.9062841053160228,0.04550298776339942,45.502987763399425,9608.523598733693,0.161204562512827,1.410640902582587,0.06901393999578431,0.043090324965305626,0.0,0.0,0.0,0.0,0.0,0.0,0.0
FINAL_PROJECTION,0,15,0.0,0.0,0.33781141297163775,0.0,0.0,0.0,0.8686330251842589,1.6465948258795768,0.33987067387834236,0.013789352976844027,13.789352976844027,197.94252953267977,0.6987399448110057,2.3413287864476144,0.5279417529818602,0.0421535600326024,0.44887984899105504,0.04487322294153273,1.0,0.0,3.772355992326048,3.772355992326048,3.7723560333251953
CURRENT_STATE_PROJECTION,0,15,0.0,0.0,0.047898301846125216,0.0,0.1610507186889647,3.7509632110595703,0.565940351889923,2.718599810917595,0.7800946324393325,0.048479754997662106,48.479754997662106,11332.397161933106,0.2685359686348433,1.8158973371201386,4.2822965160012245,0.05020255403360352,4.151598479016684,0.45457340800203383,7.0,3.0,21.35694728169901,0.0,1.4896827936172485
POV_ENDPOINT_PROJECTION,0,15,1.0,0.0,-0.07590963686389482,0.0,10.506124057006836,202.9591989517212,0.8841247531911977,20.406811505327745,7.825759036175402,80.87422129985208,80874.2212998521,24219710.89394133,1.798831581458683,2.842143329549924,7.223656304005999,0.04876136296661571,7.0930327680544,0.7961386950919405,7.0,4.0,26.321416798204126,2.8130161738969237,7.657634735107422
PLAIN_FM,0,16,0.0,0.0,0.06867715632304254,0.0,0.177156489753723,0.41661977767944336,0.4287456098575332,3.2641271188331777,0.8945195399907299,0.038363912317950444,38.363912317950444,7052.389954790783,0.18403995604520557,1.3936387677487476,0.07051355001749471,0.04399031191132963,0.0,0.0,0.0,0.0,0.0,0.0,0.0
FINAL_PROJECTION,0,16,0.0,0.0,0.07721377417995977,0.0,0.026313078069686746,0.3979039192199707,0.6179199476343076,2.660344813158446,0.7014095268194898,0.016368250630773205,16.368250630773208,2232.532376837211,0.2977731859851839,1.7093194557593485,1.1860102459904738,0.04300654400140047,1.1051667020074092,0.11706092994427308,1.0,1.0,1.837359933209726,1.837359933209726,1.83735990524292
CURRENT_STATE_PROJECTION,0,16,0.0,0.0,0.0317823100188923,0.0,0.25317029323577867,7.664330005645752,0.6331287378042268,2.463987599892043,0.7048082864439752,0.0930769589164866,93.0769589164866,26861.15314723088,0.37500073842488196,1.9289779734357355,6.126390422985423,0.04920074692927301,5.99581257608952,0.6602052001398988,7.0,5.0,20.323594890886145,0.0,2.2118630409240723
POV_ENDPOINT_PROJECTION,0,16,0.0,0.0,0.07206413840898873,0.0,11.294612527370452,216.4057832956314,1.139443367126411,20.37000660821821,7.252933392603904,79.68235261502987,79682.35261502987,25338850.329942107,1.9479852613982624,2.8928749584168227,7.499894501990639,0.04823825496714562,7.370375263039023,0.8298543333075941,7.0,5.0,31.51269598568744,2.131094023225248,8.372801780700684
PLAIN_FM,0,17,0.0,0.0,0.06344979152423678,0.0,0.26483432617187486,0.858147144317627,0.4411747125904128,3.154291262656695,0.8632335143475767,0.037175329093660614,37.175329093660615,7476.271730054496,0.14676478732675655,1.407868335723604,0.07040626899106428,0.04397440102184191,0.0,0.0,0.0,0.0,0.0,0.0,0.0
FINAL_PROJECTION,0,17,0.0,0.0,0.3814229798642027,0.0,0.0,0.0,1.0575508340544713,1.1762870417434264,0.6066444657413008,0.006180063560499605,6.180063560499605,152.7639309600204,1.0278022981522226,3.351076620522476,0.2623546569957398,0.0430256039253436,0.18163510598242283,0.01595246104989201,1.0,0.0,5.467088898661773,5.467088898661773,5.4670891761779785
CURRENT_STATE_PROJECTION,0,17,0.0,0.0,0.08478804405393107,0.0,0.0,4.887564182281494,0.9259368689414766,1.9889105558252034,0.6698709294032574,0.1366279573423288,136.6279573423288,43757.476930757024,0.7414847463001519,2.554909201386573,6.593924189975951,0.04944995604455471,6.463197058939841,0.7073202439351007,7.0,5.0,26.357931865044517,0.0,3.8066864013671875
POV_ENDPOINT_PROJECTION,0,17,0.0,0.0,0.1938409653707194,0.0,9.766769946098327,188.14868450164795,1.2123099216948277,17.69532784120977,6.3501388782885275,65.27549893202519,65275.4989320252,20021467.385503557,2.147697646801704,3.8104077150391675,7.090902829018887,0.048203993937931955,6.961236583883874,0.7603831821470521,7.0,1.0,38.00598819394775,5.319161573832418,9.193514823913574
PLAIN_FM,0,18,0.0,0.0,0.07140160264392713,0.0,0.19167498912811265,0.45346736907958984,0.4380958195014154,3.2051829777165004,0.9026434279742913,0.04460979719646874,44.60979719646874,9799.647661475186,0.15392184787559948,1.4470098229610553,0.07036360900383443,0.043859770928975195,0.0,0.0,0.0,0.0,0.0,0.0,0.0
FINAL_PROJECTION,0,18,0.0,0.0,0.36150678943926345,0.0,0.0,0.0,0.9107149893758263,2.0570547828995567,0.5598628442724266,0.021797021009878514,21.797021009878513,288.7698499659364,0.4944616192411892,2.3910305040099677,0.5288928229711019,0.04297697596484795,0.44818517100065947,0.034306186076719314,1.0,0.0,2.858070895692641,2.858070895692641,2.8580708503723145
CURRENT_STATE_PROJECTION,0,18,0.0,0.0,0.009842905414647704,0.0,0.15759960975646958,2.254362106323242,0.7220978258072219,2.171786287226198,0.6470139748274587,0.06254659104568105,62.54659104568105,15192.3909372778,0.5352065771961181,2.2514090434622656,6.841558829997666,0.050136684090830386,6.709908650955185,0.7469983111950569,7.0,6.0,18.7986706409667,0.0,2.8481807708740234
POV_ENDPOINT_PROJECTION,0,18,1.0,0.0,-0.009729291866988805,0.0,13.468715109062195,253.18448066711426,0.701678986388738,17.62064846771582,6.554181835815447,60.15163392821799,60151.63392821801,18647800.95934036,1.968141261128179,3.1045269231961328,7.008130984031595,0.049011534021701664,6.877781450049952,0.7671236048336141,7.0,4.0,29.70506543116093,4.383614817267836,8.354225158691406
PLAIN_FM,0,19,0.0,0.0,0.07000662795247797,0.0,0.23133264150619492,3.397620916366577,0.4482918004367699,3.221545166729297,0.8791630803811673,0.057007033081397845,57.00703308139785,10407.71970151035,0.17420580484192721,1.375863987219009,0.07056120602646843,0.04409684590063989,0.0,0.0,0.0,0.0,0.0,0.0,0.0
FINAL_PROJECTION,0,19,0.0,0.0,0.3814229798642027,0.0,0.0,0.0,1.2655986850548986,1.8424646601401133,0.641577226437985,0.017430437587300757,17.430437587300755,259.76916776722095,0.791260568411267,2.5876191497606897,0.44613764400128275,0.04294695594580844,0.3653814190183766,0.03437246906105429,1.0,0.0,4.368204839177309,4.368204839177309,4.368204593658447
CURRENT_STATE_PROJECTION,0,19,0.0,0.0,0.13596306312268536,0.0,0.0,5.852110385894775,0.8563687814582228,2.141360717615992,0.6858348525704722,0.08193146684322983,81.93146684322983,21540.49630704025,0.517413279762641,2.216143820952157,7.82297349802684,0.050523665035143495,7.689274304022547,0.8798586109769531,7.0,7.0,20.87580743386437,0.0,2.9695324897766113
POV_ENDPOINT_PROJECTION,0,19,0.0,0.0,0.009898932561593791,0.0,13.712745265769959,280.3416323661804,1.562317850946074,20.273086190965625,7.562694450891326,78.84891866969022,78848.91866969025,22745837.28201736,2.2183715191404447,3.733969818809025,7.015040502999909,0.04880535003030673,6.884488038893323,0.7766434699296951,7.0,3.0,38.418450507443026,2.74277772207839,9.37933349609375
PLAIN_FM,0,20,0.0,0.0,0.07162984916111693,0.0,0.3706325706481932,1.7930817604064941,0.4516773532939315,3.2371425433779852,0.8636389039188347,0.048348546813383186,48.348546813383194,9949.956706800578,0.1684820301649357,1.4290505795930837,0.07042275299318135,0.04389969288604334,0.0,0.0,0.0,0.0,0.0,0.0,0.0
FINAL_PROJECTION,0,20,0.0,0.0,0.3814229798642027,0.0,0.0,0.0,1.148275225460849,1.96225892512097,0.6145218136166337,0.019843813802207722,19.843813802207723,265.6261521235385,0.6582929549027289,2.3639155956413203,0.5352792090270668,0.042987747001461685,0.45419332501478493,0.04082628898322582,1.0,0.0,3.7005653098731255,3.7005653098731255,3.7005653381347656
CURRENT_STATE_PROJECTION,0,20,0.0,0.0,0.06088663612647095,0.0,0.07253603305816636,11.76483154296875,0.757635576866929,2.090558372861456,0.6942639405008462,0.18013035582885006,180.13035582885004,57376.83724571613,0.5897544253932907,2.2879130808809593,7.1635947590111755,0.0510475400951691,7.0307384339976124,0.7421296808752231,7.0,6.0,20.81908628387881,0.0,3.2289066314697266
POV_ENDPOINT_PROJECTION,0,20,1.0,0.0,-0.04181977778684156,0.0,11.051467217636109,221.06641054153442,1.241110756790276,18.327634671130347,6.905460877651051,61.17599082722492,61175.99082722493,17838847.960562028,1.7482774940897883,2.6494888728113657,5.680491589999292,0.04840061313007027,5.5509372119558975,0.586060315137729,7.0,1.0,27.267601995654367,2.3767287051438597,7.504130840301514
PLAIN_FM,0,21,0.0,0.0,0.07002323013676652,0.0,0.2783443149566649,1.4070522785186768,0.46121557758097814,3.1598174185436934,0.8903952189388016,0.05061712611285951,50.617126112859516,10981.834129985189,0.12579718724051747,1.4787239989661005,0.07054276700364426,0.04395079298410565,0.0,0.0,0.0,0.0,0.0,0.0,0.0
FINAL_PROJECTION,0,21,0.0,0.0,0.3229374269876416,0.0,0.0,0.0,0.8613837025184394,1.516609901440299,0.22564469444308805,0.01235909499062669,12.35909499062669,164.03032539710568,0.6964423965654936,2.6890407612749327,0.4416711590019986,0.04300584807060659,0.3607679079868831,0.02996035205433145,1.0,0.0,3.6732471121500136,3.6732471121500136,3.6732470989227295
CURRENT_STATE_PROJECTION,0,21,0.0,0.0,0.08260515924917762,0.0,0.0038893636703489776,2.8649044036865234,0.6527144911734758,2.626936506845604,0.7513764324531731,0.045857184427605446,45.857184427605446,10218.597053760446,0.3091561257021675,1.912473810359569,4.513095224043354,0.04857692599762231,4.383515325025655,0.4684757711365819,7.0,3.0,19.52452458136742,0.0,1.5794264078140259
POV_ENDPOINT_PROJECTION,0,21,1.0,0.0,-0.004139735382667362,0.0,8.51675327281952,186.26153886318207,0.9724411731530346,18.786675304278937,7.950194343689415,67.35677095257161,67356.77095257162,20487521.299993146,1.8777566279605509,3.4139748777198666,7.984935638029128,0.048044902039691806,7.855650673038326,0.8971555448952131,7.0,7.0,31.45663385240158,2.921099594303144,8.066632270812988
PLAIN_FM,0,22,0.0,0.0,0.0620223838223921,0.0,0.2624182518959044,0.057054758071899414,0.41927223483327686,3.2206597010548537,0.9196491761391966,0.037306087469690524,37.306087469690524,7206.480917255369,0.18228111726157398,1.3845257173657743,0.070411344000604,0.043900160933844745,0.0,0.0,0.0,0.0,0.0,0.0,0.0
FINAL_PROJECTION,0,22,0.0,0.0,0.36611679609031966,0.0,0.0,0.0,1.1478456537461663,1.273604314924772,0.544739977390433,0.008986165787385758,8.986165787385758,131.2085498298643,1.0455399793165685,2.713260301990972,0.44469839497469366,0.042910344956908375,0.364134021976497,0.03475517994957045,1.0,0.0,5.550609368430329,5.550609368430329,5.550609588623047
CURRENT_STATE_PROJECTION,0,22,0.0,0.0,0.13889716103862598,0.0,0.08780137863159165,6.346089839935303,0.8185092454495223,2.293012316383757,0.7141266932979706,0.0820100510625803,82.01005106258032,22141.637449670525,0.48513043137578504,2.23555700974241,7.155899427016266,0.04890452494146302,7.025426720094401,0.7780501332017593,7.0,6.0,19.718983727906142,0.0,2.8029072284698486
POV_ENDPOINT_PROJECTION,0,22,1.0,0.0,-0.02296367361944382,0.0,13.974483715105057,288.4909373521805,0.9580355314499823,23.410990989302753,9.271894542151726,115.51390421686017,115513.90421686017,37700963.99935215,2.0095488400189923,3.6274383108628374,7.490201873995829,0.048153365089092404,7.360706835053861,0.8247701800428331,7.0,5.0,34.22614198811825,2.164288944500966,8.62170124053955
PLAIN_FM,0,23,0.0,0.0,0.06539792986587274,0.0,0.23823485937118516,1.789076328277588,0.4477747456337355,3.201307484341164,0.8565091048535909,0.043834981329238354,43.83498132923836,7755.2719384777265,0.16432860329629376,1.3736118019431665,0.07039861602243036,0.04384542297339067,0.0,0.0,0.0,0.0,0.0,0.0,0.0
FINAL_PROJECTION,0,23,0.0,0.0,0.3617811052332557,0.0,0.0,0.0,1.409505034254902,1.4713371232643466,0.6551317334169955,0.011140733576822992,11.140733576822994,167.77415110722507,1.3063346005836818,3.8214270204379748,0.34777272399514914,0.04286455607507378,0.2671429669717327,0.019824895018246025,1.0,0.0,7.0163539816228875,7.0163539816228875,7.016354084014893
CURRENT_STATE_PROJECTION,0,23,0.0,0.0,0.05566577184228021,0.0,0.13883576955795274,1.2981605529785156,0.5882080258656711,2.7391153087466154,0.7645490060311643,0.040428896315766405,40.42889631576641,8564.306510366214,0.2400483084586443,1.7996912142395218,5.234994219033979,0.04874442104483023,5.105365035007708,0.5490331220789813,7.0,4.0,20.830663563240584,0.0,1.3806473016738892
POV_ENDPOINT_PROJECTION,0,23,0.0,0.0,0.11946005357855474,0.0,12.367589932346345,206.25037670135498,1.4443870776428074,19.28077203979849,9.05053258693527,65.90955919025285,65909.55919025284,18174070.768691085,1.8834390643629504,3.3385994250811684,6.899165802984498,0.04799071198794991,6.769556960032787,0.7463334782514721,7.0,3.0,29.143799165855633,2.799799278450672,8.129016876220703
PLAIN_FM,0,24,0.0,0.0,0.07679039003613604,0.0,0.29680804576873765,2.1831345558166504,0.44901985207285705,3.224582439786497,0.9126718312741037,0.03739914380511378,37.39914380511377,6578.273212991891,0.14631088822592647,1.4792702777248483,0.0708658280200325,0.044077029975596815,0.0,0.0,0.0,0.0,0.0,0.0,0.0
FINAL_PROJECTION,0,24,0.0,0.0,0.3814229798642027,0.0,0.0,0.0,1.298970779494834,1.2575116984595924,0.4128165916723375,0.009273388160731526,9.273388160731526,154.2110422034733,0.9650184012747385,2.883575351123507,0.5366663450258784,0.04338061099406332,0.4550790329813026,0.041455810132902116,1.0,0.0,5.167379508845226,5.167379508845226,5.167379856109619
CURRENT_STATE_PROJECTION,0,24,1.0,0.0,-0.023933884476479095,0.0,0.1452140625953673,6.358451843261719,0.6297961311827026,2.933430354812325,0.7789202402924253,0.20956701579325365,209.56701579325363,70066.2144959071,0.33904565150681754,1.5969181486193067,7.848908902029507,0.04959105508169159,7.717462658940349,0.8677740300772712,7.0,7.0,18.174271114289905,0.0,1.818805456161499
POV_ENDPOINT_PROJECTION,0,24,0.0,0.0,0.044848425607797476,0.0,10.381762922286986,219.65208768844604,1.1681816192575536,19.54682643284443,8.913749858892563,72.62033333333262,72620.33333333263,21477787.113675542,1.8805554407845777,2.935310623169849,6.570506357005797,0.048612408922053874,6.4401393689913675,0.7090939320623875,7.0,2.0,34.5283728139113,2.677193895611241,8.239593505859375
PLAIN_FM,0,25,0.0,0.0,0.06543413575072539,0.0,0.26190416183471665,0.0,0.44330506320944163,3.183373414893834,0.8871900233669746,0.03899113165358212,38.99113165358212,7286.640056815118,0.14175706261017873,1.4332985864323222,0.07037476595724002,0.043839113030117005,0.0,0.0,0.0,0.0,0.0,0.0,0.0
FINAL_PROJECTION,0,25,0.0,0.0,0.2796105551230774,0.0,0.0,0.0,1.203654495890457,1.917787385627086,0.7791823531894676,0.017569244455821142,17.569244455821146,242.65931032825816,1.0694595360908918,3.038240340800155,0.44810556404991075,0.04286108707310632,0.3674674449721351,0.037636417895555496,1.0,0.0,5.516519332017851,5.516519332017851,5.516519546508789
CURRENT_STATE_PROJECTION,0,25,1.0,0.0,-0.029933180905443613,0.0,0.12924091186523423,11.459047794342041,0.7126756219179325,2.0162083662208707,0.6551499591666459,0.18679131065767773,186.79131065767774,60525.055478861395,0.6421639956690848,2.1915647131745515,7.296667842019815,0.04909627296729013,7.165948312031105,0.801327173889149,7.0,5.0,22.397647889725796,0.0,3.3023293018341064
POV_ENDPOINT_PROJECTION,0,25,0.0,0.0,0.04395687068205663,0.0,10.71191565361023,185.2113914489746,1.3379213677206867,17.60269204351383,7.153135910599966,54.91452593005744,54914.525930057454,15628663.4466426,1.8461669333032522,3.0289634414682722,7.200442387023941,0.047837769030593336,7.07084009895334,0.7937641796888784,7.0,4.0,26.681652967330226,2.644164247955118,7.998007774353027
PLAIN_FM,0,26,0.0,0.0,0.07193460736766542,0.0,0.20882920589447007,1.6542387008666992,0.4549346461672903,3.222042573956864,0.8865938581859556,0.04231927094048071,42.31927094048071,8290.096362581957,0.15819728121871668,1.4031129998102796,0.07042639801511541,0.043833223870024085,0.0,0.0,0.0,0.0,0.0,0.0,0.0
FINAL_PROJECTION,0,26,0.0,0.0,0.1632421253343185,0.0,0.0,0.0,0.9458819940799302,1.1427738887936094,0.5396275912736468,0.008494119834264069,8.494119834264069,219.7572831462935,1.1000087261563816,2.9846583564367903,0.44654959795298055,0.04295505001209676,0.36581556702731177,0.035550523025449365,1.0,0.0,5.794688722071271,5.794688722071271,5.794688701629639
CURRENT_STATE_PROJECTION,0,26,1.0,0.0,-0.021336935882057484,0.0,0.044271510505676126,14.01097297668457,0.6765275215150514,1.9308260662618213,0.6759194418798705,0.24934686923680882,249.34686923680886,82526.541584388,0.7123360439924247,2.235161758408397,6.249381825036835,0.04888729692902416,6.119153628998902,0.670717881876044,7.0,5.0,22.280758462133125,0.0,3.8260498046875
POV_ENDPOINT_PROJECTION,0,26,1.0,0.0,-0.06988383139306256,0.0,13.20457024011612,268.0556435883045,0.8620062054214926,19.074557436850647,8.705195226935686,74.7052142981313,74705.2142981313,23466961.812009845,1.8735397630581998,2.916951270618118,7.105739952006843,0.04803660506149754,6.976034589111805,0.7781937160762027,7.0,4.0,29.55990394469603,2.2395792461013486,8.127053260803223
PLAIN_FM,0,27,0.0,0.0,0.06119693010656406,0.0,0.254404705429077,2.051372528076172,0.46104242537492734,3.1468802345594877,0.8523308843458421,0.043075700493399594,43.0757004933996,7988.67422581332,0.1316671564392975,1.4572267897937152,0.07073763804510236,0.044112231058534235,0.0,0.0,0.0,0.0,0.0,0.0,0.0
FINAL_PROJECTION,0,27,0.0,0.0,0.3814229798642027,0.0,0.0,0.0,1.3722390993134028,1.6342796966869835,0.6310246985826518,0.014114162048306123,14.114162048306122,221.27926218841185,0.8760240862594308,2.6985968804202614,0.5446118169929832,0.04316031705820933,0.4636021569604054,0.04893920896574855,1.0,0.0,4.582495246897765,4.582495246897765,4.582495212554932
CURRENT_STATE_PROJECTION,0,27,0.0,0.0,0.02989540880555308,0.0,0.1587475952148436,7.83944845199585,0.7947175669202977,2.09260463079551,0.6335204892617866,0.12230034318510974,122.30034318510975,36574.67887504602,0.5666256714104558,2.2447068050208223,7.245765495987143,0.051077404990792274,7.112893028126564,0.7998691650573164,7.0,6.0,17.5980024015683,0.0,2.849551200866699
POV_ENDPOINT_PROJECTION,0,27,0.0,0.0,0.17798984489822148,0.0,8.009851700401306,156.6769552230835,1.4070243968457137,17.635348387313346,7.8078091118569795,53.70457988511876,53704.57988511876,15241404.437311724,2.138516356641196,4.281339715878559,7.165359655977227,0.050391438126098365,7.033546434890013,0.7935982479830272,7.0,3.0,36.79162919545551,2.1061230508666986,9.152719497680664
PLAIN_FM,0,28,0.0,0.0,0.06732369667314327,0.0,0.26792125072479234,0.0,0.4354224763138797,3.2104825964030486,0.8930969492311631,0.04351725906279244,43.51725906279244,9078.06188738232,0.17135464191557148,1.405113073553493,0.07092897302936763,0.04431414499413222,0.0,0.0,0.0,0.0,0.0,0.0,0.0
FINAL_PROJECTION,0,28,0.0,0.0,0.06503217250751135,0.0,0.0,0.0,0.5725001762701732,2.236634047805683,0.729065091117499,0.010110009794206083,10.110009794206082,963.2989333192431,0.4625286965806343,2.1155139264192013,1.177905712975189,0.043361292977351695,1.0969537629862316,0.11729030287824571,1.0,1.0,2.4378670040349673,2.4378670040349673,2.4378669261932373
CURRENT_STATE_PROJECTION,0,28,0.0,0.0,0.13083066693654596,0.0,0.21743522253036485,1.6603422164916992,0.7496418645705765,2.6866146893668392,0.7478773831631533,0.06109498397047375,61.094983970473756,16139.4030873133,0.34831006904860157,1.846815446935868,7.749742479994893,0.050123770895879716,7.617999301990494,0.8590781671809964,7.0,7.0,16.37112712702311,0.0,1.9969487190246582
POV_ENDPOINT_PROJECTION,0,28,1.0,0.0,-0.0404483370239683,0.0,14.44634328942299,238.5612291097641,1.086366935378473,19.359710469858484,8.08702307660314,74.161409038748,74161.409038748,23267291.987601202,1.7413652035342886,2.414654191413677,7.60388603399042,0.04864056204678491,7.473745338036679,0.8341313498676755,7.0,3.0,25.173856861322058,2.483244276103682,7.514659404754639
PLAIN_FM,0,29,0.0,0.0,0.06930764277947167,0.0,0.2657376345634459,2.3582708835601807,0.46601390579440183,3.1888883558390027,0.8624794802495463,0.052189470682512784,52.18947068251278,11951.653291448938,0.1514968191484495,1.4440740313746527,0.07080442202277482,0.04416395601583645,0.0,0.0,0.0,0.0,0.0,0.0,0.0
FINAL_PROJECTION,0,29,0.0,0.0,0.3814229798642027,0.0,0.0,0.0,1.200262259186952,1.7581177862140995,0.5676811241632288,0.01619397256694389,16.193972566943888,220.8687638973302,0.8025161422789426,2.456567074094954,0.5384425380034372,0.04300976393278688,0.4576946820016019,0.04625669005326927,1.0,0.0,4.318811154796731,4.318811154796731,4.318811416625977
CURRENT_STATE_PROJECTION,0,29,0.0,0.0,0.01100297197305998,0.0,0.369417231941223,11.614902019500732,0.6077245663480256,2.5828197507585253,0.7255052175372038,0.17414207850169472,174.14207850169473,56621.88439754066,0.3477810494361016,1.748538249863044,6.251397538988385,0.048865097924135625,6.121259640844073,0.6607106648734771,7.0,5.0,21.119172044236016,0.0,1.9332911968231201
POV_ENDPOINT_PROJECTION,0,29,0.0,0.0,0.07939888273804314,0.0,14.999882884454728,303.79779160022736,1.588682367414391,23.034083425787387,8.429698394017207,117.11974025251726,117119.74025251727,39174938.21655097,2.0158227469362853,3.553591327595842,7.687575608026236,0.048093777091708034,7.558076957066078,0.850016754353419,7.0,5.0,30.74977013881223,4.876581923575133,8.685812950134277
PLAIN_FM,0,30,0.0,0.0,0.07494434153301345,0.0,0.2333967503547667,1.1172783374786377,0.4627508028600341,3.2260413847837763,0.8835641729931072,0.03645988323529392,36.45988323529392,6076.363164243802,0.1440851181321155,1.4477485159543046,0.07032909902045503,0.043836185010150075,0.0,0.0,0.0,0.0,0.0,0.0,0.0
FINAL_PROJECTION,0,30,0.0,0.0,0.3814229798642027,0.0,0.0,0.0,1.4802889396348118,1.963724762102395,1.255244926515397,0.014602274081550126,14.602274081550128,235.68003980520837,1.0001881735868052,3.111477362588588,0.3556041839765385,0.042882380075752735,0.274958570022136,0.027139962010551244,1.0,0.0,5.446211010476561,5.446211010476561,5.446210861206055
CURRENT_STATE_PROJECTION,0,30,0.0,0.0,0.09001990332611835,0.0,0.13880328502655015,1.3043415546417236,0.7055951889778681,2.554286225269674,0.7294162695261089,0.04393166330092235,43.93166330092235,9248.240019875453,0.34933751388843687,2.042659653932595,6.373111095977947,0.049670400796458125,6.2414774160133675,0.6966010187752545,7.0,5.0,23.924064110222332,0.0,1.9427947998046875
POV_ENDPOINT_PROJECTION,0,30,0.0,0.0,0.07570954905968105,0.0,12.02409640712738,259.37153220176697,1.511392701344258,19.3554606759482,8.969009304993515,73.04404403347152,73044.04403347152,22527967.32755255,2.1776615077228034,3.3021331756035597,7.30193259002408,0.04824843304231763,7.171913962985855,0.8101744779851288,7.0,5.0,36.22496332977387,2.7237708982986684,9.296198844909668
PLAIN_FM,0,31,0.0,0.0,0.05525623602186401,0.0,0.28507189121246324,0.09185194969177246,0.4455985080199772,3.164932395871164,0.8899415178849265,0.027566878982912435,27.56687898291243,4583.492992645776,0.13459371138430862,1.399058871817501,0.07163140503689647,0.04456972406478599,0.0,0.0,0.0,0.0,0.0,0.0,0.0
FINAL_PROJECTION,0,31,0.0,0.0,0.3814229798642027,0.0,0.0,0.0,1.2732499139413866,1.0511410533487815,0.6446730992911621,0.005259681245277648,5.259681245277648,173.27176348018725,1.1044737446832928,3.4296063078071066,0.2641831660293974,0.04361005005193874,0.18229197803884745,0.01570694794645533,1.0,0.0,5.865009550192983,5.865009550192983,5.865009784698486
CURRENT_STATE_PROJECTION,0,31,1.0,0.0,-0.0018962827221003231,0.0,0.04754380550384507,7.013459205627441,0.6209481201229567,2.290391965102507,0.6922245573916858,0.08874777737347017,88.74777737347017,25083.54872354373,0.4578034530209635,2.0426715981757675,6.066925251972862,0.04887478204909712,5.936449411092326,0.6636269346345216,7.0,4.0,21.15585318887207,0.0,2.3289413452148438
POV_ENDPOINT_PROJECTION,0,31,0.0,0.0,0.11361961103483009,0.0,12.56816932606697,247.19490081071854,1.18417450692867,19.068309770151366,7.511631209725829,71.45855544121511,71458.55544121514,21743004.22522547,2.067838200271611,3.23665841385612,6.824822563037742,0.05024889501510188,6.693336205964442,0.751728689239826,7.0,3.0,27.06936985735435,4.036436738879904,8.70036506652832
PLAIN_FM,1,0,0.0,0.0,0.023263957447231254,0.0,0.0,0.43109700083732605,0.47662466265846404,2.2086897000169516,1.1200858245447742,0.04577244242206839,45.772442422068394,10133.282320276972,0.111956956771977,1.7538306089924391,0.0704902849975042,0.04402592097176239,0.0,0.0,0.0,0.0,0.0,0.0,0.0
FINAL_PROJECTION,1,0,0.0,0.0,0.028332098186543503,0.0,0.0,0.0,0.5588361353759348,1.5546101507194532,1.0603892692483008,0.01434401299095267,14.344012990952672,274.3384782808,0.848254464762657,2.7675424894680054,0.4483554980251938,0.04305788403144106,0.3675668190116994,0.0342923229909502,1.0,0.0,3.632322073937365,3.632322073937365,3.632322072982788
CURRENT_STATE_PROJECTION,1,0,0.0,0.0,0.026619096352011484,0.0,0.0,0.0,0.43310101692474867,2.0565600852428783,1.0729275067924113,0.027307070376832,27.307070376831998,3739.5254370384428,0.20200930418385704,1.8962247950999207,7.424970481020864,0.049647050036583096,7.293984025076497,0.8203332823468372,7.0,6.0,16.944428638460636,0.0,0.6740919947624207
POV_ENDPOINT_PROJECTION,1,0,1.0,0.0,-0.10615260707396894,0.0,8.826210157680512,171.09561011195183,0.9839202415342867,17.041320276702997,7.111176654436144,55.454886216119434,55454.88621611945,16484258.1874388,1.4173225865644383,2.134339848343464,6.873998545983341,0.04845087992725894,6.744385244965088,0.7340391698526219,7.0,2.0,17.723381108900057,2.5913040580324065,5.615810394287109
PLAIN_FM,1,1,0.0,0.0,0.029226751757445102,0.0,0.0,0.340576171875,0.49592782323463386,2.1396053404908915,1.0738480903454093,0.04470306059039278,44.70306059039279,9513.875025195006,0.12631387586160014,1.8148175337889334,0.07055863802088425,0.04396661894861609,0.0,0.0,0.0,0.0,0.0,0.0,0.0
FINAL_PROJECTION,1,1,0.0,0.0,0.028363101362249177,0.0,0.0,0.0,0.5323408529671677,1.3459015341158942,1.069915853111085,0.012110065284589803,12.110065284589803,192.064024161183,0.5967488931057691,2.197262272396299,0.5350361010059714,0.04309170792112127,0.4542340600164607,0.038047583017032593,1.0,0.0,2.154988237753791,2.154988237753791,2.1549882888793945
CURRENT_STATE_PROJECTION,1,1,0.0,0.0,0.02668504279456213,0.0,0.0,2.1494311094284058,0.5970984419795318,1.8290462698086054,0.8445758583720651,0.053250660705222524,53.25066070522253,13639.51947405428,0.2811673038811509,2.1910032399486763,7.177646317984909,0.049394183966796845,7.046531725965906,0.7853978139464743,7.0,6.0,16.53401300159939,0.0,1.4220147132873535
POV_ENDPOINT_PROJECTION,1,1,1.0,0.0,-0.09718366152908874,0.0,10.255244911193847,212.30147004127502,1.0924593196321695,20.809696519305493,8.424149558878392,80.83639999126454,80836.39999126457,23943984.373926345,1.5535908712235733,2.5143850955904172,7.626863265992142,0.04826050507836044,7.497539990989026,0.8333826182642952,7.0,3.0,18.634523922759037,2.7512858557555795,6.115987300872803
PLAIN_FM,1,2,0.0,0.0,0.026455756501162553,0.0,0.0,0.05957603454589844,0.4793752044418321,2.226107579916338,1.1022791121549373,0.040185257094313795,40.1852570943138,7890.860343613406,0.10232347084512208,1.7751870256176974,0.07076770398998633,0.044125784013886005,0.0,0.0,0.0,0.0,0.0,0.0,0.0
FINAL_PROJECTION,1,2,0.0,0.0,0.02813926891228273,0.0,0.0,0.0,0.6511591534196788,1.0345789091247128,0.45451638300973435,0.007090916430669836,7.090916430669836,127.71157602360358,0.3271123648091144,2.309445184039092,0.34952842601342127,0.04305508703691885,0.26867916400078684,0.017555458063725382,1.0,0.0,1.26775950118183,1.26775950118183,1.2677594423294067
CURRENT_STATE_PROJECTION,1,2,0.0,0.0,0.029211095233453055,0.0,0.0,0.0,0.4227987278725943,2.0900584569357785,1.1095072983587448,0.032988090273469606,32.98809027346961,5795.829511695505,0.23537567543693766,1.8945847984881599,7.073082190996502,0.04944334796164185,6.942392539931461,0.7570701239746995,7.0,6.0,17.00089817440817,0.0,0.7164449095726013
POV_ENDPOINT_PROJECTION,1,2,1.0,0.0,-0.09281795535572956,0.0,10.585340567064286,183.36884647607803,0.9637423539151286,17.242547341096767,6.775956843559354,55.1285972739751,55128.597273975116,16479092.075175477,1.2894016427844257,2.119261759897426,5.8412965559982695,0.04827957501402125,5.711678923049476,0.614125996187795,7.0,2.0,17.92080646351048,2.7036792824005738,5.236392021179199
PLAIN_FM,1,3,0.0,0.0,0.02683456136772272,0.0,0.0,0.841413140296936,0.44957279424024976,2.2087819723976843,1.10537090273446,0.04532112220799921,45.32112220799921,10097.702442013182,0.1152251896274185,1.7465013863692178,0.07054566900478676,0.04400232102489099,0.0,0.0,0.0,0.0,0.0,0.0,0.0
FINAL_PROJECTION,1,3,0.0,0.0,0.028529672004312265,0.0,0.0,0.0,0.6035791928363614,0.8995283621512847,0.548522659929079,0.006798675574914981,6.798675574914981,204.94096742291745,0.4542369282201024,2.444519552731885,0.44766583398450166,0.043037145980633795,0.366763289028313,0.03335285797948018,1.0,0.0,1.7651730292126968,1.7651730292126968,1.765173077583313
CURRENT_STATE_PROJECTION,1,3,0.0,0.0,0.019976874653407556,0.0,0.0,0.0,0.4256920086637567,1.949252594380035,0.9825842182799346,0.032249057008575166,32.249057008575164,6194.45912506149,0.24756661822267417,2.031901560855213,5.173888780991547,0.048868060926906765,5.043750403972808,0.5428989801439457,7.0,4.0,21.700220059999104,0.0,1.0570791959762573
POV_ENDPOINT_PROJECTION,1,3,1.0,0.0,-0.08953291229921831,0.0,12.5948941116333,238.44918727874756,0.7106644118228531,17.627481446329753,8.46355226161558,67.70329007614224,67703.29007614225,21389711.48522466,1.2907074810503487,2.19813015782243,6.512288140016608,0.04808189097093418,6.383137909986544,0.7022506401408464,7.0,4.0,22.3149784315528,3.048797051540023,5.091164588928223
PLAIN_FM,1,4,0.0,0.0,0.026051634530154855,0.0,0.0,0.5685862898826599,0.45465467611523364,2.206880576482378,1.1175605637776578,0.0370068479919138,37.0068479919138,6615.22641706326,0.12286460729901466,1.7868849240157116,0.07054797001183033,0.043988402059767395,0.0,0.0,0.0,0.0,0.0,0.0,0.0
FINAL_PROJECTION,1,4,0.0,0.0,0.01641678605914043,0.0,0.0,0.0,0.5660158467668773,1.3063222466961,0.9728292683806288,0.010856456077245606,10.856456077245609,171.59459000454763,0.520479722809585,2.1050558205623435,0.4428648499888368,0.04303133790381253,0.36203009699238464,0.029357922030612826,1.0,0.0,1.9216428083476094,1.9216428083476094,1.921642780303955
CURRENT_STATE_PROJECTION,1,4,1.0,0.0,-0.002960685180382734,0.0,0.0,2.060980796813965,0.43641553577013636,1.8490361104691582,0.8819650651171328,0.057329297501546916,57.32929750154691,14280.082947799878,0.41183547428332096,1.9140806605270866,7.592367064033169,0.049120677926111966,7.462094181915745,0.8287252289010212,7.0,6.0,18.50098710621294,0.0,1.7825201749801636
POV_ENDPOINT_PROJECTION,1,4,1.0,0.0,-0.08239815425977631,0.0,12.715907853507996,227.03690648078918,0.8599706439661743,19.389772718715918,8.237806587042364,79.55578804738137,79555.78804738139,25001176.836174417,1.3558215306472385,2.3149929476269517,6.582123614032753,0.04817912506405264,6.453246978926472,0.6947223139577545,7.0,2.0,16.232469563204127,2.87942743706959,5.458520889282227
PLAIN_FM,1,5,0.0,0.0,0.028311981678519837,0.0,0.0,1.1642885208129883,0.4646499558538081,2.155282218033726,1.11072559583367,0.04645483353872114,46.45483353872115,10143.732270500785,0.11955637993532503,1.816588513772786,0.07059050200041384,0.04407498403452337,0.0,0.0,0.0,0.0,0.0,0.0,0.0
FINAL_PROJECTION,1,5,0.0,0.0,0.035400102735174147,0.0,0.0,0.0,0.6120645458355698,1.26047156314667,0.9388364137281052,0.010965338282544757,10.965338282544757,177.76125574791024,0.5947245299454091,2.3187012204111435,0.4424456729902886,0.043077507929410785,0.3616040979977697,0.02904467296320945,1.0,0.0,2.286180248493602,2.286180248493602,2.286180257797241
CURRENT_STATE_PROJECTION,1,5,0.0,0.0,0.016649590619693386,0.0,0.0,1.8762898445129395,0.660967814038794,1.8733008885095932,0.8218526408977916,0.04804201935357466,48.04201935357466,12355.883459608965,0.22222098627776754,2.108797889284628,7.76463002897799,0.049210333032533526,7.6341128599015065,0.853540369134862,7.0,6.0,18.70288861590662,0.0,1.145720362663269
POV_ENDPOINT_PROJECTION,1,5,1.0,0.0,-0.12159311221778327,0.0,15.024961985778809,226.6358894109726,0.8971866251740788,19.622227429036723,7.71061584239973,75.27108096038833,75271.08096038835,21893345.99165817,1.3919681034529576,2.7118619466177223,6.499167875037529,0.04809522087452933,6.370387521979865,0.6970100388280116,7.0,3.0,19.10197373578807,2.032551062719192,5.809056758880615
PLAIN_FM,1,6,0.0,0.0,0.025604167693278945,0.0,0.0,0.876004695892334,0.4851561533772831,2.1468621024949828,1.0795237967093545,0.041605799965988365,41.60579996598837,8818.212301574375,0.11197684951689854,1.7387161324484277,0.07046017795801163,0.04398045298876241,0.0,0.0,0.0,0.0,0.0,0.0,0.0
FINAL_PROJECTION,1,6,0.0,0.0,0.018621923494223022,0.0,0.0,0.0,0.5111065710104727,1.522104650056776,0.8887034212552778,0.013698412599111975,13.698412599111975,234.44887753587557,0.6958473291934641,2.371408054714332,0.5406225050101057,0.043060635041911155,0.45975527801783755,0.04250115103786811,1.0,0.0,2.8477295509666685,2.8477295509666685,2.8477296829223633
CURRENT_STATE_PROJECTION,1,6,0.0,0.0,0.023740001314459254,0.0,0.0,0.0,0.44106564291704864,1.8831266003945446,0.9346132455233706,0.0336793347023443,33.6793347023443,6955.899650138477,0.23966787106696322,2.0397245653794345,5.941307367989793,0.04917668295092881,5.810898530064151,0.6387628628290258,7.0,5.0,20.193989900845573,0.0,1.0296345949172974
POV_ENDPOINT_PROJECTION,1,6,1.0,0.0,-0.11555926549211613,0.0,8.26035256843567,157.4995470046997,0.9421586316937569,16.652725589430823,8.819930527142642,51.845555882467934,51845.55588246795,14802130.882142032,1.3679687839653525,2.213453371558072,6.018197530996986,0.04840884095756337,5.888685265905224,0.6404177939402871,7.0,3.0,18.724746799022512,2.035280396397626,5.512028694152832
PLAIN_FM,1,7,0.0,0.0,0.02888453433745236,0.0,0.0,0.7495115324854851,0.4677762031772868,2.152781908499099,1.095481463570936,0.056283814131767404,56.2838141317674,12427.19212717758,0.12189560666906007,1.78818154850702,0.07055962097365409,0.04401883209357038,0.0,0.0,0.0,0.0,0.0,0.0,0.0
FINAL_PROJECTION,1,7,0.0,0.0,0.006943708434288959,0.0,0.0,0.0,0.5280704995269495,1.3706680708902967,0.9881592526103299,0.012282729109584084,12.282729109584082,195.66062653501584,0.5322175226921546,2.1478313100341264,0.540376512974035,0.04306372907012701,0.4593963829684071,0.04163142998004332,1.0,0.0,1.9173716029811831,1.9173716029811831,1.9173716306686401
CURRENT_STATE_PROJECTION,1,7,0.0,0.0,0.012656485565488401,0.0,0.0,0.0,0.4412472574703565,1.8881151703387147,0.9248614150960225,0.03393438735509546,33.93438735509547,6920.728666905563,0.2476999082972206,1.9656365433527496,7.16637459397316,0.049251344928052276,7.035705569083802,0.7769258574116975,7.0,6.0,19.16192946997328,0.0,1.0352325439453125
POV_ENDPOINT_PROJECTION,1,7,1.0,0.0,-0.12448660655127801,0.0,14.58139614429474,249.27107214927673,1.3219251060787756,22.60942527200192,9.429818755439273,101.624194816448,101624.194816448,30337821.097527996,1.413579631650287,2.5657327637297223,7.56983642996056,0.048187258071266115,7.439964675926603,0.8339640401536599,7.0,4.0,20.38423111618466,1.6873818684177004,5.7922773361206055
PLAIN_FM,1,8,0.0,0.0,0.021712685048449865,0.0,0.0,0.7065367698669434,0.5174898734794546,2.2935875693044863,1.1261908959682145,0.043863437843290914,43.86343784329091,8634.710132871482,0.11301238325886348,1.7577975990078771,0.07048530998872593,0.04390635999152437,0.0,0.0,0.0,0.0,0.0,0.0,0.0
FINAL_PROJECTION,1,8,0.0,0.0,0.03805531981545675,0.0,0.0,0.0,0.48279707189971965,1.2696927459291945,0.9354615168809467,0.012161274125012111,12.161274125012111,251.489386498549,0.5348430222163021,2.4165179520322932,0.542144754959736,0.04315141000552103,0.4611884739715606,0.04568352899514139,1.0,0.0,2.1611516336507957,2.1611516336507957,2.161151647567749
CURRENT_STATE_PROJECTION,1,8,0.0,0.0,0.026230704187182485,0.0,0.0,2.3770523071289062,0.6651580836629294,1.9758442929045392,0.8440233919148263,0.056096212179834515,56.09621217983452,14428.605024014976,0.23241861074137546,2.060404272354018,7.229413132008631,0.04917577194282785,7.098877998127136,0.7939851356786676,7.0,6.0,16.983101380465605,0.0,1.2781506776809692
POV_ENDPOINT_PROJECTION,1,8,1.0,0.0,-0.04640226692620354,0.0,11.683989923858643,217.74534702301025,1.4142129016375675,19.43739075595329,8.34409658678471,76.5722991355571,76572.29913555713,23027379.494186148,1.3909840603652537,2.155696905115219,6.571334299980663,0.048186014930251986,6.442298715992365,0.6974367022630759,7.0,2.0,18.73468594146839,1.689144050234334,5.599422454833984
PLAIN_FM,1,9,0.0,0.0,0.02465031951539204,0.0,0.0,0.0,0.4675222526979545,2.137647475053577,1.0590582527037486,0.0391464449230859,39.1464449230859,8039.5213358707715,0.0980966124122456,1.8375387681116864,0.07058763498207554,0.04401930293533951,0.0,0.0,0.0,0.0,0.0,0.0,0.0
FINAL_PROJECTION,1,9,0.0,0.0,0.024526999081416923,0.0,0.0,0.0,0.50386592609437,1.0431487423218813,0.6270963164164604,0.00950596741483789,9.50596741483789,282.9431863076159,0.6248357711529506,2.4054291954393823,0.3547600880265236,0.043089970014989376,0.27392518101260066,0.023905646929051727,1.0,0.0,2.5696361068417666,2.5696361068417666,2.569636106491089
CURRENT_STATE_PROJECTION,1,9,0.0,0.0,0.028655527088107424,0.0,0.0,0.0,0.4195533962707858,1.924323219127785,0.9648758622733358,0.033938337368406124,33.938337368406124,6926.169782973779,0.23965333867621486,2.0188698748391625,5.813287322991528,0.049064600956626236,5.682679965917487,0.6245392918935977,7.0,4.0,16.49377101251936,0.0,0.7602386474609375
POV_ENDPOINT_PROJECTION,1,9,1.0,0.0,-0.10972341560967862,0.0,11.413821832942963,184.84114229679108,0.7745728595804978,15.733985907276997,8.577251958890136,47.03314559810835,47033.145598108356,13654954.565528987,1.1396978081111357,2.155902029130348,5.91882765002083,0.04799326218198985,5.789476245990954,0.6208092788001522,7.0,1.0,18.424521853617176,2.6018303530957954,4.668925762176514
PLAIN_FM,1,10,0.0,0.0,0.027875220085218644,0.0,0.0,0.6482911109924316,0.4640792153398366,2.190802550117072,1.097249945133866,0.04328256789140311,43.28256789140311,9101.850284645972,0.10052526416783587,1.7946258032660698,0.07070035702781752,0.04404938698280603,0.0,0.0,0.0,0.0,0.0,0.0,0.0
FINAL_PROJECTION,1,10,0.0,0.0,0.021306672849470826,0.0,0.0,0.0,0.4460657008959837,1.2795713750009576,0.8258206406531774,0.010420114694937727,10.420114694937727,200.377698510118,0.560841882101252,2.648070751327312,0.44841061998158693,0.043161203095223755,0.367420768016018,0.03411947196582332,1.0,0.0,2.2726874347729447,2.2726874347729447,2.2726874351501465
CURRENT_STATE_PROJECTION,1,10,0.0,0.0,0.02783387515078467,0.0,0.0,0.0,0.4028746778603621,1.9522618255056337,0.9990773753690413,0.03175250434654897,31.752504346548974,5995.358920088401,0.2362120565444953,1.9568900105199967,6.446433638979215,0.04903916909825057,6.316262973996345,0.6915413928218186,7.0,5.0,17.7538004958696,0.0,0.8176659345626831
POV_ENDPOINT_PROJECTION,1,10,1.0,0.0,-0.11956642948782484,0.0,9.363336723709107,180.42947471141815,0.35862058633200833,16.287747066037937,8.342830662897953,48.01830517732695,48018.305177326954,14569288.882485861,1.2204807070512418,2.0043637423904936,5.723579820012674,0.04803571302909404,5.594519622973166,0.5913449008367024,7.0,1.0,16.757483490027113,2.9857311863778095,4.920627593994141
PLAIN_FM,1,11,0.0,0.0,0.021905977617044547,0.0,0.0,1.03543221950531,0.463619861094567,2.1540544985847565,1.1236730509377155,0.043527576026994336,43.52757602699434,9719.101264196566,0.11616225394091051,1.7679536060793428,0.07074397901305929,0.04425791394896805,0.0,0.0,0.0,0.0,0.0,0.0,0.0
FINAL_PROJECTION,1,11,0.0,0.0,0.010786484134531538,0.0,0.0,0.0,0.49374975887055517,1.1507154498667278,0.6386945767354568,0.00900233962395582,9.002339623955821,159.84083493069784,0.40477952887360225,2.121312706985191,0.44816623703809455,0.04303731903200969,0.36738174001220614,0.03418509295443073,1.0,0.0,1.399830381728419,1.399830381728419,1.3998303413391113
CURRENT_STATE_PROJECTION,1,11,0.0,0.0,0.0003054701376700719,0.0,0.0,5.039520263671875,0.8170812730395569,1.7331394567970537,0.7012967541811026,0.11027293020857531,110.27293020857533,32347.659754335975,0.421281832805226,2.344205707327523,5.549508390016854,0.04910298192407936,5.4195559080690145,0.5781575184082612,7.0,4.0,18.958709273054385,0.0,2.09309720993042
POV_ENDPOINT_PROJECTION,1,11,1.0,0.0,-0.05508457988541596,0.0,13.434199921917916,201.78666904568672,1.1079922607548713,19.572339112960616,8.510912655328218,79.94436172721059,79944.36172721059,25371996.078280687,1.4366432355848069,2.0861372849769317,6.790071803028695,0.048163856903556734,6.660555204900447,0.739726924977731,7.0,3.0,20.28716709140938,1.8441474713741455,5.71295690536499
PLAIN_FM,1,12,0.0,0.0,0.020685431303795243,0.0,0.0,1.1146903783082962,0.47667855891642613,2.207701558874557,1.1074004350613735,0.04357280356875454,43.57280356875454,8898.506902140649,0.09162206516377372,1.774030194350184,0.07181524799671024,0.04479262692620978,0.0,0.0,0.0,0.0,0.0,0.0,0.0
FINAL_PROJECTION,1,12,0.0,0.0,0.013957818132152203,0.0,0.0,0.0,0.6632569100716255,1.4519230705390587,0.8934751261556839,0.013395519441769643,13.395519441769643,223.56254507842624,0.6120286889787196,2.410538724778774,0.5383139489567839,0.043574173061642796,0.45654770400142297,0.03927432803902775,1.0,0.0,2.4019687427181085,2.4019687427181085,2.4019687175750732
CURRENT_STATE_PROJECTION,1,12,0.0,0.0,0.00793433213610198,0.0,0.0,0.5570483207702637,0.4935297502760822,1.8079584340499852,0.883047913861899,0.04130033612921158,41.30033612921158,9713.265745157098,0.27709921646069596,2.1065679762479546,4.264234095986467,0.048826215032022446,4.134568841080181,0.44028689130209386,7.0,3.0,19.555314729969982,0.0,1.2581651210784912
POV_ENDPOINT_PROJECTION,1,12,1.0,0.0,-0.1328101628792815,0.0,13.457120221519471,212.0469045639038,0.7352674062787554,17.41370788318548,7.766939131732011,59.377575766775365,59377.575766775364,16928084.509813353,1.205485700761609,2.4598796717901674,5.8518060490023345,0.04818978899857029,5.72254405595595,0.6337663876474835,7.0,2.0,20.20762802311874,2.996132364365233,4.934720993041992
PLAIN_FM,1,13,0.0,0.0,0.027572806905880987,0.0,0.0,1.6930294036865234,0.4693927854290308,2.187748816510927,1.1171075065252827,0.05393936789979159,53.93936789979159,12865.554004954593,0.10258039086322743,1.8101989649913255,0.07057322602486238,0.04401635599788278,0.0,0.0,0.0,0.0,0.0,0.0,0.0
FINAL_PROJECTION,1,13,0.0,0.0,0.03494008588638936,0.0,0.0,0.0,0.5294790490968904,0.9343612926058968,0.4980305568200296,0.00583883621286585,5.83883621286585,117.01727625483828,0.47714823991105815,2.5486178538505886,0.4484737520106137,0.043086741876322776,0.3676641429774463,0.0341735829715617,1.0,0.0,1.8632020397116,1.8632020397116,1.8632020950317383
CURRENT_STATE_PROJECTION,1,13,1.0,0.0,-0.03116421106107345,0.0,0.0,4.791386127471924,0.3508093147247552,1.7939455549211438,1.008761806522004,0.06434647310669307,64.34647310669307,16804.650311805537,0.3626043450707278,2.409883300386323,7.900065857975278,0.04926255397731438,7.769069909118116,0.8663922398700379,7.0,7.0,14.85310224928245,0.0,1.6289366483688354
POV_ENDPOINT_PROJECTION,1,13,1.0,0.0,-0.12194186218203867,0.0,9.359417981243134,195.1195192337036,1.2526341791172309,18.828694583501473,8.700165948496005,68.36014323522497,68360.14323522495,21596422.278241947,1.2830271255609622,2.2026333194410097,6.885327470954508,0.04837775288615376,6.75491532695014,0.735335961158853,7.0,2.0,18.93756280755116,2.1452177449677587,5.204289436340332
PLAIN_FM,1,14,0.0,0.0,0.023951204720924324,0.0,0.0,0.5195346474647522,0.45793035478262306,2.16764597281898,1.1038831827132924,0.042769990573270855,42.76999057327086,9194.656797320358,0.10769490435505051,1.7625791515843094,0.07048930402379483,0.04387770307948813,0.0,0.0,0.0,0.0,0.0,0.0,0.0
FINAL_PROJECTION,1,14,0.0,0.0,0.029997235148550516,0.0,0.0,0.0,0.708250201427024,1.5455399558692513,1.2237577246388085,0.013969284489285708,13.969284489285707,205.84834386848243,0.7668731772073258,2.311627143202771,0.5396178310038522,0.04297210701042786,0.45886355300899595,0.04257245798362419,1.0,0.0,3.0971907510794208,3.0971907510794208,3.0971906185150146
CURRENT_STATE_PROJECTION,1,14,1.0,0.0,-0.012678251275039826,0.0,0.0,2.6450034976005554,0.5718660915901957,1.759100178070806,0.7905448559659529,0.06130259832403778,61.30259832403779,17016.541934952285,0.3246955810769661,2.2242171857609754,5.658668302989099,0.049150073959026486,5.5281197530566715,0.5935606237617321,7.0,4.0,17.30832685486239,0.0,1.5375957489013672
POV_ENDPOINT_PROJECTION,1,14,1.0,0.0,-0.11170853399411669,0.0,9.190099250936509,197.87657380104065,0.6858438184238727,16.341420973853545,8.614798382622018,51.742487631428475,51742.48763142849,15673909.41214186,1.2817005692434502,1.9627798060752966,5.552328725985717,0.04819987795781344,5.422938767937012,0.5776045760139823,7.0,2.0,18.077376075783274,2.281702397009141,5.146395683288574
PLAIN_FM,1,15,0.0,0.0,0.027522040592128427,0.0,0.0,0.3492516279220581,0.4509178203241537,2.192263571435428,1.1056028067604415,0.050936542002225596,50.9365420022256,11541.584259025072,0.08608340871961376,1.786834624231069,0.07054595596855506,0.04388296196702868,0.0,0.0,0.0,0.0,0.0,0.0,0.0
FINAL_PROJECTION,1,15,0.0,0.0,0.009788961837307944,0.0,0.0,0.0,0.6756502796953687,1.3745560779944592,1.1132677976591057,0.012380988102912438,12.380988102912438,248.77802281644273,0.7604658655714938,2.3674410608131473,0.5408654870116152,0.04305289004696533,0.459853942040354,0.04303864104440436,1.0,0.0,3.2663635987398623,3.2663635987398623,3.2663636207580566
CURRENT_STATE_PROJECTION,1,15,0.0,0.0,0.02732473898975324,0.0,0.0,0.0,0.43351786613030296,1.98805624454148,1.0369424463446086,0.028586195362631697,28.5861953626317,4442.848843650279,0.2197375679529031,1.9930008433188757,5.9534442070289515,0.049238245002925396,5.822704733058345,0.6302362178103067,7.0,4.0,18.11321158548854,0.0,0.8140086531639099
POV_ENDPOINT_PROJECTION,1,15,1.0,0.0,-0.12561860935976965,0.0,10.040028549861908,195.45399367809296,1.0265828730521456,19.800095185116195,8.304631339911447,76.13595119198858,76135.95119198858,22829239.288944546,1.294488565699139,1.9473793981884737,7.572112152993213,0.04831981397001073,7.442414454068057,0.8215680188150145,7.0,3.0,19.21925225460933,2.6292494169288747,5.391576290130615
PLAIN_FM,1,16,0.0,0.0,0.027156220144910426,0.0,0.0,2.0816755294799805,0.5152760550087521,2.1653320360053288,1.0733832415358868,0.04675796208472821,46.757962084728206,10489.313955165271,0.08734585610539414,1.8136614272416876,0.07062762795249,0.044028036936651915,0.0,0.0,0.0,0.0,0.0,0.0,0.0
FINAL_PROJECTION,1,16,0.0,0.0,0.03077424110219297,0.0,0.0,0.0,0.5759146402286968,0.8776603798284164,0.46737824908915643,0.006159017158148039,6.159017158148039,210.1503676257721,0.5098772759642596,2.4787911483053393,0.3546503629768267,0.04317935509607196,0.27349877305096015,0.022842759964987636,1.0,0.0,2.0266446971032797,2.0266446971032797,2.026644706726074
CURRENT_STATE_PROJECTION,1,16,0.0,0.0,0.02100795684480808,0.0,0.0,0.0,0.4066325117954566,1.9032616978253656,0.9809966716062337,0.030340493541024305,30.34049354102431,5620.80781178178,0.24090400932431205,2.0194624552822993,7.036661694000941,0.04929239698685706,6.905785545066465,0.7644609769922681,7.0,6.0,19.159327080896432,0.0,0.9222398996353149
POV_ENDPOINT_PROJECTION,1,16,1.0,0.0,-0.1388353143091366,0.0,11.311338782787322,214.2281186580658,1.2923146775107042,20.257381177106392,8.453257107085156,78.98631182493165,78986.31182493166,25088698.711366333,1.4460483870571408,2.59771897145841,7.465530686953571,0.04842662485316396,7.335157508961856,0.8210689412662759,7.0,4.0,19.07877457409316,2.0745266604132087,5.88292121887207
PLAIN_FM,1,17,0.0,0.0,0.02636175774160271,0.0,0.0,1.6835567355155945,0.43829224475881445,2.2021292273019304,1.107949846330789,0.05199367408940503,51.993674089405026,11917.52273192368,0.12084045429889023,1.7482245755371126,0.07070271100383252,0.04406990797724575,0.0,0.0,0.0,0.0,0.0,0.0,0.0
FINAL_PROJECTION,1,17,0.0,0.0,0.011849362977140246,0.0,0.0,0.0,0.6263965061698112,1.3958603707177477,1.1174041266694428,0.013284325072814095,13.284325072814097,240.08230398587648,0.6368200576370269,2.366532179466636,0.538759489019867,0.04330822906922549,0.457484635990113,0.04095289600081742,1.0,0.0,2.4649430180141434,2.4649430180141434,2.4649429321289062
CURRENT_STATE_PROJECTION,1,17,0.0,0.0,0.020182711190194463,0.0,0.0,0.5577516555786133,0.4566298249834638,1.8932176764596813,0.9323773350911893,0.04015364092436635,40.15364092436636,9268.195804906454,0.2914349600743345,2.12523852535235,6.587552062002942,0.04927342903101817,6.45656347903423,0.7106660904828459,7.0,5.0,18.24714162735178,0.0,1.2533462047576904
POV_ENDPOINT_PROJECTION,1,17,1.0,0.0,-0.11971820593042556,0.0,10.064500809192657,190.79643309116364,0.586979820003958,17.925676597478592,7.701016457997117,67.05954882786178,67059.54882786177,20584323.83016269,1.3201886737619961,2.2329346014848848,6.905814397032373,0.04821386997355148,6.775670127070043,0.7433551801368594,7.0,3.0,18.708167038252913,2.4635427462791113,5.203995704650879
PLAIN_FM,1,18,0.0,0.0,0.024980803336329294,0.0,0.0,1.2352930195629597,0.4645200645544488,2.1691610259476715,1.08737448585871,0.0598547959257803,59.85479592578031,15674.804958179338,0.10397616474182582,1.732391353034695,0.07191548403352499,0.044868600089102983,0.0,0.0,0.0,0.0,0.0,0.0,0.0
FINAL_PROJECTION,1,18,0.0,0.0,0.021196769588935696,0.0,0.0,0.0,0.5015293571811716,0.8483395281189411,0.5097439866966201,0.005452985273382893,5.452985273382893,128.86554330417965,0.5196299608910019,2.2122403268813655,0.4537509990041144,0.0433231380302459,0.3723749310011044,0.03824130195425823,1.0,0.0,2.015748885694799,2.015748885694799,2.0157487392425537
CURRENT_STATE_PROJECTION,1,18,0.0,0.0,0.02775134963530218,0.0,0.0,0.306243896484375,0.45554686501864344,2.0384715429916964,1.0179583430561587,0.03308674643802667,33.08674643802667,6432.495279034956,0.22523979820353876,2.0352414119176547,7.438063370005693,0.04949355509597808,7.307169628969859,0.8184079101192765,7.0,6.0,16.389181165302794,0.0,0.9553417563438416
POV_ENDPOINT_PROJECTION,1,18,1.0,0.0,-0.0981161116694861,0.0,13.92400161190033,259.48923349380493,1.0328267129272315,17.914341179650947,8.732442132636095,62.76267375865271,62762.67375865273,19489690.7335057,1.4787986957045147,1.9253084013735833,6.500525468960404,0.04833491414319724,6.370770178968087,0.684563401795458,7.0,2.0,19.48802812240964,2.1537666670156654,5.859837055206299
PLAIN_FM,1,19,0.0,0.0,0.03368940490523259,0.0,0.0,1.337738037109375,0.4358257826107487,2.197242920512959,1.0899039095089404,0.047875777465928374,47.87577746592837,9062.261723915026,0.12564487361546678,1.763017756407039,0.07071507204091176,0.04405103682074696,0.0,0.0,0.0,0.0,0.0,0.0,0.0
FINAL_PROJECTION,1,19,0.0,0.0,0.04126426158259494,0.0,0.0,0.0,0.6330778022992812,1.466429863517969,0.9417815638930378,0.014822174826094603,14.822174826094603,248.03130437318634,0.5644838106343142,2.3125502274996217,0.5373017570236698,0.04314547311514616,0.4562584090163,0.039769473078195006,1.0,0.0,2.087557658321126,2.087557658321126,2.087557554244995
CURRENT_STATE_PROJECTION,1,19,0.0,0.0,0.03197973086956557,0.0,0.0,0.23288249969482422,0.4050906349311828,2.006568212681548,1.0274538993197206,0.04523672191787309,45.2367219178731,10884.314278774254,0.31631545053145405,2.030929338353362,7.257826896035112,0.050527761050034314,7.124140947940759,0.7972513330169022,7.0,6.0,19.626790543589212,0.0,1.064857840538025
POV_ENDPOINT_PROJECTION,1,19,1.0,0.0,-0.09906519177429225,0.0,13.492109285402298,275.6208163499832,0.9450535353827071,20.00227486274919,7.841155868048003,76.82835731284314,76828.35731284313,22136097.064028997,1.3157780277326105,2.321588980617755,5.868283729010727,0.04847690905444324,5.73791311198147,0.6316336648305878,7.0,2.0,21.04379093383528,2.6138305838217866,5.375673294067383
PLAIN_FM,1,20,0.0,0.0,0.025174255449216643,0.0,0.0,1.5487585961818695,0.473402877732095,2.139722523520211,1.0474608203261795,0.04302170866774675,43.02170866774676,9634.078161211324,0.10366070761177731,1.7887781281407253,0.07266284502111375,0.04538732394576073,0.0,0.0,0.0,0.0,0.0,0.0,0.0
FINAL_PROJECTION,1,20,0.0,0.0,0.015135346226914453,0.0,0.0,0.0,0.506053918654299,1.1267998980940117,0.8181220392975108,0.008315400714148956,8.315400714148955,156.67290847908995,0.5454215790971417,2.2090146008787093,0.6486882609897293,0.04423353500897065,0.5656547090038657,0.05616245197597891,1.0,0.0,2.0876840373883008,2.0876840373883008,2.087684154510498
CURRENT_STATE_PROJECTION,1,20,0.0,0.0,0.028612238707262982,0.0,0.0,0.1955580711364746,0.3839506065591487,2.0526650081248765,1.1226962398161298,0.0424308998135825,42.4308998135825,9799.443115573902,0.3750671466318444,1.7966998928117055,7.278001650003716,0.049930026987567544,7.146299362997524,0.789094319101423,7.0,5.0,18.526960741283343,0.0,1.4378288984298706
POV_ENDPOINT_PROJECTION,1,20,1.0,0.0,-0.07081278466529932,0.0,11.088815488052369,223.1863071024418,0.767954781031485,18.41845063586791,7.468902661743344,62.10422465887936,62104.224658879364,18140977.742829274,1.4124766871434042,2.102742918412272,5.600194517988712,0.04783772100927308,5.472738696145825,0.5798828777624294,7.0,2.0,16.288306757637418,1.6019704288685317,5.678593158721924
PLAIN_FM,1,21,0.0,0.0,0.02572566216910016,0.0,0.0,0.6092910468578339,0.474717250058616,2.174961817319433,1.0953510561099187,0.04220527782082778,42.20527782082778,9100.055364443982,0.0988673328269742,1.743295795137572,0.06913761096075177,0.04325618903385475,0.0,0.0,0.0,0.0,0.0,0.0,0.0
FINAL_PROJECTION,1,21,0.0,0.0,0.027259181112910966,0.0,0.0,0.0,0.5633864747100614,1.3219365349262675,0.829862737921565,0.01119875377565166,11.19875377565166,173.59586862185085,0.48774211372635223,2.191707945685483,0.6190870229620486,0.04238887404790148,0.5397764390218072,0.049042152939364314,1.0,0.0,1.8209572800563165,1.8209572800563165,1.8209573030471802
CURRENT_STATE_PROJECTION,1,21,0.0,0.0,0.029228152483456726,0.0,0.0,1.7589282989501953,0.4445470982703058,2.0432829200186706,1.0304209081888254,0.043365525732736554,43.36552573273656,10370.945295271937,0.2927622951322248,2.1397909499781793,7.36797329201363,0.04884835099801421,7.23948525992455,0.7970224719610997,7.0,6.0,17.775640987057418,0.0,1.241569995880127
POV_ENDPOINT_PROJECTION,1,21,1.0,0.0,-0.12741968366210674,0.0,8.125304140281678,182.01807856559753,1.0677410922930581,18.74689496284918,9.903633426968318,67.16702799810714,67167.02799810715,20473123.974963978,1.3323330429946054,1.663444494798716,6.063137365970761,0.0475416419794783,5.936335490026977,0.6436909669428132,7.0,3.0,19.18826923444948,2.3066385198638724,5.442329406738281
PLAIN_FM,1,22,0.0,0.0,0.02684347812554594,0.0,0.0,1.637328863143921,0.48833057648156974,2.201149774280679,1.0889930032336481,0.04705209085676362,47.05209085676363,9363.767593466058,0.08885099003485437,1.7822159247956313,0.06954591197427362,0.043447283969726413,0.0,0.0,0.0,0.0,0.0,0.0,0.0
FINAL_PROJECTION,1,22,0.0,0.0,0.001687307817422934,0.0,0.0,0.0,0.5464001527812481,1.1969775958880762,0.5317978060941361,0.010433432196184839,10.433432196184839,259.0328232259298,0.4755547102354324,2.3199307868160246,0.3458174989791587,0.04241231404012069,0.2665332169854082,0.022531953058205545,1.0,0.0,1.9089530857810193,1.9089530857810193,1.908953070640564
CURRENT_STATE_PROJECTION,1,22,0.0,0.0,0.01714805934275497,0.0,0.0,2.753688097000122,0.7276994486782578,1.8320922548472993,0.7890221294548176,0.07186386376573117,71.86386376573118,19650.53723566126,0.2907688266644563,2.148449650567592,7.342531163012609,0.04999802989186719,7.2113620799500495,0.8041850061272271,7.0,6.0,15.15336358148517,0.0,1.45365571975708
POV_ENDPOINT_PROJECTION,1,22,1.0,0.0,-0.13134993759441854,0.0,13.490299390363694,281.34786307811737,1.0690464021297061,22.76079772963339,9.646786422481558,109.13613322806421,109136.13322806422,35642936.66660244,1.3067337115184574,1.5976269966907244,6.059543795010541,0.04947053303476423,5.928399302996695,0.6502891169511713,7.0,2.0,16.216424050934695,2.137618205623471,5.391052722930908
PLAIN_FM,1,23,0.0,0.0,0.033717601322484525,0.0,0.0,0.6524515151977539,0.4496358595394562,2.192116583534929,1.086337016626649,0.044532717689868384,44.532717689868385,9342.861610783335,0.11461617436117627,1.771722101555958,0.07087249797768891,0.04432451713364571,0.0,0.0,0.0,0.0,0.0,0.0,0.0
FINAL_PROJECTION,1,23,0.0,0.0,0.016881289453177045,0.0,0.0,0.0,0.5847582516125327,1.370861484979814,1.0246153246904113,0.01205539843749115,12.05539843749115,202.22117974979528,0.6614362061882173,2.5537287795797874,0.5417439379962161,0.043386282108258456,0.46042569098062813,0.04304147104267031,1.0,0.0,2.613209446565755,2.613209446565755,2.6132092475891113
CURRENT_STATE_PROJECTION,1,23,0.0,0.0,0.02291456366893388,0.0,0.0,0.9402406215667725,0.5187795373159363,1.7937750219927282,0.8656353751524637,0.047951366265908235,47.951366265908234,11989.719925503417,0.3095098005397847,2.1596016910014924,5.777544768003281,0.04983504302799702,5.64597184403101,0.610139099881053,7.0,4.0,19.77376387301768,0.0,1.4576188325881958
POV_ENDPOINT_PROJECTION,1,23,1.0,0.0,-0.03858593158223249,0.0,12.925581645631791,201.77357763051987,1.1334671658105058,18.86944268358379,8.524015973851924,63.604725466514054,63604.725466514064,17541050.41271673,1.394066798220938,2.096937662467625,7.0770563909900375,0.048756765958387405,6.9465448460541666,0.7652964569278993,7.0,3.0,18.676196817441408,3.048960319697403,5.534245014190674
PLAIN_FM,1,24,0.0,0.0,0.021067172536931633,0.0,0.0,0.5594921112060547,0.47285908483409234,2.2248240274325353,1.1143655083493162,0.04349999690693543,43.49999690693543,8408.815201108655,0.0980590021640727,1.7795991456470437,0.0707676149904728,0.044177264033351094,0.0,0.0,0.0,0.0,0.0,0.0,0.0
FINAL_PROJECTION,1,24,0.0,0.0,0.04126426158259494,0.0,0.007035892868041849,0.0,0.5946150802901723,1.5026519030916923,1.0500469592216308,0.013792265226464484,13.792265226464487,212.18592294408032,0.6509278647013601,2.386672563127852,0.6344002439873293,0.04316583398031071,0.5533824029844254,0.05297429795609787,1.0,0.0,2.566551111060298,2.566551111060298,2.5665512084960938
CURRENT_STATE_PROJECTION,1,24,1.0,0.0,-0.01772352494987725,0.0,0.0,3.8518261909484863,0.6035302101530856,1.6194233966159015,0.7431848672024074,0.09387757546318198,93.87757546318198,28541.812872303577,0.49638149170295065,2.6424118713649976,7.185879976954311,0.05065844499040395,7.053176611021627,0.7977924418519251,7.0,6.0,17.67075976872635,0.0,2.431421995162964
POV_ENDPOINT_PROJECTION,1,24,1.0,0.0,-0.10922655760838355,0.0,10.240759790420531,219.90774393081665,0.2558633370790626,19.46087795362831,9.409013505017766,72.0116175068281,72011.61750682812,21257058.730967753,1.3672228134943802,2.439748453966611,5.75841326196678,0.04864467500010505,5.6284258890664205,0.611672212893609,7.0,3.0,15.56372095097229,1.647249676606486,5.486836910247803
PLAIN_FM,1,25,0.0,0.0,0.019213368070447545,0.0,0.0,0.8879226446151733,0.5170006561536735,2.2009472159535526,1.0864953920905063,0.04572146859973546,45.72146859973546,9807.471463024776,0.08090501678939765,1.7935300838345398,0.07077814696822315,0.044153161987196654,0.0,0.0,0.0,0.0,0.0,0.0,0.0
FINAL_PROJECTION,1,25,0.0,0.0,0.037398866485990376,0.0,0.0,0.0,0.5903096076814289,1.4329510356307498,1.1100861926018606,0.012101040197808777,12.101040197808778,183.0592109049123,0.6863736488602525,2.314485179791019,0.6323866419843398,0.04322874709032476,0.5513062609825283,0.05173476395430043,1.0,0.0,2.825816736571373,2.825816736571373,2.8258168697357178
CURRENT_STATE_PROJECTION,1,25,0.0,0.0,0.011972206367173166,0.0,0.0,2.250446081161499,0.5994678793225453,1.7612756804616685,0.7948530971425304,0.05665616459799486,56.65616459799485,15438.61853971273,0.31516492660706247,2.2454660295362854,6.573839215969201,0.04941688501276076,6.443030270980671,0.713681171881035,7.0,5.0,19.59812846377747,0.0,1.4660775661468506
POV_ENDPOINT_PROJECTION,1,25,1.0,0.0,-0.11564805616928875,0.0,10.409645002746583,183.60363513231277,1.4131115393512397,17.384278323788656,9.340649467387006,53.6748127341088,53674.812734108804,15254019.909393389,1.368710370800923,2.35070809673292,6.109773095988203,0.0484406488831155,5.979935895942617,0.6376829681103118,7.0,2.0,16.76127643078403,2.249192329842333,5.489871025085449
PLAIN_FM,1,26,0.0,0.0,0.030045835384761743,0.0,0.0,1.6082477569580078,0.4760023694648741,2.204524409116786,1.0974611746755858,0.04433544064565013,44.335440645650124,9221.395116203366,0.11386908222962389,1.7865160932312574,0.07088867999846116,0.04421931295655668,0.0,0.0,0.0,0.0,0.0,0.0,0.0
FINAL_PROJECTION,1,26,0.0,0.0,0.00998980762238344,0.0,0.0,0.0,0.5491351110477802,1.3777852926879908,0.9118579110661774,0.012391638617091805,12.391638617091806,236.3042683670269,0.587945273774191,2.4846890760858478,0.539135766972322,0.04321916599292308,0.4580071030068211,0.041562505066394806,1.0,0.0,2.282027343784448,2.282027343784448,2.282027244567871
CURRENT_STATE_PROJECTION,1,26,0.0,0.0,0.007140932361100111,0.0,0.0,2.1009814739227295,0.6972357159759516,1.8057202272663628,0.8006143239503261,0.06848598567450659,68.48598567450658,19110.527084139725,0.2980593514028204,2.0446486367484957,7.1582067490089685,0.04944560508010909,7.027329530916177,0.7854005648987368,7.0,6.0,19.622477789571093,0.0,1.6218212842941284
POV_ENDPOINT_PROJECTION,1,26,1.0,0.0,-0.12677208962269892,0.0,12.952708429431915,262.3128366470337,0.8553988808549099,18.67573062860588,7.718046657843091,71.69050245522175,71690.50245522175,22518035.254679944,1.3436726790825708,2.472916191925801,6.439928705978673,0.0483777160407044,6.309789437043946,0.695958984142635,7.0,2.0,23.645266785960875,2.679964774677599,5.419309139251709
PLAIN_FM,1,27,0.0,0.0,0.018482866377103557,0.0,0.0,1.6641762852668762,0.4693086044968646,2.1938823598850448,1.1002259438394455,0.0468096757360215,46.8096757360215,10411.700958266023,0.11419166989668161,1.7510120128611526,0.07090698002139106,0.044296468142420053,0.0,0.0,0.0,0.0,0.0,0.0,0.0
FINAL_PROJECTION,1,27,0.0,0.0,0.013501395546569803,0.0,0.0,0.0,0.47307564453948747,1.2130787752646293,0.7298076367827314,0.008407162760738959,8.40716276073896,162.97165583711754,0.5380767620798121,2.156225089473709,0.5426373140071519,0.043352832028176636,0.4611225390108302,0.0417664690176025,1.0,0.0,2.0521577584273927,2.0521577584273927,2.0521576404571533
CURRENT_STATE_PROJECTION,1,27,0.0,0.0,0.02166302584434396,0.0,0.0,1.7637547850608826,0.6199832936629432,1.8688761161067655,0.9118474679175571,0.06454251219084217,64.54251219084217,18127.756638229166,0.25126396262020556,1.9937975259184495,7.470531928003766,0.04932395205833018,7.339716462942306,0.8292419038480148,7.0,6.0,16.2093522760933,0.0,1.3362632989883423
POV_ENDPOINT_PROJECTION,1,27,1.0,0.0,-0.0786366018338682,0.0,7.719197100734711,151.46978318691254,0.9878638007882851,17.238151759838264,6.996083054388532,51.38632998390656,51386.32998390657,14647532.090812517,1.3735356895009279,2.218945412310324,7.1767097120173275,0.04841895803110674,7.046633544086944,0.7856772672967054,7.0,4.0,21.544726100206443,2.579283071994367,5.524222373962402
PLAIN_FM,1,28,0.0,0.0,0.021932994848910148,0.0,0.0,0.34973442554473877,0.4702202180396678,2.1491392479405538,1.0836799769642642,0.04121412191867977,41.21412191867977,8773.898963769198,0.11458901671271966,1.823377815390226,0.07133635302307084,0.044501811964437366,0.0,0.0,0.0,0.0,0.0,0.0,0.0
FINAL_PROJECTION,1,28,0.0,0.0,0.013556416784567982,0.0,0.0,0.0,0.48453285156770337,0.9125874028453029,0.7043077738527665,0.005809078146572277,5.809078146572277,159.31562489694963,0.5497159624212279,2.610045511856858,0.3587176660075784,0.04413765395293012,0.27587311499519274,0.023161550983786583,1.0,0.0,2.1548447320322084,2.1548447320322084,2.1548447608947754
CURRENT_STATE_PROJECTION,1,28,0.0,0.0,0.0012477775795990687,0.0,0.0,1.546589732170105,0.5359583486305388,1.7598109374466193,0.8403455641568803,0.04606414649626234,46.06414649626234,11556.302479878445,0.29565403489041103,2.1644990481536066,6.711802487028763,0.049482535978313535,6.580249640974216,0.7188567810226232,7.0,5.0,14.983253321456314,0.0,1.2876615524291992
POV_ENDPOINT_PROJECTION,1,28,1.0,0.0,-0.09520340824399598,0.0,14.834252999830246,238.10230910778046,1.0565284524985938,19.235338988317178,6.5265308111740366,73.24042249856683,73240.42249856684,22971421.641209006,1.2990299382587427,3.0362963393199625,5.947436757967807,0.04827700409805402,5.817616875923704,0.6325441968510859,7.0,3.0,17.111791493497154,2.4103437659721374,5.272860527038574
PLAIN_FM,1,29,0.0,0.0,0.027048427446923096,0.0,0.0,1.3145756721496582,0.4641688106142072,2.2390250674711196,1.139028735361056,0.0691123741257755,69.1123741257755,17884.515392862504,0.10860714446380587,1.776553206082437,0.07110236602602527,0.04434691998176277,0.0,0.0,0.0,0.0,0.0,0.0,0.0
FINAL_PROJECTION,1,29,0.0,0.0,0.014784267791797673,0.0,0.0,0.0,0.6017865188791988,0.804550894434815,0.3948134665326888,0.0031159562387559347,3.1159562387559347,115.60987416663339,0.6517313245785938,2.6863480413041536,0.45338461600476876,0.043286570988129824,0.3721902090474032,0.03861101396614686,1.0,0.0,2.7846282756194585,2.7846282756194585,2.784628391265869
CURRENT_STATE_PROJECTION,1,29,1.0,0.0,-0.017111896867380787,0.0,0.0,0.43628931045532227,0.37581219600644583,2.010769770450724,1.1451890781004386,0.05708833114558454,57.08833114558454,14822.581899453802,0.26079347514915363,1.9359698092495226,7.858257769024931,0.04947472701314837,7.726813032932114,0.8621048828354105,7.0,6.0,17.05797880594036,0.0,0.9480666518211365
POV_ENDPOINT_PROJECTION,1,29,1.0,0.0,-0.06964386314694637,0.0,15.38443223400116,309.2255514860153,1.1602361796798877,23.621852720747608,12.176418180350662,123.10694693279927,123106.94693279928,41215230.40403885,1.4949413561871014,2.361160217922233,8.061874260019977,0.04836690687807277,7.93226993503049,0.8958091668901034,7.0,7.0,17.425809429183392,2.05941537289335,6.014344692230225
PLAIN_FM,1,30,0.0,0.0,0.025583165720861,0.0,0.0,0.893862247467041,0.4628605688839572,2.1546714850510673,1.103839782372257,0.049759134479488897,49.7591344794889,11580.398922183784,0.12117763511579459,1.7586941960324907,0.0707365470007062,0.04411561199231073,0.0,0.0,0.0,0.0,0.0,0.0,0.0
FINAL_PROJECTION,1,30,0.0,0.0,0.03276653607987137,0.0,0.0,0.0,0.5939135046986063,1.3600172886330428,1.053874456187447,0.01103951702592032,11.03951702592032,164.71229517054377,0.6035485971829542,2.192104860920751,0.6343208110192791,0.04354969796258956,0.5525628280011006,0.051783998031169176,1.0,0.0,2.274001777379136,2.274001777379136,2.2740018367767334
CURRENT_STATE_PROJECTION,1,30,1.0,0.0,-0.01305684792830155,0.0,0.0,1.804060935974121,0.4080246382586021,2.0432586963223147,1.193700852205018,0.07154383815219752,71.54383815219751,19964.480829933647,0.2706000641963794,1.96183928159685,7.571701976994518,0.04979064501821995,7.439687564969063,0.83473566302564,7.0,6.0,18.610609140653537,0.0,1.0185400247573853
POV_ENDPOINT_PROJECTION,1,30,1.0,0.0,-0.12934948908471328,0.0,12.175720490646363,252.74569809436798,1.0439177378610256,18.904525531373316,9.269905187837574,69.72492207224016,69724.92207224018,21480074.097685505,1.467653738619423,2.323791512996823,7.399298690957949,0.04943435499444604,7.266902150004171,0.8091086999629624,7.0,2.0,19.140009453807536,2.307544886269709,5.842988967895508
PLAIN_FM,1,31,0.0,0.0,0.01621748533335919,0.0,0.0,0.09014725685119629,0.5021679172131399,2.224438073340549,1.122578382751641,0.04297012867471117,42.97012867471118,8883.556242357345,0.10155686070342113,1.7391010778359035,0.07109655695967376,0.04439077794086188,0.0,0.0,0.0,0.0,0.0,0.0,0.0
FINAL_PROJECTION,1,31,0.0,0.0,0.03615137377042839,0.0,0.0,0.0,0.6544566633297234,1.0857670178844232,0.33263737710215197,0.007148683302490966,7.148683302490966,153.69549873192057,0.5763019940198586,2.0644509676536362,0.3607749170041643,0.04362940805731341,0.27880838903365657,0.02693136193556711,1.0,0.0,2.3486215350436144,2.3486215350436144,2.3486216068267822
CURRENT_STATE_PROJECTION,1,31,0.0,0.0,0.01773445803594706,0.0,0.0,1.4652591943740845,0.5389984516661805,1.792329979817984,0.8527932106813634,0.04825439857783831,48.254398577838316,12158.140979453936,0.2909244005144819,2.143632881401627,6.038554018014111,0.04954021895537153,5.907174271938857,0.6462651496985927,7.0,4.0,18.996692529224944,0.0,1.4851455688476562
POV_ENDPOINT_PROJECTION,1,31,1.0,0.0,-0.08173978655848092,0.0,12.698090017318725,249.53234910964966,1.1399579026714317,19.17904814165907,8.847784807218837,71.97371229491866,71973.71229491866,21893183.674524557,1.4617051463215185,1.8207224692190886,6.1597958719939925,0.04860979504883289,6.029040353896562,0.6509993390645832,7.0,2.0,22.52010875660683,2.098693782333088,5.854138374328613
PLAIN_FM,2,0,0.0,0.0,0.07063500264935187,0.0,0.24900690879821763,1.6420197486877441,0.38667434017866437,2.741716419869809,1.0881062386334261,0.043845507181279664,43.84550718127966,10936.150125620014,0.07600424416150182,1.4058240343605954,0.07113603799371049,0.044371151947416365,0.0,0.0,0.0,0.0,0.0,0.0,0.0
FINAL_PROJECTION,2,0,0.0,0.0,0.19081769169255106,0.0,0.0,0.0,0.8594455262403281,1.3673086493477347,0.6527423580114099,0.010165988358301403,10.165988358301403,159.62714966619717,0.5632736842744761,2.443522746615339,0.4432543810107745,0.04364470101427287,0.36135583400027826,0.02983207005308941,1.0,0.0,2.799460368869857,2.799460368869857,2.7994604110717773
CURRENT_STATE_PROJECTION,2,0,0.0,0.0,0.02869674640602947,0.0,0.0,0.9511303901672363,0.49437063492895605,2.430897664554509,1.015865470507573,0.05573822164227504,55.73822164227504,17366.386359777163,0.2351079596142368,1.6791731145138293,7.581551119976211,0.04971550405025482,7.449384723964613,0.8246556660160422,7.0,6.0,15.731015965486959,0.0,1.071976661682129
POV_ENDPOINT_PROJECTION,2,0,0.0,0.0,0.2234744747060537,0.0,8.619737283992768,169.77003037929535,1.3733233082111216,16.968926352386653,6.697150057032455,55.011670949224424,55011.67094922444,16371340.975964585,1.6799715215716022,2.682289207352677,7.692449852998834,0.04876718908781186,7.561480270058382,0.8412597101996653,7.0,3.0,21.934579769491357,2.3521856185660774,6.917982578277588
PLAIN_FM,2,1,0.0,0.0,0.07867420918136576,0.0,0.2930609997749327,0.824434757232666,0.4082772611323893,2.7891983185732547,1.0986763179926644,0.052024802551934535,52.02480255193453,13903.682651939622,0.07573738829964675,1.398930345084276,0.07116824999684468,0.04442934301914647,0.0,0.0,0.0,0.0,0.0,0.0,0.0
FINAL_PROJECTION,2,1,0.0,0.0,0.23464947876322387,0.0,0.0,0.0,1.0478327126064684,1.439818373629131,0.9314305973382548,0.010335002291273591,10.335002291273593,138.6680719466168,0.6510054652484618,2.4269056396945192,0.4468612299533561,0.04342385602649301,0.36512615700485185,0.03353515104390681,1.0,0.0,3.190530253935576,3.190530253935576,3.190530300140381
CURRENT_STATE_PROJECTION,2,1,1.0,0.0,-0.013617689744206352,0.0,0.09588615264892564,5.067999362945557,0.5643430660862081,2.00810080241636,0.8869433151224156,0.1396921156913642,139.6921156913642,45571.321263635065,0.42313004253786657,2.0210817655669566,7.138608230976388,0.04997304204152897,7.006263947987463,0.7782504510250874,7.0,6.0,20.285399085785436,0.0,2.145358085632324
POV_ENDPOINT_PROJECTION,2,1,0.0,0.0,0.16762559812395805,0.0,10.19981757965088,209.5897164940834,1.5052313583939123,20.673727772623526,8.585458141158018,79.69047389598153,79690.47389598153,23634433.487461086,1.732530280160923,2.5718435314579216,7.81311863695737,0.04885309195378795,7.681606027064845,0.8667541568866,7.0,5.0,23.702458813913402,2.965384211560343,7.147841453552246
PLAIN_FM,2,2,0.0,0.0,0.073461331642429,0.0,0.21072284545898423,1.051117181777954,0.3830290054511082,2.7325022650759236,1.0918351900714096,0.04390445708546087,43.90445708546087,11270.671165589352,0.09093122565080956,1.4084843845343251,0.0712827630341053,0.04446054209256545,0.0,0.0,0.0,0.0,0.0,0.0,0.0
FINAL_PROJECTION,2,2,0.0,0.0,0.4078700031649316,0.0,0.0,0.0,1.1686389924944618,1.7705497858834909,0.9402635253916892,0.016186323617451426,16.18632361745143,208.79681320826737,0.7813469550206779,2.940575893670638,0.6347389639704488,0.04357303003780544,0.5529016079963185,0.05282335903029889,1.0,0.0,3.9933975131036616,3.9933975131036616,3.9933974742889404
CURRENT_STATE_PROJECTION,2,2,0.0,0.0,0.04993767217535326,0.0,0.0,0.0,0.43090917678241697,2.3908092721769414,0.951899745046472,0.03272679769482614,32.726797694826146,8206.64843728484,0.2065430412167737,1.739990581718631,5.936487240018323,0.04964235209627077,5.804921500093769,0.6395600188407116,7.0,5.0,18.33094387982698,0.0,1.0562928915023804
POV_ENDPOINT_PROJECTION,2,2,0.0,0.0,0.17137094441130768,0.0,10.483915962409974,184.27205204963684,1.368966967764771,17.416795142544164,7.168411284476273,56.47881093744327,56478.81093744328,16899367.108916223,1.6313471864021063,3.206375844500225,7.128022641991265,0.048478732991497964,6.997713473974727,0.7821195729193278,7.0,3.0,28.461533859874166,2.8377371420431623,6.891995429992676
PLAIN_FM,2,3,0.0,0.0,0.0729750039323545,0.0,0.09039328660964951,1.4463138580322266,0.39751031849516066,2.74281771153341,1.084484567743404,0.04796557420672387,47.96557420672387,13040.93696348554,0.07130108982856201,1.4218841850763118,0.07106291694799438,0.04434058000333607,0.0,0.0,0.0,0.0,0.0,0.0,0.0
FINAL_PROJECTION,2,3,0.0,0.0,0.4078700031649316,0.0,0.0,0.0,1.162174619759024,1.5741353345019313,0.6691907668501842,0.013150942584455677,13.150942584455676,198.37610634841906,0.7569131692905842,2.758170566884745,0.5425823340192437,0.043797116028144956,0.46027237398084253,0.045755598053801805,1.0,0.0,3.811838394659499,3.811838394659499,3.811838388442993
CURRENT_STATE_PROJECTION,2,3,0.0,0.0,0.057516679486912387,0.0,0.0,0.15984296798706055,0.41535860850593487,2.3602007206532867,0.9450584234911323,0.035601300000402736,35.60130000040274,9020.257550174725,0.22827686505615558,1.8015919901874757,4.059228983998764,0.049281933170277625,3.9282346380059607,0.4149019067408517,7.0,3.0,19.402738334344587,0.0,1.1033377647399902
POV_ENDPOINT_PROJECTION,2,3,0.0,0.0,0.0022336517697829697,0.0,12.374034166812896,237.71416068077087,1.1562405455184463,17.75473439582595,8.595955972258256,68.65955974911373,68659.55974911375,21702580.73929917,1.659833049721843,2.6798089365847653,7.790956681012176,0.049052537069655955,7.659402289078571,0.8523585989605635,7.0,4.0,24.929237604110817,2.912125134624441,6.943488121032715
PLAIN_FM,2,4,0.0,0.0,0.0753589246552983,0.0,0.3100220974922179,1.82869553565979,0.3765252792696506,2.77450673323758,1.072789104716427,0.06458938031655194,64.58938031655195,18705.999689074186,0.09428879606748837,1.3853208631081062,0.07148019899614155,0.04454528505448252,0.0,0.0,0.0,0.0,0.0,0.0,0.0
FINAL_PROJECTION,2,4,0.0,0.0,0.10850607341484494,0.0,0.0,0.0,0.6737337784777745,1.6174109093248892,0.8044640216900816,0.00762165988757418,7.62165988757418,213.18429505074351,0.5743132532876076,2.520578933600447,0.35819922597147524,0.043801266117952764,0.27574271196499467,0.02727554301964119,1.0,0.0,2.9357634981110188,2.9357634981110188,2.935763359069824
CURRENT_STATE_PROJECTION,2,4,0.0,0.0,0.04918260227614403,0.0,0.005954664611816263,0.0,0.4202326971995669,2.3789641902036016,0.928038231405775,0.032071500269061026,32.071500269061026,7777.752801892657,0.2211124763414074,1.754300413413563,5.4453568189637735,0.0496227708645165,5.313845597032923,0.5805939309648238,7.0,4.0,19.40261921116942,0.0,1.183538794517517
POV_ENDPOINT_PROJECTION,2,4,0.0,0.0,0.02638476775149884,0.0,12.473820608520509,225.80504536628723,1.4955606480301582,19.31615822828744,8.841877865145515,79.37686549612586,79376.86549612587,24937390.974089082,1.807001983204597,2.8571255106674407,7.401072683976963,0.048844092059880495,7.270099067012779,0.8075964449672028,7.0,2.0,31.665126229983414,3.9713559838997075,7.540566444396973
PLAIN_FM,2,5,0.0,0.0,0.07279547759186845,0.0,0.44455961551666245,1.3078880310058594,0.3993872415493868,2.783114070961412,1.0856798920562498,0.05944193150598043,59.44193150598043,15792.521524302572,0.08231205590001313,1.3902099895889866,0.071721535990946,0.044705021020490676,0.0,0.0,0.0,0.0,0.0,0.0,0.0
FINAL_PROJECTION,2,5,0.0,0.0,0.22320907590635444,0.0,0.0,0.0,0.8491702177170956,1.6914170908471065,0.5635906497200678,0.015241481813143692,15.241481813143693,204.55703464200005,0.4618686030012005,2.2132226934100876,0.6317101599997841,0.043581140926107764,0.5501071990001947,0.047743720992002636,1.0,0.0,2.3529874968488524,2.3529874968488524,2.35298752784729
CURRENT_STATE_PROJECTION,2,5,0.0,0.0,0.035173930671944506,0.0,0.0,1.0462772846221924,0.4473311255369533,2.286409059641703,0.9982436361859313,0.039760522040613644,39.76052204061365,9515.954209999667,0.28216502579586494,1.835651695003192,7.2474656570120715,0.049785916053224355,7.115470321092289,0.7433143232483417,7.0,6.0,19.99224898207022,0.0,1.4350318908691406
POV_ENDPOINT_PROJECTION,2,5,0.0,0.0,0.20429955259342297,0.0,15.652989752721787,230.6326326727867,0.9909902969230175,19.818540320913176,7.17181703187758,76.7585379112304,76758.5379112304,22360426.93173728,1.6868246737890795,2.3156483045429526,7.889140950981528,0.048701028048526496,7.7582322739763185,0.8781111600110307,7.0,6.0,24.00863898096436,1.975545142708158,6.985540866851807
PLAIN_FM,2,6,0.0,0.0,0.07927143956467915,0.0,0.1419539865493773,0.7699441909790039,0.4034807353421325,2.7202636889596232,1.1235466859146912,0.04492007983947144,44.92007983947144,11933.42792986858,0.06999074274763119,1.4477037330260478,0.07114573998842388,0.04441476089414209,0.0,0.0,0.0,0.0,0.0,0.0,0.0
FINAL_PROJECTION,2,6,0.0,0.0,0.08750944265034312,0.0,0.0,0.0,0.8124524098692334,1.7258231780672149,0.7508462926105691,0.016077689262774614,16.077689262774616,227.69752391004204,0.4403659644366066,2.1358211321949736,0.5386601130012423,0.04354291904019192,0.4569982619723305,0.038623315922450274,1.0,0.0,2.145901911979594,2.145901911979594,2.145901918411255
CURRENT_STATE_PROJECTION,2,6,0.0,0.0,0.06974562654331072,0.0,0.0,0.0,0.43197893128053527,2.4323378604237433,0.9835351824246117,0.029661684766933843,29.661684766933845,6744.080212305559,0.17839636600639122,1.7218569799621635,6.167570916994009,0.04946065793046728,6.036055515054613,0.5616010002559051,7.0,5.0,18.176540123146097,0.0,0.8900829553604126
POV_ENDPOINT_PROJECTION,2,6,0.0,0.0,0.35820170118311434,0.0,8.121594147491455,159.35182988643646,1.168187952572832,16.775602505289207,5.727032328497711,52.56758476221473,52567.58476221472,15024553.598740637,1.7190227843818908,2.9329235906937576,6.741157691052649,0.04880603909259662,6.610146811930463,0.7215027249185368,7.0,2.0,26.283964905325938,2.2969068721909096,7.073568820953369
PLAIN_FM,2,7,0.0,0.0,0.07694875921528589,0.0,0.3027050312995909,1.498253345489502,0.4114622280081535,2.7564157228454307,1.1041202067008313,0.05464770123671455,54.64770123671456,13686.732804071231,0.06915225024126298,1.4185839984102544,0.07285927701741457,0.045354098023381084,0.0,0.0,0.0,0.0,0.0,0.0,0.0
FINAL_PROJECTION,2,7,0.0,0.0,0.3432590173882143,0.0,0.0,0.0,0.9728049829497887,1.4443342531714987,0.4857670385401126,0.011198223635035198,11.198223635035198,188.71594354639143,0.6967992238887499,2.420197795363879,0.4465672919759527,0.0442220569238998,0.3637319580302574,0.031041974027175456,1.0,0.0,3.4553294095505565,3.4553294095505565,3.455329418182373
CURRENT_STATE_PROJECTION,2,7,1.0,0.0,-0.005337754673670564,0.0,0.1458151754379271,1.827104091644287,0.5205666427739046,2.226908532352474,0.9838884395220429,0.08789314583577101,87.89314583577101,28960.27284550908,0.3381545887205505,1.8047862648915842,7.8539325700257905,0.04990524903405458,7.7217200610321015,0.8713167712558061,7.0,7.0,18.018985309581797,0.0,1.6732062101364136
POV_ENDPOINT_PROJECTION,2,7,0.0,0.0,0.03331284199056679,0.0,14.154470723533631,249.86172437667847,1.604102651887998,22.49392650181721,9.743911066205815,100.45939256761692,100459.3925676169,30037266.115696326,1.7560804202971714,2.9187109268854377,7.867782588000409,0.04884783999295905,7.736840973899234,0.8613144948612899,7.0,4.0,21.650931115566046,2.1548798915535774,7.173274517059326
PLAIN_FM,2,8,0.0,0.0,0.0649705572307588,0.0,0.28180138435363755,1.9134145975112915,0.40201098393169693,2.7170568881699153,1.0980149411401126,0.046741063227308643,46.74106322730864,11425.280750398837,0.10114107312565959,1.419182290254685,0.07153428200399503,0.04459320398746058,0.0,0.0,0.0,0.0,0.0,0.0,0.0
FINAL_PROJECTION,2,8,0.0,0.0,0.16385586766359336,0.0,0.0,0.0,0.8631811823270032,1.9533444606472763,0.6829631873455935,0.020963792586593283,20.963792586593286,296.76938311615777,0.5152587363833163,2.094633473486812,0.44160733197350055,0.043860257079359144,0.35912159795407206,0.027045096969231963,1.0,0.0,2.43448251546094,2.43448251546094,2.4344825744628906
CURRENT_STATE_PROJECTION,2,8,0.0,0.0,0.035339973297592156,0.0,0.0,2.6692581176757812,0.5255239956911257,2.388491053748424,0.9853140571368924,0.06221929947521099,62.21929947521099,18451.969749617827,0.2713033642910018,1.7854828908887421,7.4964235490188,0.049800537060946226,7.364317959931213,0.8174704068223946,7.0,6.0,18.770358319393157,0.0,1.310577154159546
POV_ENDPOINT_PROJECTION,2,8,0.0,0.0,0.29935111433236444,0.0,11.788844328784943,217.03174233436584,1.5363808317300813,19.262438598902747,10.029808427394727,75.78772196326443,75787.72196326443,22798687.493913773,1.7589164111868656,3.406061973116718,6.831680566014256,0.04858462599804625,6.701126430940349,0.7455555111519061,7.0,4.0,26.164977237012742,4.359003123056935,7.415094375610352
PLAIN_FM,2,9,0.0,0.0,0.07524606992358,0.0,0.22022442188262925,1.6836118698120117,0.38161244257045185,2.809105367825503,1.0970814034080028,0.053400102184699566,53.40010218469956,14056.74194064648,0.12740031249827932,1.3585854142535911,0.07174236699938774,0.044730619934853166,0.0,0.0,0.0,0.0,0.0,0.0,0.0
FINAL_PROJECTION,2,9,0.0,0.0,0.37646413596816697,0.0,0.0,0.0,1.0935364483777017,1.8424067451463408,1.0787102048018347,0.01743215349349085,17.432153493490855,223.7220188047018,0.6799559789492923,2.577372812661391,0.6310269220266491,0.04394362203311175,0.548564046039246,0.05171958787832409,1.0,0.0,3.5771953459404635,3.5771953459404635,3.577195405960083
CURRENT_STATE_PROJECTION,2,9,0.0,0.0,0.06251809984841854,0.0,0.023385446929931497,0.0,0.4135822027596285,2.440032816906012,0.9662368745383649,0.02964674281036308,29.64674281036308,7036.8810365142635,0.1900715576360193,1.7202127619160663,5.651918304036371,0.04954925406491384,5.520449671894312,0.6008286377764307,7.0,4.0,16.83877605383124,0.0,1.1461938619613647
POV_ENDPOINT_PROJECTION,2,9,0.0,0.0,0.06573151917082865,0.0,11.622823731708527,188.1961864233017,1.1795046656932222,16.003328366696486,6.649515772484297,48.52505817538072,48525.05817538071,14104453.780086435,1.3992400645364294,2.677968325332947,7.508788419014309,0.04883675207383931,7.377494240005035,0.8208265363355167,7.0,4.0,23.731990475173827,3.7058120870052726,5.9916276931762695
PLAIN_FM,2,10,0.0,0.0,0.07470187813473596,0.0,0.2714662369728087,0.0,0.40103772414788375,2.7656862208347177,1.124686607368513,0.05029280628527655,50.29280628527655,13736.298937507408,0.1011916137462467,1.3629360061695972,0.07181050901999697,0.044845276104751974,0.0,0.0,0.0,0.0,0.0,0.0,0.0
FINAL_PROJECTION,2,10,0.0,0.0,0.4078700031649316,0.0,0.0,0.0,1.3047857259400537,1.8115297517632034,0.8989193134420246,0.016404683618746384,16.404683618746386,211.25984960853194,0.8829266438571209,2.292209859515085,0.4441695830319077,0.04406709602335468,0.36156689299969,0.030271054012700915,1.0,0.0,4.339418917976347,4.339418917976347,4.339418888092041
CURRENT_STATE_PROJECTION,2,10,0.0,0.0,0.07653505232543299,0.0,0.0,0.51605224609375,0.4226865130911313,2.382569611325259,0.9976092479171377,0.032819593343447306,32.8195933434473,7735.635668889662,0.22002915941180234,1.8157408674362905,4.726982221007347,0.04925625410396606,4.595975783013273,0.49459077580831945,7.0,3.0,20.69966829093889,0.0,1.2639367580413818
POV_ENDPOINT_PROJECTION,2,10,0.0,0.0,0.12303792303176861,0.0,9.832102816963197,181.69462502002716,0.933850043624254,16.483950230654866,8.215875854241553,49.296011946838426,49296.01194683844,14985657.504954292,1.6100609728041564,2.6333103932135136,7.823048114951234,0.04862824594601989,7.692169348010793,0.8678071185131557,7.0,6.0,25.9557286184683,2.4691612187217746,6.645333290100098
PLAIN_FM,2,11,0.0,0.0,0.07882076165923273,0.0,0.1857374724388121,0.17554283142089844,0.4050858867935445,2.717019172369966,1.1170841125037028,0.05592947649830715,55.929476498307146,15632.882792240556,0.06821552991278113,1.4546372147864728,0.07144609896931797,0.04457379598170519,0.0,0.0,0.0,0.0,0.0,0.0,0.0
FINAL_PROJECTION,2,11,0.0,0.0,0.4078700031649316,0.0,0.0,0.0,1.197426564786394,1.6630704475913305,0.4269147122695353,0.014830956161424928,14.830956161424929,202.43064548078758,0.8513799323924836,2.5567301922694345,0.540282487985678,0.04398358287289739,0.45786789298290387,0.04364861297653988,1.0,0.0,4.266764439514928,4.266764439514928,4.266764163970947
CURRENT_STATE_PROJECTION,2,11,0.0,0.0,0.02549115198096412,0.0,0.15419380035400376,2.9247355461120605,0.4415411053343405,2.259689810017218,0.9034271732818202,0.07577377559676801,75.77377559676802,24646.89380634281,0.30512375154562066,1.7693674630752358,7.593663966981694,0.04969134589191526,7.461873424937949,0.8283745832159184,7.0,6.0,18.991469597926326,0.0,1.4036636352539062
POV_ENDPOINT_PROJECTION,2,11,0.0,0.0,0.09678791171069892,0.0,13.260464228820801,204.36976075172424,1.4131980006721572,20.067308390817917,10.649808468261268,83.80091722003971,83800.91722003972,26565502.75413932,1.785212265452331,3.502006809337164,7.719913932029158,0.0486075179069303,7.589101645804476,0.8661477050045505,7.0,5.0,27.793468626032677,2.08492743449651,7.459170341491699
PLAIN_FM,2,12,0.0,0.0,0.07627190653001047,0.0,0.1950584467887877,0.8129549026489258,0.3877052283910041,2.7756144802386946,1.1103564800418546,0.04361601325706024,43.616013257060246,12251.115157609693,0.09782638861268986,1.3816636452845397,0.07110779103823006,0.04446187295252457,0.0,0.0,0.0,0.0,0.0,0.0,0.0
FINAL_PROJECTION,2,12,0.0,0.0,0.05049095901694474,0.0,0.0,0.0,0.38148868325891,2.1967066759979166,1.0967479552861257,0.009575627338824728,9.575627338824729,1102.3599865617725,0.30189480691784804,1.899160013318516,0.16922448796685785,0.04354480101028457,0.08768876595422626,0.004413528949953616,1.0,0.0,1.5980440143840389,1.5980440143840389,1.5980440378189087
CURRENT_STATE_PROJECTION,2,12,0.0,0.0,0.04884293391107289,0.0,0.0,0.0,0.40787307476432555,2.3589581537971087,0.9359851278072043,0.03563515899337821,35.63515899337821,9070.970304696564,0.233662385479353,1.8003867662156745,4.813668340968434,0.049367546977009624,4.682585996983107,0.5027736462070607,7.0,4.0,17.514922383865667,0.0,1.236389398574829
POV_ENDPOINT_PROJECTION,2,12,0.0,0.0,0.3031475695463093,0.11386334618103877,13.67831723060608,215.671609044075,1.1275457900806805,17.5948866275143,8.494362652005295,60.83874855202072,60838.74855202073,17373154.544159822,1.5926859183979982,2.556730551324555,7.420630479988176,0.04861361702205613,7.289736971899401,0.8220450789085589,7.0,4.0,27.773290341984893,1.8433413102277405,6.8179731369018555
PLAIN_FM,2,13,0.0,0.0,0.07977161514261431,0.0,0.26203469600677476,0.5779904127120972,0.3953617833056586,2.749902410523554,1.0878890167532382,0.04290226395792007,42.90226395792007,10823.04748100824,0.0795273070877859,1.423984251239212,0.07144624000648037,0.04491036798572168,0.0,0.0,0.0,0.0,0.0,0.0,0.0
FINAL_PROJECTION,2,13,0.0,0.0,0.3221361857181707,0.0,0.0,0.0,0.9464482076812861,1.4954168591082926,0.5635032982424402,0.012569053478137526,12.569053478137526,191.05088481137236,0.613617490138718,2.6839085700882914,0.44416191696655005,0.04372400400461629,0.3626841380028054,0.033127250033430755,1.0,0.0,3.142292043878114,3.142292043878114,3.142292022705078
CURRENT_STATE_PROJECTION,2,13,0.0,0.0,0.04925318944171568,0.0,0.0,0.3463101387023926,0.4446066362300533,2.2684312518845653,0.9304554080071048,0.039427134330156544,39.42713433015655,10859.254888106996,0.2543184904167115,1.810288473061147,6.82224532001419,0.05166325002210215,6.686379128019325,0.7389135798439384,7.0,6.0,17.976095987555578,0.0,1.2879396677017212
POV_ENDPOINT_PROJECTION,2,13,0.0,0.0,0.22358560009874515,0.0,9.411276816165447,200.52003681659698,1.5098843466851852,19.175473797664438,8.052906628272959,70.97936371421268,70979.3637142127,22430755.55086555,1.6184693183307044,3.2562839947333395,6.044604537950363,0.05054696911247447,5.911648142966442,0.6326363057596609,7.0,1.0,23.855435026836545,2.8262226204030165,6.710853099822998
PLAIN_FM,2,14,0.0,0.0,0.08029844905819371,0.0,0.2787633356094359,0.2709519863128662,0.38305929723034815,2.7431285282304163,1.096802739931839,0.03827970837326444,38.27970837326444,9657.34915989217,0.0855699194665233,1.420542978787611,0.07081532396841794,0.044308740936685354,0.0,0.0,0.0,0.0,0.0,0.0,0.0
FINAL_PROJECTION,2,14,0.0,0.0,0.4078700031649316,0.0,0.0,0.0,1.1290616658031887,1.9151176566529848,0.9815580356421928,0.019457348730742896,19.457348730742893,257.6536249230266,0.7591997156651851,2.9319356574332804,0.5325894159614109,0.043393545027356595,0.45142335403943434,0.039220135018695146,1.0,0.0,3.8831925514173578,3.8831925514173578,3.883192539215088
CURRENT_STATE_PROJECTION,2,14,0.0,0.0,0.03301425690525468,0.0,0.04085974063873277,1.1609148979187012,0.40234378981096647,2.35000935396575,0.8946765797845937,0.040193953514933156,40.193953514933156,10985.52571483873,0.25538972759758044,1.7813351743594144,5.223978767986409,0.050570648978464305,5.091945227002725,0.5470022819354199,7.0,4.0,15.958189458820204,0.0,1.262876272201538
POV_ENDPOINT_PROJECTION,2,14,0.0,0.0,0.18109226924677926,0.0,9.436030548477174,199.59133386611938,1.2096905405073486,16.609286140209917,8.217454004883976,53.51555148140412,53515.55148140412,16224206.800151043,1.5990097007970059,2.941520404279264,7.200114975974429,0.05016755795804784,7.068174098909367,0.8066429342143238,7.0,4.0,29.117430415673294,2.670348973790421,6.765518665313721
PLAIN_FM,2,15,0.0,0.0,0.0761278540351444,0.0,0.29238299694061265,1.0472458600997925,0.38302502237493063,2.769428041800891,1.103317695935822,0.04167882860432792,41.67882860432792,9921.520874736434,0.08969331408312725,1.3948213055342205,0.0712880470091477,0.044459043943788856,0.0,0.0,0.0,0.0,0.0,0.0,0.0
FINAL_PROJECTION,2,15,0.0,0.0,0.2261053649538359,0.0,0.0,0.0,0.9134536926322119,1.7605924173048144,0.8536850642257572,0.016219948561653288,16.219948561653286,214.3334581542975,0.5782531486799521,2.5941590997287283,0.6284468839876354,0.04336750600486994,0.5470173850189894,0.05126001691678539,1.0,0.0,2.9915474565997893,2.9915474565997893,2.9915475845336914
CURRENT_STATE_PROJECTION,2,15,0.0,0.0,0.025847159546966265,0.0,0.0,2.665896415710449,0.5451081374075393,2.2996022507171814,0.9703919651868842,0.10692375330449366,106.92375330449366,35786.83447602393,0.3292440858219133,1.9039073595886447,5.249724115012214,0.05117724696174264,5.116109044000041,0.5574655561358668,7.0,4.0,19.865311244675745,0.0,1.707777738571167
POV_ENDPOINT_PROJECTION,2,15,1.0,0.0,-0.004619929127213845,0.0,9.895855015850067,199.83740270137787,1.053304267382819,20.226704775994016,9.416974907619542,79.11138772338143,79111.38772338144,23667578.685517505,1.6288493756050153,2.876433392080307,7.956092747976072,0.049499801942147315,7.823733308934607,0.8985482340212911,7.0,5.0,26.602809708576782,2.8536888045888498,6.764819145202637
PLAIN_FM,2,16,0.0,0.0,0.07602000219636303,0.0,0.19098923768997178,0.876508355140686,0.40059468379293833,2.7875133348305834,1.0903709258997794,0.048560960288381194,48.560960288381196,12627.882893819431,0.09829972461969055,1.397899479541792,0.0735678980126977,0.04644978005671874,0.0,0.0,0.0,0.0,0.0,0.0,0.0
FINAL_PROJECTION,2,16,0.0,0.0,0.34724122078646125,0.0,0.0,0.0,1.045825734690398,1.4959874737889844,0.6976814877885107,0.011846234298781011,11.846234298781013,194.14747761338504,0.6286766448898684,2.489766599042986,0.447945442982018,0.04359755199402571,0.36632853897754103,0.03562268806854263,1.0,0.0,3.223353316316716,3.223353316316716,3.223353147506714
CURRENT_STATE_PROJECTION,2,16,0.0,0.0,0.0640342393618862,0.0,0.0,0.3793787956237793,0.460106552569652,2.186027686722166,0.9234318925958362,0.0360374707491915,36.037470749191506,8928.340314431436,0.3091082740773105,1.9323940202355396,6.145384500036016,0.05015043111052364,6.013717528141569,0.6551879469188862,7.0,5.0,20.16919319456511,0.0,1.6206929683685303
POV_ENDPOINT_PROJECTION,2,16,0.0,0.0,0.17822642616910755,0.0,11.206214666843413,213.73020380735397,1.3825684888771257,20.154301681561762,6.960513878676459,77.89140572992251,77891.40572992252,24742006.129925746,1.6335432190963775,2.8657569520848174,7.942049634992145,0.04872835095738992,7.811833222978748,0.8853805581456982,7.0,5.0,26.421172333721703,3.2272783843416564,6.829468250274658
PLAIN_FM,2,17,0.0,0.0,0.08307380343811298,0.0,0.23114190664291367,0.2533864974975586,0.38056958254461015,2.734354457238412,1.1151111175743778,0.04139666534179287,41.396665341792875,10547.672902106562,0.08261124610782014,1.4212987591273054,0.0710003090207465,0.04439644201193005,0.0,0.0,0.0,0.0,0.0,0.0,0.0
FINAL_PROJECTION,2,17,0.0,0.0,0.0843826277041008,0.0,0.0,0.0,0.4376366671095328,1.4221102416663787,0.8739483368059375,0.007316139968273128,7.316139968273127,189.12636221329882,0.6960723145980222,3.0013297341499308,0.16871072602225468,0.04342067800462246,0.08744923101039603,0.004527231038082391,1.0,0.0,3.602549826713821,3.602549826713821,3.6025497913360596
CURRENT_STATE_PROJECTION,2,17,0.0,0.0,0.054291172222185366,0.0,0.0,0.0,0.43193059573730447,2.3887333990204036,0.9555791820106314,0.033828887105269066,33.82888710526907,8518.986897195984,0.21178466263821355,1.7587414432091408,5.7992163090384565,0.04953468299936503,5.6684049819014035,0.6209846663987264,7.0,4.0,22.334803877347976,0.0,1.112051010131836
POV_ENDPOINT_PROJECTION,2,17,0.0,0.0,0.28694828747339196,0.0,9.914759338378905,188.7366396188736,1.0794555292708958,17.74242085857302,7.23153355268347,65.48706299161292,65487.06299161293,20086263.15571642,1.7525355654126358,2.9249890432499215,7.007501306012273,0.04864194692345336,6.877509670972358,0.7678489061072469,7.0,2.0,29.54095753275331,3.5809215352604014,7.180164813995361
PLAIN_FM,2,18,0.0,0.0,0.07492354445174106,0.0,0.11241154041290269,0.0,0.38994788453352347,2.754867774490261,1.1151129952507215,0.04058833710575316,40.58833710575316,10127.735397268478,0.08792913211493167,1.4351584751221766,0.0709911989979446,0.04428523004753515,0.0,0.0,0.0,0.0,0.0,0.0,0.0
FINAL_PROJECTION,2,18,0.0,0.0,0.4078700031649316,0.0,0.0,0.0,1.2098698106873784,1.8345938756659006,0.8453037043783843,0.018300957868087164,18.300957868087163,277.1410413839437,0.7110534831577242,2.60647305066113,0.5396880630287342,0.043517151032574475,0.4583178939647041,0.044817374960985035,1.0,0.0,3.629475145782161,3.629475145782161,3.6294751167297363
CURRENT_STATE_PROJECTION,2,18,0.0,0.0,0.039580109718232864,0.0,0.0897003826141356,0.9505224227905273,0.4376735670817611,2.2308017917110115,0.9021106732667296,0.046429264531594766,46.42926453159476,13706.55796291109,0.29516727036099616,1.829486630331331,6.85829768498661,0.049881460960023105,6.726540511008352,0.7362232059822418,7.0,5.0,17.85377716207431,0.0,1.4337600469589233
POV_ENDPOINT_PROJECTION,2,18,0.0,0.0,0.0013658432917458552,0.0,14.069084830713273,258.9727547764778,0.8020546096759305,17.99604389675924,7.1236400318197965,62.66844480417402,62668.44480417401,19441393.656327303,1.6504942646710292,2.667615730274297,6.294477070972789,0.04898076708195731,6.163007772993296,0.6717153727659024,7.0,2.0,21.574150772435484,1.93918011271759,6.791702747344971
PLAIN_FM,2,19,0.0,0.0,0.08039597726436491,0.0,0.2309204753875731,5.768306255340576,0.37846174109111613,2.795933428751267,1.1372402530659673,0.08351416089583863,83.51416089583864,20171.969852072525,0.10803459236391974,1.3891938587140304,0.0715477840276435,0.044675932032987475,0.0,0.0,0.0,0.0,0.0,0.0,0.0
FINAL_PROJECTION,2,19,0.0,0.0,0.4078700031649316,0.0,0.0,0.0,1.1043136158961955,1.4516358809217016,0.6606667794772448,0.011741038399561421,11.741038399561422,183.75020991421297,0.6449417850557712,2.5514454234483512,0.6388947609812021,0.04384115000721067,0.5567982240463607,0.05746161506976932,1.0,0.0,3.3418562320259637,3.3418562320259637,3.3418562412261963
CURRENT_STATE_PROJECTION,2,19,0.0,0.0,0.03201323346097344,0.0,0.10466889705657945,0.28119802474975586,0.45011891157903167,2.3394139956155504,0.9210702638747378,0.03940160246122648,39.40160246122648,10736.728426343456,0.23867293137273254,1.7268914383754537,7.194034732005093,0.050006486009806395,7.062210647040047,0.7974616137216799,7.0,6.0,18.398353227460778,0.0,1.3419346809387207
POV_ENDPOINT_PROJECTION,2,19,0.0,0.0,0.008714352910262277,0.0,13.75811810951233,284.53189849853516,1.3248224038440042,20.480004696181393,7.970842580113098,80.14265925544112,80142.65925544115,23085596.839533355,1.734018194709111,2.6871587428704116,7.569980442000087,0.04878039297182113,7.439436952990945,0.8338066490832716,7.0,5.0,17.270085888693078,3.783521507727854,7.02451753616333
PLAIN_FM,2,20,0.0,0.0,0.07243080819675672,0.0,0.23281560506820664,1.3799858093261719,0.38350295233352466,2.7955287267417743,1.0769843008006752,0.055808512208656125,55.808512208656126,14566.08786207287,0.09763710893222269,1.3882424662458233,0.07249793002847582,0.04526281909784302,0.0,0.0,0.0,0.0,0.0,0.0,0.0
FINAL_PROJECTION,2,20,0.0,0.0,0.17091731471067442,0.0,0.0,0.0,0.663436855086792,1.345930813024283,0.6499411459474892,0.007704984525732893,7.704984525732893,165.8851700985939,0.6280392772502131,2.80309456978114,0.2592903340118937,0.043905169994104654,0.1769914100295864,0.01156787999207154,1.0,0.0,3.3009019170566334,3.3009019170566334,3.3009018898010254
CURRENT_STATE_PROJECTION,2,20,0.0,0.0,0.002823523231289801,0.0,0.0,0.8263301849365234,0.5599696126265474,2.1278307625385637,0.9217999248043992,0.051605643719638356,51.60564371963835,15335.167348894396,0.34772274344687343,1.8945931068955788,7.444106477021705,0.05173152295174077,7.310162853973452,0.80725716490997,7.0,6.0,19.463193931861728,0.0,1.7859348058700562
POV_ENDPOINT_PROJECTION,2,20,1.0,0.0,-0.0564624794956661,0.0,10.862866200637818,224.26888465881348,1.1823868652603182,18.390019904779567,7.474152785210257,61.35852011176172,61358.52011176173,17899700.929497946,1.5355884052864694,2.359947440718496,6.541029885993339,0.05001174396602437,6.408336706983391,0.711538070871029,7.0,3.0,22.814497782865622,3.277475384921565,6.443316459655762
PLAIN_FM,2,21,0.0,0.0,0.07013513377911697,0.0,0.22506610717773423,0.3630948066711426,0.4045462411639627,2.6984325493128023,1.0980092317764327,0.046781319308014324,46.78131930801433,12268.803982336252,0.06659766412045448,1.4680365326808131,0.06941631704103202,0.043494720943272114,0.0,0.0,0.0,0.0,0.0,0.0,0.0
FINAL_PROJECTION,2,21,0.0,0.0,0.24036218478240687,0.0,0.0,0.0,0.7550894698825377,1.0076229954633023,0.42363421601640217,0.00623166862264668,6.23166862264668,171.74572289953005,0.7572446146544576,3.084671782121901,0.2513587510329671,0.04242829198483378,0.1720026570255868,0.011305995052680373,1.0,0.0,3.8407841642884244,3.8407841642884244,3.8407840728759766
CURRENT_STATE_PROJECTION,2,21,0.0,0.0,0.039932159573066256,0.0,0.07957295742034898,0.0,0.3877006889134329,2.4753539106117524,0.9402582352534813,0.03294864840337364,32.94864840337364,7956.04279661084,0.1951226034392282,1.7070386440611318,5.113586817053147,0.05132191098527983,4.979126721038483,0.5456277410266921,7.0,4.0,17.901602784741854,0.0,0.8537116050720215
POV_ENDPOINT_PROJECTION,2,21,0.0,0.0,0.09346811197371689,0.0,8.209218935775757,183.94201070070267,1.2763421445282148,18.658236506521764,8.856389560881027,66.29304297658399,66293.042976584,20172737.97500513,1.581720667445608,3.268054629434078,6.940470175002702,0.0498133409419097,6.808446663955692,0.7810151165467687,7.0,4.0,24.68611284709413,2.7368166079319463,6.6582512855529785
PLAIN_FM,2,22,0.0,0.0,0.07374438784537062,0.0,0.29348359670639024,1.597176194190979,0.40413397974748705,2.769388931417554,1.136277175316424,0.06265947881961109,62.65947881961111,17583.84480118834,0.11406180158242868,1.397144676343582,0.07083918596617877,0.0442628120072186,0.0,0.0,0.0,0.0,0.0,0.0,0.0
FINAL_PROJECTION,2,22,0.0,0.0,0.26336223254592506,0.0,0.0,0.0,0.850064394428801,1.7067748258891635,0.5287403684073162,0.015290732687400554,15.290732687400556,229.99224649047358,0.5115246565561583,2.1012988365289504,0.4441646279883571,0.04354679194511846,0.36239201796706766,0.02895292895846069,1.0,0.0,2.6401587087304943,2.6401587087304943,2.6401588916778564
CURRENT_STATE_PROJECTION,2,22,0.0,0.0,0.030968920490850524,0.0,0.05976693000793443,0.6343197822570801,0.42957391256266375,2.1256257635551115,0.888771082084812,0.0567028486747192,56.70284867471919,17211.507990741782,0.3531845671915876,1.9226022980817496,6.811913796002045,0.049558083002921194,6.680857740109786,0.7451846082694829,7.0,6.0,18.894216935483637,0.0,1.8691282272338867
POV_ENDPOINT_PROJECTION,2,22,0.0,0.0,0.0774965623684878,0.0,13.900302158403397,286.5859133005142,1.0894702271562293,23.18712913632849,9.8496670427189,113.20351885953032,113203.51885953033,36962888.29463587,1.7547317083955298,3.324584907152424,7.8687808369868435,0.04989537299843505,7.735540972091258,0.8737955159158446,7.0,6.0,25.476991930668795,2.9251947020784366,7.294384479522705
PLAIN_FM,2,23,0.0,0.0,0.07715221748215757,0.0,0.2491651591300963,2.5935721397399902,0.38455987635419425,2.768806807714907,1.0874400490495422,0.05371037734171899,53.710377341718996,12887.779623358736,0.09300722657022042,1.3781679157440352,0.07092243799706921,0.04435467190342024,0.0,0.0,0.0,0.0,0.0,0.0,0.0
FINAL_PROJECTION,2,23,0.0,0.0,0.4078700031649316,0.0,0.0,0.0,1.2095894948725716,1.3752137391056252,0.5414866469662241,0.010443127147656384,10.443127147656384,150.37886792974575,0.8530308755933296,2.644717538841494,0.44536674197297543,0.04339115699985996,0.36411069601308554,0.033387230010703206,1.0,0.0,4.309466493550922,4.309466493550922,4.309466361999512
CURRENT_STATE_PROJECTION,2,23,0.0,0.0,0.037908732684617946,0.0,0.08950189914703355,0.0,0.38904216906367495,2.4762527029567725,0.9432560027093879,0.03304245667778716,33.04245667778716,8127.460430830714,0.19572430610094188,1.7018146464615223,4.332227271050215,0.04899020690936595,4.202160788991023,0.4538010452524759,7.0,3.0,21.781006047673188,0.0,1.0466238260269165
POV_ENDPOINT_PROJECTION,2,23,0.0,0.0,0.11793620389053397,0.0,12.655099045896531,206.71310544013977,1.5362071712480931,19.347370741059198,9.38978948951064,66.0031673018865,66003.16730188651,18196488.806152936,1.654288541187515,2.9861867735872005,7.353454528027214,0.048414332093670964,7.22347976983292,0.7873043882427737,7.0,3.0,23.29109258835112,2.326429049500824,6.852420330047607
PLAIN_FM,2,24,0.0,0.0,0.07795016223562744,0.0,0.35474376049041734,1.340014934539795,0.3789092076162667,2.7538173782129425,1.0964201016733892,0.05308106112326616,53.08106112326616,14827.009700238466,0.08846838498190725,1.4304442933437966,0.0719510960043408,0.0449832211015746,0.0,0.0,0.0,0.0,0.0,0.0,0.0
FINAL_PROJECTION,2,24,0.0,0.0,0.0677479594194483,0.0,0.0,0.0,0.5256463883546921,1.208596005308883,0.6581938072726591,0.00761137769500575,7.61137769500575,178.79083730498735,0.6247849555359414,2.8467963255285045,0.25951657199766487,0.04392075096257031,0.17734233097871765,0.011677864007651806,1.0,0.0,3.215564270517833,3.215564270517833,3.215564250946045
CURRENT_STATE_PROJECTION,2,24,0.0,0.0,0.01823147764731292,0.0,0.0053842481613157744,0.29416799545288086,0.4908781042439648,2.4978413388172873,0.951851124109814,0.03888899269163759,38.88899269163759,10858.35476956697,0.23750120211760248,1.6126468167536232,7.824970241985284,0.04950804106192663,7.694185494910926,0.8589636019314639,7.0,6.0,17.15936347059895,0.0,1.1089662313461304
POV_ENDPOINT_PROJECTION,2,24,0.0,0.0,0.17893881534837563,0.0,10.430836320400237,217.04181253910065,1.0963880144026492,19.365997745908423,9.326221834432562,71.48397759036999,71483.97759036998,21138553.43793504,1.6290614321542511,2.5984905894649346,7.173145205015317,0.04836788208922371,7.043592477974016,0.7697814899729565,7.0,2.0,26.704435471251387,2.756071682455495,6.7855634689331055
PLAIN_FM,2,25,0.0,0.0,0.07550205992852614,0.0,0.284578364753723,0.9311389923095703,0.4057563339554267,2.723584530500579,1.1109527858287649,0.041810098397341205,41.81009839734121,10385.713081528009,0.07838171344079688,1.442371878142471,0.0708937770104967,0.04424159100744873,0.0,0.0,0.0,0.0,0.0,0.0,0.0
FINAL_PROJECTION,2,25,0.0,0.0,0.4078700031649316,0.0,0.0,0.0,1.1988691524138393,1.3785049242160103,0.5347539421768176,0.010750927579222136,10.750927579222136,164.48270669888745,0.8548056915646455,2.674047782831526,0.5400945729925297,0.04336414497811347,0.4589261179789901,0.04569968901341781,1.0,0.0,4.298889661729997,4.298889661729997,4.298889636993408
CURRENT_STATE_PROJECTION,2,25,1.0,0.0,-0.026802549890702937,0.0,0.5044145998001097,11.466498374938965,0.6662017565717673,2.169933317383078,0.7574317553393553,0.2624353054596005,262.4353054596005,90695.65328817637,0.5792990552939353,2.0365159587029473,7.564155103988014,0.04950926301535219,7.433244202053174,0.8258455250761472,7.0,6.0,18.154077253423743,0.0,2.7366459369659424
POV_ENDPOINT_PROJECTION,2,25,0.0,0.0,0.3203277412056053,0.0,10.64025388326645,185.64807295799255,1.46365957421034,17.59808050157674,7.7297443587340595,54.72505031030917,54725.050310309176,15570331.567337349,1.6329124235195402,3.1834819550613407,7.571382277004886,0.04832410899689421,7.442061837937217,0.8436862580711022,7.0,4.0,26.90197767143855,1.8665950779417315,6.895609378814697
PLAIN_FM,2,26,0.0,0.0,0.0718052727477468,0.0,0.22048042383193955,1.5477252006530762,0.3921886159032357,2.7565480674482252,1.0914313088890073,0.04603507640757121,46.03507640757121,11530.340079833113,0.08709661284844213,1.4053780894200114,0.07101011101622134,0.04432939307298511,0.0,0.0,0.0,0.0,0.0,0.0,0.0
FINAL_PROJECTION,2,26,0.0,0.0,0.0999687026257483,0.0,0.0,0.0,0.48397066037565384,1.59251231123807,0.8557727313648108,0.005990266436054104,5.990266436054103,188.53463373277313,0.5313553558802475,2.533308671679974,0.1683314890251495,0.04345503996592015,0.087196936015971,0.004442568984813988,1.0,0.0,2.7989312260960024,2.7989312260960024,2.798931360244751
CURRENT_STATE_PROJECTION,2,26,0.0,0.0,0.04004734464560687,0.0,0.03461913433074937,1.390547752380371,0.42483492947358553,2.2821781237892615,0.8679344409377621,0.04579694623254915,45.79694623254915,13193.663527602075,0.27383799373320017,1.8197760270416588,5.638207943993621,0.049361828016117215,5.5075938600930385,0.6094173969468102,7.0,4.0,19.514852818761437,0.0,1.3722293376922607
POV_ENDPOINT_PROJECTION,2,26,0.0,0.0,0.10703977110081397,0.0,12.947949296569824,267.03230261802673,1.004488732126784,19.032509655182267,9.23612895349098,74.37298983161152,74372.98983161151,23372456.702286854,1.6361955865853037,2.5620640945108994,6.912261024990585,0.048550996056292206,6.782081851910334,0.7536355545162223,7.0,3.0,23.841078707933832,2.366048200672015,6.845545768737793
PLAIN_FM,2,27,0.0,0.0,0.07458849794355758,0.0,0.18569008674621568,1.5639376640319824,0.3905735362401349,2.731721054433581,1.105295255263302,0.05113596396381137,51.13596396381137,13375.964807015725,0.07894096603296555,1.431550949149827,0.07148419396253303,0.04472561093280092,0.0,0.0,0.0,0.0,0.0,0.0,0.0
FINAL_PROJECTION,2,27,0.0,0.0,0.01884783784167294,0.0,0.0,0.0,0.5374509205618545,1.7113229533841532,1.0904585306942391,0.015982455814268763,15.98245581426876,315.3676044249581,0.46311392757776426,2.4691267320237062,0.35279698501108214,0.043640915013384074,0.2710802549845539,0.02254180604359135,1.0,0.0,2.3122810151785584,2.3122810151785584,2.3122808933258057
CURRENT_STATE_PROJECTION,2,27,0.0,0.0,0.013992369358375709,0.0,0.25119737949371324,4.024786949157715,0.4473541807441243,2.1448681423148654,0.8157562928931058,0.1482356160604339,148.2356160604339,51347.99273776336,0.41340886985146846,1.9268487781214239,7.090951933001634,0.04962516576051712,6.959862644900568,0.7750134966918267,7.0,6.0,17.024963267427843,0.0,1.974082589149475
POV_ENDPOINT_PROJECTION,2,27,0.0,0.0,0.1562656616217209,0.0,8.120148338508606,155.4616403579712,1.2098124022285426,17.474836958887835,8.23156227949611,52.84341515324741,52843.41515324742,15033922.109166397,1.750042619706388,3.483240181391315,7.0910126810194924,0.04856349603505805,6.960664573009126,0.776880282908678,7.0,4.0,28.03368139522742,2.074074510222042,7.255741119384766
PLAIN_FM,2,28,0.0,0.0,0.08012475142715784,0.0,0.19464300241470323,0.4125666618347168,0.39615475121121463,2.786211928597446,1.095773467151584,0.04934578444145754,49.345784441457546,12317.148958788282,0.10673753506656618,1.401388575927097,0.07169041997985914,0.04470761399716139,0.0,0.0,0.0,0.0,0.0,0.0,0.0
FINAL_PROJECTION,2,28,0.0,0.0,0.06573273319588115,0.0,0.0,0.0,0.8109986083767344,1.575716062507404,0.8130146077935548,0.01337561264037996,13.37561264037996,235.85355333901313,0.45757589894650447,2.2870171589740727,0.44327861099736765,0.04378348687896505,0.36147035902831703,0.03107668599113822,1.0,0.0,2.401252830296943,2.401252830296943,2.4012527465820312
CURRENT_STATE_PROJECTION,2,28,0.0,0.0,0.04315218174710192,0.0,0.0,8.391649723052979,0.5774400872225012,2.3283178320073987,0.9812309872532164,0.10781366273117143,107.81366273117145,32780.74947922511,0.31800304452577055,1.9578105838539341,7.01098020497011,0.04961950704455376,6.879693100054283,0.7549142750212923,7.0,6.0,17.027471219270524,0.0,1.6974529027938843
POV_ENDPOINT_PROJECTION,2,28,0.0,0.0,0.19150063014525653,0.0,14.117139683771134,231.21630370616913,1.336192792985143,18.7333057877249,9.258983711777585,69.39273979410726,69392.73979410726,21771505.174590647,1.5467832472224368,2.669591602212739,7.692084103997331,0.04859171906718984,7.561712804134004,0.8475179222878069,7.0,3.0,27.587927767168363,5.17113134630618,6.578240394592285
PLAIN_FM,2,29,0.0,0.0,0.07446201117604119,0.0,0.16270772781372056,1.3470721244812012,0.38654080196756985,2.735607077134057,1.066581384300574,0.06563782861965406,65.63782861965406,18347.009443456063,0.08268954913254947,1.4371101818826848,0.07108359300764278,0.04445909598143771,0.0,0.0,0.0,0.0,0.0,0.0,0.0
FINAL_PROJECTION,2,29,0.0,0.0,0.4078700031649316,0.0,0.0,0.0,1.1925640923807046,1.7430432386004302,0.7125052475374628,0.015136624079650746,15.136624079650744,211.45882380031455,0.7236340669569653,2.223618599401402,0.5409994210349396,0.04345833999104798,0.45972784399054945,0.045766381022986025,1.0,0.0,3.544578374474757,3.544578374474757,3.5445785522460938
CURRENT_STATE_PROJECTION,2,29,0.0,0.0,0.03406704414482223,0.0,0.01798109378814683,0.723261833190918,0.4003932528665422,2.3502369022381635,0.9114455399272113,0.03825112737646186,38.25112737646186,10188.953517973021,0.2498893192458722,1.8040425039427843,4.787425859016366,0.04937734897248447,4.656455794931389,0.4925100259715691,7.0,4.0,20.23428861615584,0.0,1.1366477012634277
POV_ENDPOINT_PROJECTION,2,29,1.0,0.0,-0.07652358253032443,0.0,15.785349019002915,306.6460055112839,1.6058490042196327,23.16607339688531,9.560374543454737,119.20286710155742,119202.8671015574,39884518.22855157,1.7172209334696231,3.075557546172275,7.873109920998104,0.048845704121049494,7.742753953032661,0.8757057259790599,7.0,6.0,23.37467648515525,3.05437001076079,7.077566146850586
PLAIN_FM,2,30,0.0,0.0,0.07586114812437174,0.0,0.23737267818450913,0.5748879909515381,0.39185614355985715,2.7338634420017813,1.077118611633034,0.04863820163843924,48.638201638439234,12586.807640898534,0.07074715693579545,1.441045824645159,0.07089846802409738,0.04438233398832381,0.0,0.0,0.0,0.0,0.0,0.0,0.0
FINAL_PROJECTION,2,30,0.0,0.0,0.13194128042276146,0.0,0.0,0.0,0.7725618092250223,1.7315003777972686,0.624275105773851,0.015410131540285033,15.410131540285034,212.18536941219892,0.4236429864125101,2.1790167083992515,0.5400009449804202,0.0438508489751257,0.45825481502106413,0.0422459080000408,1.0,0.0,2.0713627582361767,2.0713627582361767,2.0713627338409424
CURRENT_STATE_PROJECTION,2,30,0.0,0.0,0.013755101112412543,0.0,0.29487864341735825,4.725219011306763,0.46025669870083397,2.156508150730933,0.7604377684835084,0.17252824272177492,172.52824272177492,57620.32846410888,0.41327102722275055,1.971727932621498,5.987409378984012,0.04951199394417927,5.856530375080183,0.65478381694993,7.0,5.0,23.65036351600865,0.0,1.9913043975830078
POV_ENDPOINT_PROJECTION,2,30,0.0,0.0,0.05256601826535594,0.0,11.554800428581238,254.4881534576416,1.4688628651470752,19.09027049503461,9.220907796135393,70.91169325749931,70911.69325749931,21869331.130396113,1.8068810949081082,3.011523022300554,7.7775981750455685,0.048870614962652326,7.646577428968158,0.8447739001712762,7.0,2.0,28.024178031018952,3.658433832304946,7.463417053222656
PLAIN_FM,2,31,0.0,0.0,0.07254921814889832,0.0,0.24672583904266343,1.408160924911499,0.4093543855815451,2.7095429406521925,1.127384449889025,0.05354271438438915,53.54271438438914,15055.927547627947,0.06851496271719525,1.4337899910469722,0.07107702404027805,0.04433368402533233,0.0,0.0,0.0,0.0,0.0,0.0,0.0
FINAL_PROJECTION,2,31,0.0,0.0,0.3152016053038864,0.0,0.0,0.0,0.9666524424124135,1.505234077473173,0.6232549323834787,0.011688689472849144,11.688689472849145,155.48365110455018,0.5635504831330755,2.459367532787905,0.5402137219789438,0.04371084598824382,0.4583858900004998,0.042354569013696164,1.0,0.0,2.7124818664628485,2.7124818664628485,2.712481737136841
CURRENT_STATE_PROJECTION,2,31,0.0,0.0,0.043519615421968236,0.0,0.0,0.9971332550048828,0.41765978038756246,2.34343390555964,0.9023656130376174,0.03710421403561248,37.104214035612486,9871.605872442226,0.2490448476837739,1.7867734601178789,4.052580906020012,0.04921397601719946,3.922073822992388,0.4121584520325996,7.0,3.0,19.979441753223263,0.0,1.1479946374893188
POV_ENDPOINT_PROJECTION,2,31,0.0,0.0,0.24945649322402785,0.0,12.64384293603897,249.02448326349258,1.4632656498851544,19.17217062473731,8.380583892988154,72.55695281344371,72556.95281344371,22099943.80020537,1.8891665763509211,3.2654192956475465,7.973246374982409,0.04869628214510158,7.8423282111180015,0.878421655157581,7.0,6.0,28.70943885045415,4.979106721560883,7.762072563171387
PLAIN_FM,3,0,0.0,0.0,0.10010414359172834,0.0,0.1594936416625976,0.1974773406982422,0.9139086089876021,2.331255434261303,0.8897540892355044,0.03854135302258421,38.54135302258422,8290.035833511,0.08285301264346928,1.4351735307648656,0.07268460700288415,0.045222827058751136,0.0,0.0,0.0,0.0,0.0,0.0,0.0
FINAL_PROJECTION,3,0,0.0,0.0,0.2368384148859195,0.0,0.0,0.0,1.6184743126833507,1.609107550948623,1.1442410985716522,0.013146037620178352,13.146037620178351,193.8847469294486,0.6950151497799661,2.549578386517495,0.3558682299917564,0.04452102689538151,0.27236393198836595,0.023045260983053595,1.0,0.0,3.4119491828335917,3.4119491828335917,3.4119491577148438
CURRENT_STATE_PROJECTION,3,0,0.0,0.0,0.14924666567374065,0.0,0.0,3.909785747528076,1.125720510169409,2.120145898906534,0.8337564334865163,0.08197062765737373,81.97062765737374,23746.761778266915,0.40123343425508107,1.726952601518955,7.208025862986688,0.05003787495661527,7.075981827976648,0.7953811761690304,7.0,6.0,20.570973298579716,0.0,1.9013972282409668
POV_ENDPOINT_PROJECTION,3,0,1.0,0.0,-0.03677688899856173,0.0,8.862962083625794,171.43762305378914,1.4618700685720123,17.02708170538187,7.959268950965152,55.489713271249286,55489.71327124929,16505723.132247774,1.6478129315991867,2.5185693414234938,5.503253161034081,0.04834476200630888,5.373740156006534,0.5875232319813222,7.0,2.0,25.944234753166484,2.5018270598957555,6.540988445281982
PLAIN_FM,3,1,0.0,0.0,0.10539370839583456,0.0,0.04855688076019282,0.0,0.9074296389313632,2.2996835142954124,0.878929025821997,0.03968958478642204,39.689584786422046,8596.777101910737,0.08055134879619588,1.4193914263204839,0.07087359804427251,0.044279613008257,0.0,0.0,0.0,0.0,0.0,0.0,0.0
FINAL_PROJECTION,3,1,0.0,0.0,0.2289773966945698,0.0,0.0,0.0,1.3238683051506515,1.6785754377653372,0.7106261578286729,0.015938493633737984,15.938493633737984,240.02235401790514,0.6048986107126293,2.006852778034877,0.3511689139995724,0.04332528589293361,0.27012438303790987,0.022183858032803982,1.0,0.0,2.8459269600492094,2.8459269600492094,2.8459270000457764
CURRENT_STATE_PROJECTION,3,1,0.0,0.0,0.24387429096359142,0.0,0.0,2.121264934539795,1.1231603498816494,1.7202705198907384,0.5862574357560894,0.05389462149859625,53.89462149859626,16112.104388665213,0.5320723776870719,1.7940035613914795,6.8182096389937215,0.0492911659530364,6.6875792109640315,0.7502679992467165,7.0,5.0,22.504001108823037,0.0,2.4980738162994385
POV_ENDPOINT_PROJECTION,3,1,1.0,0.0,-0.05378848390846799,0.0,10.198080700302125,211.3879930973053,1.3336665271402615,20.62907138623292,8.94667504645142,79.66489097705663,79664.89097705664,23626913.120477296,1.6292806380879254,1.9535984018203267,6.715575301961508,0.04836992104537785,6.58613430702826,0.7274191461037844,7.0,1.0,22.031798530569183,1.5336946036447594,6.486780166625977
PLAIN_FM,3,2,0.0,0.0,0.10383387535960573,0.0,0.18573279838562007,0.12506365776062012,0.9028525020835896,2.300516820537894,0.8675831097606802,0.03957675656381987,39.57675656381987,9247.619982970613,0.0731575604655351,1.4110432807140518,0.07097497099312022,0.04428329202346504,0.0,0.0,0.0,0.0,0.0,0.0,0.0
FINAL_PROJECTION,3,2,0.0,0.0,0.23726575888089274,0.0,0.0,0.0,1.508906381329276,1.2756435300285804,0.8375347265645299,0.008725287066898346,8.725287066898346,196.72408845501366,0.7758720595859687,2.651151595870604,0.3564851690316573,0.043390399019699544,0.27529283304465935,0.026765761023852974,1.0,0.0,3.8793099345793878,3.8793099345793878,3.879310131072998
CURRENT_STATE_PROJECTION,3,2,0.0,0.0,0.24585850011252186,0.0,0.0,3.655428886413574,1.0946264024895958,1.782100140177283,0.595072758777764,0.06365566302699222,63.655663026992215,19595.79468294592,0.5114634129236746,1.7860180972809776,6.593753867025953,0.049551693024113774,6.462866242043674,0.7117988541140221,7.0,5.0,21.116943913861615,0.0,2.2854528427124023
POV_ENDPOINT_PROJECTION,3,2,1.0,0.0,-0.12827428858889015,0.0,10.46682969493866,183.53497505187988,1.1787328546843197,17.328021015504273,6.531593943215731,55.734235680694894,55734.235680694896,16660754.871673197,1.5677910867470302,2.6342481485208333,4.489208895014599,0.04836911102756858,4.359769790025894,0.4678548271767795,7.0,2.0,23.3700296817417,2.3276119844205505,6.348957061767578
PLAIN_FM,3,3,0.0,0.0,0.0954623785003828,0.0,0.1406800315856933,0.10819554328918457,0.881358940358716,2.288508898856787,0.8527948533379283,0.03896568972462977,38.965689724629776,9738.08298172234,0.08874381767325547,1.3574346809952795,0.0709368099924177,0.04431435413425788,0.0,0.0,0.0,0.0,0.0,0.0,0.0
FINAL_PROJECTION,3,3,0.0,0.0,0.2356433552540918,0.0,0.0,0.0,1.2528391920363149,1.306800211375004,0.544901601420198,0.007598495665946053,7.598495665946054,144.0655352691395,0.6217896239492581,2.205017815538611,0.2601518250303343,0.04341087897773832,0.1788399249780923,0.01257232902571559,1.0,0.0,3.063024195285188,3.063024195285188,3.0630242824554443
CURRENT_STATE_PROJECTION,3,3,0.0,0.0,0.24479804185155363,0.0,0.0,2.16782808303833,1.1009690313875582,1.7844024738016981,0.6082366878645385,0.04540569609669465,45.40569609669465,12629.155076153074,0.48153857585839466,1.8371471944664493,3.9521535169915296,0.049023819039575756,3.8223285109270364,0.4042920622159727,7.0,3.0,23.15425500671089,0.0,2.2383453845977783
POV_ENDPOINT_PROJECTION,3,3,1.0,0.0,-0.07857204473129592,0.0,12.563435972213744,236.24891757965088,1.112151058958744,17.508975830573558,8.25514242234108,66.8929665709334,66892.9665709334,21122570.026088428,1.5477185705123468,1.4375114351259362,5.337117182032671,0.04836173390503973,5.2073486060253344,0.558961329748854,7.0,2.0,21.379493177028152,2.761270701799337,6.159055709838867
PLAIN_FM,3,4,0.0,0.0,0.09776501227621112,0.0,0.21538014869689937,2.2811663150787354,0.8821636338016628,2.328751479676833,0.9077685961472793,0.037738612899031576,37.73861289903157,7404.421611005386,0.08323161914646657,1.3953370886487253,0.0708772880025208,0.044296753127127886,0.0,0.0,0.0,0.0,0.0,0.0,0.0
FINAL_PROJECTION,3,4,0.0,0.0,0.23726575888089274,0.0,0.0,0.0,1.5199993269659893,1.74473739190429,0.758279930698584,0.014363740982298534,14.363740982298532,257.3658333541174,0.5771608150174744,2.471171278595529,0.44978729099966586,0.04342881898628548,0.3684787420206703,0.03550322697265074,1.0,0.0,2.7769612531013568,2.7769612531013568,2.776961326599121
CURRENT_STATE_PROJECTION,3,4,0.0,0.0,0.22566751152674483,0.0,0.0,1.6389381885528564,1.1240897661670664,1.8341416506481325,0.6620905298567478,0.05411241005755674,54.11241005755674,16084.365775884013,0.4395602798143291,1.6917388264114974,6.739015194994863,0.049476123007480055,6.607830042077694,0.7368474809336476,7.0,5.0,21.607520475875315,0.0,2.0429728031158447
POV_ENDPOINT_PROJECTION,3,4,1.0,0.0,-0.0734069852259142,0.0,12.756929558181763,230.13734638690948,0.9250485082650697,19.525973289406288,9.343443258611117,81.24225913616995,81242.25913616996,25559606.718592893,1.5404041947330702,1.886993581004845,5.736565457016695,0.051275599107611924,5.60285348596517,0.6217172411852516,7.0,2.0,23.703813773692687,2.9566544212067445,6.2528910636901855
PLAIN_FM,3,5,0.0,0.0,0.10764332230777149,0.0,0.15893037776947017,1.1915814876556396,0.9133602468504705,2.2738447564762816,0.8525739465189008,0.03828755798692107,38.28755798692108,8345.277539017903,0.07645885401137097,1.4098733742764702,0.07130254997173324,0.04467305401340127,0.0,0.0,0.0,0.0,0.0,0.0,0.0
FINAL_PROJECTION,3,5,0.0,0.0,0.23726575888089274,0.0,0.0,0.0,1.3844092526190588,1.6552420055387609,0.8048598406519953,0.012523354727658642,12.523354727658642,211.29809471469585,0.8936546264118643,2.7455742424540155,0.35297093499684706,0.043636366084683686,0.27161688497290015,0.024013156013097614,1.0,0.0,4.453573572648849,4.453573572648849,4.453573226928711
CURRENT_STATE_PROJECTION,3,5,0.0,0.0,0.16178912955355254,0.0,0.0,0.5827617645263672,1.0031424088500283,2.045400558441524,0.7863265575017082,0.04662327454093784,46.62327454093784,13018.901359557678,0.32350220217241427,1.5482681967131207,7.010115596000105,0.05074820696609095,6.877666177926585,0.7687041321769357,7.0,6.0,19.746713904203634,0.0,1.403844952583313
POV_ENDPOINT_PROJECTION,3,5,1.0,0.0,-0.0011486266102482268,0.0,15.496290780735016,227.05902874469757,1.0951109142020972,19.596617302260547,7.417165612817984,75.3056266587035,75305.6266587035,21900379.428532552,1.6834938256843297,1.7667842172607564,6.340950923040509,0.049539153929799795,6.208778535015881,0.6832166920066811,7.0,3.0,22.88245211682751,2.105105451864529,6.819929122924805
PLAIN_FM,3,6,0.0,0.0,0.10720517945232022,0.0,0.09503777484893794,0.0,0.9236036260438636,2.2686403987095005,0.8646146314083094,0.03616816477282514,36.16816477282514,8913.541232790069,0.0886692732832983,1.4120422263553252,0.07121408800594509,0.044523089949507266,0.0,0.0,0.0,0.0,0.0,0.0,0.0
FINAL_PROJECTION,3,6,0.0,0.0,0.23726575888089274,0.0,0.0,0.0,1.4173281169027927,1.135235215018217,0.6670694152158048,0.007893506974577136,7.893506974577136,171.16232012623914,0.5535790926372907,2.3327046891357144,0.3545185070252046,0.043569492001552135,0.2729974719695747,0.024065128935035318,1.0,0.0,2.682129231164013,2.682129231164013,2.682129383087158
CURRENT_STATE_PROJECTION,3,6,0.0,0.0,0.19360183025193697,0.0,0.0,1.090700626373291,1.126178703452946,1.8989837351478622,0.700825524754231,0.04902693289947657,49.02693289947658,13334.686645927053,0.3836716382087773,1.6663529874727268,6.235182926990092,0.0499839669209905,6.102996814006474,0.6777746828156523,7.0,5.0,25.871795837694222,0.0,1.7278156280517578
POV_ENDPOINT_PROJECTION,3,6,1.0,0.0,-0.11490811244752218,0.0,7.862356262016297,155.80799102783203,1.1744461759715905,16.411309049029068,9.068435436349546,50.259864730576695,50259.86473057669,14351032.660021586,1.6740067892408566,2.2743129153411727,7.035908573016059,0.04872399190207943,6.905535649100784,0.7771897479542531,7.0,4.0,21.327400420489692,3.9398987015551046,6.643791198730469
PLAIN_FM,3,7,0.0,0.0,0.09859138742247422,0.0,0.07179613571166987,1.3440680503845215,0.9059337484816671,2.2752610682437013,0.8348534867530691,0.0396509954319999,39.65099543199991,9304.642476370971,0.08262430478080357,1.4243977324306338,0.07099563902011141,0.04436851595528424,0.0,0.0,0.0,0.0,0.0,0.0,0.0
FINAL_PROJECTION,3,7,0.0,0.0,0.20539005892062662,0.0,0.0,0.0,0.9221964090691949,1.1133802789860465,0.4346172574967284,0.0031605091433597465,3.1605091433597465,105.10110164432263,0.6067482789377883,2.0614418059791686,0.26257836900185794,0.043421940004918724,0.18110618798527867,0.015608265006449074,1.0,0.0,3.024819786607733,3.024819786607733,3.024819850921631
CURRENT_STATE_PROJECTION,3,7,0.0,0.0,0.17810203891341284,0.0,0.141739206123352,2.014799118041992,1.0725551243225462,2.2003011264284975,0.7038077730680934,0.05276372229753812,52.76372229753812,15171.125233128112,0.24040939792107333,1.4922934839952513,7.904707210022025,0.04977583698928356,7.7731573829078116,0.8497650685021654,7.0,7.0,17.27562682965053,0.0,1.1186341047286987
POV_ENDPOINT_PROJECTION,3,7,1.0,0.0,-0.07166968490067786,0.0,14.343659740352631,248.36326956748962,1.531576782482351,22.407348923253227,9.716835666646867,99.9524563153019,99952.45631530191,29876851.418050036,1.6977647005880825,2.461820697648134,7.28306380804861,0.050594111031387,7.147515113931149,0.8100711030419916,7.0,3.0,20.88214713670254,1.8909799473229711,6.866654396057129
PLAIN_FM,3,8,0.0,0.0,0.11658034755871524,0.0,0.15836294155120845,0.0,0.9351946490077432,2.302478456437022,0.9056876913936985,0.037150548249728965,37.15054824972897,8627.092602019306,0.10940531814596903,1.4265476253573586,0.07184537104330957,0.045143158931750804,0.0,0.0,0.0,0.0,0.0,0.0,0.0
FINAL_PROJECTION,3,8,0.0,0.0,0.22505893717652575,0.0,0.0,0.0,1.131135484538012,1.1396292887155357,0.4161534391340478,0.006579956930637398,6.579956930637398,152.62157676119713,0.6412131982033601,2.1636583911817557,0.2617260980186984,0.043833070958498865,0.1797096350346692,0.012963831017259508,1.0,0.0,3.120097168062479,3.120097168062479,3.1200971603393555
CURRENT_STATE_PROJECTION,3,8,0.0,0.0,0.24562615615726335,0.0,0.0,2.0557892322540283,1.1560530351854688,1.9206569751812348,0.6456065985517453,0.05080299876554406,50.80299876554406,14358.9720944707,0.44354449443345667,1.79836616021465,7.24613171099918,0.05076062504667789,7.113223932043184,0.792283374175895,7.0,6.0,21.39025185966851,0.0,1.905497431755066
POV_ENDPOINT_PROJECTION,3,8,1.0,0.0,-0.03957417658167694,0.0,11.779744487667084,217.31699973344803,1.3727010084865972,19.383559864358453,9.553460453989649,76.33556941093183,76335.56941093184,22948807.60900603,1.670597498860527,2.5679648239578037,5.735123316990212,0.04891742899781093,5.604232613928616,0.6203249261016026,7.0,2.0,24.71118763548406,3.68342953623403,6.613353252410889
PLAIN_FM,3,9,0.0,0.0,0.11802224575909864,0.0,0.13486023406982417,1.460791826248169,0.9449422676072591,2.2676653525639137,0.8550794446974774,0.035380139915994535,35.38013991599453,7968.015644310112,0.08695008772339809,1.4330156012183262,0.07100422697840258,0.044392955023795366,0.0,0.0,0.0,0.0,0.0,0.0,0.0
FINAL_PROJECTION,3,9,0.0,0.0,0.23726575888089274,0.0,0.0,0.0,1.276286617642691,1.5639769772200187,0.663328886022206,0.01322829160824325,13.228291608243252,197.3990386247043,0.48075581486511343,2.0892729171150175,0.3517735700006597,0.043590244953520596,0.27024834998883307,0.022236219025216997,1.0,0.0,2.2051481846799112,2.2051481846799112,2.205148220062256
CURRENT_STATE_PROJECTION,3,9,0.0,0.0,0.25495282492759946,0.0,0.0,3.421206474304199,1.3094855748203529,1.905826397779719,0.6976599596840802,0.08445794088906666,84.45794088906666,26903.098561590614,0.5556210449960706,1.9707488524609091,6.452296720992308,0.049922200094442815,6.3202163561363705,0.6946678150561638,7.0,5.0,21.41630524209434,0.0,2.306396484375
POV_ENDPOINT_PROJECTION,3,9,1.0,0.0,-0.12082860013772256,0.0,11.41305755238533,185.9318432211876,1.2716652709391323,15.931393658995765,7.98025832047194,47.931628750455296,47931.628750455304,13914627.740697173,1.3866398789053198,2.050540692544498,4.968482213967945,0.04887378099374473,4.837556141894311,0.5219533291528933,7.0,1.0,22.783332084670782,2.1365650037433666,5.564234733581543
PLAIN_FM,3,10,0.0,0.0,0.09373816333156912,0.0,0.05904968242645259,0.7102084159851074,0.9096805528968193,2.3433807547848926,0.9113681337683515,0.041650679213128594,41.6506792131286,9924.377687397402,0.08314705351067961,1.4240513342320584,0.0711264880374074,0.04455127893015742,0.0,0.0,0.0,0.0,0.0,0.0,0.0
FINAL_PROJECTION,3,10,0.0,0.0,0.23726575888089274,0.0,0.0,0.0,1.5245381176611041,1.8360678241004795,0.9730458463617244,0.01734972819329622,17.349728193296226,275.8992874432126,1.0142986673802876,3.1968303195541354,0.35691454797051847,0.04386580997379497,0.27475946204504,0.02669544197851792,1.0,0.0,5.2674493574679335,5.2674493574679335,5.267449378967285
CURRENT_STATE_PROJECTION,3,10,0.0,0.0,0.2449595240312165,0.0,0.0,2.0855140686035156,1.0942144430175158,1.794869617045858,0.6026784620065486,0.043297902697112534,43.297902697112534,11772.92496880682,0.46956680222043723,1.8070075179144915,5.567297269997653,0.049672691035084426,5.435663639975246,0.5812992778373882,7.0,4.0,19.897036508055244,0.0,2.2431812286376953
POV_ENDPOINT_PROJECTION,3,10,0.0,0.0,0.05248593591051383,0.0,9.631003302001954,177.88578987121582,0.8761296130525409,16.13214808634055,8.36379114585538,47.09160163891072,47091.60163891071,14281833.50854177,1.316572119635795,1.0999321272825167,5.733747644000687,0.04878497601021081,5.602508435084019,0.620180640835315,7.0,0.0,25.67311089996744,5.506692159899021,5.362761974334717
PLAIN_FM,3,11,0.0,0.0,0.10551089680659514,0.0,0.057683543968200635,0.2728891372680664,0.9101096104472169,2.2725071459529564,0.8580999982626213,0.04500861545401347,45.008615454013466,12132.094268095207,0.1007183526410631,1.3961991736481614,0.07088208000641316,0.04428893094882369,0.0,0.0,0.0,0.0,0.0,0.0,0.0
FINAL_PROJECTION,3,11,0.0,0.0,0.23726575888089274,0.0,0.0,0.0,1.5073160283811171,1.8798123627386505,0.9171410776809215,0.013242803138845183,13.242803138845183,185.68837918921943,0.9966200892365933,2.9246948693960317,0.26239539397647604,0.04348480800399557,0.18087454902706668,0.015545152011327446,1.0,0.0,5.202729570607367,5.202729570607367,5.20272970199585
CURRENT_STATE_PROJECTION,3,11,0.0,0.0,0.24501328223890423,0.0,0.0,3.431553840637207,1.0826760198861385,1.705398238998603,0.5663660024556727,0.05860575672113555,58.60575672113555,17809.233323401582,0.5330629604851296,1.7935050864072233,5.85804115398787,0.04971326305530965,5.726512829016428,0.6209638564032502,7.0,5.0,21.218875815435652,0.0,2.5226306915283203
POV_ENDPOINT_PROJECTION,3,11,1.0,0.0,-0.015408748102166511,0.0,12.954188741874695,203.55774506926537,1.3759457427582005,20.012991310729827,8.689126910332408,83.05755634790961,83057.5563479096,26363736.58391428,1.7163096047836803,1.9859044055619608,6.3641596409725025,0.04887524899095297,6.2332295720116235,0.6916889682761393,7.0,3.0,17.807251251410815,1.1963750111561369,6.791257858276367
PLAIN_FM,3,12,0.0,0.0,0.1114027174882758,0.0,0.1129674480438232,0.21892309188842773,0.9305339127321893,2.27870924411857,0.8686581728812339,0.0342442199264692,34.244219926469206,7175.719287586179,0.07505843993137744,1.4364478131189815,0.0709001089562662,0.04434697196120396,0.0,0.0,0.0,0.0,0.0,0.0,0.0
FINAL_PROJECTION,3,12,0.0,0.0,0.1583002042828373,0.0,0.0,0.0,0.8704854037194582,0.8880698448808679,0.4824144898470025,0.003492848695245243,3.492848695245243,211.31377949856756,0.7693232239338137,2.2848134174785395,0.16853522299788892,0.0435508590308018,0.08715929195750505,0.004294589045457542,1.0,0.0,3.869808764424962,3.869808764424962,3.8698086738586426
CURRENT_STATE_PROJECTION,3,12,0.0,0.0,0.24707102649339746,0.0,0.0,3.300185203552246,1.0964226700486133,1.7301268553104094,0.5763176438696599,0.07736314755119267,77.36314755119268,25054.315117127146,0.5876976018839161,1.7577694405235196,6.241748847998679,0.050031199119985104,6.10972218005918,0.6806261174497195,7.0,5.0,23.650834868857192,0.0,2.604252815246582
POV_ENDPOINT_PROJECTION,3,12,1.0,0.0,-0.019575582966761172,0.0,13.549481194877625,213.75507831573486,1.1776541937143574,17.54291132687127,8.3407400968346,60.231126516434685,60231.12651643469,17179478.759563744,1.4542868519650711,1.7974198103503098,5.616472996014636,0.048876527114771307,5.485630482027773,0.592590521206148,7.0,1.0,21.97608797966063,3.083967657287191,5.8724470138549805
PLAIN_FM,3,13,0.0,0.0,0.10963966463829497,0.0,0.11418040256500239,0.745929479598999,0.9124557525586215,2.2675854117831538,0.8359904240896475,0.04100700210200903,41.00700210200903,10466.58748000957,0.07377936679749839,1.4191645811112208,0.07129615999292582,0.04456730798119679,0.0,0.0,0.0,0.0,0.0,0.0,0.0
FINAL_PROJECTION,3,13,0.0,0.0,0.23726575888089274,0.0,0.0,0.0,1.5691979021225178,1.5919863614108212,1.0032273597620724,0.012006821525255167,12.006821525255166,196.83845253597596,0.6074773657477966,2.4551313141323905,0.3520428950432688,0.04344931594096124,0.27066912601003423,0.02256379707250744,1.0,0.0,2.8705096952917315,2.8705096952917315,2.8705098628997803
CURRENT_STATE_PROJECTION,3,13,0.0,0.0,0.2546188136821022,0.0,0.24763341407775874,4.92732048034668,1.2868177772365914,2.051215470274147,0.7124894115586328,0.142238858622723,142.238858622723,48586.34501089991,0.600267140100425,1.984864402062737,7.595455889008008,0.05039034102810547,7.4621823789784685,0.8448677297565155,7.0,6.0,19.63736417436008,0.0,2.7646028995513916
POV_ENDPOINT_PROJECTION,3,13,1.0,0.0,-0.11537093779932205,0.0,9.884103662109375,198.10814380645752,1.401985940932226,19.169211001903715,8.648798651012084,70.920113589328,70920.113589328,22412960.980514914,1.5045680854567787,2.103434013215766,6.208216222003102,0.0488371339160949,6.077097333967686,0.674917206808459,7.0,4.0,18.69356507278651,1.548642318241914,6.091227054595947
PLAIN_FM,3,14,0.0,0.0,0.10604030453536731,0.0,0.11108930568695063,1.7453086376190186,0.9119593970485486,2.2863296596332114,0.8699926171787646,0.039236010903006324,39.23601090300633,8849.234378179459,0.07840370220655277,1.415726668852447,0.07177057099761441,0.04474390298128128,0.0,0.0,0.0,0.0,0.0,0.0,0.0
FINAL_PROJECTION,3,14,0.0,0.0,0.18263228083752123,0.0,0.0,0.0,0.958877035911034,1.5328258673233977,0.6981490056049524,0.0057167809634854905,5.7167809634854905,166.46426888549115,0.6550221346666353,2.241897714845282,0.2633345979847945,0.04377336404286325,0.18114003696246073,0.015553642006125301,1.0,0.0,3.3809887423382214,3.3809887423382214,3.380988597869873
CURRENT_STATE_PROJECTION,3,14,0.0,0.0,0.1910147359249574,0.0,0.0,3.409738540649414,1.2092813511634604,1.9947040837194072,0.8080923602462635,0.08183988945648712,81.83988945648713,23803.540123093204,0.3865141271548157,1.737776901059911,7.057796270994004,0.04978756798664108,6.926003625034355,0.7714067588094622,7.0,5.0,23.24736916166241,0.0,1.7349756956100464
POV_ENDPOINT_PROJECTION,3,14,1.0,0.0,-0.05072665711652467,0.0,9.532097738647462,196.8900752067566,1.1821348849595155,16.330850670745754,8.786278698053126,51.840788762679495,51840.7887626795,15706886.367033387,1.5147691500322977,2.0270590117924994,4.859818192955572,0.04870511114131659,4.729064695071429,0.5080396371195093,7.0,1.0,26.326933928271657,4.091349795433251,6.063995838165283
PLAIN_FM,3,15,0.0,0.0,0.10215726732500346,0.0,0.0758277938842773,0.8844208717346191,0.9001318672385981,2.3019165439025318,0.8784354121923331,0.04504887196440377,45.048871964403766,11084.87255635271,0.07322230058201705,1.404435212742432,0.07161127601284534,0.044722591002937406,0.0,0.0,0.0,0.0,0.0,0.0,0.0
FINAL_PROJECTION,3,15,0.0,0.0,0.2270858884359241,0.0,0.0,0.0,0.9988601712899058,1.2929975641543507,0.5417714079028295,0.0036244285564350776,3.6244285564350776,88.38070389742825,0.604210510670937,2.097548481467422,0.26297781395260245,0.04377172497333959,0.18082075502024963,0.015567941998597234,1.0,0.0,2.966444627279927,2.966444627279927,2.966444492340088
CURRENT_STATE_PROJECTION,3,15,0.0,0.0,0.23886664512340092,0.0,0.0,1.4264535903930664,1.0699624003113937,1.8222181813508642,0.6027759208232825,0.041788185360825736,41.788185360825736,11111.741687471267,0.4434696184636562,1.808179100149803,5.4763644189806655,0.04959327896358445,5.344578314921819,0.5781070421217009,7.0,4.0,22.794559272155468,0.0,1.9916852712631226
POV_ENDPOINT_PROJECTION,3,15,1.0,0.0,-0.10940305808417111,0.0,10.187131621074677,197.73427069187164,1.0556953827123927,20.001890645410967,9.452211968677178,78.07758571565883,78077.58571565883,23421357.516516462,1.4397849382674754,1.9881344502775484,6.954687315039337,0.04902964096982032,6.823157895065378,0.7770441598258913,7.0,4.0,23.330907165680205,3.1028733657903884,5.862067222595215
PLAIN_FM,3,16,0.0,0.0,0.11883796038773767,0.0,0.1983326242446899,1.7368149757385254,0.9508287732575146,2.2791504214843457,0.8672684136998519,0.043407537894013304,43.4075378940133,10512.601713099066,0.07346486647959916,1.4622626597061625,0.07183304103091359,0.044733280956279486,0.0,0.0,0.0,0.0,0.0,0.0,0.0
FINAL_PROJECTION,3,16,0.0,0.0,0.23726575888089274,0.0,0.0,0.0,1.444101738168072,1.2361054816959198,0.7223168106834957,0.008563248024374026,8.563248024374026,148.86249983474542,0.7018533577887847,2.4904239892063837,0.4452848930377513,0.04381764499703422,0.36304160399595276,0.031345167953986675,1.0,0.0,3.3544288162294293,3.3544288162294293,3.354429006576538
CURRENT_STATE_PROJECTION,3,16,0.0,0.0,0.2525209179867137,0.0,0.17054017047882075,4.6078455448150635,1.2567112947411294,2.1191827198831006,0.731089204334443,0.13043418494897896,130.43418494897895,40697.608468992286,0.5526609284561519,2.02098927639265,7.209812075016089,0.05045417003566399,7.076606163056567,0.7845696080476046,7.0,6.0,21.939626854928107,0.0,2.5081074237823486
POV_ENDPOINT_PROJECTION,3,16,1.0,0.0,-0.06794732596090568,0.0,11.296297997713088,212.82687306404114,1.5171734559023224,20.027900338003437,8.819636723938846,77.61307979101917,77613.07979101919,24671548.595337577,1.6047532874160824,2.4934263279955315,6.476241652970202,0.04853315494256094,6.346127965953201,0.7015963988378644,7.0,3.0,24.731918799848284,2.788569395714243,6.505658149719238
PLAIN_FM,3,17,0.0,0.0,0.09376863793523463,0.0,0.08770163516998286,0.7152986526489258,0.8907089311977537,2.3504183419609648,0.9044231730475888,0.03898940587398014,38.98940587398015,8917.486050353695,0.1133673173763563,1.4080497158942362,0.07103205798193812,0.044339368934743106,0.0,0.0,0.0,0.0,0.0,0.0,0.0
FINAL_PROJECTION,3,17,0.0,0.0,0.18683793283425845,0.0,0.0,0.0,1.277334930625364,1.8351165820470146,0.5908320747741823,0.007583364347507698,7.583364347507699,165.33155645456768,0.6099969825997762,2.2537892172394716,0.26233604800654575,0.04334436100907624,0.18111412704456598,0.015959163079969585,1.0,0.0,3.0035629621969617,3.0035629621969617,3.0035629272460938
CURRENT_STATE_PROJECTION,3,17,0.0,0.0,0.24540387239581007,0.0,0.0,2.5853466987609863,1.1064672253701446,1.7984333972647437,0.6084878929743753,0.045985235453670725,45.985235453670725,12795.500866044305,0.47797546801439583,1.8190868754620708,6.273378954036161,0.04993722296785563,6.141685354930814,0.6708675593254156,7.0,5.0,23.3932989015645,0.0,2.415417432785034
POV_ENDPOINT_PROJECTION,3,17,0.0,0.0,0.001087114579222767,0.0,10.34537428665161,190.3152358531952,1.319100226092657,17.813917313685295,8.368954233212913,66.26019000058304,66260.19000058304,20348987.742091224,1.603848731490166,2.279761500231627,6.007777856022585,0.049134681990835816,5.876751828065608,0.6459353480022401,7.0,2.0,23.381840769800938,3.1934250970393,6.286017894744873
PLAIN_FM,3,18,0.0,0.0,0.11059615937426334,0.0,0.16378398399353022,0.6184172630310059,0.931305517224047,2.273095175249484,0.8681331662431666,0.051032695980132825,51.03269598013283,14144.425165856368,0.08516472909381893,1.4335769597140502,0.07100580597762018,0.04438557010143995,0.0,0.0,0.0,0.0,0.0,0.0,0.0
FINAL_PROJECTION,3,18,0.0,0.0,0.23726575888089274,0.0,0.0,0.0,1.5884298283592961,1.6545706385148915,1.02163743030722,0.013022356194112739,13.02235619411274,219.29600732049082,0.8749985081833054,2.8959613441545944,0.3529454930103384,0.04341305192792788,0.2716482419637032,0.02377938898280263,1.0,0.0,4.369426680933333,4.369426680933333,4.369426727294922
CURRENT_STATE_PROJECTION,3,18,0.0,0.0,0.24775161161032533,0.0,0.08229251365661616,2.6810061931610107,1.2940970172217172,1.9665180145914476,0.7304935678620894,0.070050481884949,70.05048188494901,20215.5440988812,0.4972827798280917,1.9764501353094945,6.284109833010007,0.04968055506469682,6.152960622974206,0.6751327290548943,7.0,5.0,25.829407508652267,0.0,2.286684989929199
POV_ENDPOINT_PROJECTION,3,18,1.0,0.0,-0.07038269850668549,0.0,13.836704202127457,253.63941460847855,1.4153386814306133,17.534577984581855,8.355118095244443,59.73979454660716,59739.794546607176,18519734.679695636,1.6984152973688507,2.3039627403840868,5.911845417984296,0.04854824207723141,5.781644535949454,0.6486605871468782,7.0,2.0,21.531443856032595,3.6773145499055144,6.70681619644165
PLAIN_FM,3,19,0.0,0.0,0.09286393311005442,0.0,0.15216346244812007,0.73883056640625,0.8838358721850941,2.319786224231514,0.9243478755626304,0.0395353240580163,39.5353240580163,9360.827602241017,0.09292580760565589,1.3860371684482646,0.07130018301540986,0.04445348703302443,0.0,0.0,0.0,0.0,0.0,0.0,0.0
FINAL_PROJECTION,3,19,0.0,0.0,0.23726575888089274,0.0,0.0,0.0,1.4161261674331094,1.4148652381071307,0.6430323716630547,0.009860699188137527,9.860699188137527,199.5337324658869,0.5763690812639239,2.3493414999243107,0.3519996220129542,0.043753983976785094,0.27002012298908085,0.02180267294170335,1.0,0.0,2.7830323216347073,2.7830323216347073,2.7830324172973633
CURRENT_STATE_PROJECTION,3,19,0.0,0.0,0.24588013623955252,0.0,0.18134649257659907,1.892073154449463,1.2291110935366458,2.1683850569451706,0.8313574212645398,0.0591128347215264,59.1128347215264,16800.101391210377,0.3267945678585362,1.836748262497056,7.370223098958377,0.049796088016591966,7.2382698760484345,0.8070230448502116,7.0,6.0,20.040655860341236,0.0,1.588331937789917
POV_ENDPOINT_PROJECTION,3,19,1.0,0.0,-0.13120633602661108,0.0,13.583013968276978,275.97376823425293,1.2030839166028764,20.00623290963331,8.126017512941269,76.51389891530835,76513.89891530835,22050298.957846567,1.6801232963803199,2.3649382968780657,6.941165523021482,0.048741640988737345,6.81018834101269,0.7655928787426092,7.0,4.0,23.88999027422986,2.30469544906433,6.711913585662842
PLAIN_FM,3,20,0.0,0.0,0.11430032434381338,0.0,0.1834046409606933,1.222754716873169,0.9326423973329556,2.24179204623663,0.8638288509974569,0.03777499796453054,37.77499796453054,8624.968306587833,0.07735768065600035,1.4320902603452499,0.07104238495230675,0.044357997947372496,0.0,0.0,0.0,0.0,0.0,0.0,0.0
FINAL_PROJECTION,3,20,0.0,0.0,0.23726575888089274,0.0,0.0,0.0,1.5951540002115725,1.363208650291856,0.9206480628275405,0.010103999762662852,10.103999762662852,168.43081890627332,0.690716300448196,2.5621742299201853,0.44139476999407634,0.04338600090704858,0.36001863901037723,0.031010728038381785,1.0,0.0,3.2742237797015328,3.2742237797015328,3.274223804473877
CURRENT_STATE_PROJECTION,3,20,0.0,0.0,0.24994775878466213,0.0,0.0354384944915771,3.010798692703247,1.2650745662745402,1.9039962200844927,0.6921919033102516,0.058528184216797285,58.528184216797285,16702.119727318273,0.4827192345126825,1.8514602477397566,7.28147332102526,0.049974421970546246,7.149189222953282,0.7798613649210893,7.0,6.0,21.43883716706148,0.0,2.0439200401306152
POV_ENDPOINT_PROJECTION,3,20,1.0,0.0,-0.12042307341526996,0.0,10.77866629524231,221.79262161254883,1.1187959672600305,18.323654443076034,6.980463272079225,61.02919406490945,61029.194064909454,17808066.69275384,1.607828802452129,1.7761640572812423,4.569467296998482,0.0486963169532828,4.439136143075302,0.4699820929672569,7.0,1.0,22.744037140677452,1.4325544086316924,6.446776390075684
PLAIN_FM,3,21,0.0,0.0,0.11485145816547263,0.0,0.10851319293975825,0.0,0.9364060141836514,2.2681856196899157,0.8513399246933362,0.035488056600455176,35.488056600455174,8488.899356437994,0.08163221965361053,1.4177025580805331,0.07146387599641457,0.04466491506900638,0.0,0.0,0.0,0.0,0.0,0.0,0.0
FINAL_PROJECTION,3,21,0.0,0.0,0.11731425414084252,0.0,0.0,0.0,0.8477844930414865,0.9831433968044927,0.5524830626766288,0.003554598962736577,3.554598962736577,150.8378184130521,0.7252745385327433,2.319159103168657,0.17026102700037882,0.04409329005284235,0.08783618797315285,0.004397901997435838,1.0,0.0,3.677048181632361,3.677048181632361,3.6770482063293457
CURRENT_STATE_PROJECTION,3,21,0.0,0.0,0.2441932991265479,0.0,0.0,2.2919487953186035,1.0962856138155177,1.765720972771275,0.6022141057008551,0.04735889093928236,47.35889093928236,13433.167373243292,0.493116467684901,1.8672280149176166,5.756059796025511,0.049668522959109396,5.624705714872107,0.6155357957468368,7.0,4.0,21.401411622731864,0.0,2.2327938079833984
POV_ENDPOINT_PROJECTION,3,21,0.0,0.0,0.0060718407195633345,0.0,7.763277249145508,183.5555922985077,1.3682281763706083,18.832919249018737,9.397739347453157,67.37155764742624,67371.55764742626,20524508.505142797,1.5647272238768146,2.0264876055580996,6.47151327499887,0.04896057193400338,6.340465182089247,0.7024101310526021,7.0,2.0,16.507690250631462,1.365714396741561,6.369450092315674
PLAIN_FM,3,22,0.0,0.0,0.11874411437334567,0.0,0.10696645240783687,0.09581565856933594,0.9548949355137405,2.2918228715182805,0.8793279903735264,0.034796027811093255,34.79602781109326,7618.657400610607,0.07809299354781724,1.4553148921188324,0.07100533304037526,0.04437205591239035,0.0,0.0,0.0,0.0,0.0,0.0,0.0
FINAL_PROJECTION,3,22,0.0,0.0,0.23726575888089274,0.0,0.0,0.0,1.643195135598701,1.738660990393297,1.1225224293206664,0.015293355576841493,15.293355576841492,213.4998738554647,0.6753088269652263,2.5431940646372784,0.44525268400320783,0.043435340048745275,0.36381188401719555,0.0319505930528976,1.0,0.0,3.1614316877823203,3.1614316877823203,3.1614317893981934
CURRENT_STATE_PROJECTION,3,22,0.0,0.0,0.2070957153213975,0.0,0.10489101867675776,1.69175386428833,1.0537414900819508,2.099106718805605,0.7629951979296048,0.05678601758662172,56.78601758662171,16445.74354287452,0.3575848430355439,1.615770813625313,7.289912661013659,0.049891469010617584,7.157920975005254,0.792095415876247,7.0,6.0,16.088456841599974,0.0,1.5035436153411865
POV_ENDPOINT_PROJECTION,3,22,1.0,0.0,-0.076267798431884,0.0,13.488352553653717,283.0476772785187,1.340583511520182,22.88197077781363,10.056751520552167,109.97708056351685,109977.08056351688,35876097.65183162,1.5192615012947712,2.297501473279826,6.647648668964393,0.048782017023768276,6.517000919033308,0.7206916830036789,7.0,3.0,18.732143569359852,2.6340139925173056,6.205269813537598
PLAIN_FM,3,23,0.0,0.0,0.08754901591312897,0.0,0.13413722972869868,0.0,0.8809282544880098,2.316490182783231,0.8835153046807538,0.03735455714763192,37.35455714763192,8950.653623785285,0.07737560080869986,1.3949162998779254,0.07113914401270449,0.04438290593679994,0.0,0.0,0.0,0.0,0.0,0.0,0.0
FINAL_PROJECTION,3,23,0.0,0.0,0.23726575888089274,0.0,0.0,0.0,1.243539109296379,1.1938861154350544,0.5441423614625377,0.006766949556549662,6.766949556549662,156.08031130085465,0.8771779844021552,2.7775193233105355,0.26257331197848544,0.04358884203247726,0.18092442699708045,0.015089198015630245,1.0,0.0,4.566739433255749,4.566739433255749,4.566739559173584
CURRENT_STATE_PROJECTION,3,23,0.0,0.0,0.2444357911281449,0.0,0.0,3.196413516998291,1.0868721981154834,1.7054314908543715,0.5681268591696627,0.05388921709196026,53.88921709196027,15917.544965258654,0.5275684905285905,1.8060887467465934,6.220252281986177,0.05007225304143503,6.087848532944918,0.6829566730302759,7.0,5.0,21.2779027726825,0.0,2.5016095638275146
POV_ENDPOINT_PROJECTION,3,23,1.0,0.0,-0.10546859869291218,0.0,12.764613118433953,205.41163802146912,1.3590776385336072,19.119437026549274,9.690317183784444,64.9783802923367,64978.380292336704,17920498.186028045,1.523822332551032,2.062210954282322,6.0971843369770795,0.04900436196476221,5.966189770027995,0.6644869646988809,7.0,3.0,21.746043960347524,1.736002101851262,6.1471848487854
PLAIN_FM,3,24,0.0,0.0,0.11706977646990521,0.0,0.09616132240295405,0.7311415672302246,0.9122129885190735,2.2571646037466864,0.8531788927732653,0.039748164705388556,39.748164705388554,9545.500707521758,0.08212815942849334,1.4074096597049972,0.0714274020283483,0.044558249006513506,0.0,0.0,0.0,0.0,0.0,0.0,0.0
FINAL_PROJECTION,3,24,0.0,0.0,0.23726575888089274,0.0,0.0,0.0,1.7120689664158302,1.5830099252904026,1.1698703734430766,0.01307581853412998,13.07581853412998,182.63485175396,0.8588247816389101,2.9246665978193986,0.3501986079500057,0.04354288202011958,0.26878405996831134,0.020693221013061702,1.0,0.0,4.247192723761545,4.247192723761545,4.2471923828125
CURRENT_STATE_PROJECTION,3,24,0.0,0.0,0.24556375733316477,0.0,0.0,3.166348934173584,1.1475593109339632,1.8398815902128285,0.6534967715925213,0.06471214982154905,64.71214982154905,19737.022379426606,0.5116526000922665,1.826967571942292,7.514258974988479,0.049937108997255564,7.382243248866871,0.8193753472878598,7.0,6.0,19.436039720099032,0.0,2.216154098510742
POV_ENDPOINT_PROJECTION,3,24,1.0,0.0,-0.08790075066917909,0.0,10.18359416770935,217.79291152954102,0.826353770209249,19.34472699201784,8.457682586303806,71.16197294065817,71161.97294065818,21030710.875089172,1.6349035392551732,2.7524097653465436,5.540114433970302,0.050094602978788316,5.40785595489433,0.5941655148053542,7.0,2.0,24.57504101639832,2.5670629680600925,6.52306604385376
PLAIN_FM,3,25,0.0,0.0,0.12023189719636501,0.0,0.12073631744384761,0.5369138717651367,0.9581014750374627,2.3026090358947178,0.8835442722853541,0.041769187935619234,41.769187935619236,10541.68158415678,0.08932326264056081,1.452452234888461,0.0713560190051794,0.0446437529171817,0.0,0.0,0.0,0.0,0.0,0.0,0.0
FINAL_PROJECTION,3,25,0.0,0.0,0.23726575888089274,0.0,0.0,0.0,1.5874428975722439,1.774981233224321,0.9298932159830002,0.014887614783268166,14.887614783268162,261.3734119659706,0.5973967685709611,2.5382611765918144,0.3539190370356664,0.04366320394910872,0.27223060198593885,0.023880780034232885,1.0,0.0,2.714291697568653,2.714291697568653,2.71429181098938
CURRENT_STATE_PROJECTION,3,25,0.0,0.0,0.23866550272169748,0.0,0.047107891845703076,1.9951236248016357,1.1769815588644008,2.0938507458968947,0.7527513912280506,0.039612366790690245,39.612366790690245,10015.602193989003,0.2953640283573318,1.7309508946644825,7.896554428036325,0.05016919592162594,7.764116914011538,0.8824021998443641,7.0,7.0,17.551662995811483,0.0,1.2056349515914917
POV_ENDPOINT_PROJECTION,3,25,1.0,0.0,-0.059208154558691384,0.0,10.142393272781373,180.05172729492188,1.5672777782230387,17.125524296183183,8.772255764858023,51.8168970745681,51816.89707456811,14716505.028349826,1.5640953893000105,2.5817710135259433,4.386236765014473,0.048787373991217464,4.25575885589933,0.4509508679038845,7.0,0.0,26.797307569016265,3.506883011897547,6.247061252593994
PLAIN_FM,3,26,0.0,0.0,0.10372934811748535,0.0,0.18978829841613765,1.316131353378296,0.9008944259456733,2.297940483474094,0.8882025136705322,0.039969510771066474,39.969510771066474,9308.076628811168,0.07484342165119315,1.415932915336743,0.07104738004272804,0.04439656500471756,0.0,0.0,0.0,0.0,0.0,0.0,0.0
FINAL_PROJECTION,3,26,0.0,0.0,0.23583171347662335,0.0,0.0,0.0,1.165707619268324,1.4279027031499036,0.40195308195427687,0.010454198292817213,10.454198292817212,176.25592052758486,0.7538731475355758,2.2545575692287954,0.4452077010064386,0.04338856600224972,0.3637856239802204,0.034148512000683695,1.0,0.0,3.716054773548885,3.716054773548885,3.716054677963257
CURRENT_STATE_PROJECTION,3,26,0.0,0.0,0.24170641854246971,0.0,0.0,1.5609455108642578,1.0930988058434183,1.748853802826887,0.5808174653277861,0.04543647367712822,45.43647367712822,12742.001363619693,0.4774807468545885,1.825996956526606,6.878390018013306,0.050170425965916365,6.746183712035418,0.7570731870946474,7.0,6.0,20.689101753309163,0.0,2.180253744125366
POV_ENDPOINT_PROJECTION,3,26,1.0,0.0,-0.07736358317772023,0.0,12.904888516998291,261.7113721370697,1.0286660379471055,18.65011591167578,7.817505110605833,71.29545027615642,71295.4502761564,22389401.693482913,1.5015901607292867,2.0102634381816724,5.5334892040118575,0.049248699040617794,5.4029474829440005,0.6051459352602251,7.0,3.0,21.890314155465468,2.670475278975913,6.0235209465026855
PLAIN_FM,3,27,0.0,0.0,0.10478172361571561,0.0,0.12384827594757075,1.0880064964294434,0.9011231582539747,2.27650834407282,0.8796007427127059,0.03870462334092828,38.70462334092828,9152.079419979398,0.08217548238157357,1.3975215947394082,0.07093568600248545,0.04431180190294981,0.0,0.0,0.0,0.0,0.0,0.0,0.0
FINAL_PROJECTION,3,27,0.0,0.0,0.23726575888089274,0.0,0.0,0.0,1.3945764564494398,1.7241206244433933,0.8210712286957472,0.013544421563988607,13.544421563988607,205.34519609931579,0.9642968776339798,2.8427746596377195,0.26169718604069203,0.043316465977113694,0.1805105170351453,0.014964412956032902,1.0,0.0,4.916443649007108,4.916443649007108,4.916443824768066
CURRENT_STATE_PROJECTION,3,27,0.0,0.0,0.253834311050499,0.0,0.13563867073059077,2.4889838695526123,1.3545898103645428,2.0635022108116905,0.8064511801511578,0.07448955753250086,74.48955753250087,22433.64527531399,0.44352911752809504,1.9678375590783697,7.323853102046996,0.0499480560538359,7.191770260978956,0.8010583316208795,7.0,6.0,17.1283788679064,0.0,1.994527816772461
POV_ENDPOINT_PROJECTION,3,27,0.0,0.0,0.03689456095262485,0.0,8.18355106575489,152.81136453151703,1.2045227555299756,17.410162902960426,7.394674644345074,52.39188432049569,52391.884320495694,14877318.306174932,1.6225547138906933,2.3750803553257147,5.686456407012884,0.04849746695253998,5.55641768098576,0.6047935158130713,7.0,3.0,18.852784716984832,2.5190917278596734,6.526349067687988
PLAIN_FM,3,28,0.0,0.0,0.11561523592016693,0.0,0.17140026550292964,0.40187954902648926,0.9133382257322549,2.2186508572865122,0.8516420020080709,0.04154952693388836,41.54952693388836,10704.854721647194,0.10024609777110777,1.3830327349786142,0.0710999799775891,0.044490477070212364,0.0,0.0,0.0,0.0,0.0,0.0,0.0
FINAL_PROJECTION,3,28,0.0,0.0,0.23726575888089274,0.0,0.0,0.0,1.3671913700402152,1.7925477750982608,0.831275072357209,0.010712614300130596,10.712614300130596,201.41701580520532,0.8793323056261462,2.772728754619972,0.26429527497384697,0.04356503108283505,0.18272386700846255,0.016117735009174794,1.0,0.0,4.506450458380216,4.506450458380216,4.506450653076172
CURRENT_STATE_PROJECTION,3,28,0.0,0.0,0.18049865123706696,0.0,0.009786443519592236,3.722043037414551,1.1819989168007672,2.0254475609736198,0.8224313327762907,0.10042349637784653,100.42349637784653,30734.090019010993,0.4031424244568831,1.6689182587652849,6.4260379479965195,0.0498896959470585,6.294079280924052,0.6940264158183709,7.0,5.0,24.58117707922647,0.0,1.6011412143707275
POV_ENDPOINT_PROJECTION,3,28,1.0,0.0,-0.06272068770518827,0.0,14.904016809272767,235.26800990104675,1.2813103056297295,18.958796181282423,6.9295057894031125,71.38979182550821,71389.79182550822,22404805.82470356,1.6142092446506888,2.3710754232504656,7.0263050610083155,0.048656801984179765,6.895167216018308,0.7714030241477303,7.0,3.0,28.278375855526342,4.1798195210056655,6.453744888305664
PLAIN_FM,3,29,0.0,0.0,0.10535271244347075,0.0,0.13962979774475093,0.9386134147644043,0.8911663251548215,2.301073321352543,0.9084836482507911,0.04585958702409676,45.859587024096754,11059.255157733118,0.08541285287654646,1.4067948082485617,0.07099788601044565,0.04432108998298645,0.0,0.0,0.0,0.0,0.0,0.0,0.0
FINAL_PROJECTION,3,29,0.0,0.0,0.23726575888089274,0.0,0.0,0.0,1.225657180437043,1.2705123766389417,0.5975775595297381,0.009851503173379683,9.851503173379683,217.1805727137155,0.5775722793463005,2.258942738061235,0.4465704340254888,0.0434069880284369,0.365154221013654,0.034279375977348536,1.0,0.0,2.8121368456768643,2.8121368456768643,2.8121368885040283
CURRENT_STATE_PROJECTION,3,29,0.0,0.0,0.24563596473224059,0.0,0.0,2.6006412506103516,1.1307329078299293,1.7502505675201945,0.5841831655863512,0.053100437861896665,53.10043786189667,15651.801775252849,0.5051342900401532,1.7788243177735121,6.442006933968514,0.049848253023810685,6.309830392943695,0.6920214368728921,7.0,5.0,23.94265224719346,0.0,2.3157882690429688
POV_ENDPOINT_PROJECTION,3,29,1.0,0.0,-0.08401186787825358,0.0,15.499662019443512,299.82486486434937,1.3069987547210926,22.769735795505536,11.12676364074448,114.69445851530567,114694.45851530568,38377612.30509939,1.6779915372200556,2.087800404842445,7.030245718953665,0.04993204498896375,6.897674137959257,0.7797460354631767,7.0,4.0,24.67224336753587,3.504487138467775,6.6689453125
PLAIN_FM,3,30,0.0,0.0,0.10100871036590886,0.0,0.2241676614761352,0.0,0.9007621000340574,2.266487085278264,0.8686925464577582,0.03201015832909393,32.01015832909393,7245.598069926527,0.07127931362913129,1.4167100338797485,0.07102058501914144,0.04439620196353644,0.0,0.0,0.0,0.0,0.0,0.0,0.0
FINAL_PROJECTION,3,30,0.0,0.0,0.20339658820612677,0.0,0.0,0.0,0.9736088284645413,1.0559269084402259,0.4552855761246325,0.0034632571474126905,3.4632571474126905,113.43592780193035,0.5144169886989187,1.9895099278303652,0.16845053900033236,0.04342951503349468,0.08721293101552874,0.004515183973126113,1.0,0.0,2.525228059607769,2.525228059607769,2.5252280235290527
CURRENT_STATE_PROJECTION,3,30,0.0,0.0,0.22910610250455002,0.0,0.10786171417236323,1.712859869003296,1.1218244340832089,2.0894129081918003,0.771079122075238,0.049697971814646635,49.697971814646635,13775.690712617903,0.3313259571318476,1.695441971569157,7.03064886998618,0.05013087799306959,6.898444090038538,0.764197753102053,7.0,6.0,18.587261734673042,0.0,1.5150395631790161
POV_ENDPOINT_PROJECTION,3,30,1.0,0.0,-0.07707531715736905,0.0,11.361702520531416,250.4194439202547,1.184418946584178,18.875472803847455,10.06552136211692,69.1031254984187,69103.12549841871,21289128.40035427,1.6858873121299922,2.5030484945661122,6.074734524998348,0.048951947945170105,5.943946915038396,0.6515992626082152,7.0,2.0,24.01919472535315,3.0171702668346825,6.738466262817383
PLAIN_FM,3,31,0.0,0.0,0.10046099962223642,0.0,0.14627094726562495,1.1811208724975586,0.9264428189810407,2.3373369130622166,0.9220072465888741,0.041870357100546096,41.8703571005461,9579.916663900123,0.09378858848186533,1.4228447732016714,0.07206309400498867,0.04494493594393134,0.0,0.0,0.0,0.0,0.0,0.0,0.0
FINAL_PROJECTION,3,31,0.0,0.0,0.23726575888089274,0.0,0.0,0.0,1.6764909591746338,1.5033422152648497,1.1078799465778149,0.011351911251356483,11.351911251356483,154.95503813873768,0.8506584235011867,2.975153989125105,0.3530283179716207,0.043650623003486544,0.27133731899084523,0.023630180046893656,1.0,0.0,4.36319600983078,4.36319600983078,4.363195896148682
CURRENT_STATE_PROJECTION,3,31,0.0,0.0,0.24513034640300146,0.0,0.0,2.2780966758728027,1.1010817713854426,1.763467355684479,0.594274403832752,0.04569942457173415,45.69942457173415,12733.89793820785,0.4880042090681783,1.815570112141547,3.957082466047723,0.05032904603285715,3.8253257389878854,0.41581199667416513,7.0,3.0,23.599032039010886,0.0,2.3588614463806152
POV_ENDPOINT_PROJECTION,3,31,1.0,0.0,-0.10260948123732916,0.0,12.621252477645873,247.84255743026733,1.5435082955186958,19.068786446511965,8.117175565281531,71.33733360514115,71337.33360514118,21708027.785015713,1.7316428168197606,2.2179537737574324,6.6564489849843085,0.04940190998604521,6.524686567077879,0.729111862834543,7.0,2.0,22.742003219766826,3.588680765818592,6.88641881942749
PLAIN_FM,4,0,1.0,0.0,-0.005844888557082026,0.0,0.23970172967910752,0.0,0.24972484841178322,3.4457609961769826,1.6377409784793,0.02853179191625839,28.531791916258392,4916.5879851465215,0.0894916101308036,0.48674407393253377,0.07156973000383005,0.04474707989720628,0.0,0.0,0.0,0.0,0.0,0.0,0.0
FINAL_PROJECTION,4,0,0.0,0.0,0.03685113550348097,0.0,0.0,0.0,0.5934317894744648,1.527448422250082,1.0398779669594518,0.010672043217239927,10.672043217239926,200.21731604744355,0.9179856295610708,2.3806672352957587,0.2632481950568035,0.043856465083081275,0.18124399799853563,0.015358882956206799,1.0,0.0,4.573424860808764,4.573424860808764,4.573424816131592
CURRENT_STATE_PROJECTION,4,0,0.0,0.0,0.03994736235612245,0.0,0.0,0.5654764175415039,0.6259784905203233,2.403517667479146,1.1684015470335842,0.04420279527011092,44.202795270110926,10889.478452752046,0.703826916775816,1.5523487374220815,5.3480498470016755,0.049980295880232006,5.215715576079674,0.5846973708248697,7.0,4.0,20.60004922984973,0.0,3.227646827697754
POV_ENDPOINT_PROJECTION,4,0,1.0,0.0,-0.1098605371585328,0.0,9.065443830299378,173.90461683273315,0.9904279793836287,17.14069815572863,7.971124049132914,56.86284605320655,56862.846053206566,16898886.593062565,1.5464269318387966,2.4769392769542464,5.897141431982163,0.048743640014436096,5.766482528997585,0.6409625748638064,7.0,3.0,24.708570985936746,2.3632337899629365,6.21778678894043
PLAIN_FM,4,1,1.0,0.0,-0.018424877420045213,0.0,0.21849260892868028,1.074535846710205,0.2787190937092429,3.4424825932277936,1.6197147154154938,0.03939154114677798,39.39154114677798,8629.80761697012,0.09388675550325468,0.533956463720449,0.07122945896117017,0.04450645303586498,0.0,0.0,0.0,0.0,0.0,0.0,0.0
FINAL_PROJECTION,4,1,0.0,0.0,0.011540417087929598,0.0,0.0,0.0,0.4654206367764777,1.5805101040798446,1.1334925136046852,0.012082747364740867,12.082747364740868,251.90019241689566,0.9887234797979993,2.579292156334023,0.25840536900795996,0.04350630601402372,0.17697293899254873,0.011550718976650387,1.0,0.0,4.8729825965966995,4.8729825965966995,4.872982501983643
CURRENT_STATE_PROJECTION,4,1,0.0,0.0,0.002640763578496935,0.0,0.0,0.7951927185058594,0.6999260058232659,2.3594491134672695,1.185582355068182,0.05419567311047113,54.19567311047113,13852.42088601838,0.687239821856676,1.5201655660435764,6.648319658008404,0.049769189034122974,6.5168695519678295,0.7193937609554268,7.0,5.0,18.75328872406242,0.0,3.1139795780181885
POV_ENDPOINT_PROJECTION,4,1,1.0,0.0,-0.02484474941437305,0.0,10.407682002067565,211.0094439983368,1.3939962515680817,20.894922412271146,8.051258816737787,81.6786465458402,81678.6465458402,24210333.802558314,1.654156285198419,2.327100715363604,7.987300927983597,0.048980378021951765,7.856341504957527,0.8936987799825147,7.0,5.0,26.452232286405437,2.0636356788484744,6.6329779624938965
PLAIN_FM,4,2,1.0,0.0,-0.0052603122103150185,0.0,0.15950829949378953,0.3120732307434082,0.2228166864862344,3.4569295577883743,1.6167055093867881,0.029769529173934717,29.769529173934718,3656.3022060597013,0.09099553978871347,0.4491363701424563,0.07100242300657555,0.044376470090355724,0.0,0.0,0.0,0.0,0.0,0.0,0.0
FINAL_PROJECTION,4,2,0.0,0.0,0.037198059374380796,0.0,0.0,0.0,0.5037958473915787,1.8542327059378787,1.2494735194102786,0.016620873228125346,16.620873228125344,327.10410189818185,0.8194017420445611,2.205678526074434,0.262449297006242,0.04344409302575514,0.18077768199145794,0.015541458036750555,1.0,0.0,4.22225750259079,4.22225750259079,4.222257614135742
CURRENT_STATE_PROJECTION,4,2,0.0,0.0,0.024154752077545055,0.0,0.0,0.17292022705078125,0.6636451931739933,2.4854832189665426,1.1944911396530307,0.0416426508167799,41.642650816779906,10184.072560489745,0.6301470158418463,1.4166653466878212,6.593051194038708,0.049789738026447594,6.461450167000294,0.7044756502145901,7.0,5.0,19.132605817160297,0.0,3.0014705657958984
POV_ENDPOINT_PROJECTION,4,2,1.0,0.0,-0.07240765614402168,0.0,10.574534095954895,186.30756109952927,0.9652256784862137,17.6761397370697,7.507620900128653,57.955788899187866,57955.78889918787,17321094.055517126,1.4575028635728786,2.7169451195186163,5.905128340993542,0.04859875701367855,5.774827939050738,0.6273494580527768,7.0,2.0,27.792497112151114,1.6247302513120454,6.152109146118164
PLAIN_FM,4,3,1.0,0.0,-0.0028637871023844824,0.0,0.1975323375701903,0.5185914039611816,0.24739857238283544,3.496557900060944,1.607074175484205,0.0343680638713004,34.36806387130039,6936.664238854556,0.07287046922975032,0.509936273497224,0.07206883101025596,0.04492175503401086,0.0,0.0,0.0,0.0,0.0,0.0,0.0
FINAL_PROJECTION,4,3,0.0,0.0,0.03709780681757863,0.0,0.0,0.0,0.6024495706539672,1.6117205263713874,1.179420106332264,0.014425555265470805,14.425555265470804,260.6126785108159,0.9384010556376048,2.49440665640171,0.3524866299703717,0.04405167087679729,0.27000655297888443,0.021604444948025048,1.0,0.0,4.670668328718758,4.670668328718758,4.670668125152588
CURRENT_STATE_PROJECTION,4,3,0.0,0.0,0.023696241129851144,0.0,0.0,0.24064302444458008,0.620179633365793,2.598481364069971,1.239858041969402,0.038329056325385816,38.329056325385814,8852.629501211226,0.5679810851991769,1.2967744244181496,5.243685043998994,0.04973136691842228,5.112555370025802,0.5621554767130874,7.0,4.0,19.182326280345357,0.0,2.5764200687408447
POV_ENDPOINT_PROJECTION,4,3,1.0,0.0,-0.04469764069068349,0.0,12.502617329835891,238.4778481721878,1.2606060327805952,17.724614185573223,8.747539089158069,68.29304711324369,68293.04711324371,21578619.640456658,1.5462522645314871,2.0069291672051817,6.011548037989996,0.04864349600393325,5.881296267092694,0.6568247040268034,7.0,2.0,32.39322729245208,3.4122392638150885,6.372276782989502
PLAIN_FM,4,4,1.0,0.0,-0.02050593685982132,0.0,0.14109895792007432,0.6216716766357422,0.2713204905122053,3.4120036525414212,1.6148177801150436,0.03620950757918269,36.209507579182684,6175.889299285321,0.09639480542633222,0.505238761178439,0.071050473023206,0.044372219941578805,0.0,0.0,0.0,0.0,0.0,0.0,0.0
FINAL_PROJECTION,4,4,1.0,0.0,-0.009267457074364355,0.0,0.0,0.0,0.6502864184277445,2.1956896475668604,0.8275070221644591,0.026421823260645936,26.421823260645944,358.8428932520319,0.8308625052564057,2.134832611768602,0.4455491550033912,0.043414671905338764,0.36417466797865927,0.033142929954919964,1.0,0.0,3.9946382323241134,3.9946382323241134,3.994638204574585
CURRENT_STATE_PROJECTION,4,4,1.0,0.0,-0.016463297515006567,0.0,0.0,0.7389199733734131,0.741049126835031,2.337071844722339,1.121958043374214,0.05038792945250823,50.38792945250823,12663.67604469601,0.7060753251838059,1.536153362805424,6.896607650036458,0.04989516001660377,6.764429848000873,0.754314934136346,7.0,6.0,20.84823598345043,0.0,3.0721945762634277
POV_ENDPOINT_PROJECTION,4,4,1.0,0.0,-0.06394874266708327,0.0,13.417005699539185,233.70298862457275,1.2447049857720716,19.924278709522557,8.91780436402721,84.26137962532512,84261.3796253251,26510177.129085943,1.5622803487674561,2.3153343470559093,6.293852147995494,0.0486129549681209,6.16290181997465,0.6883359647472389,7.0,3.0,25.651401295959328,2.2042165492753303,6.275806427001953
PLAIN_FM,4,5,1.0,0.0,-0.006958070097130051,0.0,0.20631836023330674,0.20595908164978027,0.2329517085289863,3.509277021784588,1.6023004641666192,0.04265026997109783,42.65026997109783,8828.829801676777,0.09355103541403899,0.49784540008673256,0.07121472695143893,0.04449435294372961,0.0,0.0,0.0,0.0,0.0,0.0,0.0
FINAL_PROJECTION,4,5,0.0,0.0,0.03565085286006292,0.0,0.0,0.0,0.5538842386664877,1.6907008790397997,1.0946256864969828,0.013057848581370268,13.05784858137027,264.3034894777796,0.8511128829986581,2.210679937076535,0.26068701199255884,0.04353143501793966,0.1791277809534222,0.013067659980151802,1.0,0.0,4.407727542782301,4.407727542782301,4.4077277183532715
CURRENT_STATE_PROJECTION,4,5,1.0,0.0,-0.05058059294096237,0.0,0.010523736953734986,2.0780903100967407,0.7144923748849504,2.820631508350703,1.1759385375389768,0.06535916693494737,65.35916693494737,18030.944285267968,0.4910516613760274,1.0495295615580889,7.904059819993563,0.04977647605119273,7.7722186900209635,0.8808892781380564,7.0,6.0,19.122692560163685,0.0,2.394739866256714
POV_ENDPOINT_PROJECTION,4,5,1.0,0.0,-0.11630682190088354,0.0,15.67224995059967,228.43796133995056,0.8869225467856007,19.78557260053703,8.795540280861772,75.80883961660635,75808.83961660635,22079223.21121502,1.444265726732791,1.8976641465205604,7.907025650027208,0.04881003999616951,7.776168545067776,0.8966930279275402,7.0,6.0,23.729081592685862,2.1020697106107074,6.016791820526123
PLAIN_FM,4,6,1.0,0.0,-0.0012662675417094843,0.0,0.16229407157897935,2.290470600128174,0.21711988102292024,3.5033985456359376,1.6434782903575036,0.0362070517719278,36.2070517719278,7286.543891116176,0.08044570865358583,0.4744546672852493,0.07128546794410795,0.044415501004550606,0.0,0.0,0.0,0.0,0.0,0.0,0.0
FINAL_PROJECTION,4,6,0.0,0.0,0.0613507426428857,0.0,0.0,0.0,0.5558346555035489,2.0285519372314087,1.254448060348169,0.02244310736846257,22.44310736846257,352.63296993639227,0.689187531725555,1.9517144302069902,0.35256793297594413,0.043661066971253604,0.27067813399480656,0.020897214009892195,1.0,0.0,3.537609908013003,3.537609908013003,3.537609815597534
CURRENT_STATE_PROJECTION,4,6,0.0,0.0,0.08286869364177835,0.0,0.0,6.374855041503906,1.0292447163996465,2.340501222909934,0.8794032810701421,0.12650076184441017,126.50076184441016,37458.152933874524,0.8184509708728684,1.6588302355731368,7.680587138980627,0.05002376495394856,7.548184305022005,0.8503159707179293,7.0,6.0,21.71584962088916,0.0,3.9000065326690674
POV_ENDPOINT_PROJECTION,4,6,1.0,0.0,-0.0874748934101019,0.0,8.017027036952973,156.38455271720886,0.9215213400078859,16.64087893470378,9.381527816097837,51.35356440604892,51353.56440604892,14643007.684966514,1.407397712873463,2.0309312897770746,7.482989876007196,0.04873599793063477,7.35211613192223,0.8222225267090835,7.0,3.0,25.10183489653957,2.073972942668343,5.817962169647217
PLAIN_FM,4,7,1.0,0.0,-0.013359383723830956,0.0,0.1756536331415175,0.5966496467590332,0.2536525358919743,3.5127044904321023,1.6029505468902652,0.035902318009454384,35.90231800945438,6418.824896274075,0.07288603945834396,0.4827561552140545,0.0721794519922696,0.04500955593539402,0.0,0.0,0.0,0.0,0.0,0.0,0.0
FINAL_PROJECTION,4,7,0.0,0.0,0.019008351869410495,0.0,0.0,0.0,0.5407147906163239,2.025385485823205,1.0535248468913192,0.01996553986189727,19.965539861897273,285.37277155060667,0.7751183024757193,2.0113927730642263,0.35317609598860145,0.04358491604216397,0.27152308402583003,0.022904619050677866,1.0,0.0,3.87439955911895,3.87439955911895,3.874399423599243
CURRENT_STATE_PROJECTION,4,7,0.0,0.0,0.013722264309653898,0.0,0.0,0.4757833480834961,0.5880199420370473,2.3508251057377136,1.2069236289329273,0.04496774131995773,44.96774131995774,11823.862056364045,0.7349562726146971,1.5898565608500805,7.9006150719942525,0.049871789873577654,7.768469504080713,0.8856258079176769,7.0,7.0,18.241449345441413,0.0,3.417980909347534
POV_ENDPOINT_PROJECTION,4,7,1.0,0.0,-0.02368283602002523,0.0,14.55836341943741,250.76972365379333,1.3291799444805952,22.659272790067998,11.075553966266988,101.212170686016,101212.17068601599,30256650.63373055,1.4294038865295824,2.280995708185479,7.998687375045847,0.0488339809817262,7.867253787000664,0.888322579965461,7.0,5.0,20.154526286910176,1.1614644264254839,5.886258125305176
PLAIN_FM,4,8,1.0,0.0,-0.01977000371346542,0.0,0.18201575841903672,0.7207465171813965,0.22479977693170117,3.5533133105436923,1.670879079572982,0.0390319700378613,39.0319700378613,7586.8748075207395,0.15210035222265905,0.4083809684674512,0.0719104140298441,0.044894711987581104,0.0,0.0,0.0,0.0,0.0,0.0,0.0
FINAL_PROJECTION,4,8,1.0,0.0,-0.006524263780713954,0.0,0.0,0.0,0.48091416529760295,1.492612718490583,1.1697847105910524,0.01361366208625324,13.61366208625324,264.1041366816241,1.1108632838197634,2.877672671689305,0.35320804303046316,0.04363803693559021,0.27141341799870133,0.023024122056085616,1.0,0.0,6.011290454066786,6.011290454066786,6.011290550231934
CURRENT_STATE_PROJECTION,4,8,1.0,0.0,-0.02055026561156756,0.0,0.0,0.646824836730957,0.6972035500118638,2.7575695454603637,1.1633334849393797,0.053258689713781476,53.258689713781486,13377.3590494675,0.5200208442325479,1.0947272860041262,7.623598342004698,0.05078103288542479,7.49036548397271,0.8410534165450372,7.0,6.0,18.94539919519494,0.0,2.715155601501465
POV_ENDPOINT_PROJECTION,4,8,0.0,0.0,0.035890973922223596,0.0,11.66253284778595,219.28874969482422,1.4698437075778163,19.530103858285134,9.020943144655954,77.90981505022525,77909.81505022528,23407293.57733029,1.618816224548632,2.4961408697780545,7.62872006802354,0.04943196504609659,7.496478850080166,0.8498693757574074,7.0,4.0,22.313191800856544,2.031158047686807,6.462913513183594
PLAIN_FM,4,9,0.0,0.0,0.011978233675302444,0.0,0.1776295271158217,0.14985918998718262,0.19049627058993823,3.5567153758534653,1.6199362086160325,0.028181763094097048,28.18176309409705,3859.0828974189217,0.12553459829816685,0.42056415757113064,0.07148042100016028,0.044657744001597166,0.0,0.0,0.0,0.0,0.0,0.0,0.0
FINAL_PROJECTION,4,9,0.0,0.0,0.0271932990246348,0.0,0.0,0.0,0.5513321388615564,1.7954055499618258,1.1717493485710746,0.015872359465503222,15.872359465503223,295.3562445525734,0.7963918529323849,2.110711210128057,0.2618543040007353,0.044005657953675836,0.17955824598902836,0.013490020064637065,1.0,0.0,4.275138025083651,4.275138025083651,4.275137901306152
CURRENT_STATE_PROJECTION,4,9,0.0,0.0,0.14570177116060756,0.0,0.0,3.153611421585083,1.0583606742560654,2.3116184038156127,0.9180535833958926,0.11768160776508266,117.68160776508267,37411.94060992335,0.8801318819982209,2.067979448068523,7.294687449000776,0.050497485033702105,7.161983209080063,0.8069613036932424,7.0,6.0,20.780534389953246,0.0,4.497883319854736
POV_ENDPOINT_PROJECTION,4,9,1.0,0.0,-0.0808614974218638,0.0,11.446004019784928,185.6738355755806,1.0348057719229862,15.993548954745371,9.813353638875439,47.86651194546698,47866.51194546699,13881356.321166389,1.1583061890033037,2.012575196578557,6.305525799980387,0.04915621702093631,6.174077694071457,0.6937537148478441,7.0,4.0,27.229520483934714,1.8480160067265325,4.924693584442139
PLAIN_FM,4,10,1.0,0.0,-0.0007048311141902158,0.0,0.16871736612319932,1.67649507522583,0.20886485401913424,3.540582306571953,1.631516928548048,0.02982996555273254,29.829965552732542,4228.140639621164,0.12226419361553452,0.48896273939253143,0.07197585399262607,0.044945373956579715,0.0,0.0,0.0,0.0,0.0,0.0,0.0
FINAL_PROJECTION,4,10,0.0,0.0,0.021736714747644506,0.0,0.0,0.0,0.5239738501446225,1.73723017432638,1.194296098946281,0.014889723302125998,14.889723302125999,280.45367117709026,0.8458710011878436,2.2276368075975754,0.2652330040000379,0.04446712095523253,0.18215999501990154,0.0158901049871929,1.0,0.0,4.54799845652843,4.54799845652843,4.547998428344727
CURRENT_STATE_PROJECTION,4,10,0.0,0.0,0.01268365804376629,0.0,0.0,0.25443553924560547,0.6394632888775635,2.5892595309874578,1.2448669838245143,0.039671508850175966,39.67150885017597,9360.9097943171,0.569524777136432,1.2833078009440857,5.368954694014974,0.04993717005709186,5.2373307159869,0.575584921927657,7.0,4.0,18.73739492358276,0.0,2.943351984024048
POV_ENDPOINT_PROJECTION,4,10,1.0,0.0,-0.0625981662580127,0.0,10.106739264392854,180.01623272895813,1.2847978168373828,16.316843366083052,9.179538147804527,48.163441526838284,48163.44152683828,14613374.60922267,1.3702444954257744,2.355673596322759,6.368817581969779,0.04886812902987003,6.237966472050175,0.691279121034313,7.0,2.0,34.21649954144804,3.457011206693649,5.850743770599365
PLAIN_FM,4,11,1.0,0.0,-0.008502405898571805,0.0,0.2853648480415343,0.0,0.21488124665418784,3.487864136245995,1.6324932555318126,0.036372121093139476,36.37212109313948,7956.715440154766,0.09990920187725814,0.5111815729049254,0.07108944904757664,0.044350859068799764,0.0,0.0,0.0,0.0,0.0,0.0,0.0
FINAL_PROJECTION,4,11,0.0,0.0,0.017100194835333767,0.0,0.0,0.0,0.35664135233871436,2.27196075923136,1.2540947033563732,0.027422062686698376,27.42206268669838,378.0540301266192,0.7012050941740826,1.8555918809777707,0.4414296229952015,0.043469382100738585,0.36001006100559607,0.029551689978688955,1.0,0.0,3.5337105315076154,3.5337105315076154,3.533710479736328
CURRENT_STATE_PROJECTION,4,11,1.0,0.0,-0.020866829699300454,0.0,0.0,0.6094512343406677,0.8333929633820029,2.4554384089477135,1.077751310680107,0.05667287520525162,56.67287520525161,15483.34695234733,0.6562881100173554,1.4565014883746517,7.522539565048646,0.049940369033720344,7.390783232112881,0.8267415340524167,7.0,6.0,17.049327410679723,0.0,3.1846349239349365
POV_ENDPOINT_PROJECTION,4,11,1.0,0.0,-0.10963527603724003,0.0,13.65353748960495,205.88769137859344,1.3670873495456635,20.02588979004832,9.712211808783307,83.81313130890875,83813.13130890878,26593473.898240827,1.586984199363259,2.580704458474207,7.445437420043163,0.04956386698177084,7.3126348599325866,0.8328260290436447,7.0,4.0,30.184320842250752,2.62609590087762,6.5540690422058105
PLAIN_FM,4,12,1.0,0.0,-0.005423443005116921,0.0,0.14922120835781083,1.4456820487976074,0.19342052782014943,3.5238948445478644,1.6692448242880862,0.03617456997621872,36.17456997621871,6974.137483501203,0.10417550116128768,0.45084330254331456,0.07314256497193128,0.04565127205569297,0.0,0.0,0.0,0.0,0.0,0.0,0.0
FINAL_PROJECTION,4,12,0.0,0.0,0.03575724744108161,0.0,0.0,0.0,0.6004511115164124,2.154561530050417,1.2224950164400656,0.025673395572724036,25.673395572724036,399.5743409254487,0.6718548150912751,1.785309083473115,0.4555595860001631,0.04456133098574355,0.37193019402911887,0.03216235397849232,1.0,0.0,3.446742613806398,3.446742613806398,3.446742534637451
CURRENT_STATE_PROJECTION,4,12,0.0,0.0,0.013668663129165773,0.0,0.0,1.1677336692810059,0.7501211787573124,2.250985186717644,1.1279204566612124,0.051863658736622915,51.86365873662292,14094.072610897296,0.7709223486871389,1.6858101084854147,6.24474732298404,0.04975584294879809,6.1128410180681385,0.6732697590487078,7.0,5.0,22.495269416661248,0.0,3.77636456489563
POV_ENDPOINT_PROJECTION,4,12,1.0,0.0,-0.01354109047403547,0.0,13.442091506385804,210.05256295204163,1.2009461363501017,17.22949389075156,8.319445807978065,58.14476478526421,58144.76478526421,16571142.899756515,1.5851946018975949,2.495305332075474,6.4048820590251125,0.049114884983282536,6.273365504050162,0.6976864880998619,7.0,1.0,34.93004325027872,5.859348312312259,6.575628757476807
PLAIN_FM,4,13,1.0,0.0,-0.009534288963808299,0.0,0.25655002560615525,1.9409668445587158,0.22603457933552862,3.4861034623674576,1.624299959826255,0.03693635720108451,36.93635720108451,7474.086284551267,0.09139779657828759,0.4653985533017774,0.0712244319729507,0.04438964696601033,0.0,0.0,0.0,0.0,0.0,0.0,0.0
FINAL_PROJECTION,4,13,0.0,0.0,0.016527791358784058,0.0,0.0,0.0,0.6109136981594101,1.7461105837481619,1.0590724162559193,0.014554519384139292,14.554519384139292,264.53047123669444,0.8212510356136571,2.105203767836371,0.2624475209740922,0.04356094397371635,0.1808516860473901,0.014379883010406047,1.0,0.0,4.124368858140024,4.124368858140024,4.124369144439697
CURRENT_STATE_PROJECTION,4,13,1.0,0.0,-0.049052864984304514,0.0,0.010278385543823099,0.3520679473876953,0.6860545166437315,2.743823292030796,1.2812993646711768,0.04178217894500075,41.78217894500075,9310.54571699244,0.49885221561935766,1.1304928222651276,7.175076198007446,0.04989944910630584,7.042810763930902,0.7874750777264126,7.0,6.0,16.96425552717495,0.0,2.3735995292663574
POV_ENDPOINT_PROJECTION,4,13,0.0,0.0,0.05002705144561832,0.0,9.45690644416809,197.31139659881592,1.4370452101204534,19.030385817602586,9.095896901350207,69.80497394149486,69804.97394149487,22052366.87621279,1.5944076552783244,2.8326365142842653,7.426330212969333,0.048995812016073614,7.2952684429474175,0.8132340540760197,7.0,3.0,32.48937291798466,2.241775823732127,6.609302997589111
PLAIN_FM,4,14,1.0,0.0,-0.006653150713833031,0.0,0.08895904984474168,0.0,0.20908340666777983,3.47239093790961,1.6325987675404765,0.02720955677329881,27.209556773298814,4602.858406126669,0.09331328799853535,0.47159655396672895,0.07094828400295228,0.044225462013855577,0.0,0.0,0.0,0.0,0.0,0.0,0.0
FINAL_PROJECTION,4,14,0.0,0.0,0.0026972266737471107,0.0,0.0,0.0,0.4951555090569838,1.715780178828051,1.1166932948363864,0.015666387011608288,15.666387011608288,334.3719639295112,0.9459142705686291,2.4846067057166574,0.262668635987211,0.043329838023055345,0.18134640803327784,0.015573516022413969,1.0,0.0,4.814791694047492,4.814791694047492,4.814791679382324
CURRENT_STATE_PROJECTION,4,14,0.0,0.0,0.001113275823262247,0.0,0.0,0.3899616003036499,0.6338592652068303,2.600223211963533,1.2240084738904355,0.04187393578047064,41.873935780470646,9326.781665834744,0.5430505998484617,1.2475591442284772,6.600347559957299,0.04980605508899316,6.46853423898574,0.7241782856290229,7.0,5.0,17.78305436569461,0.0,2.553140640258789
POV_ENDPOINT_PROJECTION,4,14,1.0,0.0,-0.08848068922370428,0.0,9.953686457538605,197.49850153923035,0.7795740675524963,16.435098695732393,9.073367587622588,52.391769113532234,52391.76911353224,15872896.256263778,1.4950838989883577,2.469289345168617,5.838160932995379,0.04915776499547064,5.706928460102063,0.6352977613569237,7.0,3.0,30.97113502464346,2.660680973444725,6.2081074714660645
PLAIN_FM,4,15,0.0,0.0,0.005867903779087594,0.0,0.15119487094879114,0.2288532257080078,0.2143932728773241,3.525025614784417,1.6094433440525258,0.03881919145097751,38.81919145097751,7010.686020104484,0.09992187774972885,0.4478541262801775,0.0741039999993518,0.0467655910179019,0.0,0.0,0.0,0.0,0.0,0.0,0.0
FINAL_PROJECTION,4,15,0.0,0.0,0.030061994198039982,0.0,0.0,0.0,0.6215350847616238,1.7049659313495718,1.090667718447941,0.015898697220211505,15.898697220211506,279.0998816810775,0.8066894234150337,2.1311029274719093,0.44273784599499777,0.043791709933429956,0.3609788159956224,0.02746266091708094,1.0,0.0,4.228776016266831,4.228776016266831,4.228775978088379
CURRENT_STATE_PROJECTION,4,15,0.0,0.0,0.021997737816516212,0.0,0.0,0.0,0.6139990680327948,2.656328940281496,1.256440336694234,0.03811146009040127,38.11146009040127,8476.505150205561,0.5255091339472246,1.2248278997786415,5.201641202962492,0.050544763973448426,5.069001730007585,0.538486123085022,7.0,4.0,18.666343414760505,0.0,2.601280927658081
POV_ENDPOINT_PROJECTION,4,15,1.0,0.0,-0.13106323933027958,0.0,9.945262827110291,197.7509868144989,0.9456591480686025,20.074185893387053,9.383639494650572,78.23443323564136,78234.43323564137,23454337.25569585,1.4736801207646528,2.510944718662591,7.372134211997036,0.0494696339010261,7.240588879911229,0.8135436379234307,7.0,5.0,34.88842090032949,5.859928147005474,6.2779622077941895
PLAIN_FM,4,16,1.0,0.0,-0.006288067989006316,0.0,0.15409411158561692,1.0525178909301758,0.22173102946503315,3.5108830579227135,1.6591294629634643,0.03641842964375441,36.418429643754415,6018.0702571146385,0.0967399989688968,0.4182197686366873,0.07121770997764543,0.04454652906861156,0.0,0.0,0.0,0.0,0.0,0.0,0.0
FINAL_PROJECTION,4,16,0.0,0.0,0.002291874302051314,0.0,0.0,0.0,0.5062296847356859,1.8084444664134545,1.500277253972092,0.016549383236428503,16.549383236428504,275.8193987380156,1.092905503746167,2.8150373695334694,0.3554130010306835,0.043720326968468726,0.27354508999269456,0.023058211023453623,1.0,0.0,5.626555387872596,5.626555387872596,5.626555442810059
CURRENT_STATE_PROJECTION,4,16,0.0,0.0,0.01054788818813028,0.0,0.0,0.4059267044067383,0.6680656394544048,2.4048141020512377,1.15304584721042,0.04331976274275634,43.31976274275635,10542.28881694283,0.6891741306764305,1.5221578352283633,4.94380429002922,0.049959175928961486,4.811760184995364,0.514156139222905,7.0,4.0,21.021845081073597,0.0,3.2925496101379395
POV_ENDPOINT_PROJECTION,4,16,1.0,0.0,-0.09598101315637757,0.0,11.311920892858506,213.72538030147552,0.8724283410752437,20.282950151385524,9.124672192984324,78.78267192451045,78782.67192451046,25052746.353619322,1.4701886992722106,2.3167440061727835,6.985624245018698,0.049214708094950765,6.854071794019546,0.7651559860096313,7.0,3.0,26.55412121512994,2.1583627158967826,5.991838455200195
PLAIN_FM,4,17,1.0,0.0,-0.00013835224624995923,0.0,0.19226283993720994,0.10445833206176758,0.23668088289195896,3.4218937151943134,1.6116838324795717,0.03564708535842802,35.64708535842802,7557.531864221447,0.09132853027134244,0.5619432456659931,0.07174349401611835,0.04497332003666088,0.0,0.0,0.0,0.0,0.0,0.0,0.0
FINAL_PROJECTION,4,17,0.0,0.0,0.035875946524130675,0.0,0.0,0.0,0.6695871009618538,1.474753120057824,0.8510860003822028,0.010691519787507847,10.691519787507849,261.73700155912445,1.0379307144176666,2.636895868449757,0.2630668209749274,0.043744408059865236,0.1812881529913284,0.015248676994815469,1.0,0.0,5.112407680891679,5.112407680891679,5.112407684326172
CURRENT_STATE_PROJECTION,4,17,0.0,0.0,0.025614458402118026,0.0,0.0,0.42845726013183594,0.5823999289109314,2.6799221908461166,1.280844523908551,0.036262347701519176,36.26234770151918,8011.47818143,0.5141266022627106,1.2182401522112714,5.655345308012329,0.051238020008895546,5.52181780198589,0.60145605384605,7.0,4.0,18.084454419570456,0.0,2.209465265274048
POV_ENDPOINT_PROJECTION,4,17,1.0,0.0,-0.004198080968812551,0.0,9.646442771434783,190.37020921707153,0.8669235611607778,18.04792539189243,8.403881231850427,67.57765973834391,67577.65973834392,20737415.088544652,1.5459864410716486,2.5547555063746987,7.338887199002784,0.04882552503840998,7.20808021700941,0.80516067892313,7.0,4.0,30.50893355291697,2.516603809811591,6.353044509887695
PLAIN_FM,4,18,1.0,0.0,-0.0003291817436836125,0.0,0.28295622434616075,1.565392017364502,0.19980483631927606,3.492767834294836,1.6634480173123496,0.03188210768577639,31.882107685776386,5671.542890573223,0.08620856095177198,0.4699040913810438,0.07098633301211521,0.044260642025619745,0.0,0.0,0.0,0.0,0.0,0.0,0.0
FINAL_PROJECTION,4,18,0.0,0.0,0.1681341302906691,0.0,0.0,0.0,1.3659326168752848,2.213933306814744,0.7736336958360962,0.026222010418908585,26.22201041890858,348.55740778769837,0.7994142640132534,1.952181716102255,0.5418655700050294,0.04348097101319581,0.46054327400634065,0.04544944496592507,1.0,0.0,4.058761565138132,4.058761565138132,4.0587615966796875
CURRENT_STATE_PROJECTION,4,18,1.0,0.0,-0.004460514037865643,0.0,0.0,0.6343257427215576,0.6610394870108239,2.547815446648641,1.1921765552347077,0.04754929624374467,47.549296243744664,12600.636528782947,0.6555493355582749,1.526254319882224,7.15784269903088,0.049912885995581746,7.026134574087337,0.7842221621540375,7.0,6.0,17.95838296317211,0.0,3.0579094886779785
POV_ENDPOINT_PROJECTION,4,18,1.0,0.0,-0.0718452837086157,0.0,13.747399605941773,254.71231311559677,0.4673276751273142,17.697218742223715,9.335333312314091,60.32808542757341,60328.08542757342,18726728.049414642,1.5545951326213556,2.0259752912347606,6.786928184970748,0.048974300967529416,6.655844578053802,0.7453453470370732,7.0,3.0,30.363511304502683,4.546328160265901,6.265316486358643
PLAIN_FM,4,19,0.0,0.0,0.01461100020969859,0.0,0.19530968036651597,3.874410390853882,0.25156308047956566,3.45943028213541,1.5550125746666579,0.046917092297625654,46.91709229762566,5535.521378160282,0.08934249052329224,0.5134540407340488,0.07107032497879118,0.04429926403099671,0.0,0.0,0.0,0.0,0.0,0.0,0.0
FINAL_PROJECTION,4,19,0.0,0.0,0.03682087147926154,0.0,0.0,0.0,0.6091630534399531,2.039135587809172,1.3431636330088033,0.01628498908499767,16.28498908499767,321.6569868448854,0.7654429500431983,2.0546129543493827,0.16888615099014714,0.04361065098783001,0.0872825289843604,0.004392100032418966,1.0,0.0,3.8087429622623477,3.8087429622623477,3.8087430000305176
CURRENT_STATE_PROJECTION,4,19,0.0,0.0,0.003720586450297686,0.0,0.0,2.325071096420288,0.8582576328492019,2.264472253042884,1.045214143154407,0.06480069376614819,64.8006937661482,17688.223681293526,0.7478212366093839,1.647361976023767,6.673203092010226,0.04946928395656869,6.541677461005747,0.7284774190047756,7.0,5.0,19.92618214733536,0.0,3.5483195781707764
POV_ENDPOINT_PROJECTION,4,19,1.0,0.0,-0.024034235274138574,0.0,13.61748750667572,276.7520022392273,1.4171183519885504,20.267044708451227,7.951994963985446,78.62664572734101,78626.64572734102,22652630.607231647,1.5482449825463025,2.964093806993707,7.612777104019187,0.04919122497085482,7.481087749998551,0.8381232207175344,7.0,4.0,29.105374713337525,3.317333432512251,6.512637138366699
PLAIN_FM,4,20,1.0,0.0,-0.0011614944150798862,0.0,0.24638452794551835,1.196683645248413,0.22048728199071926,3.5103257954405382,1.6490607420977992,0.035994844968347345,35.994844968347344,5985.10596273875,0.09845877955266527,0.42529209225175946,0.07142428401857615,0.044584949035197496,0.0,0.0,0.0,0.0,0.0,0.0,0.0
FINAL_PROJECTION,4,20,0.0,0.0,0.2890386415636639,0.0,0.0,0.0,1.2773811384738523,1.8424130980726765,0.5959765637516086,0.017617054641245827,17.617054641245826,233.76562554783683,0.9450025239874321,2.4485431828378217,0.45155227300710976,0.043910970038268715,0.3691213669953868,0.03452563501195982,1.0,0.0,4.904280407600135,4.904280407600135,4.904280185699463
CURRENT_STATE_PROJECTION,4,20,1.0,0.0,-0.022099691288385487,0.0,0.0,1.0029029846191406,0.7870372719070112,2.1589882116414607,1.062787056168909,0.05734956493527038,57.34956493527039,15522.923673250632,0.8125723100553862,1.7749859616941885,6.907118804985657,0.04952505597611889,6.775682382052764,0.7441355920163915,7.0,6.0,20.39118288989245,0.0,3.93750262260437
POV_ENDPOINT_PROJECTION,4,20,1.0,0.0,-0.05855094012822308,0.0,10.996402956676484,225.45519292354584,1.0822486862284662,18.626553091793628,7.933131302472484,63.0013770467783,63001.37704677829,18388014.3744733,1.4649500695934048,2.0393863708331015,5.188322765985504,0.04942022199975327,5.056093288992997,0.5459783129044808,7.0,2.0,27.905183497043584,1.797013885172316,5.882051944732666
PLAIN_FM,4,21,1.0,0.0,-0.0016758354579521767,0.0,0.22886411514282212,1.25801682472229,0.22809660169816676,3.5022489760983393,1.6242262027111323,0.03215521950780166,32.15521950780166,5977.285926716588,0.09233520738195036,0.47921636098663056,0.07093511999119073,0.04423811112064868,0.0,0.0,0.0,0.0,0.0,0.0,0.0
FINAL_PROJECTION,4,21,0.0,0.0,0.005524636385937323,0.0,0.0,0.0,0.5357241195133587,2.120482857302282,1.2168614423645934,0.023391930435866612,23.391930435866612,323.81662993196807,0.6663906829700866,1.807778208630111,0.35444158397149295,0.043510120012797415,0.27270268800202757,0.022466024034656584,1.0,0.0,3.419409331411057,3.419409331411057,3.4194095134735107
CURRENT_STATE_PROJECTION,4,21,1.0,0.0,-0.04485414198102204,0.0,0.0,1.4792096614837646,0.7634585814229481,2.276967871216361,1.1290141082211467,0.061657972207230044,61.657972207230046,16416.050303343185,0.7553309139630197,1.6294608485939588,6.681239800993353,0.049476223008241504,6.549513778008986,0.707208884996362,7.0,5.0,20.123433321291763,0.0,3.6489450931549072
POV_ENDPOINT_PROJECTION,4,21,1.0,0.0,-0.11928241886909649,0.0,8.875923097610473,184.2646610736847,1.145005914108767,18.893320761191223,9.250416023755454,67.52446124486123,67524.46124486123,20565496.82840514,1.398924336435956,2.435789697973634,6.4107502159895375,0.04877774586202577,6.279769833141472,0.6963258298346773,7.0,4.0,32.07258251310721,2.5458907102699357,5.915149688720703
PLAIN_FM,4,22,1.0,0.0,-0.004657204579988569,0.0,0.19029707875251756,0.36295175552368164,0.1853644082608466,3.5530212612992536,1.6650424038851064,0.03924590970657103,39.24590970657104,7920.957372293259,0.13043616859279555,0.43295272448322236,0.07204267900669947,0.04515165596967563,0.0,0.0,0.0,0.0,0.0,0.0,0.0
FINAL_PROJECTION,4,22,0.0,0.0,0.013252510878146842,0.0,0.0,0.0,0.7340939584541615,2.1697692788740555,0.9285001130590778,0.024462642279793282,24.462642279793286,356.13564590106535,0.6320621679840392,1.7520935603812753,0.44501919904723763,0.04429187101777643,0.362048398994375,0.028972811938729137,1.0,0.0,3.4598422372955304,3.4598422372955304,3.4598422050476074
CURRENT_STATE_PROJECTION,4,22,1.0,0.0,-0.07777483650754635,0.0,0.0,1.961524486541748,0.7451032280695035,2.7031867448692632,1.12920751393773,0.05824312449370646,58.24312449370646,15140.591487687285,0.6142972114409289,1.218660131620709,7.323009269020986,0.04955569497542456,7.191386198916007,0.7991042035864666,7.0,6.0,18.88455769763474,0.0,3.1481528282165527
POV_ENDPOINT_PROJECTION,4,22,1.0,0.0,-0.08033991280083481,0.0,13.409807191896439,281.19398176670074,0.6192904498449633,22.90473955208898,10.665461922804418,110.26684304935847,110266.84304935845,36035884.34420067,1.4670121458610377,2.3060682559034964,7.83997452899348,0.04863199993269518,7.7093794589163736,0.8774670976563357,7.0,6.0,24.44296895416102,2.2109799341834298,6.004630088806152
PLAIN_FM,4,23,1.0,0.0,-0.0012591750883454295,0.0,0.15158073272705064,2.0246636867523193,0.24091427506090873,3.4635154287016494,1.6130359125051326,0.03446426494310312,34.464264943103124,5639.142235950246,0.08048237002764722,0.5168434642458452,0.0717889930238016,0.044769604050088674,0.0,0.0,0.0,0.0,0.0,0.0,0.0
FINAL_PROJECTION,4,23,0.0,0.0,0.016584822568824265,0.0,0.0,0.0,0.6498590325605307,1.908170190149907,1.1406734646296606,0.017517727689662935,17.517727689662934,347.9904001723738,0.7355600647928895,1.9775917483266345,0.2619751809979789,0.04372665495611727,0.18013763497583568,0.013472939026542008,1.0,0.0,3.6523797290880538,3.6523797290880538,3.6523797512054443
CURRENT_STATE_PROJECTION,4,23,0.0,0.0,0.03458594228823193,0.0,0.0,0.22620677947998047,0.5529130863270486,2.7000052147294014,1.2858710862222518,0.03581369694776021,35.813696947760214,7914.230257730697,0.5084890179879558,1.1974827587690542,4.841839879984036,0.04948600201169029,4.710322475992143,0.5028758738189936,7.0,3.0,18.592885862540804,0.0,2.2977278232574463
POV_ENDPOINT_PROJECTION,4,23,1.0,0.0,-0.03195186947225748,0.0,13.16065536108017,205.37301123142242,1.164659524244271,19.334019062173695,9.73130602375906,65.70221716079043,65702.21716079043,18108480.381654438,1.4512672189187286,2.669856925376124,6.129963189014234,0.048731703020166606,5.9987044970621355,0.6718056349200197,7.0,3.0,29.275891336786838,2.375396363791704,5.889387130737305
PLAIN_FM,4,24,1.0,0.0,-0.020867092643654203,0.0,0.26334868040084825,0.0,0.20234671021777462,3.472009161977143,1.6523326195685395,0.03247744134026827,32.47744134026828,5167.1814678700985,0.10807899108646814,0.4249811318284191,0.0714288919698447,0.044533458072692156,0.0,0.0,0.0,0.0,0.0,0.0,0.0
FINAL_PROJECTION,4,24,0.0,0.0,0.03263587173832419,0.0,0.0,0.0,0.40332496944977153,2.035246817844912,1.2252833126826477,0.021200262977787238,21.200262977787236,313.44264990412626,0.9773530192497977,2.5240601079481655,0.35526399000082165,0.04359167203074321,0.2736630699946545,0.025012394005898386,1.0,0.0,4.902647068004097,4.902647068004097,4.902647018432617
CURRENT_STATE_PROJECTION,4,24,0.0,0.0,0.05166087841918146,0.0,0.0,6.779820919036865,0.8379157150431152,2.558485314836835,1.1937808439570707,0.15163996876411295,151.63996876411295,43008.22760333052,0.733384352575781,1.7269297761951394,7.924904557992704,0.04984628298552707,7.793021025019698,0.8795259247999638,7.0,7.0,20.732141720444865,0.0,3.5729916095733643
POV_ENDPOINT_PROJECTION,4,24,1.0,0.0,-0.10478938287695076,0.0,10.571086347579955,219.8835027217865,1.1281856748973442,19.82992961648741,9.364339267621105,74.17999887697692,74179.99887697694,21892204.044035926,1.7024572711308958,3.0419148715678523,6.66315397399012,0.04882965300930664,6.532344878069125,0.7184186089434661,7.0,3.0,28.842519921318818,1.7045476074969201,6.960948944091797
PLAIN_FM,4,25,1.0,0.0,-0.010693770250714524,0.0,0.2304932590961455,0.40416836738586426,0.19859614633760556,3.536252681775852,1.6724888135464067,0.030479219466104296,30.479219466104293,4732.622331040564,0.11091674148204345,0.4354921140726216,0.07087626698194072,0.04422339715529233,0.0,0.0,0.0,0.0,0.0,0.0,0.0
FINAL_PROJECTION,4,25,1.0,0.0,-0.01295441336588754,0.0,0.0,0.0,0.5119788674835655,1.5546139356380877,1.3421202821351323,0.014233056454666868,14.233056454666865,321.8283934266958,1.1692755436850697,2.9487673653818445,0.35636592796072364,0.04344561800826341,0.274798929982353,0.023410149908158928,1.0,0.0,6.10442653917896,6.10442653917896,6.104426383972168
CURRENT_STATE_PROJECTION,4,25,1.0,0.0,-0.017472328601351436,0.0,0.0,0.05288615822792053,0.7008873870848392,2.7807466657463595,1.218411769644661,0.047193453973187756,47.19345397318776,11395.127308751946,0.48042041294739185,1.0910849598566763,7.889512854977511,0.04980768199311569,7.757399865076877,0.8640442277537659,7.0,6.0,15.57439473628386,0.0,2.4367754459381104
POV_ENDPOINT_PROJECTION,4,25,1.0,0.0,-0.11184896217777097,0.0,10.187730055713654,186.89236462116241,1.4565626213289933,17.754266949235465,10.321438617259288,55.04261212775182,55042.61212775184,15643583.224279243,1.4715628823748763,2.090975097846351,7.910925006959587,0.04895865899743512,7.779844205011614,0.8814617961179465,7.0,6.0,21.466348494870445,2.684054933239006,6.004630088806152
PLAIN_FM,4,26,1.0,0.0,-0.009538686791458556,0.0,0.16986848082542405,0.0,0.254853303258109,3.460109479645126,1.6065559812325636,0.031052324288950973,31.05232428895098,5070.009247925536,0.09025147648187236,0.469816208149799,0.07100429001729935,0.04436872195219621,0.0,0.0,0.0,0.0,0.0,0.0,0.0
FINAL_PROJECTION,4,26,0.0,0.0,0.06331667934966195,0.0,0.0,0.0,0.46403219799020606,2.016313685302354,1.3375568726417046,0.022761266905673636,22.761266905673637,388.5458703373992,0.7736183878347568,2.1045196029923883,0.35338632500497624,0.043528849026188254,0.271917478996329,0.02310417196713388,1.0,0.0,3.909954997265196,3.909954997265196,3.9099550247192383
CURRENT_STATE_PROJECTION,4,26,1.0,0.0,-0.03870004709677108,0.0,0.0,0.3065657615661621,0.7323268714512404,2.400273780447963,1.069525804047225,0.05242060124852544,52.42060124852544,13192.953753196065,0.6834206568699903,1.4570837012871738,6.879482534015551,0.050037427921779454,6.747343984025065,0.7565603398834355,7.0,6.0,21.581573012372736,0.0,3.1095845699310303
POV_ENDPOINT_PROJECTION,4,26,0.0,0.0,0.03936506038246913,0.0,12.698490149116516,261.45962595939636,1.0264492741271967,18.630718655976416,8.252910109071513,71.08527141775826,71085.27141775825,22330649.093261115,1.5613311493862172,2.3531045726283297,6.571448913018685,0.04868664889363572,6.441025798965711,0.7086354949860834,7.0,2.0,27.393207937721613,3.837813766903979,6.384989261627197
PLAIN_FM,4,27,1.0,0.0,-0.010807698514891745,0.0,0.2203609165191649,0.6045889854431152,0.2059828371228668,3.5044453940201166,1.6676680378506072,0.036667685334229955,36.66768533422995,6112.842600271345,0.12002476863283784,0.45804145828800497,0.0721364599885419,0.04507564089726657,0.0,0.0,0.0,0.0,0.0,0.0,0.0
FINAL_PROJECTION,4,27,0.0,0.0,0.0032862038288835466,0.0,0.0,0.0,0.3891294646716736,1.6703242944964978,1.331162216510456,0.016268839592680343,16.268839592680344,301.4615536004545,1.3045744101402537,3.3285718248603935,0.35352323699044064,0.04404162208084017,0.2711841269629076,0.021878277068026364,1.0,0.0,6.849836314347823,6.849836314347823,6.849836349487305
CURRENT_STATE_PROJECTION,4,27,1.0,0.0,-0.07946965422275747,0.0,0.11365310516357408,6.649957299232483,0.9816987860498645,2.671887562146066,1.1270764106607196,0.15431936732810528,154.31936732810527,46858.202973284766,0.6868906889089903,1.5350430688676444,7.366486029990483,0.049647995037958026,7.234998019877821,0.8068366307416,7.0,6.0,19.44308244660465,0.0,3.4339237213134766
POV_ENDPOINT_PROJECTION,4,27,1.0,0.0,-0.10843865784680189,0.0,8.082009412479401,153.41372907161713,0.9138415457105173,17.4664797963307,8.827956261005824,52.6764067004423,52676.406700442305,15002042.977958068,1.6386257666664745,2.9758055238849366,7.052286849007942,0.0487122178892605,6.921492825029418,0.7660190111491829,7.0,3.0,31.06902194702848,2.0775284550814197,6.7078375816345215
PLAIN_FM,4,28,1.0,0.0,-0.007166250041776442,0.0,0.15141860809326158,0.8612525463104248,0.2018190910956391,3.545308244137483,1.6363341153854072,0.03577702040317828,35.77702040317828,6417.397921015046,0.12502401681256287,0.45012176534554754,0.0710222990019247,0.04437261208659038,0.0,0.0,0.0,0.0,0.0,0.0,0.0
FINAL_PROJECTION,4,28,0.0,0.0,0.010725015689685619,0.0,0.0,0.0,0.5292440436250381,1.7854701061874216,1.1439787107221158,0.01606804154965523,16.06804154965523,283.8830982420396,0.8224977487832762,2.14701527681479,0.2629390599904582,0.04370204504812136,0.1813819130184129,0.015357669966761023,1.0,0.0,4.341683732538096,4.341683732538096,4.341683864593506
CURRENT_STATE_PROJECTION,4,28,1.0,0.0,-0.08506153050651609,0.0,0.06928966608047471,1.882232427597046,0.6785085564782656,2.547834441501421,1.1665336032084497,0.06315831488397833,63.15831488397833,17693.86641143639,0.698425967776281,1.3927549979043312,7.942973073979374,0.04975317703792825,7.8110050790710375,0.8779321048641577,7.0,7.0,17.809472080595175,0.0,3.5392684936523438
POV_ENDPOINT_PROJECTION,4,28,1.0,0.0,-0.07545027648913522,0.0,14.783631222057343,238.4950590133667,0.998669757690932,19.271799847160892,7.46572627541432,73.4525921041667,73452.59210416672,23041292.587521467,1.5246001577082442,1.886897431341175,7.344501150015276,0.04879240208538249,7.214135742106009,0.8107841172604822,7.0,3.0,27.941923006795196,2.5252048606217232,6.198403835296631
PLAIN_FM,4,29,1.0,0.0,-0.0073988287696328675,0.0,0.40083931055068955,1.552758812904358,0.2805520865656443,3.382386705642702,1.567841736248971,0.05250101607526049,52.50101607526049,12238.643431250988,0.10906914205324014,0.49898855953561394,0.07101792900357395,0.044458945048972964,0.0,0.0,0.0,0.0,0.0,0.0,0.0
FINAL_PROJECTION,4,29,1.0,0.0,-0.010152772278086544,0.0,0.0,0.0,0.6222273361137585,1.5226667127268099,1.2569590920038423,0.013037594912507361,13.037594912507359,246.0437912809574,1.07032841421956,2.737615327594049,0.35327133600367233,0.043455197010189295,0.27185992302838713,0.02283057291060686,1.0,0.0,5.235162490012837,5.235162490012837,5.235162734985352
CURRENT_STATE_PROJECTION,4,29,0.0,0.0,0.08449451840941802,0.0,0.0,2.0217251777648926,0.9803204099850978,2.4140509609374994,1.0198979055592552,0.0688882271723303,68.88822717233029,19049.136150291055,0.7088249298926503,1.5383167723416526,7.721536254975945,0.04978969995863736,7.589611322851852,0.8551225611008704,7.0,6.0,17.823179444827566,0.0,3.142695188522339
POV_ENDPOINT_PROJECTION,4,29,0.0,0.0,0.08370690547334608,0.0,15.812069334220887,307.6190274953842,1.4009340609917063,23.314806636471182,11.927848425234606,120.93234401889141,120932.34401889144,40490920.17120003,1.734324183961016,3.0141874287189347,8.025772130000405,0.0488795050769113,7.894671809975989,0.9081252021132968,7.0,7.0,27.92068850923133,1.3123920645828624,7.025079727172852
PLAIN_FM,4,30,1.0,0.0,-0.02053418137713127,0.0,0.2054835971832274,1.5272748470306396,0.26140600953259774,3.441091767884564,1.598866171198022,0.0380845092990276,38.084509299027594,6836.8930633082855,0.08646870156232528,0.45879354641511355,0.07097218697890639,0.04428717901464552,0.0,0.0,0.0,0.0,0.0,0.0,0.0
FINAL_PROJECTION,4,30,1.0,0.0,-0.005894056001115394,0.0,0.0,0.0,0.529601650586266,2.0018723516358974,1.1141180389741716,0.019723609491737102,19.723609491737104,351.2644802695787,0.7454103692709079,1.9993307022124807,0.2623654620256275,0.043524048873223364,0.18098923098295927,0.01508334098616615,1.0,0.0,3.6011491143333796,3.6011491143333796,3.601149082183838
CURRENT_STATE_PROJECTION,4,30,0.0,0.0,0.028018045225266103,0.0,0.0,1.4943552017211914,0.7924608436513254,1.9339862129136745,1.0030992771404577,0.07405721769260923,74.05721769260923,21866.721323299276,0.9492335926700048,2.0327054913927136,6.879470877989661,0.04967834602575749,6.747855494963005,0.7511117800604552,7.0,6.0,21.269131833716834,0.0,4.29587459564209
POV_ENDPOINT_PROJECTION,4,30,1.0,0.0,-0.051810849247527005,0.0,11.996217824649811,255.46574711799622,1.4654059462518034,19.121753381032622,8.441096055681204,70.9636642133608,70963.66421336081,21858809.01750918,1.5672489081569512,2.941395036752699,6.316763342998456,0.048791653010994196,6.185608921921812,0.6931730557698756,7.0,3.0,32.15078634395637,2.4198569129226173,6.4058122634887695
PLAIN_FM,4,31,1.0,0.0,-0.027399160688772684,0.0,0.2979058143138884,0.03469705581665039,0.2177805590137626,3.541454402291851,1.6812994500738339,0.03299445290897521,32.99445290897521,5629.963159417018,0.09859968283117376,0.4849055785677919,0.0718435809831135,0.04487935593351722,0.0,0.0,0.0,0.0,0.0,0.0,0.0
FINAL_PROJECTION,4,31,0.0,0.0,0.03347722507629228,0.0,0.0,0.0,0.5102054583114357,1.8464061406315455,1.20101693824723,0.018665547489386758,18.665547489386757,291.4718396602623,0.8284750312615576,2.183373513351176,0.36064710398204625,0.04423117684200406,0.27764460898470134,0.02322165301302448,1.0,0.0,4.234664803211896,4.234664803211896,4.2346649169921875
CURRENT_STATE_PROJECTION,4,31,0.0,0.0,0.030044701892854506,0.0,0.0,0.0,0.6238560835104896,2.5310211839277184,1.2487375641485687,0.04390388298032504,43.903882980325044,10463.752467289538,0.5905871876557334,1.324390973970829,4.730874275031965,0.04950253193965182,4.599399017053656,0.49726135400123894,7.0,3.0,19.739736822290965,0.0,2.8674113750457764
POV_ENDPOINT_PROJECTION,4,31,1.0,0.0,-0.0882087596583444,0.0,12.589661419868468,249.300394654274,1.079386758977856,19.416622824478914,8.555636715876908,73.09289281856564,73092.89281856564,22201114.12473089,1.581568845174847,2.2031538306272638,7.454574080999009,0.05035283404868096,7.3218314269324765,0.8306246838765219,7.0,4.0,28.45531455966947,1.7310575888012942,6.382144451141357
PLAIN_FM,5,0,0.0,0.0,0.12957097332088224,0.0,0.0,0.0,1.022117422700205,1.1164828773471513,0.6803267121456349,0.017545730807246862,17.545730807246862,4111.026188510803,0.0906913099653544,1.3879079496764932,0.07212521904148161,0.04499384807422757,0.0,0.0,0.0,0.0,0.0,0.0,0.0
FINAL_PROJECTION,5,0,0.0,0.0,0.17151232322352336,0.0,0.0,0.0,1.2049742860081727,0.7770955757520563,0.4002139920143368,0.004269587105132366,4.269587105132366,191.22479763806766,0.20995803087646409,1.5509226705167065,0.16946405498310924,0.04384265886619687,0.08732925297226757,0.004331987991463393,1.0,0.0,1.0320815547650781,1.0320815547650781,1.0320816040039062
CURRENT_STATE_PROJECTION,5,0,0.0,0.0,0.125409675766623,0.0,0.0,0.0,1.1281388559704115,1.0596658272856037,0.6584719880819321,0.02279452954605876,22.79452954605876,6627.036103686111,0.1793077382880508,1.4460398994478534,7.224184575024992,0.050007432932034135,7.091971479123458,0.7953989050001837,7.0,6.0,16.988274883542427,0.0,0.8300941586494446
POV_ENDPOINT_PROJECTION,5,0,1.0,0.0,-0.09906717700954275,0.0,8.939483122634888,171.78569555282593,1.297505767571396,17.05135332487499,7.156200773112795,55.9621386195843,55962.13861958429,16629771.815344192,1.5837886154256853,2.2931229817526164,4.9005024249781854,0.04986514098709449,4.767657091026194,0.5211644571973011,7.0,2.0,16.39549611109516,1.9286500640869415,6.276113986968994
PLAIN_FM,5,1,0.0,0.0,0.12050742472120246,0.0,0.0,0.9047162532806396,1.0450651345343036,1.156846975839974,0.7004637719845057,0.04215204332185518,42.15204332185519,12247.108248056727,0.10941835242591517,1.405498145135396,0.07212342700222507,0.045027457061223686,0.0,0.0,0.0,0.0,0.0,0.0,0.0
FINAL_PROJECTION,5,1,0.0,0.0,0.17133308430982366,0.0,0.0,0.0,1.0291473067760166,0.661045956343208,0.3284887875858859,0.0035427250405293265,3.5427250405293265,179.19863226882882,0.4791737663574761,1.5587520642254082,0.1695431360276416,0.043986151984427124,0.08744355599628761,0.004378399986308068,1.0,0.0,2.4747757292134613,2.4747757292134613,2.474775791168213
CURRENT_STATE_PROJECTION,5,1,0.0,0.0,0.12714600713883878,0.0,0.0,0.0,1.0943156398808158,1.0117829874202133,0.6226019763005709,0.025025601241278395,25.025601241278395,7696.465368436198,0.18353231996899236,1.3980681049757313,7.172360593976919,0.051076465053483844,7.037848071893677,0.7986235328135081,7.0,6.0,18.067094290201947,0.0,0.7785599827766418
POV_ENDPOINT_PROJECTION,5,1,1.0,0.0,-0.026792301636512875,0.0,9.879969593548775,206.57817840576172,1.2823232256334252,20.195241161140846,8.408422065993628,76.32812889631215,76328.12889631215,22616884.82467688,1.5827645206065497,1.9384855508113255,5.983448021986987,0.04944188706576824,5.85064667701954,0.6477477591834031,7.0,1.0,14.19638538788759,1.8020980583743376,6.1423115730285645
PLAIN_FM,5,2,0.0,0.0,0.12885557788941335,0.0,0.0,0.0,1.0336687510767517,1.0716581411983679,0.6536235858108681,0.01694439445479734,16.94439445479734,3996.3871920305046,0.08620262255488792,1.3893002013188587,0.07170677598332986,0.04477305093314499,0.0,0.0,0.0,0.0,0.0,0.0,0.0
FINAL_PROJECTION,5,2,0.0,0.0,0.17151232322352336,0.0,0.0,0.0,1.2473672221435348,0.8730769285616611,0.459913480350687,0.005400390103257102,5.400390103257102,207.68255103806865,0.1550980882750469,1.6175326974923463,0.17074399802368134,0.04408165090717375,0.08812162501271814,0.004330897994805127,1.0,0.0,0.755586810089552,0.755586810089552,0.7555868625640869
CURRENT_STATE_PROJECTION,5,2,0.0,0.0,0.17064939996905001,0.0,0.0,0.0,1.0421619040610504,1.100115160323696,0.6041774544422954,0.03898806944482036,38.98806944482036,12513.559265440754,0.24631772848342526,1.3955961783633801,7.2001276920200326,0.05112230498343706,7.065231552987825,0.7980813318281434,7.0,6.0,16.900037570210344,0.0,1.027086853981018
POV_ENDPOINT_PROJECTION,5,2,1.0,0.0,-0.1154947322328404,0.0,10.42647422118187,182.45830804109573,1.330214117380072,17.21014550829061,6.715515838495735,55.0297797567663,55029.77975676631,16453673.47912693,1.4261924155993255,2.492989772940731,4.179424625006504,0.049545881047379225,4.047000991937239,0.4339134707697667,7.0,2.0,13.93852689596383,3.3390831032233024,5.747135639190674
PLAIN_FM,5,3,0.0,0.0,0.11956509617451458,0.0,0.0,0.0,1.0067554564581673,1.0817916043803142,0.6568110565760475,0.016109130698293228,16.109130698293228,3548.538871274864,0.09432017604012172,1.3439951106261947,0.07188696105731651,0.04495553602464497,0.0,0.0,0.0,0.0,0.0,0.0,0.0
FINAL_PROJECTION,5,3,0.0,0.0,0.17151232322352336,0.0,0.0,0.0,1.2377698764404887,0.7081740817744909,0.4555347112826696,0.0032555362281012634,3.2555362281012634,164.22849271116036,0.18783968732330375,1.5997285426210037,0.16957839601673186,0.04384897509589791,0.08761794999008998,0.004307756957132369,1.0,0.0,1.0121810397801703,1.0121810397801703,1.012181043624878
CURRENT_STATE_PROJECTION,5,3,0.0,0.0,0.15542569509502643,0.0,0.0,0.0,1.0863268004325701,1.0057830425880327,0.6173645645343565,0.01392346538032907,13.923465380329072,3529.157733976174,0.16641993774430058,1.4655515057734119,3.9273053120123222,0.050870379025582224,3.794130521011539,0.4009020662633702,7.0,3.0,18.01840255278338,0.0,0.7686366438865662
POV_ENDPOINT_PROJECTION,5,3,1.0,0.0,-0.07251338417812486,0.0,12.474231660842895,235.75411558151245,1.0672466409185668,17.477253494126472,8.877900236989632,66.7274879662501,66727.48796625009,21072880.852777433,1.449078368746594,1.4515801447835623,5.577992632985115,0.04928653500974178,5.446417915052734,0.6094078670721501,7.0,3.0,13.304377773025848,2.5064296101750916,5.716802597045898
PLAIN_FM,5,4,0.0,0.0,0.12002174603988203,0.0,0.0,0.0,1.0186488474379949,1.1156055301634478,0.6657330090138256,0.024067912260905544,24.067912260905548,5853.926269629373,0.09426867265377828,1.3693979545731974,0.0711280700052157,0.04441711003892124,0.0,0.0,0.0,0.0,0.0,0.0,0.0
FINAL_PROJECTION,5,4,0.0,0.0,0.17151232322352336,0.0,0.0,0.0,1.1277173324396552,0.8566208501871146,0.38081844857150027,0.005232363829732023,5.232363829732023,196.57330548312757,0.2760331048779111,1.5707565899909073,0.1690189500222914,0.04348372697131708,0.08755265799118206,0.004426041035912931,1.0,0.0,1.3150322710351177,1.3150322710351177,1.3150322437286377
CURRENT_STATE_PROJECTION,5,4,0.0,0.0,0.16583891546618099,0.0,0.0,0.0,1.04819768832586,1.0229170684618996,0.6078633312301146,0.026292687048068863,26.292687048068867,8124.071481469385,0.1694514721744621,1.371134391673635,7.149031652952544,0.05012513720430434,7.0162921529845335,0.7925274603185244,7.0,6.0,17.320121531751454,0.0,0.7589983940124512
POV_ENDPOINT_PROJECTION,5,4,1.0,0.0,-0.13774552792838912,0.0,13.002995860242844,228.71683955192566,1.027231097475059,19.543083888757593,8.775056485084969,81.1251358683639,81125.13586836391,25510071.29784055,1.4530858623890504,1.6285610623673183,5.540146439976525,0.04878104099771008,5.4094508470152505,0.5862169009051286,7.0,2.0,16.576544380424135,3.4382739759315277,5.792980194091797
PLAIN_FM,5,5,0.0,0.0,0.12506265262684443,0.0,0.0,0.0,1.024111589195384,1.1134464589320625,0.6794110244132979,0.028927031792266078,28.92703179226608,7491.359719395606,0.0806604657728384,1.3826478225538388,0.07109197898535058,0.0444311709725298,0.0,0.0,0.0,0.0,0.0,0.0,0.0
FINAL_PROJECTION,5,5,0.0,0.0,0.17151232322352336,0.0,0.0,0.0,1.1291977265048385,1.0202844248305976,0.40046551268326697,0.006778295253523581,6.778295253523581,237.93000235619036,0.5401340130289259,1.9298440147007039,0.1687152610393241,0.04352611699141562,0.08714662597049028,0.004372750001493841,1.0,0.0,2.746508027503328,2.746508027503328,2.7465081214904785
CURRENT_STATE_PROJECTION,5,5,0.0,0.0,0.14366390744018437,0.0,0.0,0.0,1.1146402991264281,0.9929872651260785,0.6197080851235856,0.01710152234156581,17.10152234156581,4903.867671936623,0.1812575362546733,1.4788948834221547,7.103949668002315,0.05027075100224465,6.971304658101872,0.7656651315046474,7.0,6.0,19.54795335543271,0.0,0.7660685181617737
POV_ENDPOINT_PROJECTION,5,5,1.0,0.0,-0.10726745595254443,0.0,15.10638014240265,225.80916851758957,1.0469860702625584,19.530521287388012,8.052517239870634,74.56116521657631,74561.16521657632,21681571.074678257,1.4384163819806943,1.410466121829143,7.264285576005932,0.04972577589796856,7.131508915103041,0.8064686239231378,7.0,4.0,14.499610693938035,2.2878293693062512,5.880814075469971
PLAIN_FM,5,6,0.0,0.0,0.13137678208655726,0.0,0.0,0.5483579635620117,1.0551989008686762,1.0897883294912807,0.6756903938331393,0.026591382312920686,26.591382312920686,7245.565441021285,0.10036865705570959,1.3879844989543602,0.0719510120106861,0.0449594440869987,0.0,0.0,0.0,0.0,0.0,0.0,0.0
FINAL_PROJECTION,5,6,0.0,0.0,0.17151232322352336,0.0,0.0,0.0,1.3392579291319175,1.0125737361834102,0.639755684098852,0.005372197914690124,5.372197914690124,136.71140915461066,0.32136808834936775,1.7055336913225625,0.2610256570042111,0.0439473400474526,0.17883460695156828,0.011640598066151142,1.0,0.0,1.362642320028911,1.362642320028911,1.3626422882080078
CURRENT_STATE_PROJECTION,5,6,0.0,0.0,0.15877396835821514,0.0,0.0,0.0,1.091620261137556,1.0005830796573285,0.6011450072933187,0.013379269015112882,13.379269015112882,3162.470650555704,0.17787529596323942,1.4723690571962171,5.2453872410114855,0.05023075098870322,5.112556970037986,0.5761232008808292,7.0,4.0,19.58406769892731,0.0,0.8432831168174744
POV_ENDPOINT_PROJECTION,5,6,1.0,0.0,-0.10354213917941507,0.0,7.960187004613877,157.51822710037231,1.3629589827000927,16.667044371375855,8.873812773007645,51.82126420113525,51821.26420113526,14800931.677061388,1.4648290734184597,1.9795837032245007,5.363925596000627,0.04985741787822917,5.231924305961002,0.5672569499001838,7.0,1.0,15.662683696549188,1.9650796639460664,5.773503303527832
PLAIN_FM,5,7,0.0,0.0,0.12067860612920084,0.0,0.0,1.5700232982635498,1.011406730825788,1.131606928041124,0.6934784162688625,0.03888610385704361,38.88610385704361,10488.130298858157,0.09802681047335225,1.3800213287044023,0.07153960096184164,0.044797531969379634,0.0,0.0,0.0,0.0,0.0,0.0,0.0
FINAL_PROJECTION,5,7,0.0,0.0,0.17151232322352336,0.0,0.0,0.0,1.3427402556166999,0.9748134692868404,0.6156152810154002,0.0046531519075643235,4.6531519075643235,176.53277736902064,0.2675648518539739,1.7156020984972271,0.2591414760099724,0.04369617998600006,0.177387866016943,0.011619057040661573,1.0,0.0,1.2688909881655954,1.2688909881655954,1.2688909769058228
CURRENT_STATE_PROJECTION,5,7,0.0,0.0,0.17844469150433775,0.0,0.0,0.48493266105651855,1.1478331166272857,1.1546743844232261,0.6646871927623305,0.03666877008831282,36.66877008831282,11671.501385436133,0.28834943235179833,1.6774869778557577,7.669427985034417,0.050530517008155584,7.536503889015876,0.8487663909327239,7.0,6.0,19.549986181469432,0.0,1.376639723777771
POV_ENDPOINT_PROJECTION,5,7,1.0,0.0,-0.10868670671510147,0.0,14.401305478477479,248.00952196121216,1.4377893000170119,22.45287201036178,10.12608121378959,100.17308370593067,100173.08370593068,29920369.878234733,1.543003877910837,2.4068558536704594,7.018171954958234,0.050023233983665705,6.884968133002985,0.7805649217334576,7.0,3.0,17.77074995711631,2.9486632026648114,6.207026481628418
PLAIN_FM,5,8,0.0,0.0,0.13226127258045572,0.0,0.0,0.0,1.0563640269119563,1.143354611595043,0.6981493207231017,0.02422673226453398,24.22673226453398,5708.10011694931,0.13175506948199328,1.3931919810340503,0.07355471502523869,0.04659086000174284,0.0,0.0,0.0,0.0,0.0,0.0,0.0
FINAL_PROJECTION,5,8,0.0,0.0,0.17151232322352336,0.0,0.0,0.0,1.0277692192936805,0.7931896178664382,0.3569674473192101,0.004810775704509496,4.810775704509496,199.5063180653567,0.25595665870825407,1.4120203164317608,0.1698958309716545,0.04375068406807259,0.08804191002855077,0.004750830004923046,1.0,0.0,1.1194029051908434,1.1194029051908434,1.1194028854370117
CURRENT_STATE_PROJECTION,5,8,0.0,0.0,0.16064921037407995,0.0,0.0,0.0,1.1161770246145561,1.0805961268224924,0.6740947598023284,0.02124886802208259,21.24886802208259,5707.931249397014,0.1612864983280793,1.4497182448456083,7.077233941003215,0.05088832799810916,6.943448324047495,0.7747684378991835,7.0,6.0,16.851386989414898,0.0,0.5335695743560791
POV_ENDPOINT_PROJECTION,5,8,1.0,0.0,-0.048876647964357714,0.0,11.647573274040223,218.06155562400818,1.4782252330300132,19.451917170766084,9.185157097197314,76.7410075562389,76741.0075562389,23076916.12381143,1.6280332560274065,2.5442351477005483,5.068511444027536,0.04979393706889823,4.936388132977299,0.5307301488355733,7.0,1.0,15.233714526844535,2.3702894295961134,6.368216037750244
PLAIN_FM,5,9,0.0,0.0,0.14043157986084392,0.0,0.0,0.0,1.0438763916096945,1.0387363170264607,0.6427461930393862,0.01164575953047553,11.64575953047553,2297.5316525174703,0.07764887988688458,1.3991922719483345,0.07165698404423892,0.04486425296636298,0.0,0.0,0.0,0.0,0.0,0.0,0.0
FINAL_PROJECTION,5,9,0.0,0.0,0.17151232322352336,0.0,0.0,0.0,1.1608014736821939,0.7827223614991657,0.34189524383644715,0.0042318015815778764,4.2318015815778764,143.42021584070608,0.14038777878976788,1.5336793247251026,0.17007121600909159,0.04393136716680601,0.08796236797934398,0.004530712962150574,1.0,0.0,0.5838617028841249,0.5838617028841249,0.5838617086410522
CURRENT_STATE_PROJECTION,5,9,0.0,0.0,0.14744887034874635,0.0,0.0,0.0,1.0493893197974133,1.0432620217989428,0.6200775687457882,0.012485577358003042,12.485577358003042,2889.261153191569,0.17922102546259547,1.467907327944134,6.987541204027366,0.05050520796794444,6.85436777502764,0.775470495398622,7.0,5.0,16.23529405560014,0.0,0.6710444688796997
POV_ENDPOINT_PROJECTION,5,9,1.0,0.0,-0.13876174475560626,0.0,11.33349891166687,183.48629295825958,1.2344992718631178,15.676235970215847,9.172315315795112,46.52237629444873,46522.37629444874,13508623.169821225,1.2267730035888067,1.9641366949145285,4.614211826992687,0.04932230507256463,4.482429625990335,0.47399699076777324,7.0,0.0,18.2877133274532,2.2694478731836267,4.960341930389404
PLAIN_FM,5,10,0.0,0.0,0.12736707763224725,0.0,0.0,0.0,1.0138863933437379,1.0904809662410313,0.6780003033806468,0.01772321143752187,17.72321143752187,4429.1205757503785,0.08942539588070322,1.3821667818093752,0.07287552603520453,0.04551857098704204,0.0,0.0,0.0,0.0,0.0,0.0,0.0
FINAL_PROJECTION,5,10,0.0,0.0,0.17151232322352336,0.0,0.0,0.0,1.27453186584791,0.9488741907591546,0.5396853214118047,0.005755070105029958,5.755070105029958,203.17183092437574,0.1763952582279638,1.6990661479877593,0.17174520099069923,0.04467500903410837,0.08818551403237507,0.004302287008613348,1.0,0.0,0.9013959757001003,0.9013959757001003,0.9013959765434265
CURRENT_STATE_PROJECTION,5,10,0.0,0.0,0.15937236673357982,0.0,0.0,0.0,1.0872180229418842,1.0043921316484172,0.6113469199686372,0.012971293338871703,12.971293338871703,3103.010747323154,0.17596657081673017,1.4747684089483748,5.311868345015682,0.05142038210760802,5.177559226984158,0.5538859830703586,7.0,4.0,16.834590951912073,0.0,0.7704839706420898
POV_ENDPOINT_PROJECTION,5,10,1.0,0.0,-0.04489012749537109,0.0,9.859839838409425,177.82512426376343,0.8129586011295566,16.105729722674585,8.96753757209045,47.06981570989044,47069.815709890456,14277613.073405296,1.2194584867927583,1.3222100441172817,3.5634073870023713,0.05030801903922111,3.430999468022492,0.35436932498123497,7.0,1.0,13.745190945568975,1.392148869090975,4.9257731437683105
PLAIN_FM,5,11,0.0,0.0,0.12414633673894798,0.0,0.0,0.0,1.0389437348363448,1.095945147372332,0.6704444468464524,0.024090072216807812,24.090072216807812,6634.55075813637,0.08778220732537623,1.3868349925024481,0.07180460699601099,0.04506614897400141,0.0,0.0,0.0,0.0,0.0,0.0,0.0
FINAL_PROJECTION,5,11,0.0,0.0,0.1490707984007255,0.0,0.0,0.0,1.1430249409174187,0.7704549279395432,0.43870148411348664,0.003211962317537953,3.211962317537953,129.10858757075871,0.32258578845602875,1.4723147032855162,0.16938300599576905,0.04388118605129421,0.08739850099664181,0.004607446026057005,1.0,0.0,1.4383856602251364,1.4383856602251364,1.4383856058120728
CURRENT_STATE_PROJECTION,5,11,0.0,0.0,0.17073548407702513,0.0,0.0,0.0,1.0994826261468909,0.9282612272019646,0.571522809345131,0.04414227623997746,44.14227623997746,14576.193563815918,0.2691598969754194,1.4369545950568188,5.492530565999914,0.05098585900850594,5.359545892977621,0.5890701765310951,7.0,4.0,18.24772627630993,0.0,1.153174877166748
POV_ENDPOINT_PROJECTION,5,11,1.0,0.0,-0.04750084005812909,0.0,13.333545781803132,201.2281996011734,1.2497523319248618,19.48712674756733,9.314624958010693,79.61333960972142,79613.33960972146,25273150.103323273,1.4752923791205745,1.8183925333969175,5.375774157000706,0.050012991996482015,5.242895127972588,0.5762360140797682,7.0,1.0,15.215151600222136,2.90106305780205,5.891473770141602
PLAIN_FM,5,12,0.0,0.0,0.13352759275806877,0.0,0.0,0.0,1.0492554882105656,1.0856201191749169,0.6522166787634698,0.01853771639613022,18.53771639613022,4399.668772795361,0.09687233426015826,1.4030506430047995,0.07096710294717923,0.04426336497999728,0.0,0.0,0.0,0.0,0.0,0.0,0.0
FINAL_PROJECTION,5,12,0.0,0.0,0.17151232322352336,0.0,0.0,0.0,1.130250742680092,0.6712135870430188,0.3573479078140706,0.0031462767131591463,3.1462767131591463,150.83161013516033,0.4112919814332319,1.5756771181309457,0.1687614579568617,0.04348346503684297,0.08727111900225282,0.004367229004856199,1.0,0.0,2.088791779653094,2.088791779653094,2.088791847229004
CURRENT_STATE_PROJECTION,5,12,0.0,0.0,0.16280373712363308,0.0,0.0,0.0,1.0883058991403494,1.0098659657594375,0.6138347806603728,0.013122737999470502,13.122737999470502,3115.396807480408,0.183617676054613,1.484656716647717,4.005287675012369,0.05093077791389078,3.8715310029219836,0.4115205677226186,7.0,3.0,18.455158711679427,0.0,0.838903546333313
POV_ENDPOINT_PROJECTION,5,12,1.0,0.0,-0.016492622259638032,0.0,13.452284496688844,210.68012237548828,1.1046960274911315,17.31700541939098,8.260008043705147,58.647266371318736,58647.26637131872,16717111.885254694,1.3445443732798676,1.5349374499450132,5.158823523030151,0.049276340927463025,5.027359272062313,0.5433789769886062,7.0,1.0,17.43429703795814,2.9184010957764106,5.367872714996338
PLAIN_FM,5,13,0.0,0.0,0.12745007840998718,0.0,0.0,0.0,1.043334084162802,1.0769816991570154,0.6626184654248416,0.023291995851923986,23.291995851923986,6670.6103797084625,0.08746526114362514,1.3967351125599872,0.07173666497692466,0.04483283095760271,0.0,0.0,0.0,0.0,0.0,0.0,0.0
FINAL_PROJECTION,5,13,0.0,0.0,0.16755468602980692,0.0,0.0,0.0,1.1793492026122656,0.8643561457941628,0.3746799400091055,0.003963189356163355,3.9631893561633547,114.83935341605189,0.35355773265672136,1.5979006311278072,0.1693504339782521,0.04396877600811422,0.08718360599596053,0.004260555957444012,1.0,0.0,1.7027345544093997,1.7027345544093997,1.7027345895767212
CURRENT_STATE_PROJECTION,5,13,0.0,0.0,0.1471428602938922,0.0,0.0,0.0,1.085542517941056,0.9649574298706494,0.6225761216805532,0.020641454663323344,20.641454663323344,6315.14496888883,0.19150603669313515,1.4443382763496038,7.799110436986666,0.05049641500227153,7.665867234987672,0.86227138096001,7.0,6.0,14.91191038364577,0.0,0.8089924454689026
POV_ENDPOINT_PROJECTION,5,13,1.0,0.0,-0.06236876027240443,0.0,9.984743869638443,196.47109031677246,1.4180687116924653,18.95657148117528,9.076241449486776,69.57835893127145,69578.35893127146,21982198.496551514,1.347054383023408,2.0955178144088986,5.4582836059853435,0.04937868507113308,5.326445774058811,0.5747690430143848,7.0,2.0,15.74235509279277,2.6042246301588627,5.446336269378662
PLAIN_FM,5,14,0.0,0.0,0.1329804731903166,0.0,0.0,0.0,1.0442958947746432,1.06789544059692,0.6469307142423485,0.021968065970684236,21.968065970684236,5876.6174102621535,0.08220868336700622,1.3971959296716019,0.07114389800699428,0.04438506887527183,0.0,0.0,0.0,0.0,0.0,0.0,0.0
FINAL_PROJECTION,5,14,0.0,0.0,0.17151232322352336,0.0,0.0,0.0,1.2315477694339867,0.9045491278482225,0.4604238147797538,0.004499077976498178,4.499077976498178,155.43158233484178,0.22819544174208287,1.6016831307697716,0.16902770497836173,0.04361262504244223,0.08732669899472967,0.004379469028208405,1.0,0.0,1.0206133081998647,1.0206133081998647,1.0206133127212524
CURRENT_STATE_PROJECTION,5,14,0.0,0.0,0.1588744463230817,0.0,0.0,0.0,1.080560276346886,0.99269571963068,0.610619861812047,0.01398069869673435,13.98069869673435,3627.7059170195967,0.19208349047975137,1.4781768812880285,5.883382940024603,0.05029523093253374,5.750610836024862,0.6430596330319531,7.0,5.0,16.04394444413728,0.0,0.8370569348335266
POV_ENDPOINT_PROJECTION,5,14,1.0,0.0,-0.017870813174605517,0.0,9.552608889007569,196.6926258802414,1.2771020955761598,16.33927119352468,9.208649154002707,51.86887915046238,51868.879150462395,15717210.802996708,1.3450316681211176,1.7832160088488762,4.048437824007124,0.049499388958793133,3.9164249659515917,0.40483591868542135,7.0,1.0,17.44256274670711,3.3845392572937674,5.370697975158691
PLAIN_FM,5,15,0.0,0.0,0.12475338578692405,0.0,0.0,0.0,1.0097927349631268,1.0957450424609099,0.6997088622556523,0.025226998378444776,25.226998378444776,6771.982145466992,0.08598495340997601,1.351080360867846,0.07121821999317035,0.0445079430937767,0.0,0.0,0.0,0.0,0.0,0.0,0.0
FINAL_PROJECTION,5,15,0.0,0.0,0.17151232322352336,0.0,0.0,0.0,1.2022699470927667,0.8056640844853017,0.397084198515259,0.0036184279140218933,3.6184279140218933,154.53758173391566,0.26988624409072376,1.6205399764650739,0.16893633198924363,0.04352023696992546,0.08731818798696622,0.004392390022985637,1.0,0.0,1.3446860077608762,1.3446860077608762,1.3446860313415527
CURRENT_STATE_PROJECTION,5,15,0.0,0.0,0.16881789238050013,0.0,0.0,0.0,1.1010042166898784,1.0159246194542897,0.5761798004860119,0.017368189104304932,17.368189104304932,4408.899944277599,0.1907360547999834,1.4516832414541894,5.922884622996207,0.05008508492028341,5.790884108049795,0.6487416948657483,7.0,5.0,17.782316058024985,0.0,0.7706735730171204
POV_ENDPOINT_PROJECTION,5,15,1.0,0.0,-0.0732882331741969,0.0,9.921688296031952,195.5437433719635,1.2496061750388545,19.82128430532597,9.57126917309952,76.30272929217868,76302.72929217867,22886517.91660349,1.3791300757432852,1.8792197813616915,5.394521982991137,0.048135291086509824,5.265960932068992,0.5638253681827337,7.0,1.0,13.487051007417405,3.0526492420423974,5.5177998542785645
PLAIN_FM,5,16,0.0,0.0,0.13919052849147426,0.0,0.0,0.0,1.0682793121791567,1.0822743568308646,0.6552415359076245,0.020892055243454166,20.892055243454166,5368.343948950649,0.09767876874563142,1.4101907662987312,0.0708495699800551,0.04436345800058916,0.0,0.0,0.0,0.0,0.0,0.0,0.0
FINAL_PROJECTION,5,16,0.0,0.0,0.17151232322352336,0.0,0.0,0.0,1.284549028089221,0.8928728649091171,0.5000832857837773,0.005387598002835503,5.387598002835503,198.41175768693378,0.24533605595708907,1.6814780780471255,0.16531359299551696,0.04266313201515004,0.0854432979831472,0.004196534981019795,1.0,0.0,1.0633228468372755,1.0633228468372755,1.063322901725769
CURRENT_STATE_PROJECTION,5,16,0.0,0.0,0.16048034013772908,0.0,0.0,0.0,1.0723316261606066,1.0066601372107813,0.6065386681706775,0.01327348581275345,13.27348581275345,3202.531435127654,0.19084585885343508,1.4736498814429078,5.251233641989529,0.050024804077111185,5.119788133073598,0.5637647529365495,7.0,4.0,20.40148259731744,0.0,0.9162129163742065
POV_ENDPOINT_PROJECTION,5,16,1.0,0.0,-0.040420639480894624,0.0,11.303036451816558,211.19926691055298,1.5347102700260364,19.925961569455175,8.143451301245872,76.54814990286519,76548.1499028652,24326116.391402137,1.4727790187114556,2.524276143621197,5.3753281270037405,0.04922983993310481,5.244264987995848,0.5726118118036538,7.0,1.0,16.198654568981386,2.3080816122447714,5.90144157409668
PLAIN_FM,5,17,0.0,0.0,0.12144912194861254,0.0,0.0,0.0,1.0258935880358655,1.11435410123244,0.669572049098134,0.02916878576394044,29.16878576394044,8014.121242484506,0.08853324717557644,1.3873034648345668,0.07004960800986737,0.04401343903737143,0.0,0.0,0.0,0.0,0.0,0.0,0.0
FINAL_PROJECTION,5,17,0.0,0.0,0.17147983315650048,0.0,0.0,0.0,1.1818548864039045,0.9122358361910478,0.3615446074215193,0.004271312728122645,4.271312728122645,133.57522895161011,0.3396212045603397,1.554554844138339,0.16549578798003495,0.042928680952172726,0.0853977759834379,0.004363649000879377,1.0,0.0,1.6139279214904165,1.6139279214904165,1.613927960395813
CURRENT_STATE_PROJECTION,5,17,0.0,0.0,0.16515588025097103,0.0,0.0,0.0,1.1135206412474232,0.9819998577346979,0.5981719538874781,0.016323373050510348,16.32337305051035,4300.173360423721,0.18646761357570044,1.465061120151408,6.176151792984456,0.049686522979754955,6.045882205013186,0.6600111981970258,7.0,5.0,18.40996600327233,0.0,0.8489154577255249
POV_ENDPOINT_PROJECTION,5,17,1.0,0.0,-0.07050655600041511,0.0,10.138748229026794,187.4053132534027,1.234201448553607,17.540621454597133,7.963515258146702,64.22051552403519,64220.515524035196,19699814.685678814,1.4373083989461781,1.9686211350231972,4.480849771993235,0.04823970200959593,4.352671740925871,0.46906241693068296,7.0,1.0,17.325312127979682,4.975392179382705,5.708775997161865
PLAIN_FM,5,18,0.0,0.0,0.13636715478625072,0.0,0.0,0.0,1.0539572210563113,1.056125524813487,0.628518225381057,0.022638772103336535,22.638772103336535,6113.155845956975,0.08842161031262774,1.3979164465335794,0.06984104198636487,0.04370564303826541,0.0,0.0,0.0,0.0,0.0,0.0,0.0
FINAL_PROJECTION,5,18,0.0,0.0,0.17151232322352336,0.0,0.0,0.0,1.2137813367585422,0.7475518716117526,0.4230815498281407,0.003643581477271063,3.643581477271063,162.98260403209144,0.17273943907798836,1.5580604728429885,0.16467512503731996,0.042726073937956244,0.0849102619686164,0.004239004978444427,1.0,0.0,0.8188601611279445,0.8188601611279445,0.8188601732254028
CURRENT_STATE_PROJECTION,5,18,0.0,0.0,0.1700514552395185,0.0,0.0,0.0,1.1098264367710602,0.9910312267413129,0.5948745912071828,0.014434381632700166,14.434381632700166,3478.1618859026858,0.18583416592551735,1.4737188649624204,5.553071028960403,0.04921859101159498,5.423648965952452,0.6044459321419708,7.0,4.0,20.045871027179643,0.0,0.8364667296409607
POV_ENDPOINT_PROJECTION,5,18,1.0,0.0,-0.10310889346198808,0.0,13.914165951442719,256.52435541152954,1.5191419324212816,17.67649495165481,8.986308980616583,60.91314010452006,60913.14010452007,18906443.35080312,1.551627645253396,2.225335326921132,4.756608681986108,0.04807191889267415,4.628151953977067,0.496919231954962,7.0,1.0,15.603733887831005,2.0095929177866143,6.115973949432373
PLAIN_FM,5,19,0.0,0.0,0.12251054287680746,0.0,0.0,2.880878448486328,1.0094391631113901,1.1707519209984756,0.721173996794609,0.031732495297875474,31.732495297875474,7475.569602123413,0.08293118119337789,1.3612820874607252,0.06974932999582961,0.04361409990815446,0.0,0.0,0.0,0.0,0.0,0.0,0.0
FINAL_PROJECTION,5,19,0.0,0.0,0.17151232322352336,0.0,0.0,0.0,1.2731385167741394,0.8097190626337789,0.5087707700369175,0.00369604274057167,3.69604274057167,142.0363543020997,0.17089524629079178,1.6456445302498661,0.2510573970503174,0.04266479006037116,0.17129638500045985,0.010252088017296046,1.0,0.0,0.830001788023848,0.830001788023848,0.8300017714500427
CURRENT_STATE_PROJECTION,5,19,0.0,0.0,0.1708011967620374,0.0,0.0,0.0,1.1229482014644583,1.0310624370607282,0.6290183489763008,0.01308199802353105,13.08199802353105,3017.5548052778995,0.1815721650669985,1.5248873129150111,6.634072015003767,0.04930982401128858,6.504493498010561,0.7287141499691643,7.0,5.0,19.928081631834598,0.0,0.8007239103317261
POV_ENDPOINT_PROJECTION,5,19,1.0,0.0,-0.08710020667501842,0.0,13.506701620030404,275.30944019556046,1.1628159892981023,19.996178974519605,8.246579819652027,76.84613834475336,76846.13834475337,22140783.024696857,1.4937793542055904,1.8289072520575522,5.873096383991651,0.04821266297949478,5.744490161014255,0.6329247488756664,7.0,1.0,13.910553647362025,1.8917642368995047,5.942935943603516
PLAIN_FM,5,20,0.0,0.0,0.13939879314092704,0.0,0.0,0.0,1.0475136207145448,1.0711812642381275,0.6512319213395242,0.02100427428134566,21.00427428134566,5435.092937882669,0.08701237895180589,1.3945714126813378,0.06976832001237199,0.043648077989928424,0.0,0.0,0.0,0.0,0.0,0.0,0.0
FINAL_PROJECTION,5,20,0.0,0.0,0.17151232322352336,0.0,0.0,0.0,1.2182128779153742,0.8048254716156861,0.42488187625637774,0.004634262200860384,4.634262200860384,207.51751623597772,0.23259126996011642,1.646816108126643,0.16570757300360128,0.04319427703740075,0.08494135196087882,0.004205834004096687,1.0,0.0,0.9890705025456866,0.9890705025456866,0.989070475101471
CURRENT_STATE_PROJECTION,5,20,0.0,0.0,0.16858642350727518,0.0,0.0,0.0,1.0674530962935964,1.0608294404222018,0.6307168801968133,0.015047930112004337,15.047930112004337,3708.825502918955,0.19461944398472825,1.4968475181658678,6.422304182022344,0.05038426100509241,6.290532592916861,0.6779951569624245,7.0,5.0,18.346079542791426,0.0,0.8432852029800415
POV_ENDPOINT_PROJECTION,5,20,1.0,0.0,-0.10981779625478415,0.0,10.78800604505539,219.43656027317047,1.1353404953857147,18.186740352085454,7.122349647720806,60.08672202544266,60086.722025442665,17523982.127377376,1.4983278887527416,1.6496302584269704,4.572832214995287,0.049484628019854426,4.442078205058351,0.47692024399293587,7.0,2.0,16.584421311899007,2.682371633980345,5.936612129211426
PLAIN_FM,5,21,0.0,0.0,0.13197784931088635,0.0,0.0,0.0,1.0328898758395564,1.078201447187949,0.6804303572561561,0.02253477280537819,22.534772805378193,5904.706637601098,0.08578386336882078,1.3748251849651896,0.07106470502912998,0.04443095001624897,0.0,0.0,0.0,0.0,0.0,0.0,0.0
FINAL_PROJECTION,5,21,0.0,0.0,0.17151232322352336,0.0,0.0,0.0,1.2445851167828168,0.8400582674103891,0.46773085145274,0.004718864216587626,4.718864216587626,170.6444779262739,0.20384203186904695,1.6029183007219665,0.16833288397174329,0.04345646098954603,0.08691935701062903,0.004367038025520742,1.0,0.0,0.9757665878783717,0.9757665878783717,0.9757665991783142
CURRENT_STATE_PROJECTION,5,21,0.0,0.0,0.17375171059117203,0.0,0.0,0.0,1.1739673903649974,1.1525776738976778,0.7204625538170922,0.02692248639733741,26.92248639733741,7083.8453989874315,0.27152437936306817,1.6416210251402896,7.165248806006275,0.05045738391345367,7.032402080018073,0.7840530581888743,7.0,6.0,16.74057230498821,0.0,1.0906174182891846
POV_ENDPOINT_PROJECTION,5,21,1.0,0.0,-0.01696582297384499,0.0,7.901309983539582,182.80133724212646,1.3105836107984887,18.745678713341547,9.461454326928116,66.94628963141705,66946.28963141704,20393755.1636985,1.4548147306079744,2.278234609387559,4.9695148739847355,0.05055907502537593,4.836769767978694,0.5180055341334082,7.0,1.0,16.839967786969254,2.7441608021751396,5.936048984527588
PLAIN_FM,5,22,0.0,0.0,0.1400190696399378,0.0,0.0,0.0,1.0615292575118238,1.0906050307423536,0.6758551876602804,0.024327636343722148,24.327636343722148,6815.4698987258125,0.09371391364075793,1.413688024438203,0.07115085696568713,0.04455932299606502,0.0,0.0,0.0,0.0,0.0,0.0,0.0
FINAL_PROJECTION,5,22,0.0,0.0,0.17151232322352336,0.0,0.0,0.0,1.281093768939102,0.8993345981734989,0.48960492765465735,0.005008083837559241,5.008083837559241,187.41636878392143,0.250005446244086,1.7054879262509637,0.16870461299549788,0.043509234965313226,0.0873043870087713,0.004437670984771103,1.0,0.0,1.2208096762875071,1.2208096762875071,1.2208096981048584
CURRENT_STATE_PROJECTION,5,22,0.0,0.0,0.17282781997278154,0.0,0.0,0.0,1.084288189592012,1.1377735601336745,0.6711384469050984,0.03398436518443404,33.98436518443404,10454.387082532077,0.26483645089146696,1.563170231305455,7.433965864998754,0.0506545789539814,7.300850677944254,0.8143431172356941,7.0,6.0,18.03075833594169,0.0,1.1750761270523071
POV_ENDPOINT_PROJECTION,5,22,0.0,0.0,0.04703089173896795,0.0,13.44641755681038,281.22601330280304,1.420315532526387,22.84765682965984,9.551645819897303,109.9081544561033,109908.15445610334,35900471.86875583,1.4773970982309699,2.4482281788468487,6.858996801020112,0.050013491010759026,6.725211439887062,0.759347205166705,7.0,3.0,14.74985079938484,2.216003896529447,5.94818639755249
PLAIN_FM,5,23,0.0,0.0,0.12377824964561984,0.0,0.0,0.0,1.0049267080194686,1.103162203808835,0.6716654219162134,0.02230940672996784,22.30940672996784,5587.77356856437,0.08370329340441163,1.3755725737107396,0.07228379795560613,0.04514147900044918,0.0,0.0,0.0,0.0,0.0,0.0,0.0
FINAL_PROJECTION,5,23,0.0,0.0,0.17151232322352336,0.0,0.0,0.0,1.2202383640556604,0.6564121219050408,0.4488873529779473,0.002825667106693963,2.825667106693963,153.86317082448645,0.29731756155585654,1.56866494479673,0.17140687600476667,0.04433499509468675,0.08842640701914206,0.0044813420390710235,1.0,0.0,1.4735301568382884,1.4735301568382884,1.4735302925109863
CURRENT_STATE_PROJECTION,5,23,0.0,0.0,0.14176419358944614,0.0,0.0,0.0,1.0867402556232832,1.0136017413761182,0.6080910472376952,0.013718932021145491,13.718932021145491,3427.4247511948633,0.17313045380012812,1.468372308569817,6.943497962958645,0.05091423605335876,6.809964661078993,0.7696499760495499,7.0,6.0,16.21219795166349,0.0,0.7504308819770813
POV_ENDPOINT_PROJECTION,5,23,1.0,0.0,-0.08448039865828946,0.0,12.99025119509697,203.30626487731934,1.3307900154681682,18.963900126807648,9.435584776954936,64.14948310239109,64149.4831023911,17699506.70235854,1.3876650646731306,2.1071230766218694,5.284016921010334,0.04978738503996283,5.151789159979671,0.5608993290225044,7.0,1.0,12.820462309854692,1.772516448173452,5.54220724105835
PLAIN_FM,5,24,0.0,0.0,0.13310987595684623,0.0,0.0,0.0,1.055341158864158,1.0778147675346461,0.6521379763837094,0.025936653270338006,25.93665327033801,7167.983244135634,0.10165621185771176,1.3991550062901605,0.07120027899509296,0.04450064105913043,0.0,0.0,0.0,0.0,0.0,0.0,0.0
FINAL_PROJECTION,5,24,0.0,0.0,0.17151232322352336,0.0,0.0,0.0,1.1029486820787404,0.5742906988411585,0.31466683602843976,0.003884883432412778,3.884883432412778,192.87986529610282,0.35666463834915196,1.4130798314779702,0.17332741798600182,0.044876140949781984,0.08828809397527948,0.004547264019493014,1.0,0.0,1.6917977835607183,1.6917977835607183,1.6917977333068848
CURRENT_STATE_PROJECTION,5,24,0.0,0.0,0.17128330703711783,0.0,0.0,0.0,1.0837400145430274,1.0996078046744762,0.61647199900206,0.030435737872002377,30.43573787200238,8966.641361309512,0.23946206338199685,1.443832169976198,7.217170585994609,0.05268697394058108,7.082078390056267,0.795396191184409,7.0,6.0,16.00155525693399,0.0,0.9410670399665833
POV_ENDPOINT_PROJECTION,5,24,1.0,0.0,-0.12833789317146532,0.0,10.11371964263916,219.11202192306519,0.8376369670612335,19.51189494248735,9.441345188304478,72.19921631607428,72199.2163160743,21335724.719309896,1.5882487445228204,2.4589969385514703,5.174952579953242,0.04982504592044279,5.042731099179946,0.535511968890205,7.0,2.0,11.553999689818184,1.3771518334998516,6.277843952178955
PLAIN_FM,5,25,0.0,0.0,0.1366305743120511,0.0,0.0,0.0,1.0666923179307208,1.0785557315163727,0.6771233309508278,0.019511125782474714,19.511125782474714,4827.811503395728,0.09682769714145502,1.4160182935535317,0.07172860205173492,0.044864279916509986,0.0,0.0,0.0,0.0,0.0,0.0,0.0
FINAL_PROJECTION,5,25,0.0,0.0,0.17151232322352336,0.0,0.0,0.0,1.1937926272764885,0.6216760546825801,0.4710526111079594,0.0033519864393261045,3.3519864393261045,147.25564673323535,0.39091359134379644,1.5608691529455991,0.1697221390204504,0.04391894501168281,0.08753736200742424,0.0043024769984185696,1.0,0.0,1.922438780406199,1.922438780406199,1.9224388599395752
CURRENT_STATE_PROJECTION,5,25,0.0,0.0,0.15854571524132652,0.0,0.0,0.0,1.10319409579358,1.0037970537207492,0.6221160726953245,0.022621671457889292,22.621671457889292,6705.644095158281,0.15984535315245643,1.4171969187894102,7.558697094966192,0.05172250891337171,7.424164015043061,0.8311744978418574,7.0,6.0,14.834813385690792,0.0,0.5605344176292419
POV_ENDPOINT_PROJECTION,5,25,1.0,0.0,-0.0690560667845049,0.0,10.361797970199586,184.9466097354889,1.4611761272646755,17.51262505377577,9.659410604686713,54.10236283641903,54102.36283641905,15375527.414945576,1.453370784499979,2.525279474067729,5.462491014041007,0.05007722391746938,5.329932728025597,0.5674735888023861,7.0,1.0,12.910019454732335,2.3106011541224585,5.814548969268799
PLAIN_FM,5,26,0.0,0.0,0.12586131850243307,0.0,0.0,0.0,1.0340093124365326,1.1019297922122353,0.6600821664658026,0.020905200271795543,20.905200271795543,5395.998838712225,0.10520206764046715,1.385989899925772,0.07160656899213791,0.04479571001138538,0.0,0.0,0.0,0.0,0.0,0.0,0.0
FINAL_PROJECTION,5,26,0.0,0.0,0.17151232322352336,0.0,0.0,0.0,1.1493837643075049,0.5706565235659479,0.42073822167119657,0.0032429857648130778,3.2429857648130778,164.9057852815439,0.39041487773392325,1.544937398456966,0.1700378279783763,0.043877693940885365,0.08789761300431564,0.0044520809897221625,1.0,0.0,2.063296894065036,2.063296894065036,2.0632967948913574
CURRENT_STATE_PROJECTION,5,26,0.0,0.0,0.13994045790216889,0.0,0.0,0.0,1.0864152778241372,1.0173706522303516,0.61631335964241,0.014818256284326203,14.818256284326203,3772.9352197197313,0.13627684913024185,1.433866671019531,7.022394342988264,0.05156821105629206,6.8868792350403965,0.7838916256441735,7.0,6.0,17.20108184955683,0.0,0.6592226028442383
POV_ENDPOINT_PROJECTION,5,26,1.0,0.0,-0.09008493189718662,0.0,12.979205376243591,262.3894867300987,1.069022449224724,18.731357623718278,8.399554740075649,72.00418217250166,72004.18217250166,22614139.73178135,1.5139825421577258,1.8121891468508908,4.72869014099706,0.04997534101130441,4.594785807013977,0.48979644529754296,7.0,1.0,16.052248379363874,2.973675682081001,5.940408229827881
PLAIN_FM,5,27,0.0,0.0,0.12973567537672648,0.0,0.0,0.0,1.0395049501269957,1.1005174794937993,0.6750289835877111,0.019849540596180937,19.849540596180937,4914.663905404027,0.09354213237417795,1.3980223523352204,0.07358285202644765,0.04591105808503926,0.0,0.0,0.0,0.0,0.0,0.0,0.0
FINAL_PROJECTION,5,27,0.0,0.0,0.17151232322352336,0.0,0.0,0.0,1.2862865005608202,1.1278059316066347,0.5074851508625138,0.007339766294867545,7.339766294867545,198.75133187552407,0.46989572556012227,1.7521335589220217,0.17461788200307637,0.045045815932098776,0.09015032299794257,0.004349958035163581,1.0,0.0,2.3155085988177517,2.3155085988177517,2.3155086040496826
CURRENT_STATE_PROJECTION,5,27,0.0,0.0,0.15497721982925314,0.0,0.0,0.0,1.1005358558640619,0.9793114141640898,0.5901010847208008,0.01637794436929685,16.37794436929685,4303.4109474158195,0.158364900068599,1.419571079433046,7.0027862840215676,0.050909284967929125,6.868012147024274,0.7784025931032375,7.0,5.0,16.72961702722809,0.0,0.6687695384025574
POV_ENDPOINT_PROJECTION,5,27,0.0,0.0,0.0019866488227357204,0.0,7.88591579360962,151.84044659137726,1.2567320418879895,17.234661203078062,7.393498838277808,51.42885989228181,51428.85989228182,14662437.670514444,1.4691792050226127,2.227199642687581,4.257892250956502,0.04954010795336217,4.124798198055942,0.44396013917867094,7.0,1.0,15.957845644384523,1.806583690339446,5.865017890930176
PLAIN_FM,5,28,0.0,0.0,0.129680420567426,0.0,0.0,0.0,1.052421392209803,1.070607976477776,0.6628559860432801,0.03073604198352875,30.736041983528754,8824.575271971733,0.10183946817390555,1.3886670687792417,0.07365516404388472,0.04598199110478163,0.0,0.0,0.0,0.0,0.0,0.0,0.0
FINAL_PROJECTION,5,28,0.0,0.0,0.17151232322352336,0.0,0.0,0.0,1.238621086511785,0.9314324261821006,0.45621954071670867,0.004631496821289716,4.631496821289716,154.52493347476448,0.40430408560309306,1.6674742996734457,0.17410498805111274,0.04489420191384852,0.0900947920163162,0.004371589049696922,1.0,0.0,1.834392106893387,1.834392106893387,1.8343921899795532
CURRENT_STATE_PROJECTION,5,28,0.0,0.0,0.13745178617472995,0.0,0.0,0.0,1.0911203248233885,1.068484014312203,0.6838951533679787,0.01865614426377693,18.65614426377693,4961.78010853523,0.15201298261147522,1.4370881929001633,7.388945099024568,0.05075005895923823,7.254920253879391,0.8090048778103665,7.0,6.0,16.718636641081215,0.0,0.4995637834072113
POV_ENDPOINT_PROJECTION,5,28,1.0,0.0,-0.009192698589217667,0.0,14.499059872436524,232.96217739582062,1.4643386991269076,18.85481861891061,6.869326226443685,70.26719184661575,70267.19184661575,22052405.51864336,1.448933049796158,2.08044351660438,5.860096829012036,0.04910759610356763,5.728192608978134,0.606513713253662,7.0,1.0,19.390296028837614,3.405249304968939,5.722736835479736
PLAIN_FM,5,29,0.0,0.0,0.11950760551752534,0.0,0.0,1.3947796821594238,1.0233471255000852,1.187284871767115,0.72881656094256,0.05464236486441987,54.642364864419875,16405.9892496363,0.10999435863755125,1.366117595292436,0.07217186398338526,0.04503451497294009,0.0,0.0,0.0,0.0,0.0,0.0,0.0
FINAL_PROJECTION,5,29,0.0,0.0,0.17151232322352336,0.0,0.0,0.0,1.2983215396599752,0.914685387061942,0.5363986662731591,0.005210452715903813,5.210452715903813,105.78388432840312,0.23358083892408799,1.6630785920501259,0.44731227098964155,0.04425605310825631,0.36441371601540595,0.03133037296356633,1.0,0.0,0.9630147268877794,0.9630147268877794,0.9630147218704224
CURRENT_STATE_PROJECTION,5,29,0.0,0.0,0.16093948026724222,0.0,0.0,0.0,1.1042373929004068,0.981376433975024,0.5941674590999515,0.014592079397093727,14.592079397093727,3640.7124971375097,0.16769477055927628,1.4498324451091489,6.721093060972635,0.05025208694860339,6.588081151130609,0.7218678019125946,7.0,5.0,15.725233278008929,0.0,0.8295112252235413
POV_ENDPOINT_PROJECTION,5,29,1.0,0.0,-0.0542310804623601,0.0,15.254912831020356,301.66785687208176,1.2358251270161418,22.895735871018708,11.744390741051564,115.99422367176871,115994.22367176873,38808795.526551254,1.574844959312538,1.9486039293831285,6.466213049017824,0.049301679944619536,6.334122325875796,0.7044350618380122,7.0,3.0,17.329015375889455,3.9510939911872005,6.186047554016113
PLAIN_FM,5,30,0.0,0.0,0.12383448345619164,0.0,0.0,0.0,1.019522418793495,1.0766578620645655,0.6826888120876918,0.02150550997921652,21.505509979216523,5351.55344651903,0.09410739871252224,1.3625216393447568,0.07223680603783578,0.04500986507628113,0.0,0.0,0.0,0.0,0.0,0.0,0.0
FINAL_PROJECTION,5,30,0.0,0.0,0.17151232322352336,0.0,0.0,0.0,1.2180548727569738,0.785467962395875,0.43798980486386496,0.004714417333665288,4.714417333665288,175.07930551667883,0.19277441912454518,1.551599108268689,0.2576348200091161,0.044216582959052175,0.17485641798703,0.0082720160135068,1.0,0.0,0.9006561176365993,0.9006561176365993,0.9006561636924744
CURRENT_STATE_PROJECTION,5,30,0.0,0.0,0.14800671554753717,0.0,0.0,0.0,1.0776303497596897,1.0298670445886424,0.6285686543211503,0.013001811933517793,13.001811933517793,3146.6327942259118,0.15059176361163823,1.4670451788625307,6.689178018015809,0.050627386022824794,6.555832538986579,0.7334746198030189,7.0,5.0,16.789838649226432,0.0,0.7688045501708984
POV_ENDPOINT_PROJECTION,5,30,1.0,0.0,-0.03827597194130812,0.0,11.708583094310761,251.85720443725586,1.273975895633945,18.939409595115833,9.19057727082524,69.666583001916,69666.583001916,21460449.28628846,1.5126137960313286,2.133922314880484,5.762899600958917,0.04915230895858258,5.631080654915422,0.6042252880870365,7.0,1.0,16.37239818427641,2.557959739052031,5.960952281951904
PLAIN_FM,5,31,0.0,0.0,0.12854701785550504,0.0,0.0,0.15999794006347656,1.0401513736625456,1.1103737966329716,0.7086791088663321,0.02831766059352514,28.317660593525144,7607.384799651572,0.10940522568194976,1.3874594186765838,0.07233893702505156,0.0451633560587652,0.0,0.0,0.0,0.0,0.0,0.0,0.0
FINAL_PROJECTION,5,31,0.0,0.0,0.17151232322352336,0.0,0.0,0.0,1.3043615280094074,0.8662167953359378,0.5499152600642063,0.005202639638847373,5.202639638847373,199.7281064030965,0.19872073837110804,1.626342965733756,0.2607485539629124,0.044406188069842756,0.1775499900104478,0.010350081021897495,1.0,0.0,0.8949575654038732,0.8949575654038732,0.8949576020240784
CURRENT_STATE_PROJECTION,5,31,0.0,0.0,0.1518899209029034,0.0,0.0,0.0,1.0585741436248939,0.9893729101971016,0.6065459680014722,0.013824341737031176,13.824341737031176,3541.545710796256,0.18288965816820923,1.4434654112139753,5.154578935995232,0.050265649100765586,5.021498226036783,0.5448392400285229,7.0,4.0,21.766178626283757,0.0,0.9464520812034607
POV_ENDPOINT_PROJECTION,5,31,1.0,0.0,-0.08764908464025806,0.0,12.404013813018798,243.9866852760315,1.4252294975516355,18.78940763235574,8.75639306230423,69.30291425432284,69302.91425432285,21082541.366858162,1.5498289549058168,2.133038125713069,5.955091348965652,0.049376173061318696,5.82296611595666,0.6450791532406583,7.0,2.0,17.898956881586653,3.534706496164541,6.078480243682861
